date,omo_bronze,fx_bronze,FX_ret5,FX_z,OMO_z,LPI,LPI_components
2018-01-02,-5378.0,,,,,,0
2018-01-03,,,,,,,0
2018-01-04,2875.0,,,,,,0
2018-01-05,-12820.0,,,,,,0
2018-01-08,,,,,,,0
2018-01-09,-3000.0,,,,,,0
2018-01-10,-4106.9,,,,,,0
2018-01-11,-1184.8,,,,,,0
2018-01-12,3004.3,,,,,,0
2018-01-15,2000.0,,,,,,0
2018-01-16,1000.0,,,,,,0
2018-01-17,-4000.1,,,,,,0
2018-01-18,-4000.1,,,,,,0
2018-01-19,-2000.2,,,,,,0
2018-01-22,0.3,,,,,,0
2018-01-23,,,,,,,0
2018-01-24,,,,,,,0
2018-01-25,-1108.1,,,,,,0
2018-01-26,3826.1,,,,,,0
2018-01-29,1999.7,,,,,,0
2018-01-30,107.9,,,,,,0
2018-01-31,2000.0,,,,,,0
2018-02-01,6051.0,,,,,,0
2018-02-02,2999.8,,,,-0.8460330714103622,-0.8460330714103622,1
2018-02-05,8000.0,,,,-1.8025178881458574,-1.8025178881458574,1
2018-02-06,8102.0,,,,-1.6581341253931174,-1.6581341253931174,1
2018-02-07,10352.9,,,,-1.8986634582939623,-1.8986634582939623,1
2018-02-08,9859.0,,,,-1.6527989427148475,-1.6527989427148475,1
2018-02-09,10153.0,,,,-1.5812649086796753,-1.5812649086796753,1
2018-02-12,,,,,,,0
2018-02-13,,,,,,,0
2018-02-14,,,,,,,0
2018-02-15,,,,,,,0
2018-02-16,,,,,,,0
2018-02-19,,,,,,,0
2018-02-20,,,,,,,0
2018-02-21,,,,,,,0
2018-02-22,-16961.0,,,,2.7085028114385516,2.7085028114385516,1
2018-02-23,-24753.0,,,,3.0435505486634136,3.0435505486634136,1
2018-02-26,-17250.0,,,,1.9218610349954133,1.9218610349954133,1
2018-02-27,-27312.0,,,,2.630839445402023,2.630839445402023,1
2018-02-28,-13353.0,,,,1.1455043451323157,1.1455043451323157,1
2018-03-01,-5500.0,,,,0.3355685843361565,0.3355685843361565,1
2018-03-02,0.0,,,,-0.23217836513704376,-0.23217836513704376,1
2018-03-05,-8000.0,,,,0.599596417582874,0.599596417582874,1
2018-03-06,-7000.0,,,,0.4841274103672763,0.4841274103672763,1
2018-03-07,-4989.7,,,,0.26328125919132933,0.26328125919132933,1
2018-03-08,6000.0,,,,-0.9144668370328567,-0.9144668370328567,1
2018-03-09,4600.0,,,,-0.74499540428648,-0.74499540428648,1
2018-03-12,4000.0,,,,-0.6659520120193108,-0.6659520120193108,1
2018-03-13,-1999.8,,,,0.0005961369997257693,0.0005961369997257693,1
2018-03-14,-1010.3,,,,-0.10943417608338146,-0.10943417608338146,1
2018-03-15,-8800.0,,,,0.7638229420237055,0.7638229420237055,1
2018-03-16,-5279.8,,,,0.35553848258653736,0.35553848258653736,1
2018-03-19,-1110.0,,,,-0.12612778406530312,-0.12612778406530312,1
2018-03-20,-60.0,,,,-0.2462805052999532,-0.2462805052999532,1
2018-03-21,-4000.0,,,,0.21828261381328792,0.21828261381328792,1
2018-03-22,-10000.0,,,,0.9184744290169305,0.9184744290169305,1
2018-03-23,-5020.2,,,,0.3169725341130624,0.3169725341130624,1
2018-03-26,-1000.0,,,,-0.16861603238243983,-0.16861603238243983,1
2018-03-27,-100.0,,,,-0.26558892319128036,-0.26558892319128036,1
2018-03-28,-3000.0,,,,0.08902206645952229,0.08902206645952229,1
2018-03-29,5500.0,,,,-0.9521917410077946,-0.9521917410077946,1
2018-03-30,0.0,,,,-0.24661701341107928,-0.24661701341107928,1
2018-04-02,7000.0,,,,-1.0994461684473236,-1.0994461684473236,1
2018-04-03,7000.0,,,,-1.0619841645228036,-1.0619841645228036,1
2018-04-04,4002.0,,,,-0.6686921729467542,-0.6686921729467542,1
2018-04-05,8000.0,,,,-1.1236430031785927,-1.1236430031785927,1
2018-04-06,300.0,,,,-0.1944140481399396,-0.1944140481399396,1
2018-04-09,6300.0,,,,-0.9088588424483929,-0.9088588424483929,1
2018-04-10,299.8,,,,-0.18439299576011406,-0.18439299576011406,1
2018-04-11,298.0,,,,-0.1739167183776325,-0.1739167183776325,1
2018-04-12,-2080.0,,,,0.11905081004967229,0.11905081004967229,1
2018-04-13,4000.0,,,,-0.6018144699356703,-0.6018144699356703,1
2018-04-16,910.0,,,,-0.2260159810445366,-0.2260159810445366,1
2018-04-17,60.0,,,,-0.12210062596745236,-0.12210062596745236,1
2018-04-18,4000.0,,,,-0.5951059954814222,-0.5951059954814222,1
2018-04-19,10000.0,,,,-1.284079476365125,-1.284079476365125,1
2018-04-20,5000.0,,,,-0.6763290264117789,-0.6763290264117789,1
2018-04-23,2000.0,,,,-0.31460997425228815,-0.31460997425228815,1
2018-04-24,100.0,,,,-0.08554023253471195,-0.08554023253471195,1
2018-04-25,,,,,,,0
2018-04-26,-1700.0,,,,0.1067383008339561,0.1067383008339561,1
2018-04-27,104.5,,,,-0.11737323153794393,-0.11737323153794393,1
2018-04-30,,,,,,,0
2018-05-01,,,,,,,0
2018-05-02,-700.0,,,,-0.0938451709658423,-0.0938451709658423,1
2018-05-03,0.0,,,,-0.2095829363310057,-0.2095829363310057,1
2018-05-04,14595.5,,,,-1.9997856847828992,-1.9997856847828992,1
2018-05-07,1000.0,,,,-0.314428921741615,-0.314428921741615,1
2018-05-08,8150.0,,,,-1.178490562276861,-1.178490562276861,1
2018-05-09,1000.0,,,,-0.28654186870581644,-0.28654186870581644,1
2018-05-10,-910.0,,,,-0.04646547112032762,-0.04646547112032762,1
2018-05-11,-5700.0,,,,0.5536134648505913,0.5536134648505913,1
2018-05-14,-2800.0,,,,0.18209515026782797,0.18209515026782797,1
2018-05-15,-3700.0,,,,0.29504538301506095,0.29504538301506095,1
2018-05-16,-1700.0,,,,0.035216492752051624,0.035216492752051624,1
2018-05-17,-1700.0,,,,0.07306800355673762,0.07306800355673762,1
2018-05-18,0.0,,,,-0.11009691541835204,-0.11009691541835204,1
2018-05-21,0.0,,,,-0.0683757247193693,-0.0683757247193693,1
2018-05-22,0.0,,,,0.010395733831816243,0.010395733831816243,1
2018-05-23,0.0,,,,0.06052641789258347,0.06052641789258347,1
2018-05-24,1700.0,,,,-0.27489271575331176,-0.27489271575331176,1
2018-05-25,0.0,,,,0.0883075045425147,0.0883075045425147,1
2018-05-28,0.0,,,,0.12191091441949269,0.12191091441949269,1
2018-05-29,0.0,,,,0.15281013891748368,0.15281013891748368,1
2018-05-30,1700.0,,,,-0.2077215436603295,-0.2077215436603295,1
2018-05-31,0.0,,,,0.15989675684625654,0.15989675684625654,1
2018-06-01,0.0,,,,0.14220129777327964,0.14220129777327964,1
2018-06-04,5700.0,,,,-1.1759724252275878,-1.1759724252275878,1
2018-06-05,5550.0,,,,-1.1018053605263576,-1.1018053605263576,1
2018-06-06,7400.0,,,,-1.4669717969789913,-1.4669717969789913,1
2018-06-07,5790.0,,,,-1.0821748864136225,-1.0821748864136225,1
2018-06-08,1000.0,,,,0.06796773986757788,0.06796773986757788,1
2018-06-11,-5700.0,,,,1.618013944975004,1.618013944975004,1
2018-06-12,-5000.0,,,,1.4086653584517466,1.4086653584517466,1
2018-06-13,-8300.0,,,,2.090613142077421,2.090613142077421,1
2018-06-14,-11800.0,,,,2.8133562585520653,2.8133562585520653,1
2018-06-15,-16900.0,,,,3.487257845206725,3.487257845206725,1
2018-06-18,-11200.0,,,,2.224413864287228,2.224413864287228,1
2018-06-19,-14581.0,,,,2.6303977632503557,2.6303977632503557,1
2018-06-20,-17300.0,,,,2.840186280913249,2.840186280913249,1
2018-06-21,-19999.6,,,,2.961511290645148,2.961511290645148,1
2018-06-22,-2000.0,,,,0.24602521349770673,0.24602521349770673,1
2018-06-25,-1699.8,,,,0.17984885591461153,0.17984885591461153,1
2018-06-26,-3619.0,,,,0.44805468126716524,0.44805468126716524,1
2018-06-27,-2000.0,,,,0.18383619396473272,0.18383619396473272,1
2018-06-28,0.0,,,,-0.14912608353312365,-0.14912608353312365,1
2018-06-29,0.0,,,,-0.14997438703693586,-0.14997438703693586,1
2018-07-02,0.0,,,,-0.16929842080575758,-0.16929842080575758,1
2018-07-03,1000.0,,,,-0.3260666430968661,-0.3260666430968661,1
2018-07-04,2300.0,,,,-0.525836526048302,-0.525836526048302,1
2018-07-05,3500.0,,,,-0.6975699142432729,-0.6975699142432729,1
2018-07-06,5990.0,,,,-1.079400926392388,-1.079400926392388,1
2018-07-09,6200.0,,,,-1.0867383046624854,-1.0867383046624854,1
2018-07-10,6400.0,,,,-1.0887874473861006,-1.0887874473861006,1
2018-07-11,6500.0,,,,-1.090638478939251,-1.090638478939251,1
2018-07-12,12234.0,,,,-1.9397563839360985,-1.9397563839360985,1
2018-07-13,13900.0,,,,-2.093516425623028,-2.093516425623028,1
2018-07-16,5100.0,,,,-0.7973148090744528,-0.7973148090744528,1
2018-07-17,7000.0,,,,-1.0452944541761042,-1.0452944541761042,1
2018-07-18,8100.0,,,,-1.1784086957628725,-1.1784086957628725,1
2018-07-19,8994.8,,,,-1.2624552700986926,-1.2624552700986926,1
2018-07-20,2993.0,,,,-0.40658739892259843,-0.40658739892259843,1
2018-07-23,3700.0,,,,-0.5010180643166541,-0.5010180643166541,1
2018-07-24,13499.9,,,,-1.8228602453836522,-1.8228602453836522,1
2018-07-25,2999.9,,,,-0.3534702028715263,-0.3534702028715263,1
2018-07-26,0.0,,,,0.06343601722330272,0.06343601722330272,1
2018-07-27,-993.0,,,,0.17107911466389125,0.17107911466389125,1
2018-07-30,-12500.0,,,,1.7459447489210274,1.7459447489210274,1
2018-07-31,-26879.9,,,,3.3423272652512126,3.3423272652512126,1
2018-08-01,-10299.6,,,,1.194159419484185,1.194159419484185,1
2018-08-02,-7910.0,,,,0.8732936026169074,0.8732936026169074,1
2018-08-03,-2360.0,,,,0.18765939260611628,0.18765939260611628,1
2018-08-06,400.0,,,,-0.15134866420529722,-0.15134866420529722,1
2018-08-07,4600.0,,,,-0.6584309670527421,-0.6584309670527421,1
2018-08-08,4327.0,,,,-0.6098936583211645,-0.6098936583211645,1
2018-08-09,3869.0,,,,-0.5400142257746979,-0.5400142257746979,1
2018-08-10,1200.0,,,,-0.20578943567993752,-0.20578943567993752,1
2018-08-13,3036.0,,,,-0.42692238266712323,-0.42692238266712323,1
2018-08-14,5100.0,,,,-0.6697960718728159,-0.6697960718728159,1
2018-08-15,2535.0,,,,-0.34729662882264023,-0.34729662882264023,1
2018-08-16,6919.0,,,,-0.8723492296584316,-0.8723492296584316,1
2018-08-17,-197.0,,,,0.00024270416195580272,0.00024270416195580272,1
2018-08-20,-254.0,,,,0.0067162087934119815,0.0067162087934119815,1
2018-08-21,2418.0,,,,-0.31587483602899297,-0.31587483602899297,1
2018-08-22,2567.0,,,,-0.33219996847891076,-0.33219996847891076,1
2018-08-23,-3875.0,,,,0.4483515311229357,0.4483515311229357,1
2018-08-24,3617.0,,,,-0.45973167827275446,-0.45973167827275446,1
2018-08-27,821.0,,,,-0.12887066766335034,-0.12887066766335034,1
2018-08-28,-1918.0,,,,0.19245252024148718,0.19245252024148718,1
2018-08-29,-2929.0,,,,0.2978350998355894,0.2978350998355894,1
2018-08-30,199.0,,,,-0.10206263317946328,-0.10206263317946328,1
2018-08-31,667.0,,,,-0.1611019838262395,-0.1611019838262395,1
2018-09-03,,,,,,,0
2018-09-04,3813.0,,,,-0.5213985733604444,-0.5213985733604444,1
2018-09-05,3836.0,,,,-0.5018877801298813,-0.5018877801298813,1
2018-09-06,-2312.0,,,,0.2908774357198569,0.2908774357198569,1
2018-09-07,-4087.0,,,,0.5658844710999639,0.5658844710999639,1
2018-09-10,,,,,,,0
2018-09-11,-4011.0,,,,0.6338718692763484,0.6338718692763484,1
2018-09-12,-3208.0,,,,0.5876731455063917,0.5876731455063917,1
2018-09-13,-2000.0,,,,0.4985254798993928,0.4985254798993928,1
2018-09-14,-300.0,,,,0.23245668691934954,0.23245668691934954,1
2018-09-17,5900.0,,,,-0.735025765753421,-0.735025765753421,1
2018-09-18,7298.0,,,,-0.9256787175794523,-0.9256787175794523,1
2018-09-19,5172.0,,,,-0.568014921544218,-0.568014921544218,1
2018-09-20,7319.8,,,,-0.8835782272878666,-0.8835782272878666,1
2018-09-21,-12430.0,,,,2.112944389992365,2.112944389992365,1
2018-09-24,-9320.2,,,,1.5814370922131358,1.5814370922131358,1
2018-09-25,-8000.0,,,,1.3407391614995958,1.3407391614995958,1
2018-09-26,-3800.0,,,,0.7098650903959011,0.7098650903959011,1
2018-09-27,-20.0,,,,0.15230619127976913,0.15230619127976913,1
2018-09-28,6456.0,,,,-0.787015797664525,-0.787015797664525,1
2018-10-01,7150.0,,,,-0.8836633945205079,-0.8836633945205079,1
2018-10-02,4417.0,,,,-0.4941352148223476,-0.4941352148223476,1
2018-10-03,4800.0,,,,-0.5557088786103164,-0.5557088786103164,1
2018-10-04,5000.0,,,,-0.6159753893692576,-0.6159753893692576,1
2018-10-05,3034.0,,,,-0.3630857774864765,-0.3630857774864765,1
2018-10-08,2670.0,,,,-0.3145001304388816,-0.3145001304388816,1
2018-10-09,5783.0,,,,-0.8011808532365421,-0.8011808532365421,1
2018-10-10,4500.0,,,,-0.6173209191326056,-0.6173209191326056,1
2018-10-11,171.0,,,,0.03633159932613715,0.03633159932613715,1
2018-10-12,3460.0,,,,-0.4845506498738625,-0.4845506498738625,1
2018-10-15,100.0,,,,0.039101406512162776,0.039101406512162776,1
2018-10-16,450.0,,,,-0.054580491681993734,-0.054580491681993734,1
2018-10-17,-200.0,,,,0.0441017333661765,0.0441017333661765,1
2018-10-18,-100.0,,,,0.027206670535086203,0.027206670535086203,1
2018-10-19,0.0,,,,0.013445365124427466,0.013445365124427466,1
2018-10-22,-1999.9,,,,0.3907989825889951,0.3907989825889951,1
2018-10-23,1134.5,,,,-0.08634703301314517,-0.08634703301314517,1
2018-10-24,15199.9,,,,-3.010079062367352,-3.010079062367352,1
2018-10-25,18299.9,,,,-3.3220823300961357,-3.3220823300961357,1
2018-10-26,13779.9,,,,-2.267219534096546,-2.267219534096546,1
2018-10-29,7099.9,,,,-0.9614065752690777,-0.9614065752690777,1
2018-10-30,6115.4,,,,-0.7673216109083867,-0.7673216109083867,1
2018-10-31,-8800.0,,,,1.9437982856335534,1.9437982856335534,1
2018-11-01,-10900.0,,,,2.184608744426346,2.184608744426346,1
2018-11-02,0.0,,,,0.2720915918280823,0.2720915918280823,1
2018-11-05,10999.9,,,,-1.5925518717975609,-1.5925518717975609,1
2018-11-06,2000.0,,,,-0.062014541543544445,-0.062014541543544445,1
2018-11-07,5000.0,,,,-0.5680405576198864,-0.5680405576198864,1
2018-11-08,-2341.2,,,,0.6632924212001864,0.6632924212001864,1
2018-11-09,5000.0,,,,-0.5806359381929445,-0.5806359381929445,1
2018-11-12,4000.0,,,,-0.39654000578168724,-0.39654000578168724,1
2018-11-13,9000.0,,,,-1.217107434141804,-1.217107434141804,1
2018-11-14,-2272.9,,,,0.6712255380067893,0.6712255380067893,1
2018-11-15,3180.3,,,,-0.22798238345878014,-0.22798238345878014,1
2018-11-16,-8000.0,,,,1.5979094953666215,1.5979094953666215,1
2018-11-19,-5000.0,,,,1.0727602981371795,1.0727602981371795,1
2018-11-20,0.0,,,,0.2580528354431544,0.2580528354431544,1
2018-11-21,7272.9,,,,-0.907281474696807,-0.907281474696807,1
2018-11-22,5550.0,,,,-0.6077318180533995,-0.6077318180533995,1
2018-11-23,-2733.9,,,,0.7351053486779188,0.7351053486779188,1
2018-11-26,-4000.0,,,,0.9264577425672693,0.9264577425672693,1
2018-11-27,-4800.9,,,,1.0248037161701304,1.0248037161701304,1
2018-11-28,-6383.9,,,,1.2374295278618686,1.2374295278618686,1
2018-11-29,-7831.0,,,,1.4316574926142271,1.4316574926142271,1
2018-11-30,4146.0,,,,-0.4330033817729644,-0.4330033817729644,1
2018-12-03,8000.0,,,,-1.0242880072515332,-1.0242880072515332,1
2018-12-04,3800.9,,,,-0.3422132302575141,-0.3422132302575141,1
2018-12-05,6383.9,,,,-0.7276129864810367,-0.7276129864810367,1
2018-12-06,6129.4,,,,-0.6651762927282757,-0.6651762927282757,1
2018-12-07,-786.0,,,,0.4319244789823368,0.4319244789823368,1
2018-12-10,0.0,,,,0.2922937168662185,0.2922937168662185,1
2018-12-11,-4045.9,,,,0.9058333251185718,0.9058333251185718,1
2018-12-12,-5000.0,,,,1.0240968800137216,1.0240968800137216,1
2018-12-13,-1608.4,,,,0.4669123294458574,0.4669123294458574,1
2018-12-14,2373.9,,,,-0.1325381166541806,-0.1325381166541806,1
2018-12-17,1308.1,,,,0.07588984060273932,0.07588984060273932,1
2018-12-18,4225.9,,,,-0.39680696768847185,-0.39680696768847185,1
2018-12-19,4983.8,,,,-0.507038656545739,-0.507038656545739,1
2018-12-20,9957.0,,,,-1.333650653443622,-1.333650653443622,1
2018-12-21,-1748.9,,,,0.6736518274074696,0.6736518274074696,1
2018-12-24,-996.0,,,,0.5216005506721828,0.5216005506721828,1
2018-12-25,,,,,,,0
2018-12-26,1338.0,,,,0.09688786224940706,0.09688786224940706,1
2018-12-27,2073.9,,,,-0.03945755073069229,-0.03945755073069229,1
2018-12-28,22005.0,,,,-3.1384998072059953,-3.1384998072059953,1
2018-12-31,,,,,,,0
2019-01-01,,,,,,,0
2019-01-02,-4827.0,,,,1.0448344543075583,1.0448344543075583,1
2019-01-03,-3228.9,,,,0.7847027381052399,0.7847027381052399,1
2019-01-04,-16712.0,,,,2.624116153506041,2.624116153506041,1
2019-01-07,1557.0,,,,-0.0017693142858219355,-0.0017693142858219355,1
2019-01-08,,,,,,,0
2019-01-09,2504.9,,,,-0.12742013063456445,-0.12742013063456445,1
2019-01-10,-1771.1,,,,0.4781545965624548,0.4781545965624548,1
2019-01-11,-5374.1,,,,0.9700527631890299,0.9700527631890299,1
2019-01-14,-732.4,,,,0.31738450045356226,0.31738450045356226,1
2019-01-15,15.9,,,,0.20853632409969483,0.20853632409969483,1
2019-01-16,2000.09,,,,-0.10950428595035507,-0.10950428595035507,1
2019-01-17,-812.9,,,,0.26900646397858435,0.26900646397858435,1
2019-01-18,4491.6,,,,-0.604916315722367,-0.604916315722367,1
2019-01-21,8767.2,,,,-1.2834587031742584,-1.2834587031742584,1
2019-01-22,4330.1,,,,-0.5780770895229,-0.5780770895229,1
2019-01-23,1550.21,,,,-0.10236797744627249,-0.10236797744627249,1
2019-01-24,12045.7,,,,-1.7764125670651554,-1.7764125670651554,1
2019-01-25,20827.6,,,,-2.9132814505821085,-2.9132814505821085,1
2019-01-28,,,,,,,0
2019-01-29,,,,,,,0
2019-01-30,,,,,,,0
2019-01-31,,,,,,,0
2019-02-01,,,,,,,0
2019-02-04,,,,,,,0
2019-02-05,,,,,,,0
2019-02-06,,,,,,,0
2019-02-07,,,,,,,0
2019-02-08,,,,,,,0
2019-02-11,,,,,,,0
2019-02-12,-16278.9,,,,2.408519863990561,2.408519863990561,1
2019-02-13,-1043.7,,,,0.29639598532274847,0.29639598532274847,1
2019-02-14,-3035.2,,,,0.545489131577285,0.545489131577285,1
2019-02-15,-33217.7,,,,3.7858855581331974,3.7858855581331974,1
2019-02-18,-33723.3,,,,3.274065279448551,3.274065279448551,1
2019-02-19,-12565.6,,,,1.1606677019666645,1.1606677019666645,1
2019-02-20,-8675.9,,,,0.775869902238573,0.775869902238573,1
2019-02-21,-15986.5,,,,1.437435200567607,1.437435200567607,1
2019-02-22,-1428.5,,,,0.045120042951903964,0.045120042951903964,1
2019-02-25,-1463.8,,,,0.028722370546060062,0.028722370546060062,1
2019-02-26,-1256.3,,,,-0.001957793494599823,-0.001957793494599823,1
2019-02-27,-2676.8,,,,0.11597707031148864,0.11597707031148864,1
2019-02-28,-2312.8,,,,0.06300699768985707,0.06300699768985707,1
2019-03-01,-2000.0,,,,0.029929984594074237,0.029929984594074237,1
2019-03-04,-671.8,,,,-0.10086076799089472,-0.10086076799089472,1
2019-03-05,-1227.6,,,,-0.04066061685029996,-0.04066061685029996,1
2019-03-06,5.8,,,,-0.1501499974006466,-0.1501499974006466,1
2019-03-07,-1116.9,,,,-0.03958188731915321,-0.03958188731915321,1
2019-03-08,-2000.0,,,,0.03713122813488185,0.03713122813488185,1
2019-03-11,-2521.1,,,,0.07979712923863871,0.07979712923863871,1
2019-03-12,-928.8,,,,-0.08743542975842972,-0.08743542975842972,1
2019-03-13,-5107.1,,,,0.30193327121944996,0.30193327121944996,1
2019-03-14,-5816.6,,,,0.34247055812075883,0.34247055812075883,1
2019-03-15,-8999.8,,,,0.6418294236131892,0.6418294236131892,1
2019-03-18,-10789.3,,,,0.7927510446243743,0.7927510446243743,1
2019-03-19,-6115.0,,,,0.3265651305476278,0.3265651305476278,1
2019-03-20,-5234.7,,,,0.22467681118666943,0.22467681118666943,1
2019-03-21,-3671.9,,,,0.056014696002052916,0.056014696002052916,1
2019-03-22,451.9,,,,-0.43652220530925256,-0.43652220530925256,1
2019-03-25,6899.7,,,,-1.106999149945437,-1.106999149945437,1
2019-03-26,6106.6,,,,-0.9999088069179822,-0.9999088069179822,1
2019-03-27,9241.6,,,,-1.2833597485278863,-1.2833597485278863,1
2019-03-28,4909.9,,,,-0.8007285385112016,-0.8007285385112016,1
2019-03-29,4348.0,,,,-0.7085657527865662,-0.7085657527865662,1
2019-04-01,-3805.4,,,,0.15391190863298398,0.15391190863298398,1
2019-04-02,-2091.5,,,,-0.02983911098425941,-0.02983911098425941,1
2019-04-03,-5405.2,,,,0.31286498061227047,0.31286498061227047,1
2019-04-04,-3337.9,,,,0.08459991839746711,0.08459991839746711,1
2019-04-05,1100.0,,,,-0.38336861085446616,-0.38336861085446616,1
2019-04-08,2805.4,,,,-0.5591868349683018,-0.5591868349683018,1
2019-04-09,1000.0,,,,-0.3611478864195823,-0.3611478864195823,1
2019-04-10,4600.1,,,,-0.7425652894817457,-0.7425652894817457,1
2019-04-11,3100.1,,,,-0.5702818951499453,-0.5702818951499453,1
2019-04-12,-4899.9,,,,0.2707671213142999,0.2707671213142999,1
2019-04-15,,,,,,,0
2019-04-16,-4899.8,,,,0.22730716886356211,0.22730716886356211,1
2019-04-17,999.9,,,,-0.41867448089344306,-0.41867448089344306,1
2019-04-18,2999.9,,,,-0.6742782640686084,-0.6742782640686084,1
2019-04-19,4999.9,,,,-1.0062366201091264,-1.0062366201091264,1
2019-04-22,,,,,,,0
2019-04-23,-4999.8,,,,0.1969267633973616,0.1969267633973616,1
2019-04-24,-9999.6,,,,0.7925028667084753,0.7925028667084753,1
2019-04-25,-14999.6,,,,1.3633825711462906,1.3633825711462906,1
2019-04-26,-14694.0,,,,1.291717056570937,1.291717056570937,1
2019-04-29,,,,,,,0
2019-04-30,,,,,,,0
2019-05-01,,,,,,,0
2019-05-02,111.0,,,,-0.482689792956609,-0.482689792956609,1
2019-05-03,98.4,,,,-0.47573410199739335,-0.47573410199739335,1
2019-05-06,,,,,,,0
2019-05-07,9999.6,,,,-1.6195303225009898,-1.6195303225009898,1
2019-05-08,812.6,,,,-0.4969566905999342,-0.4969566905999342,1
2019-05-09,7288.6,,,,-1.2414318875330945,-1.2414318875330945,1
2019-05-10,5495.6,,,,-1.0744655006896566,-1.0744655006896566,1
2019-05-13,-2927.15,,,,0.1910854687029538,0.1910854687029538,1
2019-05-14,-10000.0,,,,1.4181444205354086,1.4181444205354086,1
2019-05-15,-5613.0,,,,0.6797994281082954,0.6797994281082954,1
2019-05-16,-3600.0,,,,0.3936535065704571,0.3936535065704571,1
2019-05-17,-600.0,,,,-0.15723053130171114,-0.15723053130171114,1
2019-05-20,-4772.85,,,,0.5994404532760466,0.5994404532760466,1
2019-05-21,350.0,,,,-0.33683182489025115,-0.33683182489025115,1
2019-05-22,2800.3,,,,-0.7643587131129312,-0.7643587131129312,1
2019-05-23,5900.0,,,,-1.2826362405758513,-1.2826362405758513,1
2019-05-24,630.0,,,,-0.3255706841959854,-0.3255706841959854,1
2019-05-27,-4100.0,,,,0.5119448412232759,0.5119448412232759,1
2019-05-28,-5349.6,,,,0.7187198975089943,0.7187198975089943,1
2019-05-29,-6000.3,,,,0.8102457666289149,0.8102457666289149,1
2019-05-30,-14699.5,,,,2.198827613171069,2.198827613171069,1
2019-05-31,-10929.7,,,,1.5005048203617046,1.5005048203617046,1
2019-06-03,1800.1,,,,-0.587924764868285,-0.587924764868285,1
2019-06-04,1999.9,,,,-0.6098226862223767,-0.6098226862223767,1
2019-06-05,5000.2,,,,-1.0630822201561199,-1.0630822201561199,1
2019-06-06,2549.5,,,,-0.6392490821441538,-0.6392490821441538,1
2019-06-07,2999.7,,,,-0.6835882355298889,-0.6835882355298889,1
2019-06-10,-2800.1,,,,0.30320787226148305,0.30320787226148305,1
2019-06-11,6000.0,,,,-1.1373422764599095,-1.1373422764599095,1
2019-06-12,-0.1,,,,-0.11492843686201686,-0.11492843686201686,1
2019-06-13,2450.3,,,,-0.5091077666507295,-0.5091077666507295,1
2019-06-14,0.4,,,,-0.09731386264030636,-0.09731386264030636,1
2019-06-17,-2199.7,,,,0.24911188718191563,0.24911188718191563,1
2019-06-18,-3000.1,,,,0.36166178184166115,0.36166178184166115,1
2019-06-19,21.0,,,,-0.19749246497310727,-0.19749246497310727,1
2019-06-20,-0.1,,,,-0.21223035735348875,-0.21223035735348875,1
2019-06-21,1999.8,,,,-0.5849638916410539,-0.5849638916410539,1
2019-06-24,7999.9,,,,-1.5984555352151348,-1.5984555352151348,1
2019-06-25,7000.0,,,,-1.366273775863118,-1.366273775863118,1
2019-06-26,7979.1,,,,-1.4714523303361724,-1.4714523303361724,1
2019-06-27,6999.9,,,,-1.2536562037768604,-1.2536562037768604,1
2019-06-28,16999.9,,,,-2.691750033670631,-2.691750033670631,1
2019-07-01,-0.1,,,,-0.0236443172060686,-0.0236443172060686,1
2019-07-02,-1999.9,,,,0.28292746592243767,0.28292746592243767,1
2019-07-03,0.0,,,,-0.04609496465515269,-0.04609496465515269,1
2019-07-04,-0.1,,,,-0.055333972980091545,-0.055333972980091545,1
2019-07-05,-11999.9,,,,1.783691269725399,1.783691269725399,1
2019-07-08,-2999.8,,,,0.3861593625593436,0.3861593625593436,1
2019-07-09,-6999.9,,,,0.9993698784265155,0.9993698784265155,1
2019-07-10,-6999.7,,,,0.9686126296510763,0.9686126296510763,1
2019-07-11,-1999.7,,,,0.18524112496014603,0.18524112496014603,1
2019-07-12,4999.9,,,,-0.8955176214334544,-0.8955176214334544,1
2019-07-15,4999.9,,,,-0.8812292040174269,-0.8812292040174269,1
2019-07-16,6999.9,,,,-1.1479957645901373,-1.1479957645901373,1
2019-07-17,6999.8,,,,-1.1108983506508097,-1.1108983506508097,1
2019-07-18,5000.1,,,,-0.7809404940209113,-0.7809404940209113,1
2019-07-19,-4999.6,,,,0.9103569918169531,0.9103569918169531,1
2019-07-22,-4999.9,,,,0.8959226487847589,0.8959226487847589,1
2019-07-23,-5000.1,,,,0.8821442434879646,0.8821442434879646,1
2019-07-24,-4999.9,,,,0.8689217104331136,0.8689217104331136,1
2019-07-25,-5000.2,,,,0.8487408529053388,0.8487408529053388,1
2019-07-26,-2000.2,,,,0.33242875721804444,0.33242875721804444,1
2019-07-29,-1999.9,,,,0.3293354336345346,0.3293354336345346,1
2019-07-30,-1999.9,,,,0.3027368286399037,0.3027368286399037,1
2019-07-31,-0.2,,,,-0.050672320510723574,-0.050672320510723574,1
2019-08-01,1999.8,,,,-0.42318275616478973,-0.42318275616478973,1
2019-08-02,3999.7,,,,-0.786964330530543,-0.786964330530543,1
2019-08-05,3999.9,,,,-0.7638383406255171,-0.7638383406255171,1
2019-08-06,1999.9,,,,-0.38130093204040816,-0.38130093204040816,1
2019-08-07,1999.9,,,,-0.3608967172596607,-0.3608967172596607,1
2019-08-08,0.3,,,,0.01852108239023292,0.01852108239023292,1
2019-08-09,3000.2,,,,-0.5239013285748387,-0.5239013285748387,1
2019-08-12,2999.9,,,,-0.5024570939154372,-0.5024570939154372,1
2019-08-13,20.2,,,,0.04900832811078996,0.04900832811078996,1
2019-08-14,-1999.9,,,,0.40890529771276996,0.40890529771276996,1
2019-08-15,-2000.0,,,,0.3877499136006314,0.3877499136006314,1
2019-08-16,-1999.9,,,,0.37909712471263185,0.37909712471263185,1
2019-08-19,0.0,,,,0.018283836245570097,0.018283836245570097,1
2019-08-20,1979.7,,,,-0.3332889613661596,-0.3332889613661596,1
2019-08-21,5000.0,,,,-0.8752213638241402,-0.8752213638241402,1
2019-08-22,9999.7,,,,-1.832927564725562,-1.832927564725562,1
2019-08-23,6999.7,,,,-1.2186258101741871,-1.2186258101741871,1
2019-08-26,5749.8,,,,-0.939180520136645,-0.939180520136645,1
2019-08-27,11681.9,,,,-2.0472619483228467,-2.0472619483228467,1
2019-08-28,5100.3,,,,-0.7438027278563971,-0.7438027278563971,1
2019-08-29,0.0,,,,0.2572140218645792,0.2572140218645792,1
2019-08-30,8601.0,,,,-1.4034266349576086,-1.4034266349576086,1
2019-09-02,,,,,,,0
2019-09-03,-2693.8,,,,0.7798774341093638,0.7798774341093638,1
2019-09-04,-100.5,,,,0.27523995335130735,0.27523995335130735,1
2019-09-05,0.0,,,,0.24759643706307974,0.24759643706307974,1
2019-09-06,-8601.0,,,,1.8356758014256724,1.8356758014256724,1
2019-09-09,,,,,,,0
2019-09-10,-988.2,,,,0.4161044249822647,0.4161044249822647,1
2019-09-11,0.0,,,,0.22980364825509478,0.22980364825509478,1
2019-09-12,0.0,,,,0.22980399062867352,0.22980399062867352,1
2019-09-13,0.0,,,,0.22325010948447882,0.22325010948447882,1
2019-09-16,-11999.7,,,,2.3331048886543324,2.3331048886543324,1
2019-09-17,-14999.5,,,,2.6562667441675707,2.6562667441675707,1
2019-09-18,-14999.2,,,,2.479230935281562,2.479230935281562,1
2019-09-19,-14999.3,,,,2.3244967258963976,2.3244967258963976,1
2019-09-20,-11999.4,,,,1.843997250690481,1.843997250690481,1
2019-09-23,0.6,,,,-0.13440038409922703,-0.13440038409922703,1
2019-09-24,3000.2,,,,-0.6128658597985852,-0.6128658597985852,1
2019-09-25,-0.3,,,,-0.1196776265621251,-0.1196776265621251,1
2019-09-26,0.1,,,,-0.11974279909921723,-0.11974279909921723,1
2019-09-27,-2999.9,,,,0.411060507986762,0.411060507986762,1
2019-09-30,-3000.4,,,,0.4111431506083737,0.4111431506083737,1
2019-10-01,-6000.1,,,,0.9249571756388086,0.9249571756388086,1
2019-10-02,-3000.0,,,,0.4308805277798568,0.4308805277798568,1
2019-10-03,-2999.8,,,,0.427448016415989,0.427448016415989,1
2019-10-04,-3000.0,,,,0.40649873501410383,0.40649873501410383,1
2019-10-07,-2999.6,,,,0.38541230337612553,0.38541230337612553,1
2019-10-08,2.3,,,,-0.1594040759808586,-0.1594040759808586,1
2019-10-09,0.2,,,,-0.183494344777417,-0.183494344777417,1
2019-10-10,-0.3,,,,-0.20092583485409513,-0.20092583485409513,1
2019-10-11,495.3,,,,-0.2747000298611841,-0.2747000298611841,1
2019-10-14,0.0,,,,-0.16954537769921746,-0.16954537769921746,1
2019-10-15,-1.9,,,,-0.15416550968899867,-0.15416550968899867,1
2019-10-16,0.2,,,,-0.13940961300768293,-0.13940961300768293,1
2019-10-17,0.8,,,,-0.12425717626519175,-0.12425717626519175,1
2019-10-18,2504.6,,,,-0.5735491716465704,-0.5735491716465704,1
2019-10-21,3000.2,,,,-0.6473744878996774,-0.6473744878996774,1
2019-10-22,3000.0,,,,-0.6296040172262096,-0.6296040172262096,1
2019-10-23,3000.2,,,,-0.6180269192862599,-0.6180269192862599,1
2019-10-24,2999.5,,,,-0.6136985559583714,-0.6136985559583714,1
2019-10-25,2999.8,,,,-0.6183200266331886,-0.6183200266331886,1
2019-10-28,2999.2,,,,-0.622810181416699,-0.622810181416699,1
2019-10-29,4999.5,,,,-0.9748834561489482,-0.9748834561489482,1
2019-10-30,4999.8,,,,-0.9590783587868923,-0.9590783587868923,1
2019-10-31,5000.1,,,,-0.9360876937451578,-0.9360876937451578,1
2019-11-01,2000.5,,,,-0.3992095592416417,-0.3992095592416417,1
2019-11-04,4000.2,,,,-0.7554488782664652,-0.7554488782664652,1
2019-11-05,2000.0,,,,-0.3885029350409139,-0.3885029350409139,1
2019-11-06,-0.4,,,,-0.02249024389028901,-0.02249024389028901,1
2019-11-07,-0.5,,,,-0.016281489112575095,-0.016281489112575095,1
2019-11-08,-0.5,,,,-0.010078862305610153,-0.010078862305610153,1
2019-11-11,3000.2,,,,-0.540744547861743,-0.540744547861743,1
2019-11-12,3000.2,,,,-0.5368050883370606,-0.5368050883370606,1
2019-11-13,2000.4,,,,-0.36864250797879883,-0.36864250797879883,1
2019-11-14,-0.2,,,,-0.039311669939484935,-0.039311669939484935,1
2019-11-15,0.4,,,,-0.06293081639118582,-0.06293081639118582,1
2019-11-18,-0.4,,,,-0.08253621639913851,-0.08253621639913851,1
2019-11-19,1999.6,,,,-0.5224632624150675,-0.5224632624150675,1
2019-11-20,2999.4,,,,-0.7359864683086492,-0.7359864683086492,1
2019-11-21,9999.6,,,,-2.039119555913452,-2.039119555913452,1
2019-11-22,9999.2,,,,-2.0161056629871985,-2.0161056629871985,1
2019-11-25,8999.7,,,,-1.7581002067313491,-1.7581002067313491,1
2019-11-26,26333.2,,,,-4.144893510738844,-4.144893510738844,1
2019-11-27,8952.2,,,,-1.3406805794831258,-1.3406805794831258,1
2019-11-28,0.0,,,,0.05743228972528099,0.05743228972528099,1
2019-11-29,17893.0,,,,-2.5540240663220906,-2.5540240663220906,1
2019-12-02,10717.9,,,,-1.4421255229628123,-1.4421255229628123,1
2019-12-03,-15096.8,,,,2.244231782799501,2.244231782799501,1
2019-12-04,1944.1,,,,-0.16500401137567114,-0.16500401137567114,1
2019-12-05,2073.5,,,,-0.17840627012490964,-0.17840627012490964,1
2019-12-06,,,,,,,0
2019-12-09,,,,,,,0
2019-12-10,,,,,,,0
2019-12-11,,,,,,,0
2019-12-12,,,,,,,0
2019-12-13,-17893.0,,,,3.1180404724143025,3.1180404724143025,1
2019-12-16,-14717.9,,,,2.428014679798204,2.428014679798204,1
2019-12-17,-8236.7,,,,1.4039241021251132,1.4039241021251132,1
2019-12-18,-5896.6,,,,1.0350985567180702,1.0350985567180702,1
2019-12-19,-2073.5,,,,0.4740756242050871,0.4740756242050871,1
2019-12-20,-3668.4,,,,0.702471410881588,0.702471410881588,1
2019-12-23,-6637.8,,,,1.113110179831368,1.113110179831368,1
2019-12-24,-9162.4,,,,1.4519229586681563,1.4519229586681563,1
2019-12-25,-915.6,,,,0.2871375641799536,0.2871375641799536,1
2019-12-26,-2804.4,,,,0.5566072663204614,0.5566072663204614,1
2019-12-27,0.0,,,,0.16564418122221466,0.16564418122221466,1
2019-12-30,0.0,,,,0.1739612329327146,0.1739612329327146,1
2019-12-31,0.0,,,,0.17395505952618942,0.17395505952618942,1
2020-01-01,,,,,,,0
2020-01-02,,23150.0,,,,,0
2020-01-03,,23157.0,,,,,0
2020-01-06,,23167.0,,,,,0
2020-01-07,,23174.0,,,,,0
2020-01-08,0.0,23165.0,,,0.181172686812335,0.181172686812335,1
2020-01-09,0.0,23173.0,0.0009930273035010373,,0.181170427925657,0.181170427925657,1
2020-01-10,0.0,23166.0,0.0003885758743269463,,0.17431941284544986,0.17431941284544986,1
2020-01-13,0.0,23162.0,-0.00021584752614600689,,0.1661710875213722,0.1661710875213722,1
2020-01-14,0.0,23157.0,-0.0007338499390439068,,0.15802941449311736,0.15802941449311736,1
2020-01-15,,23158.0,-0.00030222567853144255,,,,0
2020-01-16,0.0,23156.0,-0.0007338816189861319,,0.1431979499138016,0.1431979499138016,1
2020-01-17,0.0,23157.0,-0.0003885758743269463,,0.1349794916037374,0.1349794916037374,1
2020-01-20,-4999.9,23155.0,-0.0003022648294699337,,0.7858213586532903,0.7858213586532903,1
2020-01-21,-4999.9,23158.0,4.3182554254173056e-05,,0.7562403902770264,0.7562403902770264,1
2020-01-22,-4999.8,23170.0,0.0005180452542035141,,0.7273692228883307,0.7273692228883307,1
2020-01-23,,23170.0,0.0006044122275259411,,,,0
2020-01-24,,23170.0,0.0005612278084576872,,,,0
2020-01-27,,23170.0,0.0006475985115681482,,,,0
2020-01-28,,,,,,,0
2020-01-29,,,,,,,0
2020-01-30,-4999.7,23185.0,0.00064717939913983,,0.6444929156209517,0.6444929156209517,1
2020-01-31,-4999.9,23196.0,0.0011215115699094724,,0.6271018326848001,0.6271018326848001,1
2020-02-03,-4999.7,23201.0,0.0013370427473287094,,0.602499872325916,0.602499872325916,1
2020-02-04,-4999.6,23206.0,,,0.5783509205891691,0.5783509205891691,1
2020-02-05,-7999.7,23196.0,,,0.9196518249046292,0.9196518249046292,1
2020-02-06,-7999.5,23201.0,0.0006898633481888794,,0.8885101281614285,0.8885101281614285,1
2020-02-07,-9999.7,23201.0,0.000215531177419237,,1.0922898760813258,1.0922898760813258,1
2020-02-10,-4999.7,23211.0,0.00043092304381353586,,0.4670753977953731,0.4670753977953731,1
2020-02-11,-4999.5,23217.0,0.0004739030310787484,0.2962591974052335,0.4474066880266874,0.37183294271596046,2
2020-02-12,-4999.5,23208.0,0.0005171968049086928,0.3602199736574253,0.4257718134659214,0.39299589356167336,2
2020-02-13,-4999.6,23206.0,0.00021548473374011223,-0.16092275945415724,0.3928409908004841,0.11595911567316344,2
2020-02-14,-4999.4,23215.0,0.0006032402802720327,0.5154218139779818,0.35925019234172256,0.4373360031598522,2
2020-02-17,-4999.5,23218.0,0.0003015356804176861,-0.030563535353791093,0.3262498977127851,0.14784318117949702,2
2020-02-18,-4999.2,23214.0,-0.0001292240100010389,-0.8010872723599108,0.2862824300697525,-0.25740242114507916,2
2020-02-19,-4999.5,23228.0,0.00086140069070062,1.005786615053268,0.2467198284584152,0.6262532217558415,2
2020-02-20,-4999.3,23234.0,0.0012058571659299133,1.5396413457631457,0.228387738338892,0.8840145420510188,2
2020-02-21,-2978.4,23239.0,0.001033280326144137,1.1739030151848993,-0.23305656573156075,0.47042322472666925,2
2020-02-24,-999.7,23243.0,0.0010761715164466779,1.1968296006892445,-0.775550501363177,0.21063954966303372,2
2020-02-25,-999.8,23245.0,0.0013345101961164119,1.55706805803587,-0.7533770101376255,0.40184552394912226,2
2020-02-26,-989.7,23239.0,0.0004734542882260939,0.06742321723536707,-0.7872073541390449,-0.3598920684518389,2
2020-02-27,-2999.6,23234.0,0.0,-0.7463202753150723,-0.32186499363908017,-0.5340926344770762,2
2020-02-28,-5020.4,23224.0,-0.0006456750757006802,-1.7656203274392177,0.19637237501831445,-0.7846239762104517,2
2020-03-02,-4999.4,23219.0,-0.0010331024120624477,-2.203116973927086,0.18878709157770576,-1.0071649411746901,2
2020-03-03,-4999.3,23209.0,-0.0015499206615903205,-2.649454055510722,0.1867136846586901,-1.231370185426016,2
2020-03-04,-5009.0,23204.0,-0.001507224194211787,-2.3387531054689745,0.1872833828113829,-1.0757348613287958,2
2020-03-05,-4999.2,23203.0,-0.0013351424340530826,-1.9631211722021407,0.18272957274672208,-0.8901957997277092,2
2020-03-06,-4998.9,23197.0,-0.0011632667561958243,-1.6542780013931604,0.30102180227141034,-0.676628099560875,2
2020-03-09,-1999.8,23195.0,-0.0010341708165206853,-1.433196343895632,-0.6669185913016444,-1.0500574675986383,2
2020-03-10,0.0,23190.0,-0.0008189832135165886,-1.1350918325644033,-1.3568659599551591,-1.245978896259781,2
2020-03-11,0.0,23198.0,-0.00025860954413303716,-0.44389327343944635,-1.2980976032655538,-0.8709954383525,2
2020-03-12,0.0,23197.0,-0.0002586206910972777,-0.4376699771286038,-1.2643006112879507,-0.8509852942082772,2
2020-03-13,0.0,23212.0,0.0006464263622287802,0.6788465248199069,-1.2174584193970066,-0.26930594728854984,2
2020-03-16,0.0,23222.0,0.001163367001106863,1.2864867907441282,-1.1686866699370873,0.05890006040352047,2
2020-03-17,0.0,23227.0,0.0015942438260392322,1.7382379985930079,-1.1419074220271155,0.2981652882829462,2
2020-03-18,1.05,23232.0,0.001464570582701441,1.5222553130683334,-1.1276335710444194,0.197310871011957,2
2020-03-19,0.0,23242.0,0.0019380268345496887,1.9745130978590577,-1.092122957849337,0.44119507000486036,2
2020-03-20,0.0,23252.0,0.0017217635107424911,1.655585023004264,-1.092122957849337,0.28173103257746346,2
2020-03-23,0.0,23259.0,0.0015920487001164219,1.4594393266067878,-1.092122957849337,0.1836581843787254,2
2020-03-24,0.0,23260.0,0.0014197519970391426,1.2344014675046262,-1.092122957849337,0.0711392548276446,2
2020-03-25,-1.05,23250.0,0.0007744933909794582,0.5112845185770367,-1.0680757912533425,-0.2783956363381529,2
2020-03-26,0.0,23245.0,0.0001290683418648797,-0.20890637656294014,-1.0462606974063713,-0.6275835369846557,2
2020-03-27,1.09,23235.0,-0.0007313873021619344,-1.1546145610368548,-1.0257802158746596,-1.0901973884557572,2
2020-03-30,1.0,23230.0,-0.0012476071226128482,-1.672992472010815,-1.006081364390302,-1.3395369182005585,2
2020-03-31,2857.0,23235.0,-0.001075384553576697,-1.4402789505305515,-1.9479759338524552,-1.6941274421915034,2
2020-04-01,9448.0,23232.0,-0.0007744933909794582,-1.0892052151625145,-3.658999277156735,-2.374102246159625,2
2020-04-02,,23232.0,-0.0005594165001614471,-0.8243396992615596,,-0.8243396992615596,1
2020-04-03,8529.91,23239.0,0.00017213926108716748,-0.021259609559418566,-3.032741326806156,-1.5270004681827873,2
2020-04-06,,23234.0,0.00017217630896482206,-0.028841494464217327,,-0.028841494464217327,1
2020-04-07,,23230.0,-0.00021521575462379872,-0.4665472398128749,,-0.4665472398128749,1
2020-04-08,,23225.0,-0.0003013539424827627,-0.5615746399164729,,-0.5615746399164729,1
2020-04-09,,23235.0,0.00012912389455621565,-0.10482008214676213,,-0.10482008214676213,1
2020-04-10,,23221.0,-0.0007748601334753857,-1.0965510151397566,,-1.0965510151397566,1
2020-04-13,-1.0,23216.0,-0.0007750269494515294,-1.0789079070425829,-0.6722911980686982,-0.8755995525556406,2
2020-04-14,-2857.0,23223.0,-0.00030137989163137036,-0.5508570081829001,0.11707668658387584,-0.21689016079951212,2
2020-04-15,-9448.0,23227.0,8.611039357653283e-05,-0.118257552632459,1.8346017269713242,0.8581720871694326,2
2020-04-16,,23236.0,4.303759334334245e-05,-0.1547340566583458,,-0.1547340566583458,1
2020-04-17,-8529.97,23241.0,0.0008609186533217184,0.7347423425704647,1.5366174718536991,1.135679907212082,2
2020-04-20,2195.9,23238.0,0.0009471736188384483,0.8200266715727478,-1.2298784663964024,-0.20492589741182732,2
2020-04-21,4216.9,23246.0,0.000989907330829709,0.8533926278335102,-1.6873828955226822,-0.416995133844586,2
2020-04-22,3933.25,23256.0,0.001247768163095131,1.112892941912378,-1.5614907526679547,-0.2242989053777883,2
2020-04-23,0.0,23261.0,0.0010753382974844072,0.9118201260303114,-0.5525857565495887,0.1796171847403613,2
2020-04-24,-1.04,23272.0,0.0013329608750254351,1.1819582632896282,-0.5297571755239348,0.3261005438828467,2
2020-04-27,0.0,23272.0,0.001462051432230993,1.3150340359465469,-0.507645909772738,0.4036940630869044,2
2020-04-28,0.0,23262.0,0.0006880536953310923,0.4773335408571168,-0.48543783470884544,-0.004052146925864308,2
2020-04-29,0.0,23257.0,4.2998731544230395e-05,-0.21940204751160922,-0.45705732059091503,-0.33822968405126214,2
2020-04-30,,23257.0,-0.00017197643965083387,-0.4386240618038109,,-0.4386240618038109,1
2020-05-01,,23257.0,-0.0006447592047820194,-0.9323427320415432,,-0.9323427320415432,1
2020-05-04,4999.7,23247.0,-0.0010748297429774567,-1.3503049438892765,-1.6874466482230999,-1.518875796056188,2
2020-05-05,4999.6,23262.0,0.0,-0.19461887168643832,-1.6074867367624313,-0.9010528042244348,2
2020-05-06,7998.65,23254.0,-0.0001290017417030498,-0.32095522764937673,-2.2342227261778986,-1.2775889769136377,2
2020-05-07,7999.5,23265.0,0.0003439233084936433,0.18188521969546848,-2.094429976128961,-0.9562723782167463,2
2020-05-08,9999.7,23262.0,0.00021496592872871645,0.05117290230743391,-2.388711144685862,-1.1687691211892142,2
2020-05-11,4999.7,23252.0,0.00021505838918045583,0.05282189199530729,-1.179733731960013,-0.5634559199823528,2
2020-05-12,4999.5,23245.0,-0.0007310727743004009,-0.942318908416844,-1.1343368042249107,-1.0383278563208773,2
2020-05-13,5000.52,23244.0,-0.0004301260335566326,-0.6006838136476647,-1.0915074673218825,-0.8460956404847736,2
2020-05-14,4999.6,23253.0,-0.0005159293291292499,-0.6664585661224312,-1.050286834820002,-0.8583727004712166,2
2020-05-15,5001.4,23263.0,4.2987641059255566e-05,-0.04970576081185177,-1.0103882925455596,-0.5300470266787057,2
2020-05-18,4999.5,23265.0,0.0005589354575086247,0.5217189650204768,-0.9745142753034548,-0.22639765514148902,2
2020-05-19,4999.2,23259.0,0.0006020987623838181,0.5899064864811182,-0.9403512610332774,-0.17522238727607958,2
2020-05-20,4998.48,23249.0,0.0002150861428287243,0.1673758091739903,-0.9073341286212322,-0.36997915972362094,2
2020-05-21,4999.3,23247.0,-0.0002580645175598306,-0.35098115464189733,-0.8724862531346208,-0.6117337038882591,2
2020-05-22,2997.2,23242.0,-0.0009031287572245361,-1.054517805188124,-0.38872730623072815,-0.7216225557094261,2
2020-05-25,1001.7,23257.0,-0.0003439233084936433,-0.4566955070119062,0.1033912369328128,-0.1766521350395467,2
2020-05-26,999.8,23270.0,0.00047282340926990685,0.42558687502883213,0.13494148466764694,0.28026417984823954,2
2020-05-27,999.6,23260.0,0.0004730267348307393,0.39935965519248195,0.1679614095570204,0.2836605323747512,2
2020-05-28,2999.6,23271.0,0.0010318587269200208,1.02763473494822,-0.299845206395787,0.3638947642762165,2
2020-05-29,4999.6,23261.0,0.000817151627087398,0.7443643213710034,-0.782480786921108,-0.01905823277505231,2
2020-06-01,4997.4,23256.0,-4.2998731544230395e-05,-0.3293990844297774,-0.7501417113090789,-0.5397703978694282,2
2020-06-02,4999.3,23251.0,-0.0008168354530830868,-1.2900077242607884,-0.7232438883738805,-1.0066258063173343,2
2020-06-03,4999.1,23246.0,-0.0006020728690021571,-1.0104494198485796,-0.6963790128883733,-0.8534142163684765,2
2020-06-04,4999.2,23244.0,-0.0011609159639842659,-1.6466846274357645,-0.6701202813680812,-1.158402454401923,2
2020-06-05,4998.9,23245.0,-0.0006880832852225183,-1.041138907961795,-0.6442303527802039,-0.8426846303709994,2
2020-06-08,1999.8,23240.0,-0.0006882312728642148,-1.0076367065560332,0.15755517514095485,-0.4250407657075392,2
2020-06-09,0.0,23232.0,-0.0008175032187320852,-1.132482297297549,0.6871554657497471,-0.22266341577390097,2
2020-06-10,0.0,23222.0,-0.0010329690167019123,-1.3561768940805006,0.6871473880372051,-0.33451475302164774,2
2020-06-11,0.0,23212.0,-0.0013776478844977902,-1.7495188123071685,0.6871473880372051,-0.5311857121349817,2
2020-06-12,0.0,23222.0,-0.0009899499377326038,-1.2388488877560038,0.6871473880372051,-0.27585074985939934,2
2020-06-15,0.0,23239.0,-4.3030185681303124e-05,0.02418464212619346,0.6871473880372051,0.35566601508169926,2
2020-06-16,0.0,23249.0,0.0007314817133021734,1.1110215547776632,0.6871473880372051,0.8990844714074342,2
2020-06-17,0.0,23240.0,0.000774826778895843,1.17090607477304,0.6871554668123889,0.9290307707927145,2
2020-06-18,0.0,23239.0,0.0011625154696677242,1.6443017216058782,0.6871554668123889,1.1657285942091336,2
2020-06-19,0.0,23234.0,0.0005166178864683957,0.7458591486826442,0.6871470814002855,0.7165031150414649,2
2020-06-22,0.0,23241.0,8.605851984633262e-05,0.1361586303024438,0.6871393884060482,0.411649009354246,2
2020-06-23,0.0,23241.0,-0.00034416003781245763,-0.4851916037385153,0.6692583880775927,0.09203339216953874,2
2020-06-24,0.0,23228.0,-0.000516484473907397,-0.7383594605546078,0.6398570244509191,-0.04925121805184435,2
2020-06-25,0.0,23230.0,-0.0003873550157109662,-0.5609266016779001,0.6312667921955845,0.03517009525884218,2
2020-06-26,0.0,23232.0,-8.608444889723899e-05,-0.12651226981570596,0.6019584439705833,0.23772308707743867,2
2020-06-29,0.0,23229.0,-0.0005164622451800938,-0.7194240580246442,0.5942950370620206,-0.06256451048131179,2
2020-06-30,0.0,23229.0,-0.0005164622451800938,-0.7097367364701455,0.5869183898900332,-0.06140917329005613,2
2020-07-01,0.0,23235.0,0.00030131502713892644,0.4302860127637268,0.5798109981879283,0.5050485054758276,2
2020-07-02,0.0,23225.0,-0.00021526208241517963,-0.2905006090428066,0.5729568210494304,0.14122810600331187,2
2020-07-03,1.0,23230.0,-8.609186006758307e-05,-0.1257353653794969,0.5660583299727459,0.22016148229662447,2
2020-07-06,0.0,23227.0,-8.610297921585186e-05,-0.14361174846182717,0.5663546029158114,0.21137142722699212,2
2020-07-07,0.0,23222.0,-0.0003013928678807787,-0.45360232583011884,0.589527374795509,0.06796252448269507,2
2020-07-08,0.0,23218.0,-0.0007319226210977803,-1.0440320218844605,0.7129046881129021,-0.16556366688577923,2
2020-07-09,0.0,23221.0,-0.0001722430353492399,-0.24046347694037978,0.7037097559091766,0.23162313948439842,2
2020-07-10,-1.0,23216.0,-0.0006028506404867073,-0.8256743450026605,0.846952762901792,0.01063920894956577,2
2020-07-13,0.0,23220.0,-0.00030141882373335704,-0.36870530188941425,0.8274376210838282,0.229366159597207,2
2020-07-14,0.0,23216.0,-0.0002584090629831337,-0.2810022621292549,0.79982974608963,0.2594137419801875,2
2020-07-15,6.4,23226.0,0.0003445009077225336,0.6584914799909488,0.7713226930332515,0.7149070865121001,2
2020-07-16,0.0,23221.0,0.0,0.16183475630201966,0.7736768754569223,0.467755815879471,2
2020-07-17,0.0,23235.0,0.000818066395110506,1.5052369996997417,0.7736874896357567,1.1394622446677491,2
2020-07-20,0.0,23234.0,0.0006027468215368259,1.2352149618347092,0.7736874896357567,1.004451225735233,2
2020-07-21,0.0,23231.0,0.0006458974969962838,1.3117385346520454,0.7736874896357567,1.042713012143901,2
2020-07-22,-6.4,23221.0,-0.00021529915901297159,-0.14417354598605653,0.7759762620526044,0.3159013580332739,2
2020-07-23,0.0,23220.0,-4.306539480758431e-05,0.14493070112353462,0.7632231991714222,0.4540769501474784,2
2020-07-24,0.0,23221.0,-0.0006027208723882183,-0.808300287624372,0.7532347243597309,-0.027532781632320535,2
2020-07-27,0.0,23216.0,-0.0007750269494515294,-1.123252684716127,0.7266727821995065,-0.19828995125831028,2
2020-07-28,0.0,23211.0,-0.0008612894034012442,-1.2311356389533286,0.7005130387828321,-0.2653113000852482,2
2020-07-29,0.0,23216.0,-0.0002153455227222878,-0.13071431604098657,0.6796538586860978,0.2744697713225556,2
2020-07-30,0.0,23212.0,-0.0003445899413847542,-0.3324816208215712,0.660317022515103,0.16391770084676593,2
2020-07-31,0.0,23213.0,-0.0003445750992447927,-0.3173185470388268,0.6618272707600454,0.17225436186060933,2
2020-08-03,0.0,23207.0,-0.00038773884121034996,-0.37489350370836194,0.6362200790602845,0.1306632876759613,2
2020-08-04,0.0,23214.0,0.0001292407110042859,0.490615955945689,0.610804662662804,0.5507103093042465,2
2020-08-05,0.0,23208.0,-0.00034464932272904036,-0.330304504414567,0.5855223046488145,0.12760890011712375,2
2020-08-06,0.0,23203.0,-0.00038780567113150255,-0.4093711578725571,0.5603093613786325,0.0754691017530377,2
2020-08-07,0.0,23200.0,-0.0005601878930452386,-0.6882943608575572,0.5351046651703067,-0.07659484784362525,2
2020-08-10,0.0,23215.0,0.0003446641712638865,0.8856648624059219,0.509836509716653,0.6977506860612874,2
2020-08-11,0.0,23217.0,0.0001292240100010389,0.531912768669649,0.4844359896242338,0.5081743791469414,2
2020-08-12,0.0,23217.0,0.00038772213732940486,0.977787061918924,0.4588293592367839,0.718308210577854,2
2020-08-13,0.0,23215.0,0.0005170408146550898,1.1681131631564448,0.4329480331282712,0.8005305981423579,2
2020-08-14,0.0,23212.0,0.0005171076560976928,1.1311241403516756,0.4083539779771482,0.7697390591644119,2
2020-08-17,0.0,23214.0,-4.307652545421092e-05,0.14851408302242472,0.3972401224550095,0.2728771027387171,2
2020-08-18,0.0,23209.0,-0.0003446344754749475,-0.3556091804018539,0.38620967175466825,0.01530024567640717,2
2020-08-19,0.0,23204.0,-0.000560091352614478,-0.7076578399291718,0.37524199511404144,-0.16620792240756516,2
2020-08-20,0.0,23200.0,-0.00064634279962128,-0.8382024696041344,0.3500838588503865,-0.24405930537687393,2
2020-08-21,0.0,23210.0,-8.616604201527878e-05,0.21830932302931141,0.3197620904872452,0.2690357067582783,2
2020-08-24,0.0,23212.0,-8.61586180693763e-05,0.2197542438337682,0.28755063490080024,0.2536524393672842,2
2020-08-25,0.0,23211.0,8.616975446962272e-05,0.5203837309962052,0.2526812085989858,0.3865324697975955,2
2020-08-26,0.0,23213.0,0.0003877889614916086,1.057036644270776,0.2138624733525743,0.6354495588116751,2
2020-08-27,0.0,23208.0,0.00034476814683870316,0.9501245131744995,0.1688044518862601,0.5594644825303798,2
2020-08-28,0.0,23205.0,-0.00021544759320768492,-0.15031261233009507,0.12909806741353658,-0.010607272458279249,2
2020-08-31,0.0,23200.0,-0.0005171076560976928,-0.74883143325479,1.6522872267543322e-13,-0.3744157166273124,2
2020-09-01,0.0,23195.0,-0.0006895660317187691,-1.097231532732642,1.6522872267543322e-13,-0.5486157663662384,2
2020-09-02,,23195.0,-0.0007757283616012245,-1.29278065723343,,-1.29278065723343,1
2020-09-03,0.0,23203.0,-0.00021546616187251288,-0.2234734279261894,1.665991476685774e-13,-0.11173671396301141,2
2020-09-04,0.0,23206.0,4.309323221463046e-05,0.2958619835095349,1.665991476685774e-13,0.14793099175485075,2
2020-09-07,0.0,23207.0,0.00030167862835739356,0.8419763923489579,1.665991476685774e-13,0.4209881961745623,2
2020-09-08,0.0,23205.0,0.000431034489430715,1.151758678374601,1.665991476685774e-13,0.5758793391873838,2
2020-09-09,,23203.0,0.00034484245352217613,1.001169181176783,,1.001169181176783,1
2020-09-10,0.0,23211.0,0.00034472357819659294,1.1004893962169464,1.6800423302917657e-13,0.5502446981085573,2
2020-09-11,0.0,23206.0,0.0,0.29752326684899616,1.6800423302917657e-13,0.14876163342458207,2
2020-09-14,0.0,23208.0,4.3089518481309597e-05,0.40531354647073786,1.6800423302917657e-13,0.20265677323545292,2
2020-09-15,0.0,23203.0,-8.619203590853886e-05,0.0775542486844112,1.6800423302917657e-13,0.0387771243422896,2
2020-09-16,0.0,23198.0,-0.00021551259754559737,-0.2550719062905548,1.6800423302917657e-13,-0.12753595314519342,2
2020-09-17,0.0,23193.0,-0.0007757952289786374,-1.5989594390881963,1.6800423302917657e-13,-0.7994797195440141,2
2020-09-18,0.0,23196.0,-0.00043101591115934923,-0.7418931808376598,1.6800423302917657e-13,-0.3709465904187459,2
2020-09-21,0.0,23191.0,-0.0007327744460301489,-1.44905251265635,1.6800423302917657e-13,-0.724526256328091,2
2020-09-22,0.0,23200.0,-0.00012930198496619028,-0.017495606300541595,1.6800423302917657e-13,-0.008747803150186795,2
2020-09-23,0.0,23213.0,0.0006463985056246457,1.8065916260277872,1.6800423302917657e-13,0.9032958130139777,2
2020-09-24,0.0,23218.0,0.0010773309093963235,2.6095146576814625,1.6800423302917657e-13,1.3047573288408152,2
2020-09-25,0.0,23223.0,0.0011633168764930701,2.5904069929543394,-0.014296342534660486,1.2880553252098395,2
2020-09-28,0.0,23226.0,0.0015080684504944486,2.9943863932047527,-0.014296342534660486,1.4900450253350461,2
2020-09-29,0.0,23220.0,0.000861697597482447,1.67430103193681,-0.014296342534660486,0.8300023447010747,2
2020-09-30,0.0,23215.0,8.615490657604141e-05,0.1920136495305253,-0.014296342534660486,0.0888586534979324,2
2020-10-01,0.0,23213.0,-0.00021537335053523066,-0.3824755460810296,-0.014296342534660486,-0.19838594430784506,2
2020-10-02,0.0,23214.0,-0.0003876219442560114,-0.722884088712566,1.7004269918588183e-13,-0.361442044356198,2
2020-10-05,0.0,23212.0,-0.0006029544952053101,-1.1178573436245525,1.7004269918588183e-13,-0.5589286718121912,2
2020-10-06,0.0,23208.0,-0.0005169294506437438,-0.9401593332309225,1.7004269918588183e-13,-0.4700796666153762,2
2020-10-07,0.0,23205.0,-0.0004308487787465509,-0.7519782428009882,-0.1313064340602991,-0.44164233843064366,2
2020-10-08,0.0,23203.0,-0.00043088590807904836,-0.7350289761744254,-0.1313064340602991,-0.43316770511736225,2
2020-10-09,0.0,23198.0,-0.0006894768867464762,-1.1878502285692365,-0.1313064340602991,-0.6595783313147678,2
2020-10-12,0.0,23193.0,-0.000818877321913547,-1.3856070811432406,-0.1313064340602991,-0.7584567576017699,2
2020-10-13,0.0,23195.0,-0.000560308615394689,-0.8651903328727301,-0.1313064340602991,-0.49824838346651457,2
2020-10-14,0.0,23197.0,-0.00034481272700581655,-0.44653615248781947,,-0.44653615248781947,1
2020-10-15,0.0,23192.0,-0.0004741890378756608,-0.6783011218992646,,-0.6783011218992646,1
2020-10-16,0.0,23201.0,0.00012931313192865446,0.4540574747391517,,0.4540574747391517,1
2020-10-19,0.0,23196.0,0.00012934100774586454,0.43062772294318163,,0.43062772294318163,1
2020-10-20,0.0,23191.0,-0.00017246583063545984,-0.18262561884153,,-0.18262561884153,1
2020-10-21,0.0,23185.0,-0.0005174421227085446,-0.8523591821722617,,-0.8523591821722617,1
2020-10-22,0.0,23180.0,-0.0005175537077484194,-0.8435838656140693,,-0.8435838656140693,1
2020-10-23,0.0,23185.0,-0.0006898633481888794,-1.1598276884882994,,-1.1598276884882994,1
2020-10-26,0.0,23182.0,-0.0006037345476403999,-0.9797214790696684,,-0.9797214790696684,1
2020-10-27,0.0,23187.0,-0.0001724955802284711,-0.13526222177379732,,-0.13526222177379732,1
2020-10-28,0.0,23190.0,0.0002156334240162039,0.598509984031867,,0.598509984031867,1
2020-10-29,0.0,23198.0,0.0007762301480784828,1.6137978544549203,,1.6137978544549203,1
2020-10-30,0.0,23201.0,0.0006898633481888794,1.3966979463269977,,1.3966979463269977,1
2020-11-02,0.0,23201.0,0.0008192657250596369,1.5966796381750559,,1.5966796381750559,1
2020-11-03,0.0,23198.0,0.0004742912668405097,0.9424777790822837,,0.9424777790822837,1
2020-11-04,0.0,23190.0,0.0,0.08476236977414325,,0.08476236977414325,1
2020-11-05,0.0,23200.0,8.62106125794071e-05,0.25924777822367406,,0.25924777822367406,1
2020-11-06,0.0,23185.0,-0.0006898633481888794,-1.1451911350849044,,-1.1451911350849044,1
2020-11-09,0.0,23180.0,-0.0009055432800071372,-1.4897701601114597,,-1.4897701601114597,1
2020-11-10,0.0,23182.0,-0.0006899525931309825,-1.077706444905362,,-1.077706444905362,1
2020-11-11,0.0,23187.0,-0.00012937447459648865,-0.0784488875564965,,-0.0784488875564965,1
2020-11-12,0.0,23187.0,-0.0005605018794199168,-0.8668306518163784,,-0.8668306518163784,1
2020-11-13,1.06,23192.0,0.0003018737759301615,0.689915124273785,-7.484469168294693,-3.397277022010454,2
2020-11-16,0.0,23184.0,0.0001725476667200354,0.4466387268748994,0.13130647663823933,0.28897260175656936,2
2020-11-17,0.0,23174.0,-0.00034515489168285285,-0.477583633846295,0.13130647663823933,-0.17313857860402782,2
2020-11-18,0.0,23164.0,-0.000992427429300946,-1.5818738770861809,0.13130647663823933,-0.7252837002239708,2
2020-11-19,0.0,23164.0,-0.000992427429300946,-1.5195770799306878,0.13130647663823933,-0.6941353016462243,2
2020-11-20,-1.06,23179.0,-0.0005606952768140161,-0.748386269578304,5.338540000591133,2.295076865506415,2
2020-11-23,0.0,23175.0,-0.0003882741264078504,-0.45193845704728475,1.0266730643235868e-12,-0.22596922852312903,2
2020-11-24,0.0,23168.0,-0.0002589443715645956,-0.2399898940811432,1.0266730643235868e-12,-0.11999494704005827,2
2020-11-25,0.0,23165.0,4.316950506932926e-05,0.2718828342598058,1.018086594406772e-12,0.13594141713041194,2
2020-11-26,0.0,23164.0,0.0,0.18848083163194224,1.018086594406772e-12,0.09424041581648016,2
2020-11-27,0.0,23162.0,-0.0007336915803541899,-1.0864910368296625,1.018086594406772e-12,-0.5432455184143222,2
2020-11-30,0.0,23155.0,-0.0008633715192019054,-1.2693901342112788,1.018086594406772e-12,-0.6346950671051304,2
2020-12-01,0.0,23152.0,-0.0006908463141783727,-0.935687889424713,1.018086594406772e-12,-0.4678439447118475,2
2020-12-02,0.0,23152.0,-0.0005613489794846771,-0.6841773684369516,1.0097119338296626e-12,-0.34208868421797095,2
2020-12-03,0.0,23147.0,-0.0007341668615907793,-0.9553999642759453,1.0097119338296626e-12,-0.4776999821374678,2
2020-12-04,0.0,23142.0,-0.0008638563080403117,-1.145677281365617,1.0097119338296626e-12,-0.5728386406823037,2
2020-12-07,0.0,23137.0,-0.0007776722071710651,-0.9659196706132859,1.0097119338296626e-12,-0.48295983530613806,2
2020-12-08,0.0,23144.0,-0.00034560221529389423,-0.21291255173169882,1.0097119338296626e-12,-0.10645627586534455,2
2020-12-09,0.0,23140.0,-0.0005184481235964711,-0.5013811920546581,1.0097119338296626e-12,-0.2506905960268242,2
2020-12-10,0.0,23146.0,-4.320307606597851e-05,0.2979939502048384,1.0097119338296626e-12,0.14899697510292403,2
2020-12-11,0.0,23146.0,0.00017283097174036754,0.6535135974009169,1.0097119338296626e-12,0.3267567987009633,2
2020-12-14,0.0,23143.0,0.000259291271980544,0.7760255664017722,1.0097119338296626e-12,0.388012783201391,2
2020-12-15,0.0,23144.0,0.0,0.3226373764403662,1.0097119338296626e-12,0.16131868822068796,2
2020-12-16,0.0,23148.0,0.0003456619460617816,0.939811371798729,1.0097119338296626e-12,0.46990568589986936,2
2020-12-17,0.0,23143.0,-0.0001296204283605107,0.14966116284075084,1.0097119338296626e-12,0.07483058142088028,2
2020-12-18,0.0,23138.0,-0.0003456918191897529,-0.21136450688778705,1.0097119338296626e-12,-0.10568225344338866,2
2020-12-21,0.0,23149.0,0.00025922405744260857,1.1049562429569844,1.0097119338296626e-12,0.552478121478997,2
2020-12-22,0.0,23154.0,0.0004319841097029098,1.5369877621389407,1.0097119338296626e-12,0.7684938810699752,2
2020-12-23,0.0,23167.0,0.0008204685767392306,2.2712693072073242,1.0097119338296626e-12,1.135634653604167,2
2020-12-24,0.0,23162.0,0.0008206457646604548,2.144763412067139,1.0097119338296626e-12,1.0723817060340743,2
2020-12-25,0.0,23152.0,0.0006048822824311628,1.63516475685049,1.0097119338296626e-12,0.8175823784257498,2
2020-12-28,0.0,23149.0,0.0,0.4154602840921018,1.0097119338296626e-12,0.20773014204655574,2
2020-12-29,0.0,23148.0,-0.00025916807194370506,-0.10996052724266014,1.0097119338296626e-12,-0.05498026362082522,2
2020-12-30,0.0,23141.0,-0.001122916244797878,-1.767397932880054,1.0097119338296626e-12,-0.8836989664395222,2
2020-12-31,0.0,23131.0,-0.0013392955580222576,-2.080482136775679,1.0097119338296626e-12,-1.0402410683873347,2
2021-01-01,,23131.0,-0.0009074606849637235,-1.2539411852060167,,-1.2539411852060167,1
2021-01-04,0.0,23131.0,-0.0007778738508044114,-1.0151444628711048,1.018086594406772e-12,-0.5075722314350434,2
2021-01-05,0.0,23121.0,-0.0011670882476266797,-1.6851832222542769,1.018086594406772e-12,-0.8425916111266294,2
2021-01-06,0.0,23123.0,-0.0007781428717041905,-0.9547093309933862,1.018086594406772e-12,-0.47735466549618405,2
2021-01-07,0.0,23117.0,-0.0006054316047237052,-0.6365386422382163,1.018086594406772e-12,-0.3182693211185991,2
2021-01-08,,23121.0,-0.0004324137401976458,-0.307862892933354,,-0.307862892933354,1
2021-01-11,0.0,23127.0,-0.00017294305892967543,0.17260336931505477,1.0266730643235868e-12,0.08630168465804072,2
2021-01-12,0.0,23140.0,0.0008214263015648982,1.8926560337102525,1.0266730643235868e-12,0.9463280168556396,2
2021-01-13,0.0,23134.0,0.0004756037013802228,1.2388876942287932,1.0266730643235868e-12,0.61944384711491,2
2021-01-14,0.0,23132.0,0.0006486626965322984,1.4812144726866843,1.0266730643235868e-12,0.7406072363438555,2
2021-01-15,0.0,23136.0,0.0006485505123876578,1.425444918939889,1.0266730643235868e-12,0.7127224594704579,2
2021-01-18,0.0,23141.0,0.000605169898300062,1.3038244466758093,1.0266730643235868e-12,0.651912223338418,2
2021-01-19,0.0,23152.0,0.0005184481235964711,1.126634996114873,1.0266730643235868e-12,0.5633174980579498,2
2021-01-20,0.0,23148.0,0.0006049868383826151,1.2465525050847501,1.0266730643235868e-12,0.6232762525428884,2
2021-01-21,0.0,23144.0,0.000518627377861236,1.1225567876962956,1.0266730643235868e-12,0.5612783938486612,2
2021-01-22,0.0,23137.0,4.322174919124677e-05,0.3586223437782052,1.0266730643235868e-12,0.17931117188961593,2
2021-01-25,0.0,23147.0,0.0002592464584179055,0.7526577486100839,1.0266730643235868e-12,0.3763288743055553,2
2021-01-26,0.0,23142.0,-0.0004320214349817775,-0.4122200956688498,1.0266730643235868e-12,-0.20611004783391157,2
2021-01-27,0.0,23144.0,-0.00017281603775920473,0.04212041093234987,1.0266730643235868e-12,0.02106020546668827,2
2021-01-28,0.0,23147.0,0.0001296148281184628,0.5652232550211427,1.0266730643235868e-12,0.28261162751108465,2
2021-01-29,0.0,23160.0,0.0009935849792501728,1.9592288758839644,1.0266730643235868e-12,0.9796144379424956,2
2021-02-01,0.0,23151.0,0.00017279364162270383,0.5508361861182354,1.0266730643235868e-12,0.275418093059631,2
2021-02-02,15568.1,23152.0,0.0004320214349817775,0.9602211900636907,-7.484466637697712,-3.2621227238170105,2
2021-02-03,4850.4,23145.0,4.320680939962074e-05,0.2927416203217005,-2.1114938731873143,-0.9093761264328069,2
2021-02-04,3000.9,23144.0,-0.0001296148281184628,-0.013739282801928116,-1.2034965260853239,-0.608617904443626,2
2021-02-05,677.3,23154.0,-0.00025910092125869255,-0.22011005673715578,-0.12136597775826558,-0.17073801724771068,2
2021-02-08,12000.0,23149.0,-8.639308860658446e-05,0.08408964672332,-4.31175386922789,-2.113832111252285,2
2021-02-09,-938.8,23137.0,-0.0006481021635824646,-0.8693333702980512,0.58399040584281,-0.1426714822276206,2
2021-02-10,,23137.0,-0.00034570675768819115,-0.37662263115418104,,-0.37662263115418104,1
2021-02-11,,23137.0,-0.0003024999482885704,-0.3275292245032766,,-0.3275292245032766,1
2021-02-12,,23137.0,-0.0007344840579914802,-1.0840301314046885,,-1.0840301314046885,1
2021-02-15,,,,,,,0
2021-02-16,,,,,,,0
2021-02-17,-4850.4,23122.0,-0.0006485224724155358,-0.903843483548308,1.893455054627232,0.494805785539462,2
2021-02-18,-3000.9,23132.0,-0.00021612742957266562,-0.14970233364413926,1.210545599795771,0.5304216330758159,2
2021-02-19,-677.3,23134.0,-0.00012967085233484,-0.018354332262808196,0.4056358024653663,0.19364073510127905,2
2021-02-22,-12000.0,23125.0,,,3.6346490503464195,3.6346490503464195,1
2021-02-23,-14629.3,23140.0,,,3.703815339255535,3.703815339255535,1
2021-02-24,0.0,23132.0,0.0004323950428428702,0.8966817816351288,6.082444004991139e-17,0.44834089081756445,2
2021-02-25,0.0,23130.0,-8.646405262524581e-05,-0.03577901470947184,6.082444004991139e-17,-0.01788950735473589,2
2021-02-26,0.0,23130.0,-0.00017292062986307144,-0.21551040498065913,6.082444004991139e-17,-0.10775520249032954,2
2021-03-01,0.0,23145.0,0.000864491084744401,1.5986790336375354,6.082444004991139e-17,0.7993395168187677,2
2021-03-02,0.0,23151.0,0.0004752543780437435,0.8690690005824693,6.082444004991139e-17,0.4345345002912347,2
2021-03-03,0.0,23161.0,0.001252889369602883,2.1270597145234373,6.082444004991139e-17,1.0635298572617187,2
2021-03-04,0.0,23152.0,0.0009506936457803761,1.5396042454056496,6.082444004991139e-17,0.7698021227028248,2
2021-03-05,0.0,23166.0,0.0015552102668063839,2.3840617928416936,6.082444004991139e-17,1.1920308964208468,2
2021-03-08,0.0,23185.0,0.0017267433601908522,2.466857718559864,6.082444004991139e-17,1.233428859279932,2
2021-03-09,0.0,23200.0,0.0021143025286889383,2.773287903671304,6.082444004991139e-17,1.386643951835652,2
2021-03-10,0.0,23203.0,0.0018117509916546481,2.209179341599683,6.082444004991139e-17,1.1045896707998415,2
2021-03-11,0.0,23204.0,0.0022435077146898408,2.5606023767849106,6.082444004991139e-17,1.2803011883924553,2
2021-03-12,0.0,23183.0,0.0007335649426032376,0.6479047826163592,6.082444004991139e-17,0.32395239130817965,2
2021-03-15,0.0,23200.0,0.000646760828839632,0.5292548719229777,6.082444004991139e-17,0.2646274359614889,2
2021-03-16,0.0,23204.0,0.00017239893155363006,-0.057085494653207454,6.082444004991139e-17,-0.028542747326603696,2
2021-03-17,0.0,23204.0,4.309694658743979e-05,-0.20222427835562712,6.082444004991139e-17,-0.10111213917781353,2
2021-03-18,0.0,23199.0,-0.0002155033088087066,-0.5051759498544454,6.082444004991139e-17,-0.2525879749272226,2
2021-03-19,0.0,23194.0,0.00047437308175446447,0.36686055729584965,6.082444004991139e-17,0.18343027864792485,2
2021-03-22,0.0,23204.0,0.00017239893155363006,-0.017748990256034318,6.082444004991139e-17,-0.008874495128017128,2
2021-03-23,0.0,23197.0,-0.0003017176376847175,-0.614483257367853,6.082444004991139e-17,-0.30724162868392646,2
2021-03-24,0.0,23206.0,8.618832153572953e-05,-0.15664541834003698,6.082444004991139e-17,-0.07832270917001846,2
2021-03-25,0.0,23218.0,0.0008186656208355458,0.7657629571595297,6.082444004991139e-17,0.3828814785797649,2
2021-03-26,0.0,23230.0,0.0015509222478069518,1.6787459961512117,6.026934786316588e-17,0.8393729980756058,2
2021-03-29,0.0,23231.0,0.0011629160350103973,1.1242254814044121,6.026934786316588e-17,0.5621127407022061,2
2021-03-30,0.0,23237.0,0.0017228759053438125,1.818245029075997,6.026934786316588e-17,0.9091225145379985,2
2021-03-31,0.0,23244.0,0.0016361682875061234,1.6388722458362988,6.026934786316588e-17,0.8194361229181494,2
2021-04-01,0.0,23242.0,0.001033146884838132,0.7969736570769052,6.026934786316588e-17,0.39848682853845263,2
2021-04-02,0.0,23241.0,0.0004734135355572988,0.012247101546597049,5.972917383671939e-17,0.006123550773298554,2
2021-04-05,0.0,23236.0,0.00021520649145756465,-0.35617069101750076,5.972917383671939e-17,-0.17808534550875035,2
2021-04-06,0.0,23237.0,0.0,-0.6339045336613442,5.972917383671939e-17,-0.31695226683067207,2
2021-04-07,0.0,23229.0,-0.0006455361401638271,-1.4715149986361593,5.972917383671939e-17,-0.7357574993180797,2
2021-04-08,0.0,23221.0,-0.00090394513612857,-1.7359727063526478,5.972917383671939e-17,-0.8679863531763239,2
2021-04-09,0.0,23214.0,-0.0011624153714446805,-1.9628573194530932,5.972917383671939e-17,-0.9814286597265466,2
2021-04-12,0.0,23218.0,-0.0007749602144411227,-1.4116569993985115,5.972917383671939e-17,-0.7058284996992558,2
2021-04-13,0.0,23214.0,-0.000990290925045656,-1.6083334488330738,5.972917383671939e-17,-0.8041667244165369,2
2021-04-14,0.0,23217.0,-0.0005167291162635479,-0.9966336311164966,5.972917383671939e-17,-0.49831681555824825,2
2021-04-15,0.0,23200.0,-0.0009047629922900313,-1.410548435752826,5.972917383671939e-17,-0.705274217876413,2
2021-04-16,0.0,23196.0,-0.0007756949322370588,-1.2230451294787579,5.972917383671939e-17,-0.6115225647393789,2
2021-04-19,0.0,23190.0,-0.0012066886484038974,-1.6551271794641431,5.972917383671939e-17,-0.8275635897320716,2
2021-04-20,0.0,23182.0,-0.0013794294798774587,-1.78823247740766,5.972917383671939e-17,-0.89411623870383,2
2021-04-21,,23182.0,-0.0015086534898784976,-1.8479926563672868,,-1.8479926563672868,1
2021-04-22,0.0,23183.0,-0.0007330272195069654,-0.9826589757541997,6.026934786316588e-17,-0.4913294878770998,2
2021-04-23,0.0,23179.0,-0.000733153671653497,-0.9484362562969926,6.026934786316588e-17,-0.47421812814849623,2
2021-04-26,0.0,23167.0,-0.0009922989791082415,-1.1880249317521572,6.026934786316588e-17,-0.5940124658760786,2
2021-04-27,0.0,23161.0,-0.0009062858009780683,-1.061545280898949,-0.08834661697805869,-0.5749459489385038,2
2021-04-28,,23160.0,-0.0009494627617581131,-1.0765120113232833,,-1.0765120113232833,1
2021-04-29,0.0,23158.0,-0.0010789582626760108,-1.1782582618746908,-0.13893424014206063,-0.6585962510083757,2
2021-04-30,,23158.0,-0.0009064031524594895,-0.9820298049261287,,-0.9820298049261287,1
2021-05-03,,23158.0,-0.0003885590982513065,-0.4500917631016218,,-0.4500917631016218,1
2021-05-04,0.0,23174.0,0.0005611309092952155,0.491745086905348,-0.2545310583582559,0.11860701427354606,2
2021-05-05,0.0,23176.0,0.0006906077622534923,0.6034838571657682,-0.25196018897200806,0.1757618340968801,2
2021-05-06,0.0,23178.0,0.0008632597221183147,0.7546289341786724,-0.24946575892759815,0.2525815876255371,2
2021-05-07,,23179.0,0.0009064031524594895,0.7696752244417673,,0.7696752244417673,1
2021-05-10,,23162.0,0.00017271157210529964,0.027035534022886158,,0.027035534022886158,1
2021-05-11,0.0,23145.0,-0.0012521860916372418,-1.3910113007712217,-0.24704405022913148,-0.8190276755001766,2
2021-05-12,0.0,23149.0,-0.0011656774120805125,-1.2822704332322812,-0.21825719688586218,-0.7502638150590717,2
2021-05-13,0.0,23168.0,-0.0004315367088931765,-0.5415667610010424,-0.19829513961516673,-0.3699309503081046,2
2021-05-14,0.0,23176.0,-0.0001294358754915237,-0.23916959155266562,-0.19331566185446347,-0.21624262670356453,2
2021-05-17,0.0,23160.0,-8.635205739082608e-05,-0.19433887747630027,-0.1360827634879545,-0.16521082048212737,2
2021-05-18,0.0,23170.0,0.0010795639610510221,0.966581274891706,,0.966581274891706,1
2021-05-19,0.0,23151.0,8.639308860658446e-05,-0.030562678356229257,,-0.030562678356229257,1
2021-05-20,0.0,23154.0,-0.0006044644197693572,-0.7171375016227518,,-0.7171375016227518,1
2021-05-21,0.0,23160.0,-0.0006906077622534923,-0.7914030131014692,,-0.7914030131014692,1
2021-05-24,0.0,23160.0,0.0,-0.08554508180675054,,-0.08554508180675054,1
2021-05-25,0.0,23158.0,-0.0005180452542035141,-0.5894848364288865,,-0.5894848364288865,1
2021-05-26,0.0,23146.0,-0.00021599671768868234,-0.2643590946023884,,-0.2643590946023884,1
2021-05-27,0.0,23137.0,-0.0007344840579914802,-0.764898948352689,,-0.764898948352689,1
2021-05-28,0.0,23135.0,-0.0010800303458324834,-1.0847243910568227,,-1.0847243910568227,1
2021-05-31,0.0,23135.0,-0.0010800303458324834,-1.0567161522342476,,-1.0567161522342476,1
2021-06-01,0.0,23117.0,-0.0017720155906406632,-1.7519665880051658,,-1.7519665880051658,1
2021-06-02,0.0,23121.0,-0.0010806839619199593,-0.9882432043606664,,-0.9882432043606664,1
2021-06-03,0.0,23131.0,-0.0002593585213812588,-0.035263484162571856,,-0.035263484162571856,1
2021-06-04,0.0,23138.0,0.00012966524773361243,0.4411463331191633,,0.4411463331191633,1
2021-06-07,1.08,23140.0,0.00021609940656830418,0.5569024866684864,-7.212389375136828,-3.327743444234171,2
2021-06-08,0.0,23130.0,0.0005621986439070525,0.9598822649933771,0.1360828184002092,0.5479825416967932,2
2021-06-09,0.0,23107.0,-0.0006056935375973183,-0.42388300629966086,0.1360828184002092,-0.14390009394972583,2
2021-06-10,0.0,23104.0,-0.0011679464937479622,-1.0664581738014052,0.1360828184002092,-0.465187677700598,2
2021-06-11,0.0,23101.0,-0.0016003809726452545,-1.5167078471543864,0.1360828184002092,-0.6903125143770886,2
2021-06-14,-1.08,23099.0,-0.0017733952181142598,-1.645533131073242,5.147816089853943,1.7511414793903504,2
2021-06-15,0.0,23103.0,-0.0011679970181237564,-0.9299331900166252,9.633562673709293e-13,-0.46496659500783094,2
2021-06-16,0.0,23109.0,8.655011257019396e-05,0.493554597341924,9.633562673709293e-13,0.24677729867144366,2
2021-06-17,0.0,23114.0,0.0004327318428334337,0.9011011014039587,9.633562673709293e-13,0.45055055070246103,2
2021-06-18,0.0,23148.0,0.002032477077541728,2.661968027982316,9.633562673709293e-13,1.3309840139916396,2
2021-06-21,0.0,23167.0,0.002939525740915272,3.354734799260078,9.633562673709293e-13,1.6773673996305205,2
2021-06-22,0.0,23184.0,0.0034999063531024888,3.5821274292348577,9.633562673709293e-13,1.7910637146179105,2
2021-06-23,0.0,23191.0,0.0035421203341332586,3.3274554354912356,9.633562673709293e-13,1.6637277177460994,2
2021-06-24,0.0,23191.0,0.003325777819823017,2.9023137415116556,9.633562673709293e-13,1.4511568707563094,2
2021-06-25,0.0,23179.0,0.0013383126309474136,1.24898835912966,9.633562673709293e-13,0.6244941795653117,2
2021-06-28,0.0,23169.0,8.632596690461014e-05,0.2364552535535803,9.633562673709293e-13,0.11822762677727183,2
2021-06-29,0.0,23177.0,-0.00030197795790343207,-0.07425382017373804,9.633562673709293e-13,-0.03712691008638734,2
2021-06-30,0.0,23178.0,-0.0005607194608732158,-0.28529248723880063,9.633562673709293e-13,-0.14264624361891864,2
2021-07-01,0.0,23182.0,-0.00038815690651894386,-0.1526881626994696,9.633562673709293e-13,-0.07634408134925312,2
2021-07-02,0.0,23184.0,0.00021568923578563215,0.3210743398856837,9.633562673709293e-13,0.1605371699433235,2
2021-07-05,0.0,23190.0,0.0009059730122036314,0.8582626336685156,9.633562673709293e-13,0.4291313168347395,2
2021-07-06,0.0,23175.0,-8.629616850441835e-05,0.039225204019126825,9.633562673709293e-13,0.01961260201004509,2
2021-07-07,52.8,23181.0,0.00012942470735666234,0.2066692012389751,-7.209313916098612,-3.5013223574298182,2
2021-07-08,0.0,23190.0,0.0003450358008869614,0.3666514140351571,0.13602479086981378,0.25133810245248545,2
2021-07-09,0.0,23201.0,0.0007329956132871018,0.6629550045090349,0.13602479086981378,0.39948989768942433,2
2021-07-12,0.0,23198.0,0.00034491679224402105,0.3265172211545659,0.13602479086981378,0.23127100601218983,2
2021-07-13,0.0,23201.0,0.0011212697396949522,0.9339317550348872,0.13602479086981378,0.5349782729523505,2
2021-07-14,-52.8,23204.0,0.0009916999842616292,0.7988036628458369,5.195065759084294,2.9969347109650655,2
2021-07-15,0.0,23203.0,0.0005604293897896184,0.4228695906564143,1.9524317286153318e-14,0.2114347953282169,2
2021-07-16,0.0,23192.0,-0.0003879895722587179,-0.37351026423318395,1.9524317286153318e-14,-0.1867551321165822,2
2021-07-19,0.0,23195.0,-0.00012932985597657876,-0.17045237683612513,1.9524317286153318e-14,-0.08522618841805281,2
2021-07-20,0.0,23207.0,0.0002585761090081462,0.1403039146393787,1.9524317286153318e-14,0.0701519573196991,2
2021-07-21,0.0,23211.0,0.00030162663160915315,0.16012483266294758,1.9352406773639064e-14,0.08006241633148346,2
2021-07-22,0.0,23215.0,0.0005170408146550898,0.32349985098445005,1.9352406773639064e-14,0.16174992549223471,2
2021-07-23,0.0,23209.0,0.000732742861602631,0.48761658012053255,1.918495673328374e-14,0.24380829006027588,2
2021-07-26,0.0,23213.0,0.0007757283616012245,0.5078366070451372,1.9021777638633623e-14,0.2539183035225781,2
2021-07-27,0.0,23217.0,0.00043081165581071446,0.2123427119777799,1.9021777638633623e-14,0.10617135598889946,2
2021-07-28,0.0,23218.0,0.0003015356804176861,0.1065512425600455,1.9021777638633623e-14,0.05327562128003226,2
2021-07-29,0.0,23212.0,-0.00012923514352358723,-0.25206349446783727,1.9021777638633623e-14,-0.1260317472339091,2
2021-07-30,0.0,23180.0,-0.0012502965693510504,-1.1819915660593951,1.8862691044143028e-14,-0.5909957830296881,2
2021-08-02,0.0,23180.0,-0.0014226286537031285,-1.2883635006928715,1.8707528766264663e-14,-0.6441817503464264,2
2021-08-03,0.0,23176.0,-0.0017675084893831183,-1.5575008095379936,1.8707528766264663e-14,-0.7787504047689875,2
2021-08-04,0.0,23166.0,-0.0022421534056906722,-1.8973775324686426,1.8707528766264663e-14,-0.948688766234312,2
2021-08-05,0.0,23164.0,-0.0020700369648185557,-1.693032596078351,1.8707528766264663e-14,-0.8465162980391662,2
2021-08-06,0.0,23167.0,-0.0005609856232737798,-0.4786417694584695,1.8707528766264663e-14,-0.23932088472922539,2
2021-08-09,0.0,23173.0,-0.0003020300758613814,-0.26874547849083597,1.8707528766264663e-14,-0.13437273924540863,2
2021-08-10,0.0,23187.0,0.0004745163257950935,0.3611265850904666,1.8707528766264663e-14,0.18056329254524264,2
2021-08-11,0.0,23178.0,0.0005178664020455415,0.38963808422640794,1.8707528766264663e-14,0.19481904211321333,2
2021-08-12,0.0,23152.0,-0.0005181794744153478,-0.4420172186471259,1.8707528766264663e-14,-0.2210086093235536,2
2021-08-13,0.0,23145.0,-0.0009500778050988146,-0.7829711245039465,1.8707528766264663e-14,-0.39148556225196385,2
2021-08-16,0.0,23153.0,-0.0008634460666829824,-0.6992022773346551,1.8707528766264663e-14,-0.3496011386673182,2
2021-08-17,0.0,23158.0,-0.0012514836027630594,-0.9915860826779366,1.8707528766264663e-14,-0.4957930413389589,2
2021-08-18,0.0,23164.0,-0.0006042035486562014,-0.4736928471878947,1.8707528766264663e-14,-0.23684642359393798,2
2021-08-19,0.0,23154.0,8.638189440901556e-05,0.06099156247438807,1.8707528766264663e-14,0.03049578123720339,2
2021-08-20,0.0,23166.0,0.0009069120269202813,0.6861671079972147,1.8707528766264663e-14,0.34308355399861673,2
2021-08-23,0.0,23177.0,0.0010360458513609672,0.7620908247198602,1.8707528766264663e-14,0.3810454123599395,2
2021-08-24,0.0,23165.0,0.00030222567853144255,0.15389270006982841,1.8707528766264663e-14,0.07694635003492356,2
2021-08-25,0.0,23151.0,-0.0005613732199680754,-0.5559559145124647,1.8707528766264663e-14,-0.277977957256223,2
2021-08-26,0.0,23143.0,-0.0004751927860109362,-0.482238092441835,1.8707528766264663e-14,-0.24111904622090816,2
2021-08-27,0.0,23142.0,-0.0010365380560077853,-0.9165424615131967,1.8707528766264663e-14,-0.458271230756589,2
2021-08-30,0.0,23137.0,-0.0017273398948773888,-1.4230796141072957,-0.0018514198953137487,-0.7124655170013047,2
2021-08-31,0.0,23130.0,-0.0015120426252650532,-1.2107996905842484,-0.0018514198953137487,-0.606325555239781,2
2021-09-01,0.0,23109.0,-0.001815824104635766,-1.411560627764865,-0.0018514198953137487,-0.7067060238300893,2
2021-09-02,,23109.0,-0.001470206958586573,-1.135982320150032,,-1.135982320150032,1
2021-09-03,,23109.0,-0.001426996415206716,-1.1078865678466694,,-1.1078865678466694,1
2021-09-06,0.0,23106.0,-0.001340743664718147,-1.0541395419431243,1.902575646834239e-14,-0.5270697709715526,2
2021-09-07,0.0,23102.0,-0.0012112823768593017,-0.9524743501142213,1.902575646834239e-14,-0.47623717505710117,2
2021-09-08,0.0,23109.0,0.0,-0.010644497839427265,1.902575646834239e-14,-0.005322248919704119,2
2021-09-09,,23122.0,0.000562393214190493,0.42418448401973163,,0.42418448401973163,1
2021-09-10,,23118.0,0.0003893828331360538,0.317666275487138,,0.317666275487138,1
2021-09-13,0.0,23113.0,0.0003029057337258223,0.29814310534001565,1.935645476181713e-14,0.1490715526700175,2
2021-09-14,0.0,23130.0,0.0012112823768593017,1.1642112927980877,1.935645476181713e-14,0.5821056463990535,2
2021-09-15,0.0,23117.0,0.0003461255605010649,0.48514862478790194,1.935645476181713e-14,0.24257431239396066,2
2021-09-16,0.0,23110.0,-0.0005191209668407026,-0.33899415382335074,1.935645476181713e-14,-0.16949707691166568,2
2021-09-17,0.0,23119.0,4.325540152549934e-05,0.3110138458419864,1.935645476181713e-14,0.15550692292100288,2
2021-09-20,0.0,23132.0,0.0008217105014196591,1.1625885046411897,1.935645476181713e-14,0.5812942523206045,2
2021-09-21,0.0,23134.0,0.00017292062986307144,0.4292266510704587,1.935645476181713e-14,0.21461332553523904,2
2021-09-22,0.0,23132.0,0.0006486626965322984,0.9309546805313033,1.935645476181713e-14,0.4654773402656613,2
2021-09-23,0.0,23139.0,0.001254081333682322,1.5391458847254256,1.935645476181713e-14,0.7695729423627224,2
2021-09-24,0.0,23134.0,0.0006486065996096357,0.8700965479625433,1.935645476181713e-14,0.4350482739812813,2
2021-09-27,0.0,23141.0,0.00038899574756179334,0.6042314954574142,1.935645476181713e-14,0.30211574772871674,2
2021-09-28,0.0,23145.0,0.00047537761002303114,0.6853027755660697,1.935645476181713e-14,0.3426513877830445,2
2021-09-29,0.0,23155.0,0.0009937996367437307,1.2167983253434764,-0.13363062097872236,0.541583852182377,2
2021-09-30,0.0,23162.0,0.0009934991422149153,1.1928410316906455,-0.13363062097872236,0.5296052053559616,2
2021-10-01,0.0,23160.0,0.0011232558315850127,1.3132321322945817,-0.13363062097872236,0.5898007556579297,2
2021-10-04,0.0,23156.0,0.0006479901732241444,0.8051498825969614,-0.13363062097872236,0.3357596308091195,2
2021-10-05,0.0,23154.0,0.00038877730030328905,0.5529181693062664,-0.13363062097872236,0.209643774163772,2
2021-10-06,0.0,23158.0,0.00012955325736463408,0.29654583382304434,,0.29654583382304434,1
2021-10-07,0.0,23170.0,0.00034533368209821447,0.5333852317326223,,0.5333852317326223,1
2021-10-08,0.0,23165.0,0.000215866163816969,0.3829485487313503,,0.3829485487313503,1
2021-10-11,0.0,23170.0,0.0006044122275259411,0.7834907508595635,,0.7834907508595635,1
2021-10-12,0.0,23174.0,0.0008634087913339528,1.0414508299360148,,1.0414508299360148,1
2021-10-13,0.0,23181.0,0.000992684429474977,1.1549146740842213,,1.1549146740842213,1
2021-10-14,0.0,23177.0,0.0003020691761381755,0.43387503531259364,,0.43387503531259364,1
2021-10-15,0.0,23159.0,-0.0002590449889279256,-0.14051149166342009,,-0.14051149166342009,1
2021-10-18,0.0,23160.0,-0.00043168573948904054,-0.3043548582623596,,-0.3043548582623596,1
2021-10-19,0.0,23164.0,-0.0004316112113276205,-0.28967049240521014,,-0.28967049240521014,1
2021-10-20,0.0,23147.0,-0.001467795117603643,-1.3484845571461652,,-1.3484845571461652,1
2021-10-21,0.0,23145.0,-0.0013816331371891977,-1.219589312048188,,-1.219589312048188,1
2021-10-22,0.0,23142.0,-0.000734325425538529,-0.5581480351767611,,-0.5581480351767611,1
2021-10-25,0.0,23136.0,-0.0010368067284414195,-0.8891320838417504,,-0.8891320838417504,1
2021-10-26,0.0,23129.0,-0.001512107950180308,-1.4063308853338667,,-1.4063308853338667,1
2021-10-27,0.0,23131.0,-0.000691473297788292,-0.5824054654752396,,-0.5824054654752396,1
2021-10-28,0.0,23145.0,0.0,0.15197784438507622,,0.15197784438507622,1
2021-10-29,0.0,23131.0,-0.000475439249981946,-0.3985208087198529,,-0.3985208087198529,1
2021-11-01,0.0,23140.0,0.00017287578917724034,0.34069148070278615,,0.34069148070278615,1
2021-11-02,0.0,23150.0,0.0009075391188808624,1.1708524213466944,,1.1708524213466944,1
2021-11-03,0.0,23140.0,0.0003890125613672524,0.5806174967748018,,0.5806174967748018,1
2021-11-04,0.0,23152.0,0.0003023954058942735,0.465585748710343,,0.465585748710343,1
2021-11-05,0.0,23133.0,8.646031476899907e-05,0.1997279507683876,,0.1997279507683876,1
2021-11-08,0.0,23123.0,-0.0007349285937010563,-0.7535987110451412,,-0.7535987110451412,1
2021-11-09,0.0,23109.0,-0.0017726284933043956,-1.9133156719993363,,-1.9133156719993363,1
2021-11-10,0.0,23100.0,-0.001730104237783081,-1.7967394003951787,,-1.7967394003951787,1
2021-11-11,0.0,23105.0,-0.002032125566897136,-2.0188279448925974,,-2.0188279448925974,1
2021-11-12,0.0,23115.0,-0.0007784120787448501,-0.6509532879913432,,-0.6509532879913432,1
2021-11-15,0.0,23104.0,-0.0008220304614141583,-0.671972184564311,,-0.671972184564311,1
2021-11-16,0.0,23107.0,-8.655011257019396e-05,0.13775089210007177,,0.13775089210007177,1
2021-11-17,0.0,23114.0,0.0006058770255013002,0.869092451712358,,0.869092451712358,1
2021-11-18,0.0,23116.0,0.00047597413330180416,0.7080359457747681,,0.7080359457747681,1
2021-11-19,0.0,23112.0,-0.00012979427625303686,0.03527551379128091,,0.03527551379128091,1
2021-11-22,,23118.0,0.000605772161659246,0.8123536090428308,,0.8123536090428308,1
2021-11-23,,23133.0,0.001124567592563963,1.3484545942909012,,1.3484545942909012,1
2021-11-24,,23141.0,0.001167441490284915,1.3643402488632415,,1.3643402488632415,1
2021-11-25,,23147.0,0.0013401640464199005,1.513349606857755,,1.513349606857755,1
2021-11-26,,23145.0,0.0014268113192983378,1.5621377253525897,,1.5621377253525897,1
2021-11-29,,23143.0,0.001080824125450519,1.1322251973670416,,1.1322251973670416,1
2021-11-30,,23139.0,0.00025933610103834326,0.1535022373141243,,0.1535022373141243,1
2021-12-01,,23143.0,8.642295399141631e-05,-0.05300680658775952,,-0.05300680658775952,1
2021-12-02,,23127.0,-0.0008644163567179675,-1.140771162049517,,-1.140771162049517,1
2021-12-03,,23127.0,-0.0007780083379991254,-1.008503684092815,,-1.008503684092815,1
2021-12-06,,23165.0,0.0009501598710865977,0.9838380428320828,,0.9838380428320828,1
2021-12-07,,23210.0,0.003063714666375006,3.1348861766639464,,3.1348861766639464,1
2021-12-08,,23237.0,0.004053476873950856,3.629455547036656,,3.629455547036656,1
2021-12-09,,23196.0,0.00297908386895962,2.439290071599729,,2.439290071599729,1
2021-12-10,,23175.0,0.0020733453066839047,1.5658762759602924,,1.5658762759602924,1
2021-12-13,,23207.0,0.0018114384320089272,1.3052450073894546,,1.3052450073894546,1
2021-12-14,,23191.0,-0.0008189479132738597,-0.9447950776421831,,-0.9447950776421831,1
2021-12-15,,23195.0,-0.001809097667768711,-1.7145781512377125,,-1.7145781512377125,1
2021-12-16,,23222.0,0.0011202551906208669,0.7365045599043739,,0.7365045599043739,1
2021-12-17,,23217.0,0.001810657504513813,1.2809442378412301,,1.2809442378412301,1
2021-12-20,,23184.0,-0.000991571722295248,-1.005590756562039,,-1.005590756562039,1
2021-12-21,,23190.0,-4.312110563198246e-05,-0.2219635836805537,,-0.2219635836805537,1
2021-12-22,,23183.0,-0.0005174867509509795,-0.5899166981786372,,-0.5899166981786372,1
2021-12-23,,23193.0,-0.0012495961983667314,-1.1497640379424865,,-1.1497640379424865,1
2021-12-24,,23193.0,-0.0010342599499839622,-0.9432364395652476,,-0.9432364395652476,1
2021-12-27,,23174.0,-0.0004314250034553879,-0.4399789210357728,,-0.4399789210357728,1
2021-12-28,,23142.0,-0.00207200281329456,-1.6935487885531708,,-1.6935487885531708,1
2021-12-29,,23154.0,-0.0012516996692202298,-1.0177432853840374,,-1.0177432853840374,1
2021-12-30,,23145.0,-0.00207173452321463,-1.5933096658563546,,-1.5933096658563546,1
2021-12-31,,23145.0,-0.00207173452321463,-1.5324442126260027,,-1.5324442126260027,1
2022-01-03,,23145.0,-0.0012521860916372418,-0.889431751744554,,-0.889431751744554,1
2022-01-04,0.0,23134.0,-0.00034575158093552716,-0.19779692181395303,,-0.19779692181395303,1
2022-01-05,0.0,23137.0,-0.0007344840579914802,-0.46953551230957197,,-0.46953551230957197,1
2022-01-06,-2.04,23128.0,-0.0007347697691884036,-0.4563001038413314,5.199470066695762,2.371584981427215,2
2022-01-07,0.0,23138.0,-0.0003024868765368893,-0.13059974426429558,-0.18569535952381966,-0.1581475518940576,2
2022-01-10,-1.78,23125.0,-0.000864491084744401,-0.5466982189977997,3.338104399330291,1.3957030901662457,2
2022-01-11,0.0,23105.0,-0.0012543525509798314,-0.8244813116468988,-0.26676901266532155,-0.5456251621561101,2
2022-01-12,-109.39,23110.0,-0.0011676434392562385,-0.7660395384530309,5.19793422079678,2.2159473411718746,2
2022-01-13,-449.2,23096.0,-0.0013845623534116669,-0.9284231069396833,5.049724380213743,2.0606506366370296,2
2022-01-14,-9977.3,23082.0,-0.002423194608482504,-1.648010156824992,5.193979889721665,1.7729848664483363,2
2022-01-17,,23085.0,-0.0017312274395369087,-1.1242334495407489,,-1.1242334495407489,1
2022-01-18,209.9,23097.0,-0.0003463053582084541,-0.1327560091829925,-0.30697710310606297,-0.21986655614452771,2
2022-01-19,478.99,23119.0,0.00038936598731176275,0.39302112061858707,-0.4393029876991588,-0.023140933540285874,2
2022-01-20,0.0,23100.0,0.00017317516711479186,0.2324357253049548,-0.1860284671100673,0.02320362909744375,2
2022-01-21,376.0,23077.0,-0.00021664247577213303,-0.056234103350310184,-0.3769629384680171,-0.21659852090916365,2
2022-01-24,2937.43,23062.0,-0.0009968146100280961,-0.6118796815384222,-1.5907856058277028,-1.1013326436830626,2
2022-01-25,970.45,23068.0,-0.001256363210856648,-0.77521746195533,-0.5829138411321708,-0.6790656515437504,2
2022-01-26,3914.97,23076.0,-0.001861673878957859,-1.1776560579398956,-1.8471191053651896,-1.5123875816525425,2
2022-01-27,999.35,23070.0,-0.0012995453420856506,-0.7492196243342452,-0.47329365576748367,-0.6112566400508644,2
2022-01-28,11.6,23099.0,0.000952876024975069,0.8581776278901981,-0.015963838726513455,0.42110689458184236,2
2022-01-31,,23099.0,0.0016030851984929484,1.2789560680277188,,1.2789560680277188,1
2022-02-01,,23099.0,0.0013429507942515073,1.059338047797511,,1.059338047797511,1
2022-02-02,,23099.0,0.0009962101527740685,0.7861593861565931,,0.7861593861565931,1
2022-02-03,,,,,,,0
2022-02-04,,,,,,,0
2022-02-07,-1429.02,23081.0,-0.0007795582898033615,-0.5102747065927494,0.5552859692194304,0.02250563131334049,2
2022-02-08,3508.04,23090.0,-0.00038970318101227974,-0.22864361108470235,-1.364240687437138,-0.7964421492609202,2
2022-02-09,4023.02,23104.0,0.00021643616299904522,0.2082060124101249,-1.424779788133027,-0.6082868878614511,2
2022-02-10,-844.82,23108.0,,,0.3921378771588631,0.3921378771588631,1
2022-02-11,298.75,23090.0,,,-0.03190510942897339,-0.03190510942897339,1
2022-02-14,520.0,23096.0,0.0006496741030197484,0.5143801840150406,-0.11255199539255005,0.20091409431124527,2
2022-02-15,-209.9,23116.0,0.0011253950891276787,0.8481234818206466,0.16397624377262532,0.5060498627966359,2
2022-02-16,-477.11,23119.0,0.0006490275631847453,0.5228288546023853,0.2631891193732224,0.39300898698780384,2
2022-02-17,0.0,23113.0,0.0002163518755331495,0.23410563979424856,0.07153523294293164,0.1528204363685901,2
2022-02-18,-376.0,23119.0,0.0012551669071960703,0.9773801275734011,0.22039145113519082,0.5988857893542959,2
2022-02-21,-1508.41,23133.0,0.0016007271582996196,1.2087027538756527,0.6721450403980027,0.9404238971368277,2
2022-02-22,-4101.49,23130.0,0.0006054577878149559,0.4988753702212657,1.6428356957957524,1.070855533008509,2
2022-02-23,-7937.99,23130.0,0.0004756859697465643,0.4017079932148114,2.7161269228456413,1.5589174580302263,2
2022-02-24,-154.53,23131.0,0.0007784794096110659,0.5944026019960386,-0.0495127574874902,0.2724449222542742,2
2022-02-25,230.65,23146.0,0.0011671891522855304,0.8405494800054215,-0.1857779893019372,0.32738574535174214,2
2022-02-28,-520.0,23140.0,0.0003025522465982533,0.2422255735040847,0.0883065409476779,0.16526605722588128,2
2022-03-01,678.12,23137.0,0.00030259148219791143,0.2899713225457192,-0.35233195942565926,-0.031180318439970017,2
2022-03-02,-1.88,23133.0,0.0001296932755856517,0.23530188763631413,-0.09439314979547535,0.0704543689204194,2
2022-03-03,0.0,23143.0,0.0005186497933618028,0.6230395192332995,-0.09384321383381068,0.2645981526997444,2
2022-03-04,0.0,23151.0,0.00021599671768868234,0.4048946583457345,-0.09262301117196327,0.15613582358688563,2
2022-03-07,591.8,23159.0,0.0008207521141532226,0.9830482690684554,-0.3209842490973598,0.3310320099855478,2
2022-03-08,50.2,23171.0,0.0014684290450670545,1.5085063443459608,-0.10397683934420228,0.7022647525008793,2
2022-03-09,0.0,23172.0,0.001684483715445495,1.6362123561970237,-0.08271651904759905,0.7767479185747123,2
2022-03-10,0.0,23162.0,0.0008206457646604548,0.8755627475771954,-0.0817433614887176,0.3969096930442389,2
2022-03-11,-541.0,23164.0,0.0005613732199680754,0.6803839502156995,0.14033890913350672,0.4103614296746031,2
2022-03-14,0.0,23178.0,0.0008200790325147977,0.886339253636501,-0.08508792320144394,0.4006256652175285,2
2022-03-15,-267.61,23186.0,0.0006471514775974185,0.713261907098412,0.027907296852951596,0.37058460197568177,2
2022-03-16,0.0,23188.0,0.0006902502431085367,0.7300995004934789,-0.08577149842903312,0.3221640010322229,2
2022-03-17,0.0,23167.0,0.00021584752614600689,0.2778374941344475,-0.08486739820074347,0.09648504796685203,2
2022-03-18,316.0,23142.0,-0.0009502009093971253,-0.7937838437512651,-0.220818828139263,-0.507301335945264,2
2022-03-21,-591.8,23146.0,-0.0013815734863129592,-1.1606062407815176,0.1788565253030861,-0.4908748577392158,2
2022-03-22,-234.8,23143.0,-0.001856289250683929,-1.6045654207055597,0.019136048468659354,-0.7927146861184502,2
2022-03-23,283.36,23147.0,-0.0017697209755347387,-1.5005992888256618,-0.21263720660096452,-0.8566182477133132,2
2022-03-24,238.75,23148.0,-0.0008204685767392306,-0.6808328052642857,-0.19041058741495023,-0.43562169633961795,2
2022-03-25,0.0,23151.0,0.0003888276894290499,0.41137463210834174,-0.07977595716547903,0.16579933747143136,2
2022-03-28,0.0,23146.0,0.0,0.0187160897545527,-0.0790431635611291,-0.0301635369032882,2
2022-03-29,94.27,23151.0,0.000345617146049193,0.3411222327916669,-0.12243737802691149,0.10934242738237772,2
2022-03-30,0.0,23135.0,-0.0005185601429893438,-0.4997616182388235,-0.07821763571855848,-0.28898962697869096,2
2022-03-31,3167.36,23100.0,-0.0020757661838448627,-1.92601901425703,-1.5027820225586432,-1.7144005184078366,2
2022-04-01,-193.81,23095.0,-0.0024218322610067844,-2.122679219115448,0.03769820936718262,-1.0424905048741329,2
2022-04-04,338.0,23098.0,-0.002075945732990192,-1.7486463610834684,-0.20333925849233264,-0.9759928097879005,2
2022-04-05,107.81,23098.0,-0.0022919424506788744,-1.8768805195238776,-0.09684272412914867,-0.9868616218265132,2
2022-04-06,22.64,23100.0,-0.001514004831214777,-1.1970751283263,-0.056659968816252765,-0.6268675485712764,2
2022-04-07,48.35,23105.0,0.00021642679448241608,0.25794261523089823,-0.06423820451461298,0.09685220535814262,2
2022-04-08,0.0,23101.0,0.0002597627514830947,0.26398324358242253,0.05489334454159307,0.1594382940620078,2
2022-04-11,,23101.0,0.00012987294115518466,0.12037267925584888,,0.12037267925584888,1
2022-04-12,-171.14,23108.0,0.00043284422612366313,0.38495819301577233,0.15164716147766058,0.26830267724671647,2
2022-04-13,0.0,23108.0,0.00034626039127161334,0.3064649194952903,0.0455141452712654,0.17598953238327786,2
2022-04-14,-2798.27,23106.0,4.327973859652445e-05,0.0311439377141687,1.6232459994930115,0.8271949686035901,2
2022-04-15,161.61,23106.0,0.00021641742677580567,0.1826565645828328,-0.08065960096556478,0.05099848180863401,2
2022-04-18,-18.56,23107.0,0.0002596952923177298,0.2032982905792129,-0.008768467816325499,0.09726491138144369,2
2022-04-19,58.76,23112.0,0.0001730852449153275,0.10113065952514173,-0.06468575892114857,0.01822245030199658,2
2022-04-20,212.43,23117.0,0.0003893996804205102,0.274057182809124,-0.2078146714461649,0.033121255681479556,2
2022-04-21,19.86,23123.0,0.0007354691110030842,0.580860458716477,-0.09884802199835797,0.2410062183590595,2
2022-04-22,227.81,23123.0,0.0007354691110030842,0.5862207201724589,-0.2272931979304509,0.17946376112100398,2
2022-04-25,,23128.0,0.0009084027876760103,0.7786626663513849,,0.7786626663513849,1
2022-04-26,-49.63,23135.0,0.000994659195027836,0.8763661491098138,-0.05203421680528816,0.4121659661522628,2
2022-04-27,284.03,23135.0,0.0007783447595226534,0.6658074987381842,-0.261715806865752,0.2020458459362161,2
2022-04-28,-27.42,23140.0,0.0007349285937010563,0.614716834705211,-0.06142819461410812,0.27664432004555145,2
2022-04-29,2825.64,23140.0,0.0007349285937010563,0.6074774120669381,-1.833858171566443,-0.6131903797497524,2
2022-05-02,,23140.0,0.0005187170514862061,0.3676872582363419,,0.3676872582363419,1
2022-05-03,,23140.0,0.00021609940656830418,0.04793708136734501,,0.04793708136734501,1
2022-05-04,-89.57,23128.0,-0.0003026176449179019,-0.4734540077563353,-0.06718302316650598,-0.2703185154614206,2
2022-05-05,74.28,23128.0,-0.0005187170514862061,-0.6857865843462704,-0.17167790362888605,-0.4287322439875782,2
2022-05-06,73.03,23130.0,-0.000432245522183905,-0.5902649709591345,-0.1737738300681819,-0.38201940051365824,2
2022-05-09,71.99,23135.0,-0.00021609940656830418,-0.3525523465741859,-0.17905089871323016,-0.265801622643708,2
2022-05-10,,23143.0,0.00012963723199455046,0.022438007440509406,,0.022438007440509406,1
2022-05-11,,23141.0,0.0005619313294893402,0.47566707488294546,,0.47566707488294546,1
2022-05-12,67.77,23151.0,0.0009939714295299495,0.9071544577695996,-0.1677854019124887,0.36968452792855544,2
2022-05-13,-2767.42,23163.0,0.0014257017514420767,1.3470493593355333,1.726175761907914,1.5366125606217236,2
2022-05-16,,23160.0,0.0010800303458324834,1.010431288807656,,1.010431288807656,1
2022-05-17,,23160.0,0.0007342937072696287,0.6457709328303208,,0.6457709328303208,1
2022-05-18,-180.5,23140.0,-4.3214278003134154e-05,-0.15737053197700734,0.251956592286485,0.04729303015473882,2
2022-05-19,-80.03,23142.0,-0.0003888276894290499,-0.49939793838329066,0.13427954417467797,-0.18255919710430635,2
2022-05-20,93.2,23145.0,-0.0007774035115559741,-0.8764464316345374,-0.07486998522940636,-0.4756582084319719,2
2022-05-23,-110.28,23117.0,-0.0018583751053551367,-1.9138158474145073,0.17726527766590822,-0.8682752848742995,2
2022-05-24,,23103.0,-0.0024641734795718406,-2.363324514492262,,-2.363324514492262,1
2022-05-25,,23103.0,-0.0016002425403076614,-1.469867431051811,,-1.469867431051811,1
2022-05-26,4.69,23105.0,-0.0016001041319153586,-1.4147872663168848,0.025372558581400896,-0.694707353867742,2
2022-05-27,-342.02,23109.0,-0.00155662244429422,-1.32670005080739,0.42480658088171697,-0.45094673496283655,2
2022-05-30,195.66,23089.0,-0.0012119639625733925,-0.9753675740714721,-0.2174135409287788,-0.5963905575001255,2
2022-05-31,360.39,23057.0,-0.0019930682507478537,-1.6360018373115863,-0.4038581729263283,-1.0199300051189573,2
2022-06-01,-248.36,23060.0,-0.0018629643843102173,-1.4736184517652564,0.3073464103909802,-0.5831360206871381,2
2022-06-02,-301.21,23066.0,-0.001689372518482557,-1.267637184533523,0.3619785052134645,-0.45282933966002925,2
2022-06-03,-394.04,23069.0,-0.0017324271299905547,-1.2615782094239636,0.47550859175397575,-0.3930348088349939,2
2022-06-06,41.43,23062.0,-0.0011700722879428582,-0.7215954888928648,-0.03648982952939785,-0.37904265921113134,2
2022-06-07,-183.77,23057.0,0.0,0.36522374891885867,0.23089310415765837,0.29805842653825854,2
2022-06-08,9.32,23057.0,-0.00013010386643763638,0.2597036111077095,0.0035314140245779504,0.13161751256614374,2
2022-06-09,-218.33,23062.0,-0.00017343045482398622,0.22593094552057688,0.2665034178953555,0.2462171817079662,2
2022-06-10,0.0,23065.0,-0.00017340789916531207,0.21423268234136766,0.0019219161456632426,0.10807729924351546,2
2022-06-13,16.34,23071.0,0.0003901762345481785,0.7161437611676505,-0.003020028292450542,0.3565618664376,2
2022-06-14,34.47,23089.0,0.0013869026623911651,1.5924567620070529,-0.018144345764820755,0.7871562081211161,2
2022-06-15,0.0,23093.0,0.0015601303272827494,1.6869953761853391,0.01604684201185764,0.8515211090985983,2
2022-06-16,226.41,23093.0,0.0013432999528344425,1.430441183470815,-0.2531782283270121,0.5886314775719015,2
2022-06-17,0.0,23089.0,0.0010399966270835392,1.1346081441859635,0.01575493902722116,0.5751815416065923,2
2022-06-20,82.97,23092.0,0.0009098196152148574,0.9950735577256542,-0.08082171294893421,0.45712592238836,2
2022-06-21,-210.95,23087.0,-8.662508667889313e-05,0.10923083434351427,0.26086667345746395,0.1850487539004891,2
2022-06-22,-19766.9,23089.0,-0.00017322766489158425,0.02636063521848987,6.635150277848882,3.330755456533686,2
2022-06-23,-30195.5,23101.0,0.0003463653322928195,0.4674109944823906,5.720271990741317,3.093841492611854,2
2022-06-24,-19999.8,23105.0,0.000692730685363685,0.7632338745100304,3.2240517538254783,1.9936428141677545,2
2022-06-27,-14998.76,23102.0,0.00043295666780096553,0.4905880277232025,2.1861989663675327,1.3383934970453677,2
2022-06-28,-14862.1,23092.0,0.00021654864849907085,0.24817181983622338,2.0240133974060766,1.13609260862115,2
2022-06-29,12625.04,23099.0,0.00043301291055009017,0.4440878730858785,-2.1684312964415073,-0.8621717116778145,2
2022-06-30,-15098.01,23110.0,0.0003895176522377142,0.39550841823339,1.8805865747828499,1.13804749650812,2
2022-07-01,-5370.51,23112.0,0.00030291884170452477,0.30476692256287535,0.45633939262410483,0.38055315759349007,2
2022-07-04,-6580.9,23121.0,0.0008221015974783086,0.8270155348339818,0.6227705856815904,0.7248930602577861,2
2022-07-05,-15610.04,23144.0,0.002249330475146749,2.177684905966825,1.8283699562048785,2.003027431085852,2
2022-07-06,-15485.0,23171.0,0.0031121702231953208,2.782452912520364,1.7164991252353847,2.2494760188778744,2
2022-07-07,-14999.6,23178.0,0.0029381286259102524,2.4413773382503643,1.5760981166309727,2.0087377274406686,2
2022-07-08,-14195.42,23177.0,0.0028084444564875355,2.1933042093579034,1.405380342070646,1.7993422757142747,2
2022-07-11,-12767.41,23170.0,0.002117042980318118,1.5551108807362235,1.1720138784760605,1.363562379606142,2
2022-07-12,-119.1,23183.0,0.0016836837789231396,1.1654144481814446,-0.4592671866997704,0.3530736307408371,2
2022-07-13,-3549.2,23198.0,0.0011645712890722137,0.7311733522903526,-0.026512392782415715,0.3523304797539685,2
2022-07-14,12425.62,23201.0,0.0009918282794139088,0.5874383265699425,-1.9810417513293155,-0.6968017123796865,2
2022-07-15,1547.78,23225.0,0.0020688770794805578,1.413356830842594,-0.6245119221620906,0.39442245434025164,2
2022-07-18,5275.08,23245.0,0.003231716698262943,2.209259388033707,-1.0644552875526054,0.5724020502405507,2
2022-07-19,12812.18,23224.0,0.0017669752695717023,1.0784369232079232,-1.8984989919361068,-0.41003103436409183,2
2022-07-20,11343.5,23214.0,0.0006894768867464762,0.26767166005734927,-1.6531398489084224,-0.6927340944255366,2
2022-07-21,20040.0,23213.0,0.0005170853736959913,0.14054138726325968,-2.4597056819291776,-1.159582147332959,2
2022-07-22,9895.32,23212.0,-0.0005598983715415784,-0.6536482463490882,-1.3173891907585675,-0.9855187185538279,2
2022-07-25,13854.0,23207.0,-0.0016360978419260874,-1.4114910868755446,-1.6791787986698374,-1.545334942772691,2
2022-07-26,16786.43,23196.0,-0.0012063767081347265,-1.0657249468757033,-1.9013188573540651,-1.4835219021148842,2
2022-07-27,16809.45,23192.0,-0.0009481533270765397,-0.8644384515007896,-1.811917472135604,-1.3381779618181968,2
2022-07-28,8795.68,23201.0,-0.0005170853736959913,-0.5505254214265047,-0.9878090147823145,-0.7691672181044096,2
2022-07-29,972.52,23176.0,-0.0015521258613127031,-1.2751532089184299,-0.21348763784636007,-0.744320423382395,2
2022-08-01,-7364.3,23161.0,-0.0019841276350458514,-1.5340149525718396,0.5940894102155823,-0.4699627711781287,2
2022-08-02,-12361.4,23154.0,-0.0018122982306572055,-1.367424960608653,1.0645636290741052,-0.15143066576727393,2
2022-08-03,-13343.5,23163.0,-0.0012512136245650396,-0.9502825468755567,1.1369947201134136,0.09335608661892847,2
2022-08-04,3809.59,23178.0,-0.0009918282794139088,-0.7474598393183312,-0.5358365790867876,-0.6416482092025594,2
2022-08-05,15900.1,23182.0,0.00025885499950462076,0.12695391268609432,-1.6426164844905302,-0.7578312859022179,2
2022-08-08,14999.9,23175.0,0.000604281786342753,0.372820968253464,-1.5110072469678366,-0.5690931393571863,2
2022-08-09,8999.9,23176.0,0.0009497086835121848,0.6094758976360716,-0.9308884516334821,-0.16070627699870527,2
2022-08-10,4999.7,23174.0,0.0004747825800812677,0.27382696301110676,-0.5441098618777764,-0.13514144943333484,2
2022-08-11,2988.87,23163.0,-0.0006473749174098486,-0.500633285563733,-0.3497811857914027,-0.42520723567756785,2
2022-08-12,1914.53,23153.0,-0.0012517536974918642,-0.9098920317902663,-0.24584846201533914,-0.5778702469028028,2
2022-08-15,-20137.1,23160.0,-0.0006474587471227977,-0.5137906642881841,1.741939229388441,0.6140742825501284,2
2022-08-16,-33599.69,23173.0,-0.000129452631304261,-0.18408262239457368,2.7443270733279252,1.2801222254666758,2
2022-08-17,-36604.11,23192.0,0.0007764310444837719,0.44353704591398946,2.772996980708721,1.6082670133113552,2
2022-08-18,1753.26,23192.0,0.0012512136245650396,0.7612857593503629,-0.3148158381159875,0.2232349606171877,2
2022-08-19,450.65,23205.0,0.002243410924076983,1.4380907589094203,-0.2088258841595937,0.6146324373749132,2
2022-08-22,15637.1,23222.0,0.00267345250001938,1.6805106085564794,-1.387506165504411,0.1465022215260342,2
2022-08-23,15820.56,23237.0,0.0027580280357319964,1.6843312137793762,-1.3598054365021692,0.1622628886386035,2
2022-08-24,8841.49,23232.0,0.0017232470230315045,0.9105222092647225,-0.7997485005128622,0.05538685437593016,2
2022-08-25,4807.87,23234.0,0.0018093314719287434,0.9445178313604993,-0.47959197224898253,0.23246292955575837,2
2022-08-26,-4415.18,23212.0,0.0003016136352229637,-0.20699911262992754,0.22862417457449896,0.010812530972285711,2
2022-08-29,424.4,23211.0,-0.000473800969388094,-0.8148664359573992,-0.1451115348752125,-0.47998898541630586,2
2022-08-30,20731.75,23221.0,-0.0006887942069226938,-0.965383925225879,-1.6485154187844995,-1.3069496720051892,2
2022-08-31,31762.62,23219.0,-0.0005597296221573345,-0.8578447497982548,-2.3249881276429245,-1.5914164387205896,2
2022-09-01,,23219.0,-0.0006458140710545734,-0.9133227705127429,,-0.9133227705127429,1
2022-09-02,,23219.0,0.00030152269186700664,-0.2011905381475871,,-0.2011905381475871,1
2022-09-05,14575.6,23227.0,0.0006890908580530208,0.08969936021197286,-1.043778368632557,-0.47703950421029206,2
2022-09-06,5047.38,23245.0,0.0010330134779934497,0.3564867620634777,-0.37047940106176935,-0.006996319499145837,2
2022-09-07,18720.04,23261.0,0.0018072294075412998,0.94080209987593,-1.2842540099165765,-0.17172595502032323,2
2022-09-08,9808.75,23281.0,0.0026666682469151937,1.54888985801055,-0.6567080605475125,0.4460908987315187,2
2022-09-09,10000.0,23263.0,0.001893206537678438,0.954348107368775,-0.6554733843319057,0.14943736151843462,2
2022-09-12,-3000.0,23253.0,0.0011187608740037547,0.37745616234139723,0.22908661790539223,0.3032713901233947,2
2022-09-13,-7000.0,23244.0,-4.302092968799798e-05,-0.48363556593380097,0.4932199134199562,0.00479217374307761,2
2022-09-14,-27720.05,23257.0,-0.00017197643965083387,-0.5791874864388858,1.8672597984536246,0.6440361560073693,2
2022-09-15,-14220.37,23277.0,-0.0001718286872218755,-0.5712546683900005,1.0086608952765066,0.21870311344325305,2
2022-09-16,-7700.0,23283.0,0.0008593649822046245,0.1886642126269315,0.5813682304539737,0.38501622154045256,2
2022-09-19,-13700.0,23295.0,0.0018045893012761383,0.8645771991226803,1.0055259716519873,0.9350515853873338,2
2022-09-20,-10600.0,23301.0,0.0024492438927605775,1.292506048411794,0.7968043089004658,1.04465517865613,2
2022-09-21,-12999.89,23301.0,0.0018901161175008951,0.864687624418266,0.933719748199744,0.8992036863090049,2
2022-09-22,-1338.38,23316.0,0.0016740716033822878,0.6912490702829253,0.12947846023128637,0.41036376525710583,2
2022-09-23,4000.0,23324.0,0.001759392819797867,0.7321425515487444,-0.2396312726890544,0.24625563942984502,2
2022-09-26,14200.0,23334.0,0.001672779132904978,0.6577304370152692,-0.9364270290111097,-0.13934829599792026,2
2022-09-27,7600.1,23346.0,0.0019293851248516347,0.8472010792251551,-0.4446485610967163,0.2012762590642194,2
2022-09-28,10000.2,23346.0,0.0019293851248516347,0.8774592185942499,-0.5911926770928352,0.14313327075070736,2
2022-09-29,-3297.15,23371.0,0.0023561173535835422,1.2071556558790435,0.3912843589435161,0.7992200074112799,2
2022-09-30,-400.0,23400.0,0.003253149003747069,1.8436386269328116,0.1987826897618528,1.0212106583473322,2
2022-10-03,2000.0,23412.0,0.0033371870273093407,1.8499718390832673,0.03997247572497661,0.944972157404122,2
2022-10-04,11000.0,23423.0,0.0032927823803010625,1.7575112739702816,-0.619369552122492,0.5690708609238948,2
2022-10-05,19000.0,23417.0,0.0030365910894047943,1.5268454334242207,-1.1765336318656665,0.17515590077927712,2
2022-10-06,2217.69,23417.0,0.001966316782988642,0.7813464377804186,0.05349152660630601,0.41741898219336226,2
2022-10-07,2771.36,23422.0,0.000939729256289823,0.09774398931312354,0.013884975473200192,0.05581448239316187,2
2022-10-10,18679.95,23432.0,0.0008538980964587495,0.06781623380456961,-1.1390485799718826,-0.5356161730836565,2
2022-10-11,21087.96,23451.0,0.0011946922955310413,0.31414744237496917,-1.2918109910144087,-0.48883177431971975,2
2022-10-12,21666.22,23480.0,0.0026867406400192806,1.3186731196860042,-1.304671035122349,0.00700104228182763,2
2022-10-13,22716.17,23497.0,0.0034104991065913026,1.7393591409686082,-1.370884236893336,0.18423745203763608,2
2022-10-14,9011.31,23541.0,0.0050678301935001,2.6397480830933358,-0.39159596166480354,1.1240760607142661,2
2022-10-17,1820.3,23586.0,0.0065507061423453194,3.2400561920107775,0.10881905395554012,1.6744376229831588,2
2022-10-18,,23637.0,0.00790014302535802,3.5475551112989283,,3.5475551112989283,1
2022-10-19,,23663.0,0.0077636518330184145,3.132997127611291,,3.132997127611291,1
2022-10-20,-19635.82,23682.0,0.007842512482296726,2.8920195485750932,1.5473318793295021,2.219675713952298,2
2022-10-21,-15523.44,23688.0,0.006225008985843772,2.0527903101179095,1.220043011260835,1.6364166606893722,2
2022-10-24,-10920.3,23700.0,0.0048217324733084155,1.3843166600953365,0.8929610415282674,1.138638850811802,2
2022-10-25,27912.02,23703.0,0.0027883414770446535,0.4460380071005795,-1.7116255523737764,-0.6327937726365984,2
2022-10-26,28658.54,23698.0,0.0014780096016338007,-0.17845645947526476,-1.6844549092554961,-0.9314556843653804,2
2022-10-27,3999.51,23693.0,0.00046437995557546685,-0.6701148125496156,-0.036113048331330416,-0.353113930440473,2
2022-10-28,-3574.33,23693.0,0.00021105506504959237,-0.7889976023565404,0.4488950133722953,-0.17005129449212253,2
2022-10-31,-3073.27,23695.0,-0.00021099272153435322,-0.9765798822767799,0.3953524600971591,-0.29061371108981043,2
2022-11-01,5000.01,23697.0,-0.00025316455831436713,-0.9803288818537876,-0.15417356908370164,-0.5672512254687446,2
2022-11-02,,23688.0,-0.00042206559525759246,-1.0458169774915957,,-1.0458169774915957,1
2022-11-03,9999.6,23687.0,-0.00025327142389564017,-0.9738712524254637,-0.4806515458858771,-0.7272613991556705,2
2022-11-04,22541.33,23693.0,0.0,-0.8758646146569088,-1.2733876875503158,-1.0746261511036124,2
2022-11-07,9469.35,23690.0,-0.00021103724885840336,-0.982190254586097,-0.38645708702676684,-0.684323670806432,2
2022-11-08,-3253.36,23688.0,-0.00037986705110171215,-1.0577701981254097,0.5367231240403038,-0.260523537042553,2
2022-11-09,-15197.81,23688.0,0.0,-0.869053187387787,1.5125442727054732,0.3217455426588431,2
2022-11-10,,23686.0,-4.221814114124811e-05,-0.8735440633343763,,-0.8735440633343763,1
2022-11-11,,23683.0,-0.00042215468374351417,-1.0209772115054296,,-1.0209772115054296,1
2022-11-14,-6354.97,23678.0,-0.0005066711812489189,-1.027559983198453,0.8035198205298051,-0.11202008133432395,2
2022-11-15,-27731.33,23677.0,-0.000464477998427526,-0.9773127263396311,2.240470006265061,0.631578639962715,2
2022-11-16,,23677.0,-0.000464477998427526,-0.9531513634949632,,-0.9531513634949632,1
2022-11-17,-2121.39,23677.0,-0.0003800434984402301,-0.8923445050439628,0.3859125812140002,-0.2532159619149813,2
2022-11-18,-4946.97,23675.0,-0.00033785210845493907,-0.8655594316677707,0.5853331687092693,-0.1401131314792507,2
2022-11-21,631.41,23674.0,-0.000168947457742874,-0.7938482861448726,0.19017100060986655,-0.301838642767503,2
2022-11-22,2568.39,23674.0,-0.0001267132691609163,-0.7821376354791807,0.028524077681451578,-0.37680677889886455,2
2022-11-23,24.22,23672.0,-0.00021119770295463525,-0.8247447573301965,0.17541537877405144,-0.3246646892780725,2
2022-11-24,2031.47,23671.0,-0.00025344259660897706,-0.8491322731232739,0.024071348187524905,-0.4125304624678745,2
2022-11-25,1124.01,23669.0,-0.0002534640094680185,-0.8423756075596578,0.09219984677077328,-0.37508788039444224,2
2022-11-28,-224.42,23667.0,-0.0002957267506396022,-0.849975217464578,0.1760976590564749,-0.3369387792040516,2
2022-11-29,-1286.16,23667.0,-0.0002957267506396022,-0.835430801432462,0.24915811652181105,-0.29313634245532544,2
2022-11-30,-451.06,23665.0,-0.0002957517396975362,-0.8151637094578185,0.15964686874204778,-0.3277584203578853,2
2022-12-01,3121.39,23662.0,-0.00038028437278292415,-0.827017021026485,-0.1315345472708328,-0.4792757841486589,2
2022-12-02,937.82,23660.0,-0.0003803165124320884,-0.805948604276837,0.027719060720280297,-0.38911477177827836,2
2022-12-05,2308.82,23658.0,-0.0003803486575169046,-0.7908242815265689,-0.07327182369154525,-0.4320480526090571,2
2022-12-06,37.61,23658.0,-0.0003803486575169046,-0.7869567303756959,0.11783855524605663,-0.33455908756481967,2
2022-12-07,2202.44,23660.0,-0.00021130480796927031,-0.7126979335589716,-0.01114066856848995,-0.36191930106373077,2
2022-12-08,623.49,23659.0,-0.00012679360131961914,-0.6762793090622444,0.1476591105047922,-0.2643100992787261,2
2022-12-09,3023.99,23657.0,-0.00012680431997047492,-0.6668829103280126,-0.04149624551092471,-0.35418957791946865,2
2022-12-12,-1069.55,23655.0,-0.00012681504043321468,-0.6506586368971167,0.3384427525509215,-0.1561079421730976,2
2022-12-13,19670.83,23655.0,-0.00012681504043321468,-0.6310469309105559,-1.4275567131534692,-1.0293018220320125,2
2022-12-14,5693.25,23654.0,-0.00025362472131540414,-0.6682505229960096,-0.17908476032470527,-0.4236676416603574,2
2022-12-15,-5.49,23652.0,-0.0002959142715681651,-0.6698826154079204,0.3314050426583707,-0.16923878637477485,2
2022-12-16,2182.92,23650.0,-0.0002959392923287396,-0.6530057122979437,0.13313007367205026,-0.2599378193129467,2
2022-12-19,-5056.32,23645.0,-0.0004228329872724146,-0.6898029383179319,0.7494343162355278,0.029815688958797937,2
2022-12-20,-26395.56,23643.0,-0.0005074210434905524,-0.7061347021738732,2.4511729096128922,0.8725191037195095,2
2022-12-21,-21810.1,23641.0,-0.0005497410012651471,-0.7041996937620761,1.9473570958302744,0.6215787010340992,2
2022-12-22,-17601.89,23636.0,-0.0006767044751541107,-0.7349466898275046,1.5489854945845443,0.40701940237851986,2
2022-12-23,-23169.74,23631.0,-0.0008037055486447287,-0.7619460174838878,1.8911291379753825,0.5645915602457474,2
2022-12-26,-20216.9,23626.0,-0.0008038755695114475,-0.7356134818808373,1.5920893582837876,0.42823793820147515,2
2022-12-27,-6149.94,23624.0,-0.0008039435979991794,-0.7097449787866762,0.5142814279067315,-0.09773177543997236,2
2022-12-28,-9856.78,23620.0,-0.0008886820584450561,-0.7202203503920579,0.7628372128524588,0.02130843123020043,2
2022-12-29,-7511.95,23617.0,-0.0008041817884141267,-0.6630785869230051,0.5687128939603917,-0.04718284648130672,2
2022-12-30,6531.71,23612.0,-0.0008043520108547142,-0.6483746872027134,-0.4925420708550439,-0.5704583790288786,2
2023-01-02,,23612.0,-0.0005927431478855993,-0.5463435464450802,,-0.5463435464450802,1
2023-01-03,3370.41,23606.0,-0.0007622274347447444,-0.6029714003515225,-0.3159743765693862,-0.45947288846045437,2
2023-01-04,13409.05,23603.0,-0.0007199881724737622,-0.563000639709179,-1.1385109567368048,-0.8507557982229919,2
2023-01-05,7321.72,23603.0,-0.0005929690982728886,-0.4854782465691694,-0.6955357008466594,-0.5905069737079144,2
2023-01-06,-10968.31,23605.0,-0.00029650338019315825,-0.32999608283049175,0.7857854693668215,0.22789469326816486,2
2023-01-09,-3568.97,23605.0,-0.00029650338019315825,-0.298641390925238,0.16533193076920574,-0.06665473007801613,2
2023-01-10,317.08,23603.0,-0.00012709441013569744,-0.17505109034912936,-0.15483062516603863,-0.164940857757584,2
2023-01-11,-8853.06,23604.0,4.23665981799104e-05,-0.01648026006051937,0.603648841066638,0.2935842905030593,2
2023-01-12,-1844.88,23605.0,8.473140150755398e-05,0.12357265524133655,0.0428582478193825,0.08321545153035953,2
2023-01-13,12977.8,23602.0,-0.00012709979469249788,0.04732097825358952,-1.1866984271527607,-0.5696887244495856,2
2023-01-16,19646.4,23601.0,-0.0001694699830334656,0.15139714525903294,-1.6780151210222778,-0.7633089878816224,2
2023-01-17,24731.3,23603.0,0.0,0.8321735668901981,-2.1351590587940747,-0.6514927459519384,2
2023-01-18,6100.99,23606.0,8.472781195578705e-05,1.4710367616361295,-0.6173317414412156,0.42685251009745695,2
2023-01-19,27480.51,23605.0,0.0,1.2666797405794226,-2.375040497761947,-0.5541803785912622,2
2023-01-20,,23605.0,0.00012709979469249788,1.7823344057432382,,1.7823344057432382,1
2023-01-23,,23605.0,0.0001694699830334656,1.8678119084476514,,1.8678119084476514,1
2023-01-24,,23605.0,8.473140150755398e-05,1.4960846849386227,,1.4960846849386227,1
2023-01-25,,,,,,,0
2023-01-26,,,,,,,0
2023-01-27,8655.14,23608.0,0.00012708364238811498,1.5996974838832185,-0.8091346375268381,0.3952814231781902,2
2023-01-30,10922.57,23611.0,0.0002541511365770077,1.9626063071415965,-0.9989310737690519,0.4818376166862723,2
2023-01-31,12154.86,23609.0,0.00016944126782725277,1.59613200617779,-1.0664831806843187,0.2648244127467356,2
2023-02-01,36673.59,23610.0,,,-2.839058757558538,-2.839058757558538,1
2023-02-02,2379.53,23608.0,,,-0.14061558671524824,-0.14061558671524824,1
2023-02-03,,23606.0,-8.472063375997152e-05,0.7353673945445126,,0.7353673945445126,1
2023-02-06,-20516.49,23611.0,0.0,0.9886953126603103,1.6170667866704793,1.3028810496653949,2
2023-02-07,-30849.73,23621.0,0.0005081516094946892,2.502718190115557,2.3878724503685027,2.44529532024203,2
2023-02-08,-42924.56,23624.0,0.0005927933442002598,2.552949375517668,2.9832919765733146,2.7681206760454913,2
2023-02-09,-37079.82,23626.0,0.0007621628856906426,2.781765574607432,2.3812979692426737,2.581531771925053,2
2023-02-10,-11041.49,23626.0,0.0008468835194506141,2.746792409710412,0.6433889279329418,1.695090668821677,2
2023-02-13,516.6,23628.0,0.0007197443101620848,2.261410913812581,-0.12115918530332069,1.07012586425463,2
2023-02-14,-8184.53,23630.0,0.00038094432324520255,1.3795169863721048,0.44033484350417124,0.909925914938138,2
2023-02-15,-11075.33,23631.0,0.00029626494767498457,1.138644525432359,0.6152179668492008,0.8769312461407799,2
2023-02-16,3565.0,23636.0,0.0004231729571007037,1.3882947367820018,-0.34623272819579837,0.5210310042931017,2
2023-02-17,-14999.9,23639.0,0.0005500899324157871,1.6131216230374514,0.8491275979790716,1.2311246105082616,2
2023-02-20,-28000.1,23646.0,0.0007615179959330476,1.9806611817821405,1.6210186547746088,1.8008399182783745,2
2023-02-21,-15066.0,23643.0,0.0005499968408049227,1.4521879828421231,0.7768049179981156,1.1144964504201194,2
2023-02-22,12249.89,23641.0,0.0004230834383633919,1.1366850201330605,-0.928376216171762,0.10415440198064924,2
2023-02-23,-2829.17,23641.0,0.00021151934423180307,0.6593168614594618,0.010649085600174756,0.33498297352981826,2
2023-02-24,-9454.66,23642.0,0.00012690086944111556,0.4590920448960589,0.4140390582444515,0.43656555157025523,2
2023-02-27,-5237.11,23642.0,-0.00016917611273647992,-0.1856060855464823,0.14060015521582694,-0.022502965165327682,2
2023-02-28,-3394.34,23644.0,4.229492250118483e-05,0.2547197150423732,0.020822878444475265,0.13777129674342423,2
2023-03-01,-1350.0,23643.0,8.459521196080289e-05,0.33467625275865903,-0.11191525880418099,0.11138049697723902,2
2023-03-02,-900.0,23638.0,-0.00012690623761102415,-0.12251747380439985,-0.14206713089404516,-0.1322923023492225,2
2023-03-03,8954.75,23637.0,-0.00021151039652345105,-0.30192136003155756,-0.7518104879320234,-0.5268659239817906,2
2023-03-06,3183.35,23636.0,-0.00025381784475619895,-0.387922265323876,-0.384743730872599,-0.3863329980982375,2
2023-03-07,65.74,23633.0,-0.0004653425639737918,-0.8260610603006332,-0.2170540402074568,-0.521557550254045,2
2023-03-08,-29177.89,23632.0,-0.00046536225059767844,-0.8140083514405759,1.5724018153830288,0.37919673197122644,2
2023-03-09,1770.56,23640.0,8.460594784764908e-05,0.34515694794278284,-0.35762329135740595,-0.006233171707311552,2
2023-03-10,-5099.79,23639.0,8.460952708233549e-05,0.33098896581316034,0.06258176130067039,0.19678536355691537,2
2023-03-13,16124.2,23638.0,8.461310662077892e-05,0.3129954385556397,-1.2204552089447556,-0.4537298851945579,2
2023-03-14,9248.68,23618.0,-0.000634907219058789,-1.2201620138077975,-0.7661804848890358,-0.9931712493484166,2
2023-03-15,18940.4,23619.0,-0.0005502529185843485,-1.0393658890679884,-1.3182887132519203,-1.1788273011599544,2
2023-03-16,-2846.53,23622.0,-0.0007617113482414339,-1.4808062478543382,0.05445144036819687,-0.7131774037430707,2
2023-03-17,10999.81,23620.0,-0.0008040796895283364,-1.5708054062988928,-0.7829914457739778,-1.1768984260364352,2
2023-03-20,-1149.04,23619.0,-0.0008041137196102,-1.570845988510339,0.01125157723436379,-0.7797972056379876,2
2023-03-21,-754.13,23617.0,-4.2341484075336666e-05,0.019703677307802935,-0.007631392267927914,0.006036142519937511,2
2023-03-22,,23617.0,-8.468117542470566e-05,-0.10696926122788968,,-0.10696926122788968,1
2023-03-23,,23615.0,-0.0002963778415754348,-0.6177395692041578,,-0.6177395692041578,1
2023-03-24,,23600.0,-0.0008470987376512085,-1.8773275738935757,,-1.8773275738935757,1
2023-03-27,,23602.0,-0.0007200186668825381,-1.5686684755451423,,-1.5686684755451423,1
2023-03-28,,23605.0,-0.0005082376967653346,-1.1131110128112138,,-1.1131110128112138,1
2023-03-29,,23603.0,-0.0005929690982728886,-1.3244690151703797,,-1.3244690151703797,1
2023-03-30,,23603.0,-0.0005082807513385745,-1.1357890921291287,,-1.1357890921291287,1
2023-03-31,,23600.0,0.0,0.0408502705471409,,0.0408502705471409,1
2023-04-03,,23600.0,-8.474217199250234e-05,-0.1676180824476269,,-0.1676180824476269,1
2023-04-04,,23602.0,-0.00012709979469249788,-0.26744081184370677,,-0.26744081184370677,1
2023-04-05,,23602.0,-4.23683931849439e-05,-0.06419876346231425,,-0.06419876346231425,1
2023-04-06,,23601.0,-8.473858152591163e-05,-0.15697559211759446,,-0.15697559211759446,1
2023-04-07,,23603.0,0.00012711056517744623,0.3316489850328031,,0.3316489850328031,1
2023-04-10,,23600.0,0.0,0.024990519400757562,,0.024990519400757562,1
2023-04-11,,23606.0,0.00016946280332064134,0.41704470499387253,,0.41704470499387253,1
2023-04-12,10695.35,23608.0,0.00025418343708061286,0.6076813507545633,-0.7740318919913557,-0.08317527061839619,2
2023-04-13,16056.89,23606.0,0.00021183299166160907,0.49817689160160483,-1.1424961148528416,-0.3221596116256184,2
2023-04-14,25108.16,23588.0,-0.0006357144584843155,-1.4294129909936788,-1.6190889442330272,-1.5242509676133529,2
2023-04-17,-3261.65,23577.0,-0.0009750514794166776,-2.078223730231368,0.0842832632171326,-0.9969702335071178,2
2023-04-18,-926.86,23615.0,0.0003811863412028771,0.9015249520922103,-0.05708306789946718,0.42222094209637157,2
2023-04-19,-3133.22,23626.0,0.0007621628856906426,1.6780840521823566,0.07790350759749172,0.8779937798899241,2
2023-04-20,-6177.31,23642.0,0.0015238743213075168,3.0143224888787064,0.26444314568513666,1.6393828172819216,2
2023-04-21,-8807.0,23634.0,0.0019482450785659466,3.387637629631795,0.40653315336375856,1.8970853914977768,2
2023-04-24,-918.63,23636.0,0.002499312931281139,3.7309156135087163,-0.11020570500512371,1.8103549542517963,2
2023-04-25,16459.79,23638.0,0.0009734832419692196,1.3340122056172787,-1.2038097699862205,0.06510121781552913,2
2023-04-26,0.0,23645.0,0.0008038755695114475,1.0569774653795594,-0.23177105779334303,0.41260320379310816,2
2023-04-27,1652.15,23639.0,-0.00012690086944111556,-0.35127140766038506,-0.34625381817000234,-0.3487626129151937,2
2023-04-28,-91.78,23639.0,0.00021153724192046752,0.15836494081908523,-0.22410638107008865,-0.03287072012550171,2
2023-05-01,,23639.0,0.0001269169753150834,0.02578146070268216,,0.02578146070268216,1
2023-05-02,,23639.0,4.230386869430447e-05,-0.09200916631624009,,-0.09200916631624009,1
2023-05-03,,23639.0,-0.0002537856370956604,-0.5258316130347042,,-0.5258316130347042,1
2023-05-04,164.49,23635.0,-0.0001692262135435385,-0.37497412173732436,-0.0536325128807942,-0.21430331730905927,2
2023-05-05,-2806.24,23622.0,-0.0007194092690880893,-1.1877226767386886,0.23389325871450375,-0.47691470901209243,2
2023-05-08,-2987.25,23618.0,-0.0008887572796538734,-1.3980075443280724,0.24260697241894766,-0.5777002859545624,2
2023-05-09,-15937.32,23621.0,-0.0007617435831726027,-1.1626040861425098,1.3783269377749021,0.10786142581619618,2
2023-05-10,-8022.81,23630.0,-0.00038079925992740016,-0.5639572386098866,0.6816988661166167,0.05887081375336506,2
2023-05-11,-11955.73,23632.0,-0.00012693845617661736,-0.16385876531658194,0.9908884461655636,0.4135148404244908,2
2023-05-12,-15855.14,23640.0,0.0007617113482414339,1.1825956949265608,1.3322445379999146,1.2574201164632377,2
2023-05-15,-2078.32,23652.0,0.0014385447794929007,2.13243980599117,0.17959544451791695,1.1560176252545435,2
2023-05-16,-2913.81,23652.0,0.00131153108301163,1.8775300385343892,0.2945864108313532,1.0860582246828712,2
2023-05-17,5000.0,23656.0,0.0010996913513601214,1.5292612769088616,-0.5070504395155994,0.5111054186966311,2
2023-05-18,4497.72,23672.0,0.0016911893088842334,2.230612599763342,-0.4389435654284007,0.8958345171674706,2
2023-05-19,8390.86,23680.0,0.0016906174779069971,2.1089836443958854,-0.7869821163055758,0.6610007640451547,2
2023-05-22,10000.0,23684.0,0.0013520367109460807,1.6002831215076971,-0.9058336736110577,0.3472247239483197,2
2023-05-23,9794.13,23670.0,0.0007607455673088737,0.8273349472474769,-0.8484131810632323,-0.010539116907877677,2
2023-05-24,10000.0,23684.0,0.0011829321193523867,1.3183277083307832,-0.835348153291815,0.24148977751948408,2
2023-05-25,9000.0,23696.0,0.0010133424275355907,1.0733352360154718,-0.7104338325662959,0.18145070172458794,2
2023-05-26,9999.8,23696.0,0.0006754475096393264,0.6365371339297916,-0.8037485145352931,-0.08360569030275072,2
2023-05-29,5500.0,23712.0,0.0011815344441465925,1.217901840846328,-0.3610699830104871,0.42841592891792046,2
2023-05-30,8152.39,23714.0,0.001857167509987434,1.9395532536631557,-0.5970639458790347,0.6712446538920604,2
2023-05-31,2510.73,23714.0,0.001265876366350227,1.1959878089367857,0.0232335668636051,0.6096106879001953,2
2023-06-01,2203.75,23729.0,0.00139167128417661,1.2996125186660816,0.05805546155325143,0.6788339901096665,2
2023-06-02,6600.0,23722.0,0.001096630081640626,0.9307913992842348,-0.3967208630004734,0.2670352681418807,2
2023-06-05,3484.39,23693.0,-0.0008016032493358694,-1.2251532971934664,-0.08789395202825333,-0.6565236246108599,2
2023-06-06,2683.18,23720.0,0.00025298309364529814,-0.041772641328562746,-0.014762862703972812,-0.02826775201626778,2
2023-06-07,6287.47,23713.0,-4.217007190732147e-05,-0.39331623759500606,-0.48163018490712073,-0.4374732112510634,2
2023-06-08,3090.08,23714.0,-0.000632337773740943,-1.0817445651712791,-0.0834537877058964,-0.5825991764385878,2
2023-06-09,0.0,23717.0,-0.0002107970243265811,-0.6108589884286394,0.2589539816896392,-0.1759525033695001,2
2023-06-12,0.0,23700.0,0.00029540227674651476,-0.039026891199964206,0.2625719275271093,0.11177251816357253,2
2023-06-13,0.0,23699.0,-0.0008857209714623338,-1.4066965152614554,0.2649384389638293,-0.5708790381488131,2
2023-06-14,0.0,23700.0,-0.0005483728228856677,-0.9954097127068099,0.26169517503418355,-0.3668572688363132,2
2023-06-15,0.0,23704.0,-0.00042178076461496516,-0.8439385079378221,0.258568326004178,-0.29268509096682205,2
2023-06-16,0.0,23711.0,-0.0002530150979165313,-0.6671313878990559,0.255551081917372,-0.20579015299084194,2
2023-06-19,0.0,23697.0,-0.00012659029069439498,-0.5356311927968249,0.25263717839285654,-0.1414970072019842,2
2023-06-20,0.0,23718.0,0.0008014003845406847,0.5445663597190558,0.24982084162861495,0.39719360067383536,2
2023-06-21,0.0,23727.0,0.0011385920643043335,0.9165741891181532,0.24709674003875903,0.5818354645784561,2
2023-06-22,0.0,23732.0,0.001180538125131747,0.9351674099807588,0.2444599415984138,0.5898136757895863,2
2023-06-23,0.0,23732.0,0.0008852729115549351,0.5619402492835706,0.24190587611622688,0.40192306269989875,2
2023-06-26,0.0,23755.0,0.0024445767884930802,2.282746833654174,0.23943030177503932,1.2610885677146066,2
2023-06-27,0.0,23761.0,0.0018113276082729612,1.4936773440704656,0.2370292753811131,0.8653533097257894,2
2023-06-28,0.0,23760.0,0.0013898542890533605,0.98424414133784,0.23469912584535613,0.6094716335915981,2
2023-06-29,-293.83,23783.0,0.002146691343163809,1.7535333302235607,0.27196219229758956,1.012747761260575,2
2023-06-30,0.0,23800.0,0.002861232281032855,2.370544234610121,0.22945505369006258,1.2999996441500916,2
2023-07-03,0.0,23805.0,0.0021026080075969844,1.51341973230821,0.22732589928691624,0.8703728157975631,2
2023-07-04,0.0,23804.0,0.0018080526317305612,1.1700596149164169,0.22525498035010502,0.6976572976332609,2
2023-07-05,0.0,23813.0,0.0022281555473622205,1.5352334848539688,0.20178700754289156,0.8685102461984302,2
2023-07-06,0.0,23828.0,0.0018903200268809428,1.1578983036459891,0.16832280128023216,0.6631105524631107,2
2023-07-07,0.0,23833.0,0.0013855942426328482,0.6320760395589659,0.11717581869156107,0.3746259291252635,2
2023-07-10,0.0,23810.0,0.000210017852289468,-0.5810165812435742,0.12740400956708964,-0.2268062858382423,2
2023-07-11,0.0,23787.0,-0.0007144208242344519,-1.485266209508869,0.13025468176534846,-0.6775057638717602,2
2023-07-12,0.0,23772.0,-0.0017232325373921498,-2.3423518526828078,0.14017805107520917,-1.1010869008037993,2
2023-07-13,0.0,23758.0,-0.0029420438990932496,-3.1497557831721563,0.16082678919125634,-1.49446449699045,2
2023-07-14,0.0,23720.0,-0.004752600790537187,-3.9978314596951408,0.1926537525123792,-1.9025888535913809,2
2023-07-17,0.0,23701.0,-0.004588419155004075,-3.442257363261058,0.1956842470805709,-1.6232865580902434,2
2023-07-18,0.0,23714.0,-0.0030736219224927197,-2.250771578377661,0.15511685040691553,-1.0478273639853728,2
2023-07-19,0.0,23704.0,-0.0028646072331497408,-2.001587353394373,0.15511685040691553,-0.9232352514937288,2
2023-07-20,0.0,23731.0,-0.001137105557466711,-0.88677210323688,0.14955921624770172,-0.36860644349458915,2
2023-07-21,0.0,23734.0,0.0005900451134230877,0.20068014814946156,0.14987572963029455,0.17527793888987805,2
2023-07-24,0.0,23753.0,0.002191596949188579,1.1765266802248224,0.14857166940542568,0.6625491748151241,2
2023-07-25,0.0,23760.0,0.0019379034585647048,0.9902045662044958,0.14730107074201657,0.5687528184732562,2
2023-07-26,0.0,23746.0,0.0017702849723360004,0.8610034306417794,0.1460625265252798,0.5035329785835296,2
2023-07-27,0.0,23736.0,0.0002106726786390567,-0.10341643759988862,0.14551237206940956,0.02104796723476047,2
2023-07-28,0.0,23744.0,0.00042124774202179083,0.014711848687818708,0.1553423761218491,0.0850271124048339,2
2023-07-31,0.0,23758.0,0.00021047757439163206,-0.1277293834271543,0.16594252304483084,0.019106569808838264,2
2023-08-01,0.0,23757.0,-0.0001262705980593637,-0.34506002935098073,0.2430509869875457,-0.05100452118171751,2
2023-08-02,0.0,23773.0,0.0011363876725347666,0.4277777430628986,0.28242362712025615,0.3551006850915774,2
2023-08-03,0.0,23803.0,0.0028187401653898547,1.42422184826574,0.3568078721936789,0.8905148602297095,2
2023-08-04,0.0,23825.0,0.003405582555297215,1.7130665213944494,0.5108451905670138,1.1119558559807317,2
2023-08-07,0.0,23815.0,0.0023963183854753822,1.0905150284766103,0.5259005712001206,0.8082077998383654,2
2023-08-08,0.0,23802.0,0.0018923868638633934,0.7825565104463849,0.5487167048647119,0.6656366076555484,2
2023-08-09,0.0,23831.0,0.002436771225092116,1.0814887270894635,0.5262767663003984,0.803882746694931,2
2023-08-10,0.0,23826.0,0.0009657982232589291,0.22658520158492418,0.5052271129289517,0.365906157256938,2
2023-08-11,0.0,23837.0,0.0005035458123252567,-0.03385852030477559,0.47948320634075203,0.22281234301798822,2
2023-08-14,0.0,23848.0,0.0013847221229479345,0.4860816840208673,0.45564617754541475,0.47086393078314104,2
2023-08-15,0.0,23881.0,0.003313552934276487,1.5657856759902886,0.43182676053530994,0.9988062182627993,2
2023-08-16,0.0,23918.0,0.003644059405388589,1.6914333454386825,0.4096422234988855,1.050537784468784,2
2023-08-17,0.0,23951.0,0.0052326552615404864,2.416952727074339,0.3856434071898483,1.4012980671320938,2
2023-08-18,0.0,23946.0,0.004562299942060477,1.9557865221876327,0.3706291995091261,1.1632078608483793,2
2023-08-21,0.0,23897.0,0.002052571670470016,0.6483726014454855,0.3412858419484776,0.4948292216969815,2
2023-08-22,0.0,23886.0,0.00020934955171014735,-0.28804024325910405,0.32212673478733633,0.017043245764116144,2
2023-08-23,0.0,23898.0,-0.0008365401190530974,-0.8059412500020574,0.2973180771889518,-0.2543115864065528,2
2023-08-24,0.0,23954.0,0.00012524788660606134,-0.3010124672629123,0.274161412416951,-0.013425527422980643,2
2023-08-25,0.0,23942.0,-0.00016705646547343633,-0.43981485124626585,0.2428628551299539,-0.09847599805815598,2
2023-08-28,0.0,23960.0,0.0026328452010080383,0.9648182612046854,0.20488153490786368,0.5848498980562745,2
2023-08-29,0.0,23963.0,0.0032184608441969687,1.2237429194713274,0.16821355830311574,0.6959782388872215,2
2023-08-30,0.0,23978.0,0.003341969857899585,1.2427248987980812,0.11611371497999534,0.6794193068890383,2
2023-08-31,0.0,23977.0,0.0009597129943177407,0.0402184411679938,-0.1290994448721599,-0.04444050185208305,2
2023-09-01,,23977.0,0.0014607986904540127,0.27815533519409263,,0.27815533519409263,1
2023-09-04,,23977.0,0.000709264272384047,-0.1031336396969544,,-0.1031336396969544,1
2023-09-05,0.0,23959.0,-0.00016693794120925531,-0.5523566904284145,-0.13130643285827673,-0.3418315616433456,2
2023-09-06,0.0,23991.0,0.0005420167323997305,-0.20424093309040414,-0.13130643285827673,-0.16777368297434042,2
2023-09-07,0.0,23979.0,8.340979235832435e-05,-0.4423532135578617,-0.13130643285827673,-0.2868298232080692,2
2023-09-08,,23993.0,0.0006670836186515317,-0.15367040844863472,,-0.15367040844863472,1
2023-09-11,,24005.0,0.0011671044632706185,0.09073471978326307,,0.09073471978326307,1
2023-09-12,0.0,23981.0,0.0009178139985142053,-0.037812954476858396,-0.13363062095473985,-0.08572178771579912,2
2023-09-13,0.0,23995.0,0.0001667152923463533,-0.41326947452917145,-0.13363062095473985,-0.27345004774195564,2
2023-09-14,0.0,24013.0,0.0014169030541868466,0.22344782064818622,-0.13363062095473985,0.044908599846723185,2
2023-09-15,0.0,24036.0,0.0017905853333974875,0.40604594191113336,-0.13363062095473985,0.13620766047819677,2
2023-09-18,0.0,24046.0,0.0017065205698134633,0.37075487477109154,-0.13363062095473985,0.11856212690817584,2
2023-09-19,0.0,24060.0,0.0032888603987970555,1.1563953498681716,-0.13363062095473985,0.5113823644567159,2
2023-09-20,0.0,24079.0,0.003494616028888231,1.2270498095292126,-0.13363062095473985,0.5467095942872364,2
2023-09-21,-10000.0,24063.0,0.0020800406867191867,0.5200635011851276,7.3496841525916,3.9348738268883636,2
2023-09-22,-10000.0,24060.0,0.0009980040748516217,-0.005936082978654304,5.149549217441939,2.571806567231642,2
2023-09-25,-10000.0,24076.0,0.0012468311328071024,0.1269922863063328,4.165476020359541,2.1462341533329368,2
2023-09-26,-20000.0,24084.0,0.00099700905566813,0.0075952032457437275,5.535260657715371,2.7714279304805576,2
2023-09-27,-20000.0,24088.0,0.0003736998403365277,-0.2929791000287765,4.370036867375627,2.0385288836734254,2
2023-09-28,-19999.8,24088.0,0.0010384001265357767,0.05160590294768258,3.705102342605996,1.8783541227768394,2
2023-09-29,-3800.0,24089.0,0.0012045942182261626,0.13767222979044308,0.42776008518189895,0.282716157486171,2
2023-10-02,-6900.0,24059.0,-0.0007063467625147979,-0.8224930488487942,1.0181526899359115,0.09782982054355865,2
2023-10-03,-10000.0,24065.0,-0.0007892168471297367,-0.8633398771535845,1.5662633001986457,0.3514617115225306,2
2023-10-04,-10000.0,24085.0,-0.00012455109724918145,-0.5476603377486446,1.501189349107403,0.4767645056793792,2
2023-10-05,-9999.9,24084.0,-0.00016607157723136368,-0.6120309128257863,1.44080419916836,0.4143866431712869,2
2023-10-06,-9999.9,24074.0,-0.0006228848072158399,-0.9631099505626931,1.3845161992149875,0.21070312432614718,2
2023-10-09,-4999.9,24069.0,0.00041555851661989607,-0.4589034920800065,0.44352213105459903,-0.007690680512703746,2
2023-10-10,-9999.8,24063.0,-8.311170217467634e-05,-0.8539227304932812,1.3164375662739927,0.23125741789035575,2
2023-10-11,-10000.0,24065.0,-0.0008307373271119189,-1.447213738617345,1.2676894437445743,-0.08976214743638533,2
2023-10-12,-19999.9,24067.0,-0.0007061120519349373,-1.3753270799539847,2.7868121880407033,0.7057425540433593,2
2023-10-13,-20000.0,24077.0,0.00012460800414793027,-0.7780733420636865,2.5632347383439953,0.8925806981401544,2
2023-10-16,-19999.7,24089.0,0.000830599325130521,-0.26405105475205265,2.3794309903454054,1.0576899677966765,2
2023-10-17,-17950.0,24093.0,0.001245950821537889,0.0387384873244038,1.9594780457963454,0.9991082665603747,2
2023-10-18,-12050.0,24096.0,0.0012873488624105534,0.07398726564958535,1.0707482430114834,0.5723677543305343,2
2023-10-19,5750.0,24100.0,0.0013702329463427532,0.11970565217752792,-1.4386798950126947,-0.6594871214175834,2
2023-10-20,8350.0,24110.0,0.0013696642313885121,0.10828377077627892,-1.7396050257725824,-0.8156606274981517,2
2023-10-23,9150.0,24090.0,4.151186202072665e-05,-0.8399446935718675,-1.7785408476604418,-1.3092427706161547,2
2023-10-24,19150.0,24097.0,0.00016600954593037898,-0.75667408651149,-2.8396845675811946,-1.7981793270463422,2
2023-10-25,19400.0,24087.0,-0.0003735757468259493,-1.1137132309202422,-2.6438955671180673,-1.8788043990191547,2
2023-10-26,11749.8,24095.0,-0.00020749040431411458,-0.9633976755005826,-1.6909080607288172,-1.3271528681147,2
2023-10-27,-11199.9,24107.0,-0.00012443743923817863,-0.8764102511673701,0.8681490225177276,-0.004130614324821258,2
2023-10-30,-13100.0,24097.0,0.0002905347935850955,-0.553433340167546,1.0455796163573896,0.24607313809492182,2
2023-10-31,-1950.0,24087.0,-0.0004150755497089875,-1.0326729690070342,-0.19699191641832137,-0.6148324427126778,2
2023-11-01,2300.0,24089.0,8.302889410316538e-05,-0.647623280591867,-0.6633888754288649,-0.655506078010366,2
2023-11-02,1449.9,24099.0,0.00016599576748888012,-0.5759245086251313,-0.5654116442787849,-0.570668076451958,2
2023-11-03,0.0,24084.0,-0.0009545351516404565,-1.3505811930871257,-0.40480537122996835,-0.877693282158547,2
2023-11-06,0.0,24064.0,-0.0013704036529365027,-1.5811330729994217,-0.40480537122996835,-0.9929692221146951,2
2023-11-07,4999.8,24014.0,-0.0030352822621306785,-2.5787009505164407,-0.9423460573780666,-1.7605235039472538,2
2023-11-08,5000.0,23985.0,-0.004326669810732042,-3.1610965309477,-0.9264268163023663,-2.043761673625033,2
2023-11-09,19999.9,24002.0,-0.004033185650534676,-2.8813654971815432,-2.392473626900656,-2.6369195620410997,2
2023-11-10,20000.0,24014.0,-0.002910725993675811,-2.131353647457718,-2.245100827013511,-2.1882272372356146,2
2023-11-13,19999.7,24015.0,-0.002038312650642027,-1.5061940099549576,-2.117589755843223,-1.8118918828990902,2
2023-11-14,17950.0,24020.0,0.000249823043311892,-0.03526854361419518,-1.8345032464249353,-0.9348858950195653,2
2023-11-15,12050.0,24016.0,0.0012916399370777043,0.6127329912969347,-1.2562059060325586,-0.3217364573678119,2
2023-11-16,4250.0,23971.0,-0.0012923938179767447,-1.0267893025661896,-0.5440314915116701,-0.7854103970389299,2
2023-11-17,1650.0,23972.0,-0.0017505110125863865,-1.2847102530254728,-0.30710930266234837,-0.7959097778439106,2
2023-11-20,850.0,23954.0,-0.002543310591471837,-1.7174825993909584,-0.2337023041586538,-0.9755924517748061,2
2023-11-21,850.0,23915.0,-0.004380939519577964,-2.6910872310568124,-0.23227414351763628,-1.4616806872872243,2
2023-11-22,600.0,23885.0,-0.005469628049180386,-3.085285495680955,-0.20879255937293414,-1.6470390275269444,2
2023-11-23,8250.0,23915.0,-0.002338889259013044,-1.2516556614003527,-0.8772165522020845,-1.0644361068012187,2
2023-11-24,14999.9,23927.0,-0.0018789541843986513,-0.9592202473215713,-1.4391902866774346,-1.199205266999503,2
2023-11-27,20000.0,23947.0,-0.00029226947453508956,-0.05391577659894486,-1.8097541819783955,-0.9318349792886702,2
2023-11-28,11950.0,23930.0,0.0006270247880220126,0.45800791311914724,-1.083955745466811,-0.31297391617383186,2
2023-11-29,7700.0,23913.0,0.0011715972719716916,0.7570405812682125,-0.7056040715320322,0.02571825486809015,2
2023-11-30,8550.0,23891.0,-0.0010040581523771408,-0.4567148821062884,-0.7615319986118354,-0.609123440359062,2
2023-12-01,9999.9,23923.0,-0.00016718913309610173,0.021461665964207784,-0.8712192364873087,-0.4248787852615505,2
2023-12-04,4999.9,23939.0,-0.0003341268877914416,-0.05875727747253253,-0.4419875513836227,-0.2503724144280776,2
2023-12-05,5000.0,23926.0,-0.00016716817157025332,0.04614963944365586,-0.4341608827267831,-0.19400562164156362,2
2023-12-06,5000.0,23951.0,0.001587832524812427,1.0208959845869818,-0.4263740833546357,0.2972609506161731,2
2023-12-07,0.0,23959.0,0.0028422171693396336,1.6840669006553675,1.5511398791373202e-17,0.8420334503276837,2
2023-12-08,0.0,23951.0,0.001169737360264378,0.7684461840274859,1.5511398791373202e-17,0.38422309201374294,2
2023-12-11,0.0,23932.0,-0.0002924526352039436,-0.02687590843758028,1.5511398791373202e-17,-0.013437954218790134,2
2023-12-12,0.0,23941.0,0.0006267366031309507,0.5317377432457905,1.5511398791373202e-17,0.26586887162289524,2
2023-12-13,0.0,23954.0,0.00012524788660606134,0.285071823052651,1.5511398791373202e-17,0.1425359115263255,2
2023-12-14,0.0,23945.0,-0.0005845023546502404,-0.12038569133127497,0.014302359735274266,-0.05304166579800035,2
2023-12-15,0.0,23882.0,-0.0028850395275163976,-1.4818401686223897,0.028794022466589072,-0.7265230730779003,2
2023-12-18,0.0,23883.0,-0.002049566753234089,-0.9405980144486027,0.04348999289086263,-0.44855401077887,2
2023-12-19,0.0,23914.0,-0.0011284088544538662,-0.35870041850715517,0.07455140024249873,-0.14207450913232822,2
2023-12-20,0.0,23938.0,-0.0006681700741371088,-0.06541026232636246,0.1076334998564326,0.02111161876503507,2
2023-12-21,0.0,23920.0,-0.001044604712141961,-0.2781088895766249,0.1431454055926013,-0.06748174199201179,2
2023-12-22,0.0,23915.0,0.0013808400210670868,1.223473763529525,0.14949054099615572,0.6864821522628404,2
2023-12-25,0.0,23895.0,0.000502323255570758,0.6641540226488205,0.16136459360365185,0.4127593081262362,2
2023-12-26,0.0,23870.0,-0.0018416211466494303,-0.7680341343668442,0.17929858841708105,-0.2943677729748816,2
2023-12-27,0.0,23885.0,-0.002216507609253071,-0.9696178146027644,0.19770024733858188,-0.38595878363209124,2
2023-12-28,0.0,23904.0,-0.0006691201320236928,-0.02116186535445021,0.21661016204132386,0.09772414834343682,2
2023-12-29,4551.36,23866.0,-0.0020510251847962735,-0.8444449386168517,-0.21449952152599838,-0.529472230071425,2
2024-01-01,,23866.0,-0.00121438008265784,-0.32161004765607565,,-0.32161004765607565,1
2024-01-02,0.0,23848.0,-0.0009220839749684018,-0.1355334747813836,0.2761241441792465,0.07029533469893146,2
2024-01-03,0.0,23886.0,4.1866404309587324e-05,0.4415453724261545,0.2975197045528605,0.3695325384895075,2
2024-01-04,0.0,23915.0,0.00046006818185340137,0.6810962833115574,0.34962258023878445,0.5153594317751709,2
2024-01-05,-4550.32,23932.0,0.002761623580321171,1.98078740795228,0.9174400585014176,1.4491137332268489,2
2024-01-08,0.0,23933.0,0.0028034077650147537,1.9330587166926874,0.46623850292612307,1.1996486098094052,2
2024-01-09,0.0,23931.0,0.00347433322133206,2.2159813233228265,0.5362625524505594,1.376121937886693,2
2024-01-10,0.0,23928.0,0.0017568080814118758,1.2599921265684404,0.5841663811920554,0.9220792538802479,2
2024-01-11,0.0,23948.0,0.001378935930846481,1.052853874477062,0.569585168967052,0.811219521722057,2
2024-01-12,-1.04,23976.0,0.0018368544865765557,1.2928176480715698,0.5507073017272607,0.9217624748994153,2
2024-01-15,0.0,23992.0,0.002462181734228963,1.577964461061853,0.530560438075401,1.054262449568627,2
2024-01-16,0.0,23987.0,0.0023373273297906394,1.4657287276434592,0.5046854266781424,0.9852070771608008,2
2024-01-17,0.0,24017.0,0.0037125916039801865,2.0699474179178914,0.47869696862514105,1.2743221932715163,2
2024-01-18,0.0,24041.0,0.0038758930765254718,2.0407103249608873,0.4549764092904087,1.2478433671256481,2
2024-01-19,0.0,24037.0,0.002540979852163616,1.3487866795269212,0.5017866037016819,0.9252866416143015,2
2024-01-22,0.0,24031.0,0.0016242220841604649,0.8939568703638001,0.5664216774562738,0.730189273910037,2
2024-01-23,0.0,24030.0,0.001791032821483185,0.9483838051561014,0.5740473145316016,0.7612155598438515,2
2024-01-24,0.0,24030.0,0.0005411368167500541,0.35489223431826694,0.5663121286101737,0.4606021814642203,2
2024-01-25,0.0,24031.0,-0.00041604260876404453,-0.09163793241055998,0.5613126868898363,0.23483737723963816,2
2024-01-26,0.0,24036.0,-4.160339484293729e-05,0.07776093115767951,0.5613126868898363,0.3195368090237579,2
2024-01-29,0.0,24036.0,0.0002080429408142237,0.18356098850405786,0.5613126868898363,0.3724368376969471,2
2024-01-30,,24023.0,-0.0002913449753183528,-0.07542415523950935,,-0.07542415523950935,1
2024-01-31,0.0,23991.0,-0.0016242897305147608,-0.7609486048584796,0.5375867630549663,-0.11168092090175663,2
2024-02-01,0.0,23960.0,-0.0029588902836188424,-1.4538430737036834,0.5149894631641763,-0.46942680526975356,2
2024-02-02,0.0,23959.0,-0.003208670322459639,-1.5711135468826058,0.4937449352421358,-0.5386843058202351,2
2024-02-05,0.0,23954.0,-0.00341738194636676,-1.639021170279127,0.4749139342808219,-0.5820536179991526,2
2024-02-06,,23964.0,-0.0024590005513793756,-1.1309176092389155,,-1.1309176092389155,1
2024-02-07,0.0,23956.0,-0.0014599456156467738,-0.6209187119833162,0.43121761468684905,-0.09485054864823356,2
2024-02-08,,23956.0,-0.0001669588450337045,0.0022902630883034473,,0.0022902630883034473,1
2024-02-09,,23956.0,-0.0001252217470071315,0.009522108231892189,,0.009522108231892189,1
2024-02-12,,23956.0,8.348987689998921e-05,0.09191823154917093,,0.09191823154917093,1
2024-02-13,,,,,,,0
2024-02-14,,,,,,,0
2024-02-15,,23976.0,0.0008345156121460917,0.39864622247237586,,0.39864622247237586,1
2024-02-16,,23971.0,0.0006259519890576826,0.2608849790901537,,0.2608849790901537,1
2024-02-19,0.0,23979.0,0.0009596329097760758,0.43646439204315896,0.35709967499932266,0.3967820335212408,2
2024-02-20,5091.04,23988.0,,,-1.6003227743227504,-1.6003227743227504,1
2024-02-21,946.47,23993.0,,,-0.06415632096179297,-0.06415632096179297,1
2024-02-22,0.0,23981.0,0.0002085201333752451,0.015214405795848675,0.2903498157822112,0.15278211078902992,2
2024-02-23,0.0,23996.0,0.00104238339957341,0.46731782705830976,0.2540675615520752,0.36069269430519246,2
2024-02-26,0.0,24004.0,0.0010420358152742892,0.4529583243463153,0.2111307222076995,0.3320445232770074,2
2024-02-27,-5091.04,24014.0,0.001083288302263341,0.46276661476952174,3.3509853644723626,1.9068759896209422,2
2024-02-28,-946.47,24003.0,0.0004167013978122469,0.10483143065214218,0.6795641822886227,0.39219780647038244,2
2024-02-29,0.0,24002.0,0.0008753100615130904,0.3874960344622454,1.599889121789469e-16,0.19374801723112278,2
2024-03-01,0.0,24002.0,0.0002500104184033347,0.04146722126322206,1.599889121789469e-16,0.02073361063161111,2
2024-03-04,0.0,24004.0,0.0,-0.10410450996347576,1.599889121789469e-16,-0.052052254981737794,2
2024-03-05,0.0,24012.0,-8.328821892966687e-05,-0.1444408584339977,1.599889121789469e-16,-0.07222042921699877,2
2024-03-06,0.0,24017.0,0.0005830903955299505,0.23106265199016898,1.599889121789469e-16,0.11553132599508457,2
2024-03-07,0.0,24017.0,0.0006247527223770533,0.24280265610076454,1.599889121789469e-16,0.12140132805038235,2
2024-03-08,0.0,23996.0,-0.0002500104184033347,-0.29191402375061415,1.599889121789469e-16,-0.145957011875307,2
2024-03-11,-14999.8,23972.0,-0.0013340005313260406,-0.9448479708520967,5.792686628108635,2.423919328628269,2
2024-03-12,-14999.7,23955.0,-0.0023766350545102455,-1.525711621645593,4.390683245116305,1.432485811735356,2
2024-03-13,-14999.7,23957.0,-0.002501356204774652,-1.5479832118207415,3.654162057581673,1.0530894228804657,2
2024-03-14,-14999.7,23967.0,-0.0020840287636119115,-1.2847012629943841,3.1795310914540793,0.9474149142298476,2
2024-03-15,-15000.0,23979.0,-0.0007087024788550167,-0.48617340867834064,2.8395976626524972,1.1767121269870784,2
2024-03-18,-14999.9,23994.0,0.0009173164967961611,0.43123496541677,2.5796047262955444,1.5054198458561572,2
2024-03-19,-10000.0,23992.0,0.0015433711116212834,0.7566107771023185,1.5269515914685576,1.141781184285438,2
2024-03-20,-15000.0,23999.0,0.0017516060863478344,0.8445862937159905,2.2911814807593576,1.5678838872376741,2
2024-03-21,-15000.0,24005.0,0.001584257814888801,0.7233793364955075,2.132341472179503,1.4278604043375052,2
2024-03-22,-14700.0,24003.0,0.0010003752241054542,0.3618458020753377,1.9631699844970567,1.1625078932861972,2
2024-03-25,-7200.0,24015.0,0.000874836024051362,0.26856007777078106,0.6960539362572504,0.48230700701401574,2
2024-03-26,-3700.0,23994.0,8.335764602840356e-05,-0.2097432336797837,0.09454219678835071,-0.057600518445716495,2
2024-03-27,-8700.0,23998.0,-4.166927100257567e-05,-0.2828982925896778,0.9051222049532507,0.31111195618178644,2
2024-03-28,-4600.0,24003.0,-8.331944680683989e-05,-0.3015755675363747,0.20192976720183342,-0.049822900167270645,2
2024-03-29,-2300.0,24003.0,0.0,-0.22699359552431522,-0.1779992329523821,-0.20249641423834866,2
2024-04-01,-500.0,24004.0,-0.0004581519895214825,-0.47650266396667074,-0.48323817791624885,-0.4798704209414598,2
2024-04-02,5952.27,24005.0,0.0004583428901678843,0.12319574880118239,-1.519271336766648,-0.6980377939827328,2
2024-04-03,2213.26,24020.0,0.0009163231096405156,0.4268421986535916,-0.8901586316315128,-0.2316582164889606,2
2024-04-04,-200.0,24038.0,0.0014570889945009213,0.7716324972398281,-0.49461116893564777,0.13851066415209015,2
2024-04-05,-600.0,24038.0,0.0014570889945009213,0.7790585087989801,-0.43122884860336347,0.1739148300978083,2
2024-04-08,11799.8,24038.0,0.0014154284033320863,0.7747412607564238,-2.3035374695725785,-0.7643981044080774,2
2024-04-09,5197.43,24037.0,0.001332167883621338,0.7415733238713056,-1.2421669482514663,-0.2502968121900804,2
2024-04-10,8486.44,24036.0,0.0006658898198441676,0.3557444066730144,-1.6751946190839369,-0.6597251062054612,2
2024-04-11,9399.7,24046.0,0.0003327510221193819,0.17992383250834712,-1.7316345707640193,-0.775855369127836,2
2024-04-12,16399.99,24082.0,0.001828761939430379,1.317575033995463,-2.522535875822668,-0.6024804209136025,2
2024-04-15,24199.8,24096.0,0.0024099400868848875,1.7175673857068345,-3.143728210680547,-0.7130804124868563,2
2024-04-16,21449.93,24141.0,0.004317329965580541,2.8902397599211866,-2.5683190676776784,0.16096034612175414,2
2024-04-17,15171.97,24231.0,0.008080098656586543,4.352857793515181,-1.767903461904714,1.2924771658052334,2
2024-04-18,,24231.0,0.00766414257555148,3.544468103853452,,3.544468103853452,1
2024-04-19,3641.31,24260.0,0.007364230045876496,3.0367403355390654,-0.49732700120506457,1.2697066671670005,2
2024-04-22,212.6,24272.0,0.007277570988694748,2.7317216344064774,-0.1272167104246982,1.3022524619908895,2
2024-04-23,25550.06,24275.0,0.005535374345283728,1.903659822950587,-2.624620224075537,-0.360480200562475,2
2024-04-24,26678.7,24274.0,0.001773013555901315,0.3766918623366815,-2.507630767639099,-1.0654694526512087,2
2024-04-25,29199.99,24264.0,0.0013609652580122145,0.18348318882250364,-2.512116769318369,-1.1643167902479326,2
2024-04-26,18400.65,24246.0,-0.0005772481915133909,-0.6494790144462032,-1.49495971201158,-1.0722193632288917,2
2024-04-29,,24246.0,-0.0010717672817861512,-0.8979978006221104,,-0.8979978006221104,1
2024-04-30,,24246.0,-0.0011953588529980408,-0.9731770010772133,,-0.9731770010772133,1
2024-05-01,,24246.0,-0.0011541633597786927,-0.9599231085516875,,-0.9599231085516875,1
2024-05-02,-1341.43,24242.0,-0.0009071043379602628,-0.8422571074603424,0.1993841556058588,-0.32143647592724184,2
2024-05-03,-4000.0,24241.0,-0.00020624084879372617,-0.5350122809253915,0.42068480139779996,-0.057163739763795796,2
2024-05-06,,24245.0,-4.124476707545455e-05,-0.4617235234895653,,-0.4617235234895653,1
2024-05-07,-37611.41,24243.0,-0.00012373940497134583,-0.4923691679717116,2.970045103298406,1.2388379676633472,2
2024-05-08,-24371.19,24249.0,0.0001237240954257146,-0.37976537596166793,1.8461646589674718,0.733199641502902,2
2024-05-09,-24630.27,24265.0,0.0009483168088593175,-0.015168549791459445,1.7910836436342437,0.8879575469213921,2
2024-05-10,-18291.95,24271.0,0.0012368075455242433,0.10804248064542765,1.2834843467603763,0.695763413702902,2
2024-05-13,2859.92,24266.0,0.0008657830723652893,-0.05570558621493337,-0.2886986734796959,-0.17220212984731464,2
2024-05-14,1257.63,24269.0,0.001071899838779089,0.035360351264050294,-0.17486185989885863,-0.06975075431740417,2
2024-05-15,5911.69,24269.0,0.0008244363383820286,-0.07466571742615921,-0.5141068312616225,-0.29438627434389086,2
2024-05-16,-1480.06,24240.0,-0.001030821656065939,-0.8966662029997619,0.03399688349659004,-0.4313346597515859,2
2024-05-17,1260.5,24239.0,-0.0013193157963957702,-0.9996382818460693,-0.16822662975221825,-0.5839324557991438,2
2024-05-20,1341.21,24247.0,-0.0007832952392732295,-0.7443360197845091,-0.1723783387812482,-0.45835717928287867,2
2024-05-21,1391.25,24251.0,-0.0007419621115314357,-0.7095408649580944,-0.16743690049463442,-0.43848888272636444,2
2024-05-22,22958.82,24254.0,-0.0006182635235987277,-0.645359441307197,-1.692836539932811,-1.169097990620004,2
2024-05-23,42665.46,24258.0,0.0007422986855747382,-0.04713831587758711,-2.823697732917261,-1.435418024397424,2
2024-05-24,30808.53,24264.0,0.0010308641615548453,0.07385908860663289,-1.9241545493196242,-0.9251477303564957,2
2024-05-27,6206.04,24268.0,0.0008657116896433337,-0.005019917997251253,-0.333103333697076,-0.16906162584716364,2
2024-05-28,-4420.16,24256.0,0.00020615581329330723,-0.2974111771211857,0.3445803013814362,0.023584562130125247,2
2024-05-29,-27040.36,24253.0,-4.1231162517973985e-05,-0.40120672432289883,1.7161380908691126,0.657465683273107,2
2024-05-30,-2800.0,24258.0,0.0,-0.37807874795292534,0.1998154009563336,-0.08913167349829587,2
2024-05-31,-11650.0,24261.0,-0.00012364760448591028,-0.43347839710721053,0.735037745578373,0.15077967423558122,2
2024-06-03,,24261.0,-0.00028848729825625696,-0.5165170341654121,,-0.5165170341654121,1
2024-06-04,1050.0,24246.0,-0.00041235413556961475,-0.5946242197515583,-0.017581460031420644,-0.3061028398914895,2
2024-06-05,2340.0,24241.0,-0.0004949065964847676,-0.6576667628185643,-0.0789517811737672,-0.36830927199616575,2
2024-06-06,-43313.69,24241.0,-0.0007010454110911724,-0.7711062980441331,2.610025364207759,0.9194595330818129,2
2024-06-07,-27470.82,24241.0,-0.0008247083061974081,-0.8266815437955586,1.6248546833509894,0.3990865697777154,2
2024-06-10,-6735.7,24242.0,-0.0007834567334743525,-0.7903018929802044,0.4246780614077673,-0.18281191578621853,2
2024-06-11,-1237.41,24250.0,0.00016496205910065953,-0.34463869165809574,0.11136705779472629,-0.11663581693168473,2
2024-06-12,-3509.63,24254.0,0.0005361377590027416,-0.16533940659793872,0.25995167489863924,0.04730613415035026,2
2024-06-13,-1449.3,24245.0,0.00016499608171827163,-0.3248074219157859,0.15366803596817807,-0.0855696929738039,2
2024-06-14,3783.47,24249.0,0.0003299649442194408,-0.24385054344684454,-0.14071686061893937,-0.19228370203289197,2
2024-06-17,-2744.57,24259.0,0.0007010165025942428,-0.07230971619340587,0.25950287446643483,0.09359657913651448,2
2024-06-18,-6179.89,24259.0,0.0003710651674229126,-0.2260046905306492,0.4643350611783832,0.119165185323867,2
2024-06-19,-5800.0,24257.0,0.000123683288483889,-0.3409832826879095,0.44537832393114307,0.05219752062161678,2
2024-06-20,-7350.7,24255.0,0.0004123711398644758,-0.21247140862929642,0.5355355415183854,0.16153206644454451,2
2024-06-21,-11031.68,24256.0,0.00028863004014390015,-0.2717849937709103,0.7449605172960015,0.23658776176254562,2
2024-06-24,-9950.0,24262.0,0.00012365779781298158,-0.3529337776856793,0.6664667024813812,0.15676646239785094,2
2024-06-25,-21300.0,24253.0,-0.0002473614788325307,-0.5175857786644609,1.2966927120150817,0.38955346667531043,2
2024-06-26,1071.57,24258.0,4.1224363604541736e-05,-0.3775878541752983,-0.025903008822630812,-0.20174543149896454,2
2024-06-27,2699.99,24264.0,0.0003709886891005709,-0.21773036651829586,-0.11890498999731847,-0.16831767825780716,2
2024-06-28,30149.99,24260.0,0.00016489405594377615,-0.30255695496899054,-1.660743030109277,-0.9816499925391338,2
2024-07-01,390.0,24252.0,-0.00041225213924356297,-0.5527852221623616,0.03777488285257452,-0.25750516965489356,2
2024-07-02,-6096.0,24253.0,0.0,-0.3532525633820153,0.3994352416536234,0.023091339135804023,2
2024-07-03,-9754.41,24258.0,0.0,-0.3478069428907341,0.5899059155993043,0.12104948635428509,2
2024-07-04,-5572.43,24251.0,-0.0005359167396132847,-0.5851394860345766,0.33381361145451277,-0.1256629372900319,2
2024-07-05,-50.0,24246.0,-0.0005772481915133909,-0.5852093261247974,-0.001971407120627641,-0.2935903666227125,2
2024-07-08,15709.95,24243.0,-0.0003711722900643366,-0.47153963366245644,-0.9371689259234801,-0.7043542797929683,2
2024-07-09,30195.99,24242.0,-0.00045365502376171207,-0.4838004965805014,-1.7529898998002797,-1.1183951981903906,2
2024-07-10,13442.74,24247.0,-0.00045356149628084097,-0.4692766595711412,-0.7860384173996784,-0.6276575384854097,2
2024-07-11,14622.43,24253.0,8.246742541473395e-05,-0.13863418670044328,-0.8411254764089818,-0.48987983155471254,2
2024-07-12,-19397.59,24248.0,8.248443111114057e-05,-0.07838330174756496,1.1002952043701042,0.5109559513112696,2
2024-07-15,1999.95,24245.0,8.249463789589129e-05,0.013755543082028221,-0.12818780996273213,-0.05721613344035195,2
2024-07-16,6695.67,24245.0,0.00012374450899521605,0.21382980049359143,-0.4260671455214699,-0.10611867251393924,2
2024-07-17,11023.58,24256.0,0.00037111106955300954,0.6513125646725405,-0.7104445323329511,-0.02956598383020531,2
2024-07-18,-12085.31,24251.0,-8.246742541473395e-05,-0.02252674421854755,0.6440076361163416,0.31074044594889705,2
2024-07-19,5468.27,24246.0,-8.248443111114057e-05,-0.0362654912496795,-0.45504753751879845,-0.24565651438423897,2
2024-07-22,7088.98,24261.0,0.0006597122244791365,1.1528563202430406,-0.5494831680741525,0.30168657608444405,2
2024-07-23,4717.42,24264.0,0.0007833598289650467,1.3279163299467924,-0.39689572071354323,0.46551030461662457,2
2024-07-24,3876.51,24264.0,0.00032976092631997744,0.5323475824689496,-0.3405451097053175,0.09590123638181608,2
2024-07-25,10835.31,24265.0,0.0005771292105123393,0.9375260887081215,-0.7657934705465197,0.0858663090808009,2
2024-07-26,15672.36,24249.0,0.0001237240954257146,0.12022503237893747,-1.0404754991558418,-0.4601252333884522,2
2024-07-29,-11627.4,24252.0,-0.00037103457231069115,-0.7493731117608698,0.6624338790243881,-0.04346961636824087,2
2024-07-30,-20249.66,24257.0,-0.00028853486319668775,-0.5966129515333758,1.2667988339262581,0.3350929411964412,2
2024-07-31,-12447.15,24255.0,-0.0003709886891005709,-0.7249361094653051,0.7835880625254132,0.029325976530054088,2
2024-08-01,5700.0,24245.0,-0.0008245722998641014,-1.4782335509753868,-0.39225713607216334,-0.9352453435237751,2
2024-08-02,-7105.03,24242.0,-0.0002887133714963852,-0.5043009758136305,0.49227591242337093,-0.0060125316951298025,2
2024-08-05,9357.06,24241.0,-0.00045367373388671695,-0.7817347507855895,-0.6244627426864998,-0.7030987467360447,2
2024-08-06,3036.55,24240.0,-0.0007010743219701965,-1.2216250606483883,-0.19129395318425169,-0.70645950691632,2
2024-08-07,2496.54,24250.0,-0.00020616431368836174,-0.24165782426933477,-0.15859576812892648,-0.20012679619913062,2
2024-08-08,-699.81,24262.0,0.0007009297914120083,1.5097953772080535,0.06048237694706799,0.7851388770775607,2
2024-08-09,-1088.01,24260.0,0.0007422374675840615,1.5798983032674312,0.08426309416768658,0.8320806987175589,2
2024-08-12,-3918.55,24256.0,0.0006185949843633409,1.2850901705660824,0.27123277858841516,0.7781614745772488,2
2024-08-13,10713.72,24256.0,0.0006598482588469068,1.3300802153073203,-0.7130600823700417,0.3085100664686393,2
2024-08-14,-705.48,24260.0,0.0004122861324127314,0.7827806161152011,0.03605866534019916,0.40941964072770015,2
2024-08-15,8543.86,24254.0,-0.0003297881141275383,-0.7643838056633725,-0.699600414132505,-0.7319921098979387,2
2024-08-16,13624.74,24254.0,-0.00024735128130437545,-0.5628515663793835,-1.14873550111339,-0.8557935337463867,2
2024-08-19,-1105.46,24261.0,0.00020611332183406716,0.49171929096989936,-0.005795615079645354,0.242961837945127,2
2024-08-20,1964.92,24251.0,-0.00020615581329330723,-0.44440783144239104,-0.23826313999658374,-0.3413354857194874,2
2024-08-21,1889.13,24246.0,-0.0005772481915133909,-1.263166840863125,-0.20123416936354713,-0.732200505113336,2
2024-08-22,-2802.41,24245.0,-0.00037114167728447,-0.7755894768431606,0.18100502113438546,-0.2972922278543876,2
2024-08-23,1325.46,24250.0,-0.00016493485110835593,-0.306651864291742,-0.13836161731659533,-0.22250674080416866,2
2024-08-26,9136.06,24254.0,-0.00028857054719466646,-0.5866824980300395,-0.7688525264479079,-0.6777675122389737,2
2024-08-27,16611.14,24224.0,-0.0011139763916290235,-2.32854894459315,-1.3417346695696546,-1.8351418070814023,2
2024-08-28,1235.43,24212.0,-0.0014032772949494898,-2.7495976191209235,-0.09704463494908872,-1.4233211270350061,2
2024-08-29,531.6,24221.0,-0.0009903850931269886,-1.867070990836484,0.021701558189418726,-0.9226847163235327,2
2024-08-30,-7850.0,24224.0,-0.0010727401284533755,-1.9944924479077775,0.8632307533876801,-0.5656308472600486,2
2024-09-02,,24224.0,-0.0012376749795617314,-2.243200718340604,,-2.243200718340604,1
2024-09-03,,24224.0,0.0,0.145946115223162,,0.145946115223162,1
2024-09-04,16875.2,24229.0,0.000701884795850205,1.4838512754616986,-1.4303150585881,0.02676810843679933,2
2024-09-05,6916.71,24222.0,4.128563466920809e-05,0.22293154683045277,-0.48226865705418365,-0.12966855511186542,2
2024-09-06,3999.8,24202.0,-0.0009086028791784884,-1.535180637270993,-0.20873258565161218,-0.8719566114613027,2
2024-09-09,-1980.6,24177.0,-0.001942109244554402,-3.159209463423162,0.35270441637556843,-1.4032525235237967,2
2024-09-10,-10650.12,24194.0,-0.0012392087173811461,-1.837388099951971,1.1497183004242972,-0.34383489976383685,2
2024-09-11,-13643.66,24212.0,-0.000701884795850205,-0.8892590843896253,1.3968807302925572,0.25381082295146595,2
2024-09-12,-7789.94,24187.0,-0.0014460123571478078,-2.0457424294154385,0.8582612602457539,-0.5937405845848422,2
2024-09-13,-3506.06,24172.0,-0.0012403358765471495,-1.6337537433546316,0.4818973689208168,-0.5759281872169074,2
2024-09-16,-3463.74,24137.0,-0.0016558351260211879,-2.174196679376302,0.4924261155862324,-0.8408852818950349,2
2024-09-17,-3815.44,24141.0,-0.002193028705551825,-2.762278919372438,0.5763244183201578,-1.0929772505261401,2
2024-09-18,0.0,24151.0,-0.00252259092064655,-2.9402653996079042,0.2031910838701009,-1.3685371578689016,2
2024-09-19,0.0,24167.0,-0.0008272325408658077,-0.6307361209038356,0.1985987479783615,-0.21606868646273703,2
2024-09-20,-42.67,24148.0,-0.0009933775651322918,-0.8283128674441201,0.1633727758460104,-0.33247004579905487,2
2024-09-23,987.57,24126.0,-0.00045583574127050497,-0.10047596011109934,0.05685261316415142,-0.02181167347347396,2
2024-09-24,22522.22,24146.0,0.00020709507809080208,0.7887453654994787,-2.0692789350644976,-0.6402667847825094,2
2024-09-25,14999.99,24134.0,-0.0007041524573860869,-0.4239981912981291,-1.2646324996898333,-0.8443153454939811,2
2024-09-26,7960.2,24105.0,-0.0025687783432584155,-2.7055834146733058,-0.5333886679445204,-1.6194860413089132,2
2024-09-27,19377.57,24118.0,-0.0012431112527799826,-1.0108422713880887,-1.616126190406787,-1.313484230897438,2
2024-09-30,3299.32,24093.0,-0.001368755268757127,-1.134440055920399,-0.04940068714941379,-0.5919203715349064,2
2024-10-01,-19795.19,24081.0,-0.0026955870926475,-2.5691426327172358,2.234983763177541,-0.16707943476984743,2
2024-10-02,-12734.72,24094.0,-0.0016587878067486628,-1.3185354476377429,1.4531244386914997,0.06729449552687838,2
2024-10-03,-7960.2,24115.0,0.00041476566334885945,1.0468779958562875,0.9336009804367864,0.990239488146537,2
2024-10-04,-19376.89,24133.0,0.0006217487920761045,1.2599691057741698,2.109738628521631,1.6848538671479003,2
2024-10-07,-4823.14,24153.0,0.002487254111517956,3.0534024412227763,0.5965877367058743,1.8249950889643252,2
2024-10-08,-3251.12,24168.0,0.0036062962668221843,3.6561768186648917,0.41817957174675013,2.0371781952058208,2
2024-10-09,-2265.27,24168.0,0.003066597239710589,2.8993992716859953,0.2959227899442651,1.5976610308151302,2
2024-10-10,0.0,24172.0,0.0023608849783780528,2.1729936398289675,0.08373259371186838,1.128363116770418,2
2024-10-11,-451.94,24175.0,0.0017388428658815513,1.6058860627218243,0.12086379917039142,0.8633749309461078,2
2024-10-14,0.0,24161.0,0.00033116695256474316,0.49197710090814845,0.06045394007203589,0.2762155204900922,2
2024-10-15,0.0,24177.0,0.00037232392611308285,0.5323147825124064,0.051915263023626396,0.2921150227680164,2
2024-10-16,0.0,24187.0,0.0007858546573391578,0.8537424050404375,0.04486493352537618,0.4493036692829069,2
2024-10-17,0.0,24199.0,0.0011163714954882664,1.1028979916252546,0.02527106945176415,0.5640845305385094,2
2024-10-18,-12300.0,24213.0,0.001570637670987196,1.4195658999769465,1.3089780348615336,1.36427196741924,2
2024-10-21,-21650.0,24228.0,0.0027692261801828266,2.212835540883824,2.2314412363128784,2.222138388598351,2
2024-10-22,-9450.0,24240.0,0.002602393190629826,1.981938903256809,0.9995500443891485,1.490744473822979,2
2024-10-23,-10785.35,24250.0,0.0026013186417817025,1.8853751841484552,1.1519972418131526,1.5186862129808039,2
2024-10-24,-250.0,24260.0,0.0025175935211034783,1.7444252909114801,-0.006323629629604973,0.8690508306409376,2
2024-10-25,499.92,24255.0,0.0017331026868347976,1.1737853184227716,-0.0743141513377303,0.5497355835425206,2
2024-10-28,9200.0,24252.0,0.0009900990907834029,0.6560088144426092,-1.0304178973512876,-0.18720454145433923,2
2024-10-29,8399.91,24252.0,0.0004949270083702828,0.31099401234097696,-0.9262273793739862,-0.3076166835165046,2
2024-10-30,-4514.65,24246.0,-0.00016496205910065953,-0.13242290162138493,0.4694346548435521,0.1685058766110836,2
2024-10-31,-12350.0,24243.0,-0.0007009875964847367,-0.4764614845244453,1.2823696496190693,0.402954082547312,2
2024-11-01,1100.08,24242.0,-0.0005361156488596919,-0.35186969975787347,-0.1579512360481383,-0.25491046790300587,2
2024-11-04,23599.97,24253.0,4.12328625980507e-05,0.042540079651165706,-2.393463767021257,-1.1754618436850455,2
2024-11-05,8000.04,24248.0,-0.0001649484539818502,-0.0870943134852869,-0.8128824452940139,-0.4499883793896504,2
2024-11-06,14699.99,24258.0,0.0004948045622974462,0.35656892299890525,-1.4437817364526744,-0.5436064067268845,2
2024-11-07,11700.0,24283.0,0.001648601123505955,1.1005255813608414,-1.1309102028728437,-0.015192310756001137,2
2024-11-08,7450.0,24278.0,0.0014839244272906171,0.9638565803649848,-0.7251237271630405,0.11936642660097213,2
2024-11-11,-14900.01,24263.0,0.0004122351447612971,0.2522510920166209,1.478636704356433,0.8654438981865269,2
2024-11-12,-2899.96,24267.0,0.0007832629484223474,0.4858884973536143,0.2819542149328438,0.38392135614322903,2
2024-11-13,19999.94,24288.0,0.0012359413265308206,0.7621139719556532,-1.891088227172287,-0.564487127608317,2
2024-11-14,9849.91,24290.0,0.00028822597115585324,0.13142054592399394,-0.8920634073670737,-0.3803214307215399,2
2024-11-15,18899.94,24298.0,0.0008234519569398913,0.4721399031899008,-1.6807737137519054,-0.6043169052810023,2
2024-11-18,17350.04,24288.0,0.0010298449963759282,0.5918934558440093,-1.500965386407794,-0.4545359652818924,2
2024-11-19,8650.01,24293.0,0.0010708403000219135,0.5964833129430346,-0.7286202389300003,-0.06606846299348285,2
2024-11-20,-13299.93,24285.0,-0.0001235254155105281,-0.204482989596431,1.2635690312899506,0.5295430208467597,2
2024-11-21,-14049.91,24290.0,0.0,-0.13418906342422549,1.2895257313619808,0.5776683339688776,2
2024-11-22,7000.06,24295.0,-0.00012347457468386835,-0.2283683862132739,-0.5821580876909506,-0.40526323695211225,2
2024-11-25,4699.91,24292.0,0.0001646768221092998,-0.05125456120271996,-0.3712818977500626,-0.2112682294763913,2
2024-11-26,5900.0,24295.0,8.232485392056788e-05,-0.10787023664442731,-0.47536865382208643,-0.2916194452332569,2
2024-11-27,1949.94,24295.0,0.0004116920601582308,0.11818248119120967,-0.13970780475925806,-0.0107626617840242,2
2024-11-28,-100.0,24271.0,-0.0007825209929599453,-0.6779601361907854,0.04048702113423739,-0.318736557528274,2
2024-11-29,-28480.0,24251.0,-0.001812714211199662,-1.3474849768605774,2.498293113247251,0.5754040681933368,2
2024-12-02,-11199.91,24240.0,-0.0021429168342148586,-1.5601194185673664,0.9504487774640956,-0.30483532055163537,2
2024-12-03,-14200.0,24260.0,-0.0014416643419625785,-1.0893477515396714,1.2016790105265849,0.056165629493456715,2
2024-12-04,-1949.94,24262.0,-0.0013592275091394157,-1.0213167571809754,0.15206881213809195,-0.4346239725214417,2
2024-12-05,-10225.0,24266.0,-0.0002060283914406824,-0.27758264029959256,0.8759672523091394,0.2991923060047734,2
2024-12-06,-2950.0,24255.0,0.00016492805051271375,-0.0467530883749028,0.23690702444633485,0.09507696803571603,2
2024-12-09,-11000.03,24248.0,0.0003299785543884326,0.04233455144929994,0.9277905019911145,0.4850625267202072,2
2024-12-10,-6350.01,24248.0,-0.0004947637604022503,-0.549902512216557,0.5169582302860003,-0.016472140965278326,2
2024-12-11,10799.93,24253.0,-0.00037101927664551226,-0.5047115153825691,-0.9561000260119102,-0.7304057706972397,2
2024-12-12,20250.0,24259.0,-0.0002885110787662626,-0.45383021722043065,-1.7008612229262303,-1.0773457200733305,2
2024-12-13,-7100.0,24264.0,0.0003709886891005709,0.00535781220939084,0.5951260943842308,0.3002419532968108,2
2024-12-16,-14279.97,24272.0,0.0009892828506750106,0.4378975858428882,1.1639418085079976,0.8009196971754429,2
2024-12-17,-13550.06,24270.0,0.0009068799830078689,0.3690468829792242,1.0765781124153877,0.7228124976973059,2
2024-12-18,-24799.93,24278.0,0.001030269403528905,0.43946763280491985,1.9416189196109117,1.1905432762079158,2
2024-12-19,-25675.0,24304.0,0.0018532633025021283,1.0205792594995156,1.915081145616461,1.4678302025579884,2
2024-12-20,6857.0,24324.0,0.0024697468715828563,1.4353135806133903,-0.7616421160007167,0.3368357323063368,2
2024-12-23,22200.0,24315.0,0.001770021249571485,0.8793510817848168,-1.9466683797842765,-0.5336586489997299,2
2024-12-24,11500.06,24308.0,0.001564494534598282,0.7055960124778693,-1.0526885994914048,-0.17354629350676776,2
2024-12-25,15749.99,24320.0,0.0017284666223549294,0.8128780783294678,-1.3472226624045596,-0.2671722920375459,2
2024-12-26,20649.93,24310.0,0.00024684247461514985,-0.4074022699218701,-1.666190758542671,-1.0367965142322706,2
2024-12-27,16463.0,24322.0,-8.222669905499913e-05,-0.6666072028144711,-1.2957475116309318,-0.9811773572227014,2
2024-12-30,7110.0,24327.0,0.0004934007747809943,-0.16938114528465878,-0.5399864331033976,-0.35468378919402815,2
2024-12-31,13989.01,24335.0,0.0011101290123090024,0.40194821238743034,-1.0509914212820886,-0.32452160444732914,2
2025-01-01,,24335.0,0.0006165861874514178,0.002903138781560195,,0.002903138781560195,1
2025-01-02,-2852.8,24342.0,0.0013154651243336701,0.673164976280361,0.2645617650733692,0.4688633706768651,2
2025-01-03,-18940.0,24334.0,0.000493258806448793,-0.07746982099992931,1.4601712152049364,0.6913506971025035,2
2025-01-06,-29660.0,24337.0,0.0004109814294253056,-0.15651417196446493,2.1455991820256894,0.9945425050306123,2
2025-01-07,-31439.0,24332.0,-0.000123286826958946,-0.6515059589670414,2.144453828387929,0.7464739347104437,2
2025-01-08,-18149.99,24330.0,-0.00020548648998541807,-0.7105225896243045,1.1784951429957544,0.23398627668572497,2
2025-01-09,1802.85,24338.0,-0.00016433853775765783,-0.6510782296265207,-0.19838252917301247,-0.4247303793997666,2
2025-01-10,24849.9,24341.0,0.00028762198451914855,-0.20915046168445434,-1.7109277460191916,-0.960039103851823,2
2025-01-13,22430.0,24343.0,0.00024650780732748956,-0.2168785325189529,-1.4942953659331526,-0.8555869492260527,2
2025-01-14,15800.0,24346.0,0.000575208528946547,0.14524923547091714,-1.0122146526555333,-0.4334827085923081,2
2025-01-15,-13950.0,24338.0,0.00032875811917598696,-0.0712106853208404,0.9801164253514473,0.45445287001530343,2
2025-01-16,-9899.98,24338.0,0.0,-0.3953349754858532,0.6949494302752439,0.14980722739469535,2
2025-01-17,-7449.9,24341.0,0.0,-0.3702742694617073,0.5212981471500169,0.0755119388441548,2
2025-01-20,22550.0,24341.0,-8.216251750603476e-05,-0.4450930316070034,-1.4374757998826184,-0.9412844157448109,2
2025-01-21,20355.19,24336.0,-0.0004108294704678883,-0.7999397069925314,-1.2651857018751265,-1.032562704433829,2
2025-01-22,49551.2,24332.0,-0.0002465584561495149,-0.6107562440133559,-2.867193236856158,-1.738974740434757,2
2025-01-23,11150.4,24328.0,-0.0004109645395438122,-0.8077088426084691,-0.5429476322393897,-0.6753282374239293,2
2025-01-24,25723.57,24325.0,-0.0006575432777076173,-1.084903124610499,-1.3716607151269409,-1.2282819198687198,2
2025-01-27,,24325.0,-0.0006575432777076173,-1.06190120436998,,-1.06190120436998,1
2025-01-28,,24325.0,-0.00045210744486823273,-0.82113799589746,,-0.82113799589746,1
2025-01-29,,24325.0,-0.0002877283863895741,-0.6194660328980135,,-0.6194660328980135,1
2025-01-30,,,,,,,0
2025-01-31,,,,,,,0
2025-02-03,11052.0,24325.0,0.0,-0.2429203334484937,-0.5249369402083196,-0.38392863682840667,2
2025-02-04,24668.74,24360.0,0.0014378147696270105,1.3771245098104712,-1.270048642678564,0.0535379335659536,2
2025-02-05,-1.2,24395.0,0.0028735651957312314,2.7910355497638277,0.1270776487366186,1.4590565992502231,2
2025-02-06,8171.93,24425.0,,,-0.34901576983941285,-0.34901576983941285,1
2025-02-07,-9581.01,24462.0,,,0.654064183124872,0.654064183124872,1
2025-02-10,6165.01,24487.0,0.006637736409219386,4.930232928293176,-0.27860738551903247,2.3258127713870715,2
2025-02-11,113.49,24522.0,0.006628230968498627,4.053770088642935,0.06785111900996985,2.0608106038264524,2
2025-02-12,-19296.79,24550.0,0.006333660972728694,3.368550182368749,1.1957621018196893,2.282156142094219,2
2025-02-13,-1808.46,24572.0,0.006000385372834316,2.8679139485977636,0.187891750961732,1.5279028497797478,2
2025-02-14,-23277.91,24562.0,0.004079640123020312,1.7471353270017582,1.394046325776973,1.5705908263893655,2
2025-02-17,-15510.82,24577.0,0.0036686817603204247,1.4705247067163152,0.9160622115395417,1.1932934591279285,2
2025-02-18,-14172.62,24602.0,0.0032570666363991307,1.2150873613967201,0.8134506046879753,1.0142689830423477,2
2025-02-19,-4800.01,24633.0,0.0033751531542325353,1.2310159672319376,0.27103639222249704,0.7510261797272173,2
2025-02-20,0.3,24643.0,0.0028853011990666033,0.9520536631593002,-0.002761089864548453,0.47464628664737585,2
2025-02-21,327.88,24638.0,0.003089433351590287,1.0187583264858604,0.00922378818409485,0.5139910573349776,2
2025-02-24,-12381.83,24646.0,0.0028035692743220153,0.8457513716983329,0.7515200510586848,0.7986357113785089,2
2025-02-25,-8643.15,24646.0,0.0017868750693370572,0.30075863874788156,0.541130953402785,0.4209447960753333,2
2025-02-26,-1934.13,24668.0,0.001419849734485723,0.08562237141349165,0.14694298974266803,0.11628268057807983,2
2025-02-27,1559.24,24696.0,0.0021484026991096528,0.450098708621059,-0.04567283421103016,0.20221293720501443,2
2025-02-28,18290.42,24726.0,0.0035653550449534777,1.1587792194743627,-1.0000751805081274,0.07935201948311765,2
2025-03-03,3414.46,24758.0,0.004534053593687304,1.5940272445881494,-0.11563775606248312,0.7391947442628332,2
2025-03-04,1174.9,24755.0,0.004412873297455988,1.470040569907521,0.024103874106904375,0.7470722220072127,2
2025-03-05,5735.34,24750.0,0.003318631885452561,0.8810970409276755,-0.2503079178623765,0.3153945615326495,2
2025-03-06,-5232.72,24738.0,0.001699235752960604,0.038301785223215846,0.37258008330991577,0.20544093426656582,2
2025-03-07,-5950.37,24730.0,0.00016175994858969034,-0.7487695553834477,0.4168619017067158,-0.16595382683836596,2
2025-03-10,17202.96,24754.0,-0.00016157699178798168,-0.8982366165021701,-0.928806453468298,-0.9135215349852341,2
2025-03-11,112.11,24763.0,0.00032311482974201056,-0.6440937561383271,0.10599203758842018,-0.2690508592749534,2
2025-03-12,2056.38,24758.0,0.00032318009491838495,-0.6357278985031904,0.019543122993869802,-0.3080923877546603,2
2025-03-13,4199.78,24758.0,0.0008081461567996939,-0.3800040739255014,-0.08080020344537052,-0.23040213868543596,2
2025-03-14,874.49,24779.0,0.001979438728280769,0.21779093517398096,0.12328209906603357,0.17053651712000728,2
2025-03-17,-11482.33,24794.0,0.001614596298125548,0.034197693397261385,0.8747473411247575,0.45447251726100946,2
2025-03-18,-312.19,24793.0,0.0012107516209862723,-0.16735837416937438,0.14668177283157954,-0.010338300668897418,2
2025-03-19,-9129.28,24790.0,0.001291676937480446,-0.12236788279031915,0.6850289343112813,0.28133052576048106,2
2025-03-20,586.26,24807.0,0.0019772022985211635,0.21025372374564055,0.03625327863381156,0.12325350118972606,2
2025-03-21,14928.03,24813.0,0.0013711891162735412,-0.11199035635665892,-0.9041716482826397,-0.5080810023196494,2
2025-03-24,-927.99,24831.0,0.001491184155412384,-0.05984337670304513,0.12398543768195454,0.0320710304894547,2
2025-03-25,3507.28,24847.0,0.0021756656446765277,0.2818520466330575,-0.18061263969168265,0.050619703470687435,2
2025-03-26,6677.05,24851.0,0.0024576471345660877,0.4101431294073514,-0.38571190059843385,0.012215614404458786,2
2025-03-27,-336.86,24846.0,0.0015709023833458957,-0.04795352184350295,0.0838258495272017,0.01793616384184938,2
2025-03-28,-8121.02,24843.0,0.0012083133417934988,-0.24160069950591537,0.6229514198920366,0.19067536019306064,2
2025-03-31,11901.3,24837.0,0.00024160425341079872,-0.7376033503347336,-0.7018450591265789,-0.7197242047306562,2
2025-04-01,5352.72,24835.0,-0.0004830723494784195,-1.1037088478864492,-0.2074474068743894,-0.6555781273804193,2
2025-04-02,-3664.15,24851.0,0.0,-0.8591711345099112,0.4878381279999323,-0.18566650325498946,2
2025-04-03,-1644.58,24854.0,0.0003219315923175259,-0.7007456519053419,0.3305566794049655,-0.18509448625018818,2
2025-04-04,2292.26,24886.0,0.0017293736337666843,0.012327389958187992,0.003292594980243071,0.007809992469215531,2
2025-04-07,,24886.0,0.0019709195286612413,0.12224058591216874,,0.12224058591216874,1
2025-04-08,3848.95,24898.0,0.0025335304002815917,0.3980276373489078,-0.16718361924318278,0.1154220090528625,2
2025-04-09,9274.48,24936.0,0.003414549283371926,0.8284248550819426,-0.570240743303131,0.1290920558894058,2
2025-04-10,6733.51,24964.0,0.004416081687994122,1.3000557940440534,-0.3442516871833503,0.4779020534303515,2
2025-04-11,9897.73,24923.0,0.0014856755528374066,-0.23302179469208004,-0.5760667831691395,-0.4045442889306098,2
2025-04-14,6974.37,24886.0,0.0,-1.0105108152298383,-0.3709889363971262,-0.6907498758134822,2
2025-04-15,-20334.02,24891.0,-0.0002811866093370696,-1.1603971225020924,1.8164884725308594,0.32804567501438353,2
2025-04-16,-3376.19,24899.0,-0.0014849004434047686,-1.749052995117081,0.40674132737283275,-0.6711558338721242,2
2025-04-17,6607.68,24893.0,-0.00284814762202501,-2.333729329347865,-0.5827812020975761,-1.4582552657227206,2
2025-04-18,1771.59,24898.0,-0.0010035929466827298,-1.4124515200851522,-0.1594456266827408,-0.7859485733839465,2
2025-04-21,16409.57,24907.0,0.0008434921071263091,-0.5220097122368085,-1.6362033228348587,-1.0791065175358336,2
2025-04-22,-10620.92,24877.0,-0.0005626105276199667,-1.2205254883904322,1.1279047970052496,-0.04631034569259129,2
2025-04-23,-847.1,24897.0,-8.032773721033948e-05,-0.9841434885882667,0.12157187819098894,-0.4312858051986389,2
2025-04-24,-6076.79,24928.0,0.00140503023856553,-0.2408896383256621,0.6560650548228097,0.2075877082485738,2
2025-04-25,-18589.41,24948.0,0.002006179704281408,0.06104369764510992,1.8831391326849214,0.9720914151650156,2
2025-04-28,-15317.14,24960.0,0.0021256550406612007,0.10392904721933584,1.4915986453393026,0.7977638462793193,2
2025-04-29,-5032.97,24956.0,0.003170592425902896,0.6215690670542842,0.4262046361632227,0.5238868516087534,2
2025-04-30,,24956.0,0.002366959964119175,0.21630384078229212,,0.21630384078229212,1
2025-05-01,,24956.0,0.0011226045602032997,-0.41548682049510194,,-0.41548682049510194,1
2025-05-02,,24956.0,0.00032061558466445206,-0.8167484477576329,,-0.8167484477576329,1
2025-05-05,17360.16,24944.0,-0.0006412311858063902,-1.3010041322807464,-1.880320990720442,-1.590662561500594,2
2025-05-06,249.76,24938.0,-0.000721529674146737,-1.3390184245222356,-0.11682574182098612,-0.7279220831716109,2
2025-05-07,-4532.59,24930.0,-0.0010423767130731676,-1.5144600779373911,0.41662858613288767,-0.5489157459022518,2
2025-05-08,-6055.2,24927.0,-0.001162720897585956,-1.5785991509095123,0.5690698866951797,-0.5047646321071664,2
2025-05-09,-2676.2,24951.0,-0.00020037269388062384,-0.9607108910825749,0.2635885804910697,-0.3485611552957526,2
2025-05-12,-17371.36,24945.0,4.008899757934614e-05,-0.7837902073177839,1.8966100637635768,0.5564099282228965,2
2025-05-13,-2483.69,24973.0,0.0014024966735632916,0.09467356544625909,0.26562863842769413,0.18015110193697662,2
2025-05-14,-1069.13,24973.0,0.0017233437124897222,0.3217981562073684,0.11230052212206587,0.21704933916471714,2
2025-05-15,-1792.78,24970.0,0.001723550940727847,0.33752232386508013,0.1912483027076517,0.26438531328636594,2
2025-05-16,-6776.51,24960.0,0.00036064194656759696,-0.5293723110252759,0.742118365566926,0.10637302727082504,2
2025-05-19,-1821.56,24970.0,0.001001702978681962,-0.0867928523547165,0.20410475410589946,0.05865595087559148,2
2025-05-20,-2178.85,24968.0,-0.0002002362794790713,-0.862898781802363,0.2609956334115463,-0.30095157419540836,2
2025-05-21,-354.19,24962.0,-0.00044057275169429033,-0.9937949237612461,0.05150566498884122,-0.47114462938620244,2
2025-05-22,4084.68,24955.0,-0.0006009013701095967,-1.0634348287111772,-0.46039150192147094,-0.761913165316324,2
2025-05-23,-1055.23,24960.0,0.0,-0.644038637012004,0.10241502829452705,-0.2708118043587385,2
2025-05-26,1358.77,24940.0,-0.0012021640397925637,-1.432245153454162,-0.19592205258638895,-0.8140836030202755,2
2025-05-27,3814.25,24935.0,-0.0013225659703923753,-1.5010956805144138,-0.48830355620734384,-0.9946996183608788,2
2025-05-28,2544.32,24947.0,-0.0006010940091627504,-0.957498855857272,-0.34214171917824776,-0.6498202875177599,2
2025-05-29,-3905.03,24962.0,0.0002804655746899698,-0.2954403752757604,0.44838832727274613,0.07647397599849287,2
2025-05-30,1248.24,24978.0,0.000720893939666567,0.021647459445203403,-0.16638578430217396,-0.07236916242848528,2
2025-06-02,-7271.53,24970.0,0.0012021640397925637,0.3601329199158699,0.85656829558461,0.60835060775024,2
2025-06-03,284.55,24982.0,0.0018831265456320523,0.8390110522419769,-0.10516642524081424,0.36692231350058135,2
2025-06-04,-1314.3,25004.0,0.0022822375824667063,1.0973592096856304,0.09083185780811676,0.5940955337468736,2
2025-06-05,-4135.23,24995.0,0.001321136369270448,0.3918707504346486,0.4321347996163186,0.4120027750254836,2
2025-06-06,-2593.09,24992.0,0.0005603362163810743,-0.14427401409463034,0.22732710465654968,0.04152654528095967,2
2025-06-09,-3251.96,24992.0,0.0008806693655927234,0.09906745627596178,0.33567059467708227,0.21736902547652204,2
2025-06-10,-1273.51,24985.0,0.00012007925245072215,-0.4449156801295653,0.0766885214796766,-0.18411357932494435,2
2025-06-11,1667.19,24982.0,-0.0008802465258490599,-1.1399774047049849,-0.2828622131346879,-0.7114198089198364,2
2025-06-12,4981.94,24990.0,-0.00020006001867223233,-0.6228257829343068,-0.7041415151627813,-0.6634836490485441,2
2025-06-13,-687.0,24975.0,-0.0006804491226581888,-0.9428063343647219,-0.00042097207395182294,-0.4716136532193369,2
2025-06-16,-1750.9,24993.0,4.0012003607259317e-05,-0.4040522527093169,0.1419266926577826,-0.13106278002576716,2
2025-06-17,-1381.75,24998.0,0.0005201768718610111,-0.03578930059366425,0.08023686471530164,0.022223782060818695,2
2025-06-18,485.31,24994.0,0.00048023051987478027,-0.041617964570270324,-0.1906381616650898,-0.11612806311768006,2
2025-06-19,-4138.2,25025.0,0.0013995803544233354,0.6481930350789611,0.434339324763836,0.5412661799213986,2
2025-06-20,-1623.64,25031.0,0.0022397321685350136,1.2494574667908849,0.10639886620538479,0.6779281664981348,2
2025-06-23,-1795.9,25028.0,0.0013994124752354509,0.6120051234555876,0.09928785596913296,0.35564648971236024,2
2025-06-24,-3314.5,25058.0,0.0023973161553314526,1.3000700180886686,0.29571101692942736,0.797890517509048,2
2025-06-25,-5180.03,25055.0,0.002437612348096252,1.2834948164595599,0.5585428106450112,0.9210188135522855,2
2025-06-26,10106.56,25053.0,0.0011182556379178976,0.3221330224552854,-1.5645442075435352,-0.6212055925441249,2
2025-06-27,40042.22,25048.0,0.0006789273209530933,0.01807870616274689,-4.490298150744883,-2.236109722291068,2
2025-06-30,52904.4,25052.0,0.0009584665270487847,0.23461895918860637,-4.601669446361797,-2.1835252435865953,2
2025-07-01,2523.38,25058.0,0.0,-0.44092694072282723,-0.17658500741116787,-0.30875597406699756,2
2025-07-02,1622.13,25070.0,0.0005985037585141129,0.03896868596751975,-0.10973364736347681,-0.03538248069797853,2
2025-07-03,-20046.29,25091.0,0.0015156352614198454,0.8457740759124494,1.7207305608279662,1.2832523183702078,2
2025-07-04,-27612.29,25116.0,0.0027111092277571913,1.7835978926818843,2.224739869880488,2.004168881281186,2
2025-07-07,-29055.38,25113.0,0.002431975682862131,1.496020709000565,2.197214763346787,1.846617736173676,2
2025-07-08,3466.24,25121.0,0.002511011901480842,1.4981287832594854,-0.35859519086471703,0.5697667961973842,2
2025-07-09,13522.7,25119.0,0.0019526197202015538,1.0286898093643115,-1.1358215766914226,-0.053565883663555525,2
2025-07-10,19213.85,25131.0,0.0015929277391606433,0.7305499647287125,-1.544010861078844,-0.4067304481750658,2
2025-07-11,-1755.82,25128.0,0.00047766898448386996,-0.24868890093615825,0.09817558565904201,-0.07525665763855813,2
2025-07-14,-10859.35,25126.0,0.0005175262361980515,-0.20915827988728158,0.7840888571710078,0.28746528864186316,2
2025-07-15,24978.04,25148.0,0.0010742207959726358,0.25473736932423796,-1.9514380117907626,-0.8483503212332624,2
2025-07-16,13005.25,25168.0,0.001948814425517753,0.99162922411378,-1.0013822237842631,-0.004876499835241577,2
2025-07-17,15019.21,25176.0,0.0017890159223235003,0.8425227057806947,-1.1160988599394337,-0.13678807707936952,2
2025-07-18,16271.44,25185.0,0.00226581696126793,1.2500326709999376,-1.1717027299060172,0.03916497054696022,2
2025-07-21,8203.86,25191.0,0.002583621287309157,1.5065591859447065,-0.5327913924218595,0.4868838967614235,2
2025-07-22,5851.28,25191.0,0.0017084173487216248,0.7967001337017193,-0.3375138942811994,0.22959311971025997,2
2025-07-23,9713.63,25177.0,0.0003575330259550924,-0.3809904978193059,-0.6273249294102063,-0.5041577136147561,2
2025-07-24,22497.87,25166.0,-0.00039728259232951757,-1.031284802198338,-1.5685504129727386,-1.2999176075855383,2
2025-07-25,23588.3,25164.0,-0.0008341774898301679,-1.383832788528761,-1.601633343225247,-1.492733065877004,2
2025-07-28,14559.3,25182.0,-0.000357334290027822,-0.9719103931289202,-0.9284743199191341,-0.9501923565240271,2
2025-07-29,-2903.75,25206.0,0.0005952735457643854,-0.14932870401295065,0.3873749278260696,0.11902311190655947,2
2025-07-30,-9054.8,25228.0,0.00202360945952762,1.1027350104147715,0.8429056761761912,0.9728203432954814,2
2025-07-31,-6596.5,25240.0,0.002936160503235641,1.8670956396325524,0.6570125916962676,1.26205411566441,2
2025-08-01,2230.13,25249.0,0.0033721492689320343,2.138088083735947,-0.0005304649860746155,1.0687788093749362,2
2025-08-04,6724.94,25240.0,0.002300584093504199,1.1556281181894883,-0.3143423366686052,0.42064289076044153,2
2025-08-05,-2868.48,25219.0,0.0005156172647691193,-0.3910405046019819,0.4205520382136894,0.014755766805853748,2
2025-08-06,1816.53,25232.0,0.00015854141927817977,-0.6800866043573952,0.06518149119157,-0.3074525565829126,2
2025-08-07,-4427.5,25239.0,-3.962043622607325e-05,-0.8259950193927366,0.5399063247600491,-0.14304434731634375,2
2025-08-08,6109.05,25228.0,-0.0008320621753110657,-1.4741228484839104,-0.2515556328395063,-0.8628392406617084,2
2025-08-11,4621.25,25231.0,-0.000356640450769774,-1.0375670160227555,-0.1290341075601612,-0.5833005617914584,2
2025-08-12,-7016.53,25243.0,0.0009512108838176658,0.057118798381909745,0.7576413588950076,0.40738007863845865,2
2025-08-13,-5314.37,25247.0,0.0005943065608065012,-0.2656500476845636,0.6190510873932109,0.17670051985432367,2
2025-08-14,-5194.2,25240.0,3.962043622607325e-05,-0.7616583494922559,0.5962524870003654,-0.08270293124594524,2
2025-08-15,-7513.82,25249.0,0.0008320621753110657,-0.08261542259415748,0.7615753886767136,0.3394799830412781,2
2025-08-18,-8605.61,25245.0,0.0005547190886368014,-0.3623394395000762,0.8269828892061659,0.23232172485304486,2
2025-08-19,-1759.35,25255.0,0.0004752663561280457,-0.47816558908907175,0.30311352948080234,-0.08752602980413471,2
2025-08-20,-8322.52,25263.0,0.0006335379344744041,-0.35557513779683647,0.7802785870966172,0.21235172464989038,2
2025-08-21,373.85,25273.0,0.001306594527934024,0.27153511044382705,0.1334699888160552,0.20250254962994113,2
2025-08-22,21205.7,25298.0,0.0019387902486336372,0.8529159839854813,-1.3834058000268556,-0.2652449080206872,2
2025-08-25,15463.17,25291.0,0.0018204849099365816,0.7272082666932135,-0.9283245563137478,-0.10055814481026715,2
2025-08-26,-8339.27,25273.0,0.0007124762809311846,-0.3065534041189662,0.8102054462296013,0.2518260210553176,2
2025-08-27,-3694.02,25273.0,0.0003957574849824397,-0.5838109081848595,0.4664016458723571,-0.058704631156251186,2
2025-08-28,-8516.03,25268.0,-0.00019785916449244212,-1.1190125557315216,0.8110966948242518,-0.15395793045363487,2
2025-08-29,-12184.2,25240.0,-0.0022953035523372023,-2.8512638746837413,1.0579320359797417,-0.8966659193519998,2
2025-09-01,,25240.0,-0.002018563547803609,-2.429958125800411,,-2.429958125800411,1
2025-09-02,,25240.0,-0.001306594527934024,-1.7700626511009474,,-1.7700626511009474,1
2025-09-03,17242.74,25246.0,-0.0010689048702765547,-1.5669810042233159,-1.0139031694448446,-1.2904420868340802,2
2025-09-04,-5422.06,25248.0,-0.0007918283729910769,-1.3214468967523731,0.5714454792905385,-0.37500070873091734,2
2025-09-05,-24394.03,25248.0,0.0003169069904505051,-0.44473897500544973,1.8223816476428298,0.68882133631869,2
2025-09-08,479.55,25236.0,-0.00015849116444854872,-0.8286360869877057,0.12623034322279922,-0.35120287188245325,2
2025-09-09,5659.94,25236.0,-0.00015849116444854872,-0.8152423116854991,-0.21951129099989355,-0.5173768013426964,2
2025-09-10,-17433.6,25221.0,-0.000990746509399898,-1.4447071362895316,1.3170548654641454,-0.06382613541269311,2
2025-09-11,2032.07,25221.0,-0.0010699638421929336,-1.4506829674363617,0.014391277161224786,-0.7181458451375685,2
2025-09-12,7058.5,25216.0,-0.0012682309879945564,-1.545300531719043,-0.3142014346467816,-0.9297509831829123,2
2025-09-15,3630.57,25216.0,-0.0007928328330955026,-1.1377682034183534,-0.07697841330485869,-0.6073733083616061,2
2025-09-16,14501.69,25208.0,-0.0011101420535908346,-1.3362834966198396,-0.7859450679539531,-1.0611142822868964,2
2025-09-17,1302.99,25198.0,-0.0009123545328311167,-1.1475532492811662,0.10801644642323453,-0.5197684014289659,2
2025-09-18,-7132.07,25186.0,-0.0013886962376155054,-1.458353886397261,0.6546170333185213,-0.4018684265393698,2
2025-09-19,-21498.52,25186.0,-0.0011904290918138827,-1.2662501296294728,1.6059363374272986,0.16984310389891288,2
2025-09-22,-17884.88,25186.0,-0.0011904290918138827,-1.2245358160298614,1.4187446177218117,0.09710440084597516,2
2025-09-23,-288.53,25189.0,-0.0007540131714254272,-0.8868600028272958,0.044338527909246875,-0.4212607374590245,2
2025-09-24,12280.19,25186.0,-0.00047634170478438875,-0.6667228414698018,-0.9138052745919171,-0.7902640580308594,2
2025-09-25,24920.57,25191.0,0.0001985032858815572,-0.1564152549940078,-1.8178700746169718,-0.9871426648054898,2
2025-09-26,10284.73,25194.0,0.000317586346456622,-0.04019497869251908,-0.6716749684926288,-0.3559349735925739,2
2025-09-29,4170.2,25192.0,0.00023819921506884612,-0.07415362262234984,-0.14453632599405644,-0.10934497430820314,2
2025-09-30,12009.7,25187.0,-7.940289030727854e-05,-0.2932377105968917,-0.7924416474399888,-0.5428396790184402,2
2025-10-01,-2204.55,25187.0,3.970380958584485e-05,-0.17630378459795576,0.38584162264755156,0.1047689190247979,2
2025-10-02,-10418.0,25177.0,-0.0005559085276587439,-0.6302571715938798,1.0486317530268077,0.20918729071646391,2
2025-10-03,-10429.83,25162.0,-0.0012709510011728042,-1.171375734189151,1.0278825229854631,-0.07174660560184398,2
2025-10-06,-11000.0,25146.0,-0.0018276456277330766,-1.5528168220884782,1.0758254737543123,-0.23849567416708295,2
2025-10-07,1490.4,25141.0,-0.0018280087748188123,-1.4925248521303118,-0.019023091936198385,-0.7557739720332551,2
2025-10-08,-932.85,25133.0,-0.0021462647348577946,-1.6735906235496645,0.17464032198612417,-0.7494751507817702,2
2025-10-09,-4735.42,25130.0,-0.0018685277863763616,-1.4116847152886847,0.48779532344160537,-0.46194469592353965,2
2025-10-10,-4745.2,25128.0,-0.0013521576925921153,-0.9889297819510035,0.4634162738945007,-0.2627567540282514,2
2025-10-13,564.73,25112.0,-0.0013530186313381876,-0.9675626111990265,-0.03352604272967258,-0.5005443269643496,2
2025-10-14,-15910.89,25114.0,-0.001074520051648875,-0.7173551578236493,1.420337573597436,0.3514912078868933,2
2025-10-15,6296.53,25114.0,-0.0007562640916098928,-0.442724140099335,-0.591953724956706,-0.5173389325280204,2
2025-10-16,12521.38,25114.0,-0.0006368919887282942,-0.34184197687350387,-1.202950544656993,-0.7723962607652485,2
2025-10-17,5102.18,25101.0,-0.001075076254775098,-0.6942332375997303,-0.5665061039071397,-0.630369670753435,2
2025-10-20,2999.76,25101.0,-0.00043813355808097754,-0.17514240439175718,-0.38873219499936007,-0.28193729969555864,2
2025-10-21,9000.0,25099.0,-0.0005974548601432872,-0.2894174459117555,-0.9551645178541704,-0.622290981882963,2
2025-10-22,46000.0,25099.0,-0.0005974548601432872,-0.2614533029843675,-3.8723483728060333,-2.0669008378952003,2
2025-10-23,3852.59,25098.0,-0.0006372978786561845,-0.2618462220358998,-0.2919342355370465,-0.2768902287864732,2
2025-10-24,11000.0,25098.0,-0.00011952429345463145,0.2842314714932307,-0.8792146138661836,-0.29749157118647646,2
2025-10-27,7529.41,25097.0,-0.00015936889949585975,0.304989361113922,-0.5853593561950257,-0.14018499754055183,2
2025-10-28,6701.24,25095.0,-0.000159381599733166,0.31961798204626346,-0.5010173189672906,-0.09069966846051358,2
2025-10-29,-5978.26,25091.0,-0.00031878860600720316,0.15714463327044897,0.5518301818565805,0.3544874075635147,2
2025-10-30,-4001.12,25091.0,-0.00027894558749430587,0.20479552133692125,0.38682221402628475,0.29580886768160297,2
2025-10-31,-3396.69,25093.0,-0.00019923890803319466,0.2798051447771198,0.32271819460977247,0.30126166969344614,2
2025-11-03,-5000.0,25093.0,-0.00015939430199196636,0.3191353525462248,0.44305707217171164,0.38109621235896823,2
2025-11-04,4000.0,25095.0,0.0,0.5179647639956159,-0.2965716721352665,0.1106965459301747,2
2025-11-05,8854.88,25097.0,0.00023910098145307757,0.7930157008776166,-0.682830645921366,0.05509252747812532,2
2025-11-06,13099.65,25100.0,0.0003586300371161144,0.9155571478527177,-1.0055698017892867,-0.045006326968284494,2
2025-11-07,8519.45,25103.0,0.0003984381278314686,0.9770530297782964,-0.6016446134981145,0.18770420814009098,2
2025-11-10,9776.41,25106.0,0.000517938615933744,1.1118166639033729,-0.6814318727678663,0.21519239556775327,2
2025-11-11,11633.87,25118.0,0.0009160974890392026,1.5312149028999142,-0.8131636691426228,0.3590256168786457,2
2025-11-12,-855.4,25129.0,0.0012742406056549527,1.879707594627329,0.23769220776717523,1.058699901197252,2
2025-11-13,4583.99,25125.0,0.0009955202415010689,1.5994037884720627,-0.21127550616621818,0.6940641411529223,2
2025-11-14,-1515.43,25122.0,0.000756595357145784,1.4231862664782025,0.2722799661533769,0.8477331163157897,2
2025-11-17,6486.42,25120.0,0.0005574802039802762,1.2813542894686454,-0.4303898752409022,0.4254822071138716,2
2025-11-18,-18350.53,25132.0,0.0005572139447647118,1.2897862777187823,1.6712902685955615,1.480538273157172,2
2025-11-19,-20077.24,25132.0,0.00011937685296992129,0.7698778477552348,1.7471666086470081,1.2585222282011215,2
2025-11-20,-5837.81,25130.0,0.00019898517626160128,0.854300119099201,0.5753145152722825,0.7148073171857418,2
2025-11-21,19670.75,25136.0,0.0005571252482052813,1.2650546104739537,-1.4802204519609339,-0.10758292074349007,2
2025-11-24,30725.11,25144.0,0.0009549578952690041,1.711362066669345,-2.2598003559775828,-0.2742191446541189,2
2025-11-25,34072.97,25146.0,0.0005569036302901509,1.1722370252651548,-2.3785377420090397,-0.6031503583719424,2
2025-11-26,1765.62,25146.0,0.0005569036302901509,1.132949710546411,0.050019927147681144,0.5914848188470461,2
2025-11-27,5194.48,25152.0,0.0008750646912947246,1.4706210377109121,-0.19951607702080348,0.6355524803450543,2
2025-11-28,-741.67,25155.0,0.0007556024300168218,1.3027352406055648,0.29751772550769745,0.8001264830566311,2
2025-12-01,25077.13,25156.0,0.00047713718599062815,0.9445616361504406,-1.6859505103790595,-0.37069443711430944,2
2025-12-02,16652.48,25153.0,0.0002783355551869704,0.6933796133323235,-1.0078005238034453,-0.15721045523556093,2
2025-12-03,-1098.96,25153.0,0.0002783355551869704,0.6693854520067848,0.39048772341320176,0.5299365877099933,2
2025-12-04,3211.28,25152.0,0.0,0.3151283866089682,0.052330156433993705,0.18372927152148094,2
2025-12-05,4475.22,25151.0,-0.00015902675658807652,0.10126721948817198,-0.05072388376167182,0.02527166786325008,2
2025-12-08,-5371.82,25152.0,-0.00015902043446125447,0.08864885074069456,0.7109525544364865,0.3998007025885906,2
2025-12-09,-55.4,25155.0,7.951021710539408e-05,0.3615182187603705,0.27597213192335407,0.3187451753418623,2
2025-12-10,-1248.19,25155.0,7.951021710539408e-05,0.3428644790546875,0.36646952635492386,0.35466700270480567,2
2025-12-11,9842.51,25154.0,7.951337816791693e-05,0.3181636401172042,-0.4881116158163193,-0.08497398784955754,2
2025-12-12,-1145.56,25148.0,-0.00011928666588012504,0.04264527641726702,0.42318694150347397,0.2329161089603705,2
2025-12-15,-4702.57,25144.0,-0.0003181167515293737,-0.23696089618066438,0.7502141199524883,0.25662661188591196,2
2025-12-16,-7439.09,25141.0,-0.0005567043248611014,-0.556339303563602,0.9632331546559245,0.20344692554616128,2
2025-12-17,-6897.1,25146.0,-0.00035784577229236447,-0.2972444892536195,0.8888902804453783,0.2958228955958794,2
2025-12-18,-739.36,25151.0,-0.00011927243826903577,0.024405310265791368,0.350738870487083,0.18757209037643718,2
2025-12-19,56380.89,25148.0,0.0,0.18948231936932933,-3.854996127056487,-1.832756903843579,2
2025-12-22,15565.87,25149.0,0.0001988348285646424,0.4539341328652466,-0.8242307931150044,-0.18514833012487888,2
2025-12-23,16541.35,25146.0,0.00019885855256873697,0.4470754656294142,-0.8866278805182618,-0.2197762074444238,2
2025-12-24,45993.08,25146.0,0.0,0.18489005085738955,-2.7797971797641265,-1.2974535644533685,2
2025-12-25,-157.52,25133.0,-0.0007159335283120072,-0.7571815148558476,0.38072309538875054,-0.18822920973354854,2
2025-12-26,-11760.3,25128.0,-0.00079560828446823,-0.8840037130653317,1.1748263254763298,0.14541130620549908,2
2025-12-29,18132.97,25125.0,-0.0009547679445915946,-1.1555678070965092,-0.8474258700200624,-1.0014968385582859,2
2025-12-30,16884.0,25124.0,-0.0008752735788561949,-1.110972694687907,-0.7406613925823665,-0.9258170436351367,2
2025-12-31,42703.24,25121.0,-0.0009946884461484728,-1.396799958865889,-2.3487095988292794,-1.8727547788475842,2
2026-01-01,,25121.0,-0.0004775739335407536,-0.6815138787027187,,-0.6815138787027187,1
2026-01-02,,25121.0,-0.0002786125115044058,-0.4000058939074104,,-0.4000058939074104,1
2026-01-05,44335.54,25124.0,-3.980178710527582e-05,-0.03191723144150704,-2.257015181086269,-1.144466206263888,2
2026-01-06,-10221.98,25122.0,-7.96083270735437e-05,-0.1365454490830229,1.1455332384361556,0.5044938946765664,2
2026-01-07,-65300.52,25122.0,3.98065402187342e-05,0.059494468585735275,3.8668635348782927,1.963179001732014,2
2026-01-08,-4826.17,25125.0,0.00015921665439755373,0.26095211111644157,0.6079967953688941,0.4344744532426678,2
2026-01-09,-6902.08,25127.0,0.00023881547637749634,0.38410828689790866,0.704811950372204,0.5444601186350564,2
2026-01-12,-37097.55,25129.0,0.00019899309559612277,0.28711112784149756,2.177522171218766,1.2323166495301319,2
2026-01-13,-9628.65,25129.0,0.0002786014226696665,0.4210371284340433,0.7581101890357181,0.5895736587348808,2
2026-01-14,779.72,25135.0,0.0005173408794778567,0.8697106991962233,0.19856624270110526,0.5341384709486643,2
2026-01-15,-9000.0,25135.0,0.00039793076529903715,0.6029296179717757,0.6993631391809897,0.6511463785763827,2
2026-01-16,-14500.88,25131.0,0.00015917863856351744,0.10352113040738038,0.9581140935318544,0.5308176119696174,2
2026-01-19,-35439.53,25132.0,0.00011937685296992129,0.012164003836035922,1.942374565431686,0.977269284633861,2
2026-01-20,-15447.08,25130.0,3.979386777075433e-05,-0.1591409509173519,0.9101560375641176,0.3755075433233828,2
2026-01-21,-20565.64,25124.0,-0.00043773255240431297,-1.1371251305437988,1.1418669191057667,0.002370894280983915,2
2026-01-22,-2781.8,25125.0,-0.00039793076529903715,-1.0470959733981735,0.26301679409663753,-0.392039589650768,2
2026-01-23,3000.0,25125.0,-0.00023877746054346005,-0.7187988739705344,-0.017718905427815696,-0.3682588896991751,2
2026-01-26,16470.59,25113.0,-0.0007562941946712698,-1.717671081960068,-0.6648607674024521,-1.19126592468126,2
2026-01-27,8814.62,25098.0,-0.0012741898673844787,-2.5551662655219416,-0.2823427797995172,-1.4187545226607294,2
2026-01-28,3093.3,25088.0,-0.0014339204241373693,-2.632941871562703,-0.004799592625039094,-1.318870732093871,2
2026-01-29,1000.0,25083.0,-0.0016730405432081596,-2.7944884438390063,0.08850181861223334,-1.3529933126133864,2
2026-01-30,11551.69,25074.0,-0.002031913685405229,-3.052299252848481,-0.4309239823796755,-1.7416116176140781,2
2026-02-02,53363.15,25064.0,-0.001953086696138584,-2.699454661825814,-2.3408630747146093,-2.5201588682702116,2
2026-02-03,59176.72,25069.0,-0.0011561386261984552,-1.5079143433501565,-2.438327770389299,-1.973121056869728,2
2026-02-04,7716.47,25067.0,-0.0008374040963872176,-1.0291974878356929,-0.14063256786206507,-0.5849150278488789,2
2026-02-05,5892.45,25066.0,-0.0006779796467011323,-0.7701489000644903,-0.05838986497949681,-0.4142693825219936,2
2026-02-06,23363.04,25065.0,-0.000359001978367246,-0.27239472304094564,-0.8130472417660979,-0.5427209824035217,2
2026-02-09,7244.66,25063.0,-3.9898657414383365e-05,0.22697140400395982,-0.09840061053819771,0.06428539673288106,2
2026-02-10,-12888.95,25055.0,-0.0005586146502292166,-0.5410042043802872,0.8007912879932991,0.12989354180650597,2
2026-02-11,4245.34,25050.0,-0.0006784125407364172,-0.7034929892101343,0.05809154980357249,-0.3227007197032809,2
2026-02-12,-2073.61,25050.0,-0.000638518658456988,-0.6209177215814128,0.3456638694526272,-0.13762692606439278,2
2026-02-13,-7332.63,25049.0,-0.0006385441411040915,-0.5961742496307455,0.56196998247419,-0.017102133578277723,2
2026-02-16,,25049.0,-0.0005587484181130975,-0.4461956109256818,,-0.4461956109256818,1
2026-02-17,,25049.0,-0.00023950183732601715,0.08670602700145537,,0.08670602700145537,1
2026-02-18,,25049.0,-3.992095651028649e-05,0.4333951926701792,,0.4333951926701792,1
2026-02-19,,,,,,,0
2026-02-20,,,,,,,0
2026-02-23,-9575.47,25051.0,7.984031940289071e-05,0.7489017772738181,0.5879403532117369,0.6684210652427776,2
2026-02-24,-29888.12,25053.0,0.00015967426483953773,0.8953876553440445,1.428755117277844,1.1620713863109442,2
2026-02-25,-9792.33,25057.0,0.0003193230378784051,1.1727632808133246,0.5404353568561103,0.8565993188347174,2
2026-02-26,-11458.63,25051.0,,,0.598993616344161,0.598993616344161,1
2026-02-27,-7267.0,25044.0,,,0.4063509968263884,0.4063509968263884,1
2026-03-02,32266.5,25038.0,-0.0005190760562943098,-0.26548683774473697,-1.2614509109719891,-0.7634688743583631,2
2026-03-03,8605.43,25046.0,-0.00027944669736079675,0.16116695001492073,-0.2415448968663553,-0.040188973425717284,2
2026-03-04,-8323.57,25052.0,-0.0001995649490744711,0.31031872197419713,0.47616767333409366,0.3932431976541454,2
2026-03-05,-7358.23,25055.0,0.00015966151792312644,0.9337816286746964,0.42072245716290746,0.6772520429188019,2
2026-03-06,-23513.85,25057.0,0.0005189517291768198,1.5105618691828864,1.0797556883980906,1.2951587787904884,2
2026-03-09,-36258.63,25059.0,0.0008383736044077494,1.9492797844995302,1.555354088034616,1.7523169362670732,2
2026-03-10,-28099.51,25062.0,0.0006386206012525264,1.5507454607644655,1.187884116044905,1.3693147884046852,2
2026-03-11,-8423.97,25059.0,0.0002793797787123964,0.9447238960524694,0.3859717840325653,0.6653478400425173,2
2026-03-12,-4672.14,25061.0,0.000239444489929852,0.8652515130959367,0.23025323160019195,0.5477523723480644,2
2026-03-13,-4022.52,25065.0,0.0003192211032256864,0.9765009959957467,0.1659314490913071,0.5712162225435269,2
2026-03-16,-39486.39,25068.0,0.00035908792055039385,1.0306629039914126,1.6053754529504736,1.318019178470943,2
2026-03-17,-19072.81,25068.0,0.00023937761933545687,0.8403625188940091,0.7217753869797212,0.7810689529368652,2
2026-03-18,-6051.69,25067.0,0.0003191956297303733,0.9507406778205387,0.14026026680624268,0.5455004723133907,2
2026-03-19,-5000.0,25072.0,0.00043883271204592234,1.0975276832384215,0.09033693431122868,0.5939323087748251,2
2026-03-20,-21450.12,25085.0,0.0007976072207487306,1.5818927657731656,0.7970841797433073,1.1894884727582364,2
2026-03-23,-32143.25,25090.0,0.0008772280159021761,1.6301774774922522,1.2131543090158339,1.4216658932540431,2
2026-03-24,19944.99,25109.0,0.0016342152430297574,2.555689015574402,-1.0322118654791703,0.7617385750476158,2
2026-03-25,2504.43,25104.0,0.001474955919066545,2.1919217251659635,-0.3261489449898398,0.9328863900880618,2
2026-03-26,-2087.17,25102.0,0.0011958386245893848,1.7216636784445118,-0.11900478223396849,0.8013294481052717,2
2026-03-27,-2000.0,25100.0,0.0005977882015226754,0.8931143096049614,-0.12183407366574374,0.38564011796960884,2
2026-03-30,21099.39,25100.0,0.00039848575940659714,0.6152767063824265,-1.2397458548715217,-0.3122345742445476,2
2026-03-31,14386.1,25102.0,-0.0002788233672053053,-0.27813369485929307,-0.894420671402858,-0.5862771831310756,2
2026-04-01,40310.12,25105.0,3.98334959932356e-05,0.14420455536481497,-2.1046044685182252,-0.9801999565767051,2
2026-04-02,25421.16,25107.0,0.00019916748059323197,0.3543237997506666,-1.327019422379356,-0.4863478113143448,2
2026-04-03,-5516.56,25107.0,0.0002788455811089108,0.45875496441440383,0.16220229203197037,0.3104786282231871,2
2026-04-06,-17139.21,25106.0,0.00023901525827874082,0.4049092698024115,0.7552218526674208,0.5800655612349161,2
2026-04-07,-47955.28,25108.0,0.0002389962170319393,0.40598745377000495,2.1405801893500356,1.2732838215600202,2
2026-04-08,-30000.0,25106.0,3.9831909347753935e-05,0.1543212629682766,1.250503222267283,0.7024122426177798,2
2026-04-09,2213.72,25102.0,-0.00019916748059323197,-0.15025290007631434,-0.23419383479758393,-0.19222336743694912,2
2026-04-10,20000.0,25105.0,-7.96622321779239e-05,0.015149570609251907,-1.022822474960548,-0.503836452175648,2
2026-04-13,-7989.39,25106.0,0.0,0.12462893579320054,0.29566563777195154,0.21014728678257605,2
2026-04-14,-21000.0,25106.0,-7.965905926887729e-05,0.02087667931863406,0.8999746148555543,0.46042564708709416,2
2026-04-15,-27000.0,25103.0,-0.00011950048810227543,-0.040146588440416804,1.1691696151658173,0.5645115133627002,2
2026-04-16,-17919.55,25102.0,0.0,0.11077659692683227,0.7292487642044284,0.42001268056563035,2
2026-04-17,1077.3,25102.0,-0.00011950524841530807,-0.05263890712704987,-0.15378816029352438,-0.10321353371028713,2
2026-04-20,5654.67,25103.0,-0.00011950048810227543,-0.06843548191404035,-0.37754126188452236,-0.22298837189928136,2
2026-04-21,33000.0,25102.0,-0.000159337157763062,-0.15313038350413208,-1.5978648402492632,-0.8754976118766976,2
2026-04-22,28969.73,25100.0,-0.00011951477017646539,-0.1351109223285229,-1.3682444230293582,-0.7516776726789406,2
2026-04-23,17084.55,25105.0,0.00011950524841530807,0.17178341488418808,-0.8167288790014557,-0.3224727320586338,2
2026-04-24,4922.7,25113.0,0.0004381161077748885,0.6467078971376771,-0.28041475095548385,0.1831465730910966,2
2026-04-27,,25113.0,0.00039827943811410194,0.5711420157015731,,0.5711420157015731,1
2026-04-28,-1000.0,25111.0,0.00035847290926227515,0.4696273386200712,-0.12718443755194753,0.17122145053406185,2
2026-04-29,4908.51,25113.0,0.0005177942082905673,0.7565386560123222,-0.43364547232142514,0.16144659184544852,2
2026-04-30,,25113.0,0.00031861085935958045,0.3257834615614651,,0.3257834615614651,1
2026-05-01,,25113.0,0.0,-0.3518772707420105,,-0.3518772707420105,1
2026-05-04,11000.0,25112.0,-3.982080637676688e-05,-0.43529765795735786,-0.7784358678597306,-0.6068667629085442,2
2026-05-05,9000.0,25111.0,0.0,-0.380526320964007,-0.6526206043972455,-0.5165734626806262,2
2026-05-06,-3000.0,25113.0,0.0,-0.4189838208368224,-0.04491448786642974,-0.23194915435162608,2
2026-05-07,-6168.83,25113.0,0.0,-0.4576136171736741,0.113688611398524,-0.17196250288757506,2
2026-05-08,-5000.0,25112.0,-3.982080637676688e-05,-0.5907478605660663,0.05601475884403446,-0.2673665508610159,2
2026-05-11,-9872.84,25118.0,0.00023890105628332492,0.03022494133651633,0.3030659991991827,0.1666454702678495,2
2026-05-12,7000.0,25123.0,0.0004777640732669397,0.5820435465411031,-0.5639047293706047,0.009069408585249239,2
2026-05-13,4000.0,25123.0,0.00039812087475432634,0.36976008991039744,-0.4032437676247286,-0.01674183885716557,2
2026-05-14,1000.0,25126.0,0.0005175262361980515,0.6537052455562276,-0.24333259821327782,0.20518632367147488,2
2026-05-15,-8000.0,25131.0,0.0007563243001307285,1.2142626834564867,0.23147461163668642,0.7228686475465865,2
2026-05-18,-18000.0,25131.0,0.0005174232438474036,0.6097835093248265,0.7547943193679505,0.6822889143463885,2
2026-05-19,-6000.0,25133.0,0.0003979624375993751,0.3075884146565432,0.14094652484884374,0.22426746975269346,2
2026-05-20,1000.0,25135.0,0.00047753592375521237,0.4944123699476782,-0.22808856712043646,0.13316190141362086,2
2026-05-21,5000.0,25135.0,0.0003581305623114872,0.2013613225288498,-0.42929120496962153,-0.11396494122038586,2
2026-05-22,11000.0,25134.0,0.00011936735316986358,-0.38230452150639255,-0.7339057428432854,-0.5581051321748389,2
2026-05-25,4552.09,25136.0,0.00019893767348300173,-0.2222186760897954,-0.4254095155247039,-0.3238140958072496,2
2026-05-26,8645.98,25138.0,0.00019892184426240078,-0.24707906370867588,-0.6533816059849308,-0.4502303348468033,2
2026-05-27,9030.27,25137.0,7.956715472090536e-05,-0.5773696338583272,-0.6557601308434234,-0.6165648823508754,2
2026-05-28,2381.94,25137.0,7.956715472090536e-05,-0.5728811799369676,-0.27710485466917184,-0.4249930173030697,2
2026-05-29,6122.55,25139.0,0.00019891393059801032,-0.24484548824751015,-0.4607011223508655,-0.3527733052991878,2
2026-06-01,13619.46,25138.0,7.956398937913889e-05,-0.5351954373651733,-0.8557061462530563,-0.6954507918091148,2
2026-06-02,-18620.46,25141.0,0.00011933411577658148,-0.40791051673738554,1.0266130138808922,0.30935124857175333,2
2026-06-03,-3371.11,25145.0,0.0003182053246693073,0.12775289801191791,0.14110598548420492,0.13442944174806143,2
2026-06-04,-10000.0,25145.0,0.0003182053246693073,0.12419722367353994,0.5224195322070225,0.3233083779402812,2
2026-06-05,-8000.0,25147.0,0.00031818001302497123,0.1241764599595084,0.40108700047529744,0.26263173021740294,2
2026-06-08,-2018.54,25150.0,0.00047725104310281097,0.5474837901602818,0.0949981465004675,0.32124096833037463,2
2026-06-09,-8175.2,25151.0,0.0003976775682730249,0.3255553505424504,0.48799447641461224,0.40677491347853134,2
2026-06-10,-4691.27,25153.0,0.0003181041022486397,0.11124272204711866,0.27441830778081316,0.1928305149139659,2
2026-06-11,-2065.94,25153.0,0.0003181041022486397,0.11684151577930514,0.1154487164106189,0.11614511609496203,2
2026-06-12,-8782.55,25155.0,0.0003180788067069784,0.14074710992430772,0.5517229770098214,0.3462350434670646,2
2026-06-15,-22121.76,25165.0,0.0005962436825761586,0.9331278807776877,1.426046281685896,1.179587081231792,2
2026-06-16,-18000.0,25165.0,0.0005564830416293631,1.0005284136612733,1.1236266081149637,1.0620775108881184,2
2026-06-17,-9937.62,25175.0,0.0008742648784494378,2.2862114339542035,0.5912716606344232,1.4387415472943132,2
2026-06-18,-4000.0,25173.0,0.0007948178298651243,2.1756744649480946,0.2096346715350843,1.1926545682415894,2
2026-06-19,-1455.84,25181.0,0.001033057943113036,2.8840762470423282,0.04772334431203303,1.4658997956771807,2
2026-06-22,13000.0,25181.0,0.0006356016580717494,1.413317950688084,-0.8943043017574833,0.2595068244653003,2
2026-06-23,1627.94,25189.0,0.0009532510552237028,2.415425624635236,-0.1760075090967828,1.1197090577692266,2
2026-06-24,-6026.91,25192.0,0.0006750451940966684,1.39357665759084,0.28911985754300135,0.8413482575669207,2
2026-06-25,-2087.4,25197.0,0.0009529482555574731,2.2081208313107674,-0.02044484165710701,1.0938379948268302,2
2026-06-26,-2552.48,25195.0,0.0005558202461664052,0.879342396321039,0.016937140440407398,0.4481397683807232,2
2026-06-29,1199.67,25201.0,0.0007939343833331947,1.592280912708964,-0.2334607857525446,0.6794100634782098,2
2026-06-30,14551.12,25206.0,0.0006746701317528192,1.1736587056347416,-1.247604625831086,-0.03697296009817219,2
2026-07-01,-7000.0,25206.0,0.0005555776165770965,0.7706001688981956,0.5521148675250577,0.6613575182116267,2
2026-07-02,5466.63,25205.0,0.00031744772299369117,-0.010494440725312418,-0.5004792528072366,-0.25548684676627453,2
2026-07-03,-4670.02,25203.0,0.00031747291825823254,-0.03232021216164998,0.33065747914662535,0.14916863349248768,2
2026-07-06,-4180.07,25202.0,3.96801777728939e-05,-0.9495920667243182,0.2946170105067974,-0.32748752810876036,2
2026-07-07,-15964.07,25202.0,-0.00015870496779868404,-1.5884369228400903,1.347545058648215,-0.12044593209593768,2
2026-07-08,-1438.14,25206.0,0.0,-1.0847119939980707,0.10883537045105801,-0.48793831177350633,2
2026-07-09,-6521.45,25211.0,0.00023801967741832186,-0.31514663092156425,0.6136280135439189,0.14924069131117734,2
2026-07-10,-3275.87,25214.0,0.00043636075825759235,0.32085989992719294,0.2975249106696232,0.3091924052984081,2
2026-07-13,-11729.43,25220.0,0.0007139740892725399,1.2267653364148086,1.063721415106711,1.1452433757607596,2
2026-07-14,-3481.23,25225.0,0.0009122097921707706,1.839908906256813,0.24902896601771893,1.0444689361372659,2
2026-07-15,-2561.86,25233.0,0.0010706002331097864,2.264711115281441,0.10552642958476777,1.1851187724331043,2
2026-07-16,-2149.07,25243.0,0.0012684823518753774,2.696666364860499,0.020225664628080803,1.35844601474429,2
2026-07-17,-1338.06,25254.0,0.0015851632074106448,3.2801499923353155,-0.09085280391958192,1.5946485942078668,2
2026-07-20,-4569.67,25252.0,0.0012680299686049779,2.234415830221208,0.2966260909220856,1.2655209605716469,2
2026-07-21,-5812.08,25260.0,0.0013865506826729046,2.3850196654406877,0.43710453872412436,1.411062102082406,2
2026-07-22,-13102.13,25260.0,0.0010694552739352048,1.5116520009561294,1.2752584126465942,1.3934552068013617,2
2026-07-23,,25272.0,0.0011481739358973897,1.6388842932181285,,1.6388842932181285,1
2026-07-24,,25272.0,0.0007125044832960725,0.5360056710187989,,0.5360056710187989,1
2026-07-27,,25272.0,0.0007917029944053411,0.707582973699545,,0.707582973699545,1
2026-07-28,,25272.0,0.00047494657743918367,-0.11576385440839564,,-0.11576385440839564,1
2026-07-29,283.71,25306.0,0.0018194048447259803,3.035830972960361,-0.39523372148965236,1.3202986257353544,2
2026-07-30,5893.25,25320.0,0.0018975337761908406,2.9464278892601907,-1.052296715316505,0.9470655869718428,2
2026-07-31,,25338.0,0.0026081816800775925,3.8841281523373157,,3.8841281523373157,1
2026-08-03,,25338.0,0.0026081816800775925,3.418759565680115,,3.418759565680115,1
2026-08-04,,25338.0,0.0026081816800775925,3.073748883844411,,3.073748883844411,1
2026-08-05,,25338.0,0.001263723412790796,0.8794537829071472,,0.8794537829071472,1
2026-08-06,-3211.44,25433.0,0.004452946100544253,4.662265851035016,0.03611022775101412,2.3491880393930153,2
2026-08-07,,25463.0,0.004921172900932191,4.276944241668216,,4.276944241668216,1
2026-08-10,,25463.0,0.004921172900932191,3.680784234926579,,3.680784234926579,1
2026-08-11,,25463.0,0.004921172900932191,3.2685675217684795,,3.2685675217684795,1
2026-08-12,,25463.0,0.004921172900932191,2.959676559010327,,2.959676559010327,1
2026-08-13,,,,,,,0
2026-08-14,5894.1,,,,-1.0743347092192999,-1.0743347092192999,1
2026-08-17,,25586.0,0.004818908814048228,2.6077261450321236,,2.6077261450321236,1
