date,P_Excess_raw,P_Neutral_raw,P_Stress_raw,P_Excess,P_Neutral,P_Stress
2020-02-11,0.0908738125524165,0.8973663180682382,0.011759869379349381,0.09087381255241611,0.8973663180682344,0.01175986937934933
2020-02-12,0.0485798096460361,0.9477992756713495,0.0036209146826187907,0.069726811099226,0.92258279686979,0.007690392030984054
2020-02-13,0.012972295866684169,0.9828061402852322,0.00422156384808787,0.05080863935504538,0.942657244674936,0.006534115970018653
2020-02-14,0.007511092331770476,0.9887143074458191,0.0037746002224143503,0.039984252599226645,0.9541715103676558,0.005844237033117573
2020-02-17,0.012229637743231814,0.9852673868863885,0.0025029753703835096,0.03443332962802768,0.9603906856714016,0.00517598470057076
2020-02-18,0.009690258988228864,0.9861262921521299,0.004183448859645202,0.03030948452139453,0.9646799534181889,0.005010562060416498
2020-02-19,0.00586260840965874,0.9774262248684242,0.01671116672192125,0.02681707364828941,0.9665008493396504,0.006682077012060022
2020-02-20,0.00448973224437015,0.9186659155814936,0.07684435217414033,0.024026155972799505,0.9605214826198805,0.015452361407320023
2020-02-21,0.005285561799413569,0.7630320577104277,0.231682380490163,0.02194386773131217,0.9385782131854964,0.03947791908319135
2020-02-24,0.002554190430594907,0.31052336423491844,0.686922445334491,0.020004900001240448,0.8757727282904385,0.10422237170832105
2020-02-25,0.0012458539815713803,0.15025837489443902,0.8484957711239939,0.01829953218127053,0.8098168779817112,0.17188358983701824
2020-02-26,0.001522968328508231,0.1976445808037559,0.80083245086774,0.016901485193540337,0.7588025198835482,0.22429599492291144
2020-02-27,0.0037535110347476286,0.2604045204217102,0.7358419685435464,0.015890102565940898,0.7204642122326376,0.26364568520142156
2020-02-28,0.02854512761088987,0.5799686937903977,0.3914861785987167,0.016794032926294385,0.7104288180581916,0.272777149015514
2020-03-02,0.19262276169317072,0.7367637762215344,0.07061346208529927,0.02851594817741942,0.7121844819357476,0.25929956988683295
2020-03-03,0.5508305577966923,0.4413453707035738,0.007824071499738282,0.06116061127862383,0.6952570374837367,0.24358235123763955
2020-03-04,0.8015058620905112,0.19712334907149312,0.001370788838000016,0.10471033191461701,0.6659550558124282,0.22933461227295485
2020-03-05,0.8691856237307279,0.1301390883153551,0.0006752879539214605,0.14718118145995632,0.6361875020625907,0.216631316477453
2020-03-06,0.8706067474990836,0.12861840837076016,0.0007748441301608552,0.1852562112514891,0.6094733392367049,0.20527044951180606
2020-03-09,0.9196787584737159,0.0797939458402125,0.0005272956860761367,0.22197733861260027,0.5829893695668802,0.19503329182051954
2020-03-10,0.9657470886570679,0.03397962313139708,0.0002732882115396904,0.26572100241783264,0.5398200348200383,0.19445896276212904
2020-03-11,0.9697274352010563,0.02995867498625921,0.00031388981268908,0.31177838369558347,0.49392800478578397,0.19429361151863256
2020-03-12,0.9934913781649017,0.006408001602993617,0.00010062023210912331,0.36080433781049404,0.44510809785167216,0.1940875643378336
2020-03-13,0.9887725417944397,0.0110606610450505,0.00016679716051409894,0.40986741028362733,0.39622541553163393,0.1939071741847386
2020-03-16,0.9873085409177605,0.012390829309121087,0.0003006297731226323,0.45862135544235355,0.3475815876527709,0.19379705690487561
2020-03-17,0.9421064116972884,0.05335490755670919,0.004538680746007008,0.5052421630778062,0.30094301842300003,0.19381481849919366
2020-03-18,0.5968114493220675,0.28544011934068064,0.1177484313372565,0.5347896051234267,0.266343713146613,0.1988666817299604
2020-03-19,5.268798706415709e-05,1.3419913820337373e-08,0.9999472985930272,0.5345677529105614,0.2204104180385342,0.24502182905090455
2020-03-20,5.774273265347402e-08,1.1155034795884688e-11,0.9999999422461174,0.5343034777077272,0.18225881515357073,0.28343770713870203
2020-03-23,1.522337872529587e-07,3.5916992072780486e-10,0.9999998474070478,0.5341757757978869,0.16673264695978335,0.2990915772423298
2020-03-24,1.6167579961860205e-06,2.4735535758348013e-07,0.9999981358866513,0.5341135639367081,0.15921974058282928,0.3066666954804626
2020-03-25,0.0004981196755202817,0.0011237139209916895,0.9983781664034932,0.5340623215040586,0.14939369723869114,0.3165439812572502
2020-03-26,0.08190444460047515,0.3912285326189609,0.5268670227805692,0.5379698681823448,0.1559348978485536,0.3060952339691014
2020-03-27,0.5734285079998819,0.369264075775115,0.05730741622500882,0.5652140372017944,0.14539966694778955,0.2893862958504161
2020-03-30,0.9754564938381289,0.023134599247157113,0.0014089069147196725,0.604355723809042,0.10971820809907082,0.2859260680918871
2020-03-31,0.9999882295528587,5.469692205612914e-06,6.300754941291699e-06,0.6268136073968502,0.08765121304850253,0.28553517955464724
2020-04-01,0.9999999625521827,1.2168409432747113e-13,3.744770135452872e-08,0.6367383124199338,0.077795045594934,0.2854666419851323
2020-04-03,0.9999981482751071,2.2201650383326206e-07,1.6297083947978017e-06,0.6432789386471527,0.07128810227999147,0.285432959072856
2020-04-13,0.9865997493554779,0.01306198637797074,0.0003382642665572391,0.6490785887399723,0.06551028118035201,0.2854111300796758
2020-04-14,0.6795825751552913,0.3135744646676755,0.006842960177039184,0.6370737795740511,0.0771993071217251,0.2857269133042239
2020-04-15,0.41260006980022157,0.5375064660659806,0.04989346413380378,0.6094164286312088,0.10237564926845412,0.28820792210033697
2020-04-17,0.44925722344846253,0.5036537479458979,0.04708902860564543,0.5833929180435792,0.12606040291643592,0.2905466790399848
2020-04-20,0.9712563919339143,0.027510243635423343,0.0012333644306680978,0.5822811687320298,0.12711551501805743,0.29060331624991276
2020-04-21,0.9992873339601376,0.0006711810508132302,4.148498905497297e-05,0.5828069083403147,0.12659604101834557,0.2905970506413398
2020-04-22,0.9994763304434322,0.0004961316277740068,2.7537928799705462e-05,0.5834152978165983,0.1260013061342782,0.29058339604912364
2020-04-23,0.9914636289199149,0.008399414373440677,0.00013695670665016293,0.5858831586777296,0.12375353147511474,0.2903633098471557
2020-04-24,0.9852251894909485,0.014586638476091474,0.0001881720329657447,0.6053038456861735,0.11021085743188538,0.28448529688194124
2020-04-27,0.9824224655177771,0.01736932142310729,0.00020821305912147728,0.6544223345627087,0.11107932283204504,0.2344983426052462
2020-04-28,0.9846831993714169,0.01512622111059699,0.0001905795179918748,0.7036564916441426,0.1118356338870171,0.1845078744688402
2020-04-29,0.990857105398424,0.009002433357789958,0.00014046124379200046,0.7531993393023741,0.11228575553694813,0.13451490516067768
2020-05-04,0.9998822144889347,0.00010452529653168037,1.3260214539308063e-05,0.8031933691889209,0.11229096943400682,0.08451566137707238
2020-05-05,0.9995628164589467,0.0004120507082695102,2.513283278932032e-05,0.8531466040280917,0.11225538627337069,0.034598009698537456
2020-05-06,0.9999776705485618,1.6238530340203322e-05,6.090921103552159e-06,0.8990502653254958,0.09269477156893977,0.008254963105564334
2020-05-07,0.9999588263221207,3.3148310365550854e-05,8.025367519093102e-06,0.9203767812416077,0.07423322519570241,0.005389993562689866
2020-05-08,0.9999922681586257,4.068783353445564e-06,3.663058026151164e-06,0.9216035699576326,0.07307669867251225,0.005319731369855191
2020-05-11,0.9987275423683004,0.0012274880019024722,4.4969629802413837e-05,0.9215405355984047,0.0731377995879971,0.005321664813598247
2020-05-12,0.9996196579383545,0.00035682183282205286,2.3520228828670597e-05,0.9215215203677133,0.07315564067963211,0.005322838952654612
2020-05-13,0.9991124039799466,0.0008508200638114822,3.677595624704824e-05,0.9214772331529553,0.07319817058199748,0.0053245962650472255
2020-05-14,0.9988654612029776,0.0010933247723715663,4.121402465619213e-05,0.9220905187453303,0.07259973750171754,0.005309743752952173
2020-05-15,0.9949480828047959,0.004956033387474539,9.588380773486438e-05,0.9378587941278054,0.05716881593770759,0.004972389934486959
2020-05-18,0.9864153881953031,0.013409294709536735,0.00017531709516548978,0.9665495600475594,0.03096395736988553,0.002486482582555059
2020-05-19,0.9760085705058954,0.02374542399197125,0.00024600550213850877,0.992887127400431,0.006968541172189334,0.00014433142737972608
2020-05-20,0.9662132756063264,0.03349122273267705,0.00029550166100150477,0.9926349715840516,0.007267590127052017,9.74382888963967e-05
2020-05-21,0.9046852438435906,0.0945623109073434,0.0007524452490708831,0.9879048670782242,0.0119621466198785,0.000132986301897192
2020-05-22,0.6380375620490667,0.3598315504434912,0.002130887507446873,0.9698329286585062,0.029928917560664264,0.00023815378082954984
2020-05-25,0.2301034062850411,0.7661584907465837,0.00373810296837998,0.9317649175267627,0.06781687137932121,0.00041821109391603975
2020-05-26,0.07605431066274305,0.9202736178615565,0.0036720714757051743,0.8863063735853528,0.11310122034859424,0.0005924060660530104
2020-05-27,0.036843531736768874,0.9587334215710559,0.004423046692180166,0.8390274268963026,0.1601694253559914,0.0008031477477059436
2020-05-28,0.056902331617176026,0.9401374557172949,0.002960212665533798,0.7926383835085908,0.20641998708632606,0.0009416294050830391
2020-05-29,0.14206103867221598,0.8557015012764511,0.0022374600513375303,0.7501985801722807,0.24875494048225893,0.0010464793454603152
2020-06-01,0.24162292232436317,0.7563805031203854,0.0019965745552559936,0.7122856155640523,0.28656873937345145,0.001145645062496149
2020-06-02,0.28577047575377046,0.7123444950713502,0.001885029174884078,0.6765959985287938,0.3221653615916053,0.0012386398796008866
2020-06-03,0.2750781674214414,0.723003575472032,0.0019182571065312856,0.6403510233724381,0.3583147284386897,0.0013342481888722728
2020-06-04,0.217695695702201,0.7802084696166034,0.0020958346812002563,0.6012378668414421,0.3973234945040014,0.00143863865455633
2020-06-05,0.13405510704063245,0.8632851189156768,0.0026597740436951752,0.5579410087855428,0.4404875470106174,0.0015714442038397812
2020-06-08,0.02792337127934231,0.9658046694334851,0.006271959287177103,0.5094008002310952,0.4887164060821963,0.0018827936867085143
2020-06-09,0.006635856414545229,0.9805521618814371,0.012811981704022226,0.45975161015490495,0.5377261730846268,0.0025222167604681887
2020-06-10,0.003688835714801396,0.9824745366253052,0.013836627659897925,0.409980431741648,0.5868073589127013,0.0032122093456507296
2020-06-11,0.0036117105936375876,0.9761100094287027,0.02027827997766414,0.36021774421118113,0.6355581931455176,0.004224062643301121
2020-06-12,0.003684060330215215,0.9433063319806084,0.053009607689180796,0.31065454308745244,0.6824757080751742,0.006869748837373406
2020-06-15,0.00407184379134418,0.849433352303022,0.14649480390563832,0.2615373658672547,0.7242769109548484,0.014185723177897014
2020-06-16,0.004125816480916391,0.631350246561262,0.36452393695782603,0.21294322816600594,0.7546571520833126,0.032399619750681306
2020-06-17,0.002571648964876061,0.27028802979968075,0.7271403212354477,0.1647611468339337,0.7664969924366629,0.06874186072940344
2020-06-18,0.00023506080390328833,0.006533434133467514,0.9932315050626337,0.11953863768194957,0.7620955485979692,0.11836581372008137
2020-06-19,6.386277049867504e-05,0.0014850114965185273,0.9984511257329874,0.08763995271802129,0.7441782216506205,0.16818182563135814
2020-06-22,9.541558209822618e-05,0.002885712576400052,0.9970188718415064,0.07613955318287419,0.7060145827421115,0.21784586407501422
2020-06-23,0.00010495678250459824,0.003312705925408819,0.9965823372920914,0.0723420854888623,0.6601665371453043,0.2674913773658334
2020-06-24,6.701371510907031e-05,0.0016390653341383093,0.9982939209507575,0.07050325958777932,0.6123118193334588,0.31718492107876206
2020-06-25,7.60474516924259e-05,0.0020776361549398907,0.9978463163933725,0.06766194537950514,0.5654088283553411,0.3669292262651537
2020-06-26,0.000139997921132638,0.005342407158735118,0.9945175949201372,0.06056589334195101,0.5228908736494555,0.41654323300859347
2020-06-29,0.00014545743891205168,0.005604239666776404,0.9942503028943165,0.04849202009767852,0.4853520604767753,0.4661559194255463
2020-06-30,8.584695986931597e-05,0.002470047530588884,0.9974441055095467,0.03420778865798351,0.44985833809973735,0.5159338732422791
2020-07-01,4.3005461342431744e-05,0.0007380908599511161,0.9992189036787112,0.020456030559978633,0.4137450638691335,0.5657989055708879
2020-07-02,2.3934104380804372e-05,0.00024428338534342436,0.9997317825102806,0.009572442480087673,0.37474685455757073,0.6156807029623417
2020-07-03,1.5235807328104268e-05,9.807002967190652e-05,0.9998866941630047,0.0028704489184224863,0.3315875021132706,0.6655420489683069
2020-07-06,2.8068326730678774e-05,0.00033405922603021987,0.9996378724472439,0.0014756837707919114,0.28331397160289806,0.7152103446263101
2020-07-07,4.054877486952995e-05,0.0007197200931315545,0.9992397311320038,0.0011459183888081282,0.23432234951348307,0.7645317320977089
2020-07-08,0.00024439459686412983,0.01370646804482192,0.9860491373583189,0.0009736963329112656,0.18588394608445913,0.8131423575826296
2020-07-09,0.00044254047632473665,0.02746958041208468,0.9720878791115954,0.000815237827045624,0.13845192463362843,0.860732837539326
2020-07-10,0.0002444417630179758,0.014848213346024177,0.9849073448909627,0.0006432568986857627,0.09202901870189943,0.9073277243994149
2020-07-13,0.00020943646558871875,0.011145158082693382,0.9886454054517227,0.00045013653239799045,0.0501146089908832,0.9494352544767188
2020-07-14,0.0001851805100955317,0.00826438202900135,0.9915504374609079,0.00025310473385694844,0.018960315764270312,0.9807865795018729
2020-07-15,5.341875887284142e-05,0.0011308395318549833,0.9988157417092768,0.00012719322355678802,0.005502456250879085,0.994370350525564
2020-07-16,4.9200686880906675e-05,0.0009488389683602254,0.9990019603447635,0.00011790021770566901,0.005223226492623722,0.9946588732896706
2020-07-17,9.436948669168716e-05,0.0026902325057443655,0.9972153980075686,0.00011942555351531959,0.0052834875430850135,0.9945970869033995
2020-07-20,2.789856859651471e-05,0.0003281250578040078,0.9996439763736041,0.00011604970284023402,0.0051556081671552114,0.9947283421300045
2020-07-21,2.7875150922550322e-05,0.0003272766377624041,0.9996448482113196,0.00011219562126113166,0.005006336702772892,0.994881467675966
2020-07-22,3.079099286806368e-05,0.0003991531424302942,0.9995700558647063,0.00011038448514908133,0.004944341093187491,0.9949452744216634
2020-07-23,7.200115062393931e-05,0.0018404021926140795,0.9980875966567664,0.00011018217009565702,0.0049324793950712015,0.9949573384348331
2020-07-24,9.987528571303578e-05,0.0034849194287051447,0.9964152052855864,0.00010817603832467693,0.004839605008569704,0.9950522189531057
2020-07-27,0.00023188925771390332,0.012356524532539315,0.9874115862097513,0.00011249762926476949,0.005177219251857847,0.9947102831188773
2020-07-28,0.0002774858123253829,0.016687348296071366,0.9830351658916079,0.0001220795718875728,0.005888084290131968,0.9939898361379805
2020-07-29,0.000280370922497825,0.01608126228094555,0.9836383667965615,0.00013394784494534238,0.006655242861181686,0.993210809293873
2020-07-30,0.00016086477049967257,0.007583605620889571,0.9922555296086155,0.00014079437825128578,0.007022208972958992,0.9928369966487898
2020-07-31,0.0001444294092010151,0.006088691955418122,0.9937668786353857,0.0001472540583449313,0.007321740069246302,0.9925310058724088
2020-08-03,0.00014910177999893286,0.006092275046470093,0.9937586231735359,0.00015330573100834398,0.007609650860268293,0.9922370434087234
2020-08-04,0.00010431064528726097,0.004106594032155514,0.9957890953225622,0.00015649382452923052,0.007778994557219491,0.9920645116182513
2020-08-05,0.0002854442859666683,0.019377359759667978,0.9803371959543704,0.0001585463089843574,0.008062539142961792,0.9917789145480538
2020-08-06,0.0004831163278730652,0.04499617569517767,0.9545207079769544,0.0001605751015617738,0.008938868907116435,0.9909005559913218
2020-08-07,0.0008189899179173771,0.095431456411493,0.9037495536705947,0.00018930250930674372,0.012968031060389856,0.9868426664303034
2020-08-10,0.0013505761539123386,0.1865002391227807,0.812149184723312,0.0002463594937229245,0.021735785112394185,0.9780178553938829
2020-08-11,0.002119266144368622,0.33771007724465907,0.6601706566109774,0.00034306377543657845,0.03820806987317698,0.9614488663513864
2020-08-12,0.001996469901038715,0.3958471612518082,0.6021563688471581,0.00044021633254487163,0.05794388595917455,0.9416158977082806
2020-08-13,0.0022951505905967106,0.4866952453968835,0.5110096040125249,0.0005525138277306613,0.08223120628060059,0.9172162798916688
2020-08-14,0.002669360041630599,0.5994977603484318,0.3978328796099426,0.0006812633554776062,0.11207158267273484,0.8872471539717875
2020-08-17,0.003098833803289139,0.7286424695362165,0.26825869666049945,0.0008348101172122367,0.1484872998966553,0.8506778899861326
2020-08-18,0.003903702369138779,0.8695357466048822,0.126560551025984,0.001028601478123047,0.19194772339501104,0.8070236751268658
2020-08-19,0.003909008727255098,0.8949838785540929,0.101107112718657,0.001222512364842398,0.23667695966559393,0.7621005279695636
2020-08-20,0.0047283657002143474,0.8509699344208292,0.1443016998789612,0.0014553305923219173,0.2791334362770045,0.7194112331306736
2020-08-21,0.006281210369069079,0.6613537327166314,0.3323650569143042,0.001764397346489718,0.3120268769414007,0.6862087257121097
2020-08-24,2.427920349721361e-06,7.233698130981474e-09,0.9999975648459569,0.001752924279621509,0.3114090510764586,0.68683802464392
2020-08-25,6.9327707590435894e-06,1.686041456360511e-05,0.9999762068146822,0.001739396627543192,0.31057552668238325,0.6876850766900736
2020-08-26,0.00011798665637508711,0.0027543150988736456,0.9971276982447559,0.001731277414237055,0.30990917932327966,0.6883595432624834
2020-08-27,0.0009618502875143801,0.0076886564022136655,0.9913494933102766,0.0017713266900877902,0.30991443186234585,0.6883142414475665
2020-08-28,0.01733824208102736,0.020621266916055054,0.9620404910029221,0.0026310173236791033,0.3106410606103777,0.6867279220659432
2020-08-31,0.7620138403272776,0.1290736637376405,0.10891249593508641,0.04072425425104285,0.31679013004493617,0.6424856157040211
2020-09-01,0.35334257866335417,0.6240217358427952,0.0226356854938551,0.05838616765194611,0.34778588713546793,0.5938279452125859
2020-09-03,0.06928315478546364,0.9082357711817574,0.02248107403278344,0.06183605317692093,0.39222880770657226,0.5459351391165067
2020-09-04,0.03288911731988541,0.9621432620822472,0.004967620597871822,0.06345635322652156,0.4380861620259255,0.49845748474755286
2020-09-07,0.01835557426571262,0.9789564634610415,0.00268796227325043,0.06433318244391131,0.4822624123784027,0.4534044051776859
2020-09-08,0.008466183301054937,0.9880832215575572,0.0034505951413924445,0.06468896280126844,0.5223415615001413,0.4129694756985901
2020-09-10,0.011185142808652397,0.9864358594361761,0.0023789977551760904,0.06514225663448263,0.5547778506097172,0.3800798927558002
2020-09-11,0.008180540898743855,0.9885027417608513,0.003316717340409382,0.0654514601843679,0.5844106296351691,0.350137910180463
2020-09-14,0.016804211892282553,0.9809900060062442,0.0022057821014779665,0.06617691324945219,0.6091253676656371,0.32469771908491074
2020-09-15,0.023840539977699683,0.9740734607063892,0.0020859993159158207,0.06723547224625563,0.627854152683535,0.30491037507020946
2020-09-16,0.03306384764106624,0.9647924185231087,0.002143733835829686,0.06873372293814449,0.6396616501328795,0.2916046269289761
2020-09-17,0.050371500565810884,0.9470919947619016,0.002536504672292259,0.07105711284797805,0.6435394625407304,0.2854034246112915
2020-09-18,0.08672226140260293,0.9079677653960155,0.005309973201386277,0.07519777548174547,0.6441886568828266,0.28061356763542805
2020-09-21,0.05282988434873984,0.9210318906009513,0.026138225050313536,0.07760285141417173,0.6476917546918326,0.2747053938939956
2020-09-22,0.023388172388910833,0.7873882153126699,0.1892236122984239,0.0784581995151638,0.6539934788216345,0.2675483216632017
2020-09-23,0.00013022416928098308,0.00028405134897698247,0.999585724481747,0.07846458932761037,0.6540076810273986,0.2675277296449912
2020-09-24,6.437357814847311e-06,1.3060723876467521e-05,0.9999805019183137,0.07846456455696317,0.6540074910428642,0.26752794440017286
2020-09-25,3.1656806728113943e-06,2.713343276756204e-06,0.9999941209760551,0.07845882350817805,0.6538699109550844,0.26767126553673776
2020-09-28,5.526780722676267e-07,9.752651081657373e-09,0.9999994375692813,0.07841075862770593,0.6534854786226062,0.2681037627496879
2020-09-29,0.0005456451255247312,0.0005840638369466709,0.9988702910375336,0.07757112877993079,0.6524836184686506,0.26994525275141845
2020-09-30,0.15273999762204946,0.6651368511342168,0.18212315124373848,0.04710743664466953,0.6792867778384793,0.2736057855168511
2020-10-01,0.3976994895267725,0.5765765970187187,0.025723913454513483,0.04932528218784043,0.6769145208972754,0.27376019691488396
2020-10-02,0.755406925785532,0.24143137113684593,0.003161703077626495,0.0836314707378437,0.6435743008950302,0.27279422836712613
2020-10-05,0.9998606878548669,0.00010650029628936065,3.281184884812766e-05,0.13198004926459256,0.5954724628057325,0.272547487929675
2020-10-06,0.9952519008805091,0.004611160729176728,0.00013693839031879312,0.18082486559533217,0.5467551976691395,0.27241993673552845
2020-10-07,0.7879291934193358,0.2105874105766844,0.001483396003984379,0.219798016101246,0.5078804071200961,0.272321576778658
2020-10-08,0.6912922183111793,0.30721985650636835,0.0014879251824572723,0.25380336987637225,0.47391960697360574,0.27227702315002206
2020-10-09,0.6725530027407606,0.3260140909981434,0.0014329062611010937,0.2870219929684728,0.44079517443547045,0.2721828325960566
2020-10-12,0.7247127573179111,0.2738688819178022,0.0014183607642915918,0.3224174202397541,0.4054391182310486,0.2721434615291973
2020-10-13,0.8716396553705846,0.12750654097564332,0.0008538036537768817,0.3648073760093981,0.36311077224451144,0.27208185174609034
2020-11-13,0.9999999904587821,1.1015202193709921e-25,9.541222742471917e-09,0.41315418315028374,0.3148711513183562,0.27197466553135996
2020-11-16,0.5849600663571982,0.4113012093521673,0.0037387242906392055,0.439883611439853,0.2880816120478697,0.27203477651227737
2020-11-17,0.4813450055016351,0.5135146904347488,0.005140304063620789,0.45961474864480445,0.2683589582998064,0.27202629305538906
2020-11-18,0.1806567793918507,0.7841979147235202,0.035145305884634076,0.4660060933969599,0.2615172595059349,0.27247664709710506
2020-11-19,0.07986111126676386,0.746959999605529,0.17317888912771218,0.4688297403408526,0.25949584872057785,0.2716744109385695
2020-11-20,2.3368542881639623e-05,3.7628795808573916e-10,0.9999766310808357,0.46882439755953265,0.25948164617194336,0.27169395626852394
2020-11-23,0.00836065918273055,0.7417732985945888,0.24986604222268605,0.46924210865077837,0.29656965806547886,0.23418823328374272
2020-11-24,0.004053616724209846,0.8699468669808421,0.12599951629495348,0.4694446312029552,0.3400668657473569,0.19048850304968784
2020-11-25,0.003244499564115263,0.9291141100349763,0.06764139040091403,0.4696068285472573,0.38652257076147295,0.14387060069126972
2020-11-26,0.003184262423361622,0.9557659156675656,0.04104982190907831,0.4697387594121492,0.43428166335300367,0.09597957723484718
2020-11-27,0.004147149054426046,0.9663486824542767,0.029504168491302725,0.462309116983768,0.4493422549190065,0.08834862809722543
2020-11-30,0.00684127918775225,0.9423757932009833,0.05078292761127025,0.442766206466817,0.4676322147281196,0.08960157880506325
2020-12-01,0.02370725082768832,0.9653567926095923,0.01093595656272523,0.4061812227189251,0.5038284858017568,0.08999029147931818
2020-12-02,0.0837713037851856,0.9130519569089794,0.003176739305840609,0.36037675351544124,0.5494757586323911,0.0901474878521678
2020-12-03,0.1501989127824882,0.8475872375099578,0.002213849707559848,0.3181241041105403,0.5916245624714298,0.09025133341802984
2020-12-04,0.15995223005765757,0.8378742358026006,0.0021735341397477485,0.28672525594245657,0.6229889037327253,0.090285840324818
2020-12-07,0.1210097146391538,0.8759672376044789,0.003023047756373126,0.25821113075885543,0.6514262727876308,0.09036259645351379
2020-12-08,0.0306058523613858,0.9596481502403859,0.00974599739823404,0.22611377323988693,0.6831079757497427,0.09077825101037044
2020-12-09,0.007505345877685929,0.9538348370052132,0.03865981711710652,0.19025340266787583,0.717106273504113,0.09264032382801117
2020-12-10,0.003986821520986155,0.9040709718316536,0.0919422066473658,0.14687076097539614,0.7559344950469133,0.09719474397769061
2020-12-11,0.0036878850217104803,0.9137444239199515,0.08256769105834379,0.09705515570354281,0.8016217162429106,0.10132312805354661
2020-12-14,0.005541537942932396,0.9781608903434759,0.01629757171359745,0.06808422928282969,0.8299647002924758,0.10195107042469452
2020-12-15,0.004240728001739869,0.9887453534845551,0.007013918513710905,0.044229015407835054,0.8537262334449659,0.102044751147199
2020-12-16,0.004648530071274541,0.9905886951885203,0.004762774740210932,0.03542860294180629,0.8640457724682159,0.10052562458997787
2020-12-17,0.008953803540420295,0.9883412270915474,0.0027049693680381024,0.03188323755548912,0.8761148338425166,0.09200192860199419
2020-12-18,0.008817780485404103,0.9873130049241858,0.0038692145904160114,0.032322958152615246,0.9254804840699112,0.042196557777473505
2020-12-21,0.004833870461885223,0.980566543740658,0.014599585797462799,0.032146618716572976,0.9374201463272146,0.030433234956212408
2020-12-22,0.006635176065857832,0.951883723016287,0.04148110091786104,0.03227569668365538,0.9415169891289868,0.02620731418735781
2020-12-23,0.009883766254534694,0.7989167402720311,0.19119949347343992,0.03260766001817636,0.9350071206408397,0.032385219340984074
2020-12-24,0.0004938080469197513,0.009961246656926465,0.9895449452961596,0.03247313729935426,0.887716887190308,0.07980997551033787
2020-12-25,3.598947395121418e-05,0.0004456203023830604,0.9995183902236717,0.03226757932033052,0.8394217340827134,0.12831068659695602
2020-12-28,6.475472699734555e-06,1.4989838406206128e-05,0.9999785346888999,0.03192583913457788,0.792303693914585,0.17577046695083723
2020-12-29,7.231128395105777e-07,4.786265277994259e-08,0.9999992290245135,0.030740512748835453,0.7440358566772381,0.2252236305739264
2020-12-30,2.5848605730816655e-07,1.6235406974541508e-09,0.999999739890408,0.026551960483879065,0.6983832589129666,0.2750647806031544
2020-12-31,0.00013971278733364197,0.00111604765337692,0.9987442395592956,0.019049000484121382,0.6560596994201378,0.3248913000957409
2021-01-04,0.008873519540856283,0.4773965500373393,0.5137299304218107,0.01149506495828136,0.6380358151318748,0.35046911990984386
2021-01-05,0.04792632653281899,0.8500307995707242,0.1020428738964629,0.007840895552964642,0.636738993230187,0.3554201112168484
2021-01-06,0.1315541527954204,0.8351546236363923,0.03329122356819342,0.012888310574666339,0.6305143168999873,0.3565973725253463
2021-01-07,0.13007460127716244,0.8198877157899919,0.05003768293285163,0.019016773344640126,0.6238169608392262,0.35716626581613353
2021-01-11,0.023308908227896073,0.7140847613975034,0.2626063303746063,0.019982877679985616,0.6143176503175188,0.36569947200249553
2021-01-12,0.006571965127364987,0.7916289083593784,0.20179912651326262,0.02012708168526835,0.6082118745394902,0.37166104377524145
2021-01-13,0.005444341792627284,0.9114792720657292,0.08307638614164935,0.020122221877753088,0.6048777936256028,0.374999984496644
2021-01-14,0.012528618011067102,0.9580225166736753,0.02944886531526336,0.02053661637821945,0.6033416517850588,0.3761217318367216
2021-01-15,0.05341462416235582,0.9314670594904426,0.015118316347207146,0.022974921082773502,0.6003855700001551,0.3766395089170715
2021-01-18,0.06236918528618389,0.8912172734801411,0.04641354123368038,0.025645690170061665,0.5955293723195848,0.3788249375103536
2021-01-19,0.016482190039244445,0.6612753045508296,0.32224250540993143,0.026028910647753676,0.5792274873009171,0.3947436020513292
2021-01-20,0.0005871423824286636,0.011603059904224096,0.9878097977133529,0.025816574243780855,0.5307793131090957,0.44340411264712354
2021-01-21,2.6344747163987124e-05,0.0002262118386909277,0.9997474434141506,0.025486132677846166,0.4831964375502162,0.4913174297719377
2021-01-22,1.2676551268905552e-05,6.760512598175382e-05,0.9999197183227548,0.024992578192682875,0.4432539807929139,0.5317534410144031
2021-01-25,1.162763243904954e-06,1.608033331189152e-07,0.9999986764334285,0.024967945928499085,0.44275592650023426,0.5322761275712666
2021-01-26,9.798853208046953e-05,0.00031998420247560875,0.9995820272654495,0.024971045881405543,0.44274964469523886,0.5322793094233556
2021-01-27,0.01445821030923887,0.5069252518930819,0.4786165377976847,0.025693632623232498,0.4680951577979725,0.5062112095787951
2021-01-28,0.08097775259651488,0.788223641292098,0.13079860611139277,0.029742484097416245,0.5075063374694446,0.4627511784331392
2021-01-29,0.3301540845128794,0.6449851513235896,0.02486076416353642,0.046250175398757254,0.5397555949544468,0.41399422964679583
2021-02-01,0.9381506912721448,0.06061879850961288,0.0012305102182480297,0.09315072432299755,0.5427307324972587,0.36411854317974374
2021-02-02,0.9999999999420935,7.038574860516686e-36,5.791203121353508e-11,0.14270704834305917,0.5188609049953918,0.338432046661549
2021-02-03,0.9999694091172776,2.132288227653893e-05,9.268000451167226e-06,0.19030920247228178,0.4763604311609697,0.3333303663667484
2021-02-04,0.950020434802492,0.049342107567865466,0.0006374576296476714,0.2312325165726352,0.4370698053575436,0.33169767806982126
2021-02-05,0.8841132799258009,0.11220600208837954,0.0036807179858247933,0.2689344505050669,0.4016857196724632,0.32937982982246994
2021-02-08,0.9999418566555344,4.394375978803401e-08,5.809940071127456e-05,0.3177660979264485,0.3659814837997762,0.3162524182737752
2021-02-09,0.1651995074658608,0.7452685364106237,0.0895319561235207,0.32569747504337326,0.36366346520233855,0.3106390597542882
2021-02-17,0.04210205849636029,0.8353682787432619,0.12252966276038299,0.32753036087855986,0.3598579155362152,0.3126117235852248
2021-02-18,0.027170849338704256,0.7441828850049501,0.22864626565635077,0.3282624724449418,0.34916593395277906,0.3225715936022792
2021-02-19,0.0001516550103175865,0.00036501531120808225,0.9994833296784793,0.32559932398734,0.30261083174381753,0.37178984426884254
2021-02-24,4.072656686289676e-06,3.958451412517827e-06,0.9999919688919061,0.3224810683558651,0.25805016599238134,0.4194687656517536
2021-02-25,5.085654961756244e-05,9.595806154484507e-05,0.9998531853888425,0.3216595016813837,0.2249911986679173,0.4533492996506989
2021-02-26,0.006083337665900935,0.6418912435338303,0.3520254188002737,0.3219343114455574,0.25650560784939747,0.42156008070504525
2021-03-01,0.00587232777297075,0.8047478038423304,0.1893798683847038,0.3222266105968477,0.29673168744957923,0.38104170195357306
2021-03-02,0.012326584026339633,0.8325588234618746,0.15511459251179083,0.3228423059706012,0.3383562483663737,0.33880144566302506
2021-03-03,0.06370582784894854,0.8818259362393723,0.05446823591168462,0.3260275392248865,0.3824475371381753,0.29152492363693816
2021-03-04,0.3470581702232077,0.6454881370945116,0.007453692682286072,0.3433755483094427,0.414705944782777,0.24191850690778025
2021-03-05,0.5834499638737519,0.4145355979997823,0.0020144381264713606,0.3718251359876682,0.410086462088112,0.2180884019242197
2021-03-08,0.6226913154722983,0.3757722377232471,0.0015364468044601158,0.39891081413145724,0.3894638919096696,0.21162529395887308
2021-03-09,0.4696595824664174,0.5283781114641292,0.0019623060694587352,0.4058860890291341,0.38363353991669663,0.21048037105416922
2021-03-10,0.37733455082043416,0.6205676830445803,0.0020977661349909724,0.37784528200654877,0.4116309841434449,0.21052373385000642
2021-03-11,0.16534911684160636,0.8318481669503492,0.002802716208049743,0.3361127378515246,0.453223392490962,0.2106638696575133
2021-03-12,0.054725441367949525,0.9418332356518558,0.0034413229801998086,0.2888505394640584,0.5003139881294408,0.2108354724065007
2021-03-15,0.028885557708720394,0.9665706969354078,0.004543745355876988,0.24279379560937012,0.5461754175978177,0.21103078679281215
2021-03-16,0.05377220556512673,0.9435487698903035,0.002679024544574954,0.20127674189133657,0.5877425559879137,0.21098070212074962
2021-03-17,0.0177890764213026,0.979215003997512,0.0029959195811909015,0.15216910287962532,0.6367033039906012,0.21112759312977367
2021-03-18,0.006397692732933254,0.9891997302548992,0.0044025770121731865,0.14422901214297892,0.6488998636828147,0.20687112417420628
2021-03-19,0.0055838904878399796,0.9904508034872199,0.003965306024945635,0.14240310374255294,0.6566539899200124,0.20094290633743442
2021-03-22,0.00925071153855834,0.9866292026103584,0.004120085851088671,0.14150709685254567,0.6687763058002829,0.18971659734717142
2021-03-23,0.006514086718879866,0.9779287257576254,0.015557187523500215,0.1418252184379738,0.7176544913226036,0.14052029023942272
2021-03-24,0.009726242907824464,0.9250518965241715,0.06522186056800916,0.14231132695053073,0.7639068882262413,0.09378178482322812
2021-03-25,0.03934342225703295,0.8977200241230642,0.06293655361990799,0.14427595523590142,0.8087880915293169,0.04693595323478163
2021-03-26,0.2400957520424885,0.7417160944163439,0.018188153541172723,0.15597657595473075,0.8137793340734425,0.030244089971826666
2021-03-29,0.9886656785402607,0.010688713853389297,0.0006456076063554272,0.20511624349309499,0.7740763795739958,0.020807376932909297
2021-03-30,0.9325510654365814,0.06606024576172155,0.001388688801702483,0.2511274675636068,0.7357514506889883,0.013121081747404917
2021-03-31,0.989652749840812,0.010179710658364857,0.0001675395008287807,0.2974248136631997,0.6921691394099382,0.010406046926862141
2021-04-01,0.9999914336012936,4.543178343040677e-06,4.023220368511205e-06,0.33007147683210386,0.6598949597141298,0.010033563453766265
2021-04-02,0.9994760568757253,0.0004900138357554603,3.3929288524492174e-05,0.35087278148220236,0.6391926805059286,0.00993453801186892
2021-04-05,0.9549283005392941,0.04419375993445159,0.0008779395262594403,0.36748463073555215,0.622613756616489,0.00990161264795889
2021-04-06,0.998866789687902,0.001082251558637969,5.095875346508191e-05,0.3939449910966262,0.5962489636212145,0.009806045282159203
2021-04-07,0.9721022206632297,0.02754132987841154,0.0003564494583637535,0.42368337458876576,0.5665976459629064,0.009718979448327846
2021-04-08,0.835525201728484,0.16225148611085766,0.0022233121606634854,0.4571921788331096,0.5331178119209319,0.009690009245958532
2021-04-09,0.871687846247282,0.12716660739919508,0.0011455463535280206,0.49804029907707603,0.4923844805082992,0.009575220414624946
2021-04-12,0.9980445847474765,0.0018845622230876024,7.085302944107327e-05,0.5464982504290136,0.44415017377268334,0.009351575798303148
2021-04-13,0.9996336305044595,0.00034318745199914607,2.3182043546307123e-05,0.5937913216759798,0.3969898946507684,0.00921878367325172
2021-04-14,0.9992118332478385,0.0007537734542007931,3.4393297965853496e-05,0.6428624595173064,0.3480668331236031,0.009070707359090466
2021-04-15,0.9901527305275775,0.009651059752426928,0.00019620972000069858,0.6920502114070385,0.29908939959847974,0.008860388994481846
2021-04-16,0.8008444453394634,0.1974543460736212,0.0017012085869203858,0.7318132391496194,0.25943957672780005,0.008747184122580583
2021-04-19,0.1917320982782208,0.8023244655007505,0.005943436221033489,0.7409373084866026,0.2502243398723197,0.008838351641077824
2021-04-20,0.048356904688019245,0.947327158674222,0.004315936637763585,0.7430294493850595,0.24869426151814947,0.008276289096790995
2021-04-22,0.016272550301352308,0.9802098198419297,0.0035176298567227513,0.7433567647547359,0.2514521576840374,0.00519107756122669
2021-04-23,0.011553517519580534,0.985128012304872,0.0033184701755523483,0.7419672695178633,0.25582255709312773,0.0022101733890089233
2021-04-26,0.021365152962743474,0.9751698114654347,0.0034650355718265713,0.7310307395638761,0.26749524294558225,0.0014740174905416195
2021-04-27,0.07173047373234229,0.9243622718665703,0.0039072544010922685,0.6851839793234805,0.3131789208462411,0.0016370998302784612
2021-04-29,0.26902229307143716,0.7259688488991327,0.00500885802943514,0.6520075407052234,0.34617435100311145,0.0018181082916650926
2021-05-04,0.9999712693937463,7.279469044357534e-06,2.1451137214257014e-05,0.6525234666828702,0.34566572944364554,0.001810803873484367
2021-05-05,0.9999969931347527,8.321698784576902e-07,2.1746953736628886e-06,0.6525237446595431,0.34566554389322235,0.0018107114472346243
2021-05-06,0.9997417615301931,0.00018545504761609824,7.27834221955273e-05,0.6525370298922665,0.34565031595381523,0.0018126541539181754
2021-05-11,0.2435698027562565,0.74966095804191,0.0067692392018386385,0.6169691050031149,0.380923675859188,0.002107219137697134
2021-05-12,0.07439800898827845,0.9207440457872214,0.00485794522450528,0.5707456659681339,0.426906765570617,0.002347568461249144
2021-05-13,0.043722490009788735,0.9521397939269716,0.004137716063244982,0.5243266794354621,0.47313668877304466,0.002536631791493203
2021-05-14,0.06757092161256227,0.9274518549068417,0.004977223480601476,0.4859289654296662,0.5113967072128437,0.002674327357490103
2021-05-17,0.21979072903646793,0.7729311685607754,0.0072781024027621065,0.45333410956912557,0.5436849352709225,0.002980955159951805
2021-06-07,0.9999999942686031,1.8272937893301273e-27,5.731402268511013e-09,0.4534318800451819,0.5435907071597682,0.0029774127950498645
2021-06-08,0.950368275343104,0.04915635862217414,0.00047536603472732823,0.45096861228711416,0.5460313657182769,0.003000021994608916
2021-06-09,0.8998722425280168,0.098971783314689,0.0011559741572995154,0.44600163275112314,0.5509422662113014,0.003056101037575599
2021-06-10,0.8464639724626083,0.1468471261111862,0.006688901426210855,0.4388171948478747,0.5578020695292392,0.0033807356228861044
2021-06-11,0.7733695309912669,0.16461140119440007,0.062019067814338295,0.43744344913046485,0.5561599222852781,0.0063966285842569845
2021-06-14,0.0007797827830721062,1.0832216947270795e-08,0.9992202063847162,0.4278958333557074,0.5160436995518517,0.05606046709244087
2021-06-15,0.03480223575194977,0.8165070739040383,0.14869069034401705,0.427218099908904,0.5095026953133427,0.06327920477775349
2021-06-16,0.034953831798973205,0.9201281540091253,0.04491801419190672,0.42815216398378503,0.5064986120217024,0.06534922399451268
2021-06-17,0.02975970859137631,0.9152211372323624,0.05501915417626654,0.42906247353737487,0.5030032682680768,0.06793425819454839
2021-06-18,0.01381615562091939,0.745831451953809,0.24035239242527684,0.4286850236702836,0.4915363502924956,0.07977862603722084
2021-06-21,9.70063361437653e-05,0.00021348017342715474,0.9996895134904347,0.4251033503004737,0.4453289107078387,0.1295677389916877
2021-06-22,2.343098593636396e-05,0.00021668571313957313,0.9997598833009298,0.41165340719619853,0.4090413025485392,0.17930529025526215
2021-06-23,3.425132143281254e-05,0.000482363144729681,0.9994833855338433,0.3616565562925832,0.40906505673232346,0.22927838697509334
2021-06-24,4.2427520268209427e-05,0.0007062804017106545,0.999251292078027,0.3116588280118593,0.40910032914391503,0.2792408428442257
2021-06-25,5.876928201782229e-05,0.0009270126331031998,0.9990142180848848,0.26167467839945074,0.4091374070231894,0.3291879145773599
2021-06-28,0.0013115326520380885,0.06949992894093077,0.929188538407037,0.24956176489423987,0.37512935556814064,0.3753088795376196
2021-06-29,0.00047823569825134187,0.038309829163010525,0.961211935138744,0.24586577622973857,0.33100764473693034,0.42312657903333123
2021-06-30,0.00035343296352965384,0.027767193494237022,0.9718793735422392,0.24369732337742558,0.2847890147152938,0.4715136619072807
2021-07-01,0.0012436949064007715,0.08936322408856844,0.9093930810050367,0.2403809620421175,0.24288458317438033,0.5167344547835021
2021-07-02,0.007916783865210839,0.5055835474545288,0.4864996686802662,0.2297872647835547,0.2295172021190681,0.5406955330973772
2021-07-05,0.03154507574954588,0.7089925095871255,0.2594624146633343,0.18136451885760213,0.2649668275984242,0.5536686535439737
2021-07-06,0.1743959551647375,0.7051310147857832,0.12047303004948498,0.142565902848684,0.2977655604066044,0.5596685367447116
2021-07-07,0.999998644964858,1.151133508163052e-20,1.355035147755233e-06,0.14757222297052602,0.29281697124086997,0.559610805788604
2021-07-08,0.20552627559809342,0.7834180370028425,0.011055687399069968,0.11552533812730048,0.32464551678545267,0.5598291450872469
2021-07-09,0.05060394562615052,0.9350868032264874,0.01430925114736794,0.07938705885904485,0.3631692868870567,0.5574436542538984
2021-07-12,0.02144426871449997,0.9415733367976241,0.03698239448788168,0.08042028315561624,0.4102479531853268,0.509331763659057
2021-07-13,0.016055274259692713,0.8071060916039383,0.1768386341363748,0.07948293508100338,0.4097779040703218,0.5107391608486748
2021-07-14,1.1062603189257013e-05,2.6129060013358664e-10,0.999988937135526,0.0777357966212142,0.3637714963829304,0.5584927069958555
2021-07-15,0.011141305802116981,0.8225394118761064,0.1663192823217826,0.07680487648175123,0.3591374101151176,0.5640577134031313
2021-07-16,0.0076724072503560605,0.9594582196906081,0.0328693730590418,0.07649768906322306,0.3698187485019575,0.5536835624348195
2021-07-19,0.009395484038139543,0.9842061359858877,0.0063983799759786695,0.07696261294832285,0.4190183812925802,0.5040190057590971
2021-07-20,0.009146665082254429,0.9879915419948131,0.0028617929229382876,0.07741877465313876,0.4684071241066636,0.4541741012401977
2021-07-21,0.007828535290557947,0.9895101463800162,0.002661318329431306,0.07780848885159501,0.5178585132684276,0.40433299787997745
2021-07-22,0.00947372338029581,0.9879417361198277,0.00258454049988196,0.07828005364459638,0.5672202860543333,0.35449966030107044
2021-07-23,0.01786245807537213,0.980072600386897,0.0020649415377361094,0.0791702380842641,0.6161775654420226,0.3046521964737133
2021-07-26,0.012727954121325978,0.9849746091470037,0.002297436731675679,0.0797410591577285,0.6619512994523261,0.2583076413899455
2021-07-27,0.013195905032992162,0.9845617459433522,0.0022423490236609042,0.08037694262446553,0.7092638952913428,0.21035916208419161
2021-07-28,0.017587223660397992,0.980304968575406,0.0021078077642012697,0.08123863215930896,0.7568907840454011,0.16187058379529004
2021-07-29,0.017150813289460647,0.9802188351430142,0.0026303515675304406,0.08203398807846192,0.801433564598123,0.11653244732341497
2021-07-30,0.00730945278391134,0.9853638660666487,0.007326681149445009,0.08200362152439696,0.825422580528729,0.09257379794687402
2021-08-02,0.0036038403420051235,0.9673839839141978,0.02901217574380222,0.08060655975401995,0.8383421542450825,0.08105128600089752
2021-08-03,0.0031307091738954815,0.9412579322689223,0.055611358557187296,0.07204329745447788,0.8501485001192395,0.07780820242628265
2021-08-04,0.0030381530428852284,0.8954642941574541,0.10149755279966566,0.022195272858379522,0.894921714827112,0.08288301231450852
2021-08-05,0.0031373816411624806,0.8524877233061231,0.14437489505271925,0.012075828160533033,0.898375199142276,0.08954897269719095
2021-08-06,0.004071537960427076,0.8038216846718178,0.19210677736776022,0.009749207777246877,0.8918119432145426,0.09843884900821054
2021-08-09,0.0060925472624104166,0.9126043221972007,0.08130313054039377,0.008981621704642402,0.8903634924845214,0.10065488581083612
2021-08-10,0.02110840342481663,0.9664364251780244,0.012455171397163829,0.0092342781628986,0.8983300091632257,0.09243571267387563
2021-08-11,0.03920686102575087,0.9571774959013923,0.0036156430728615857,0.011194068084026669,0.9461888839452307,0.042617047970742665
2021-08-12,0.07987249747746672,0.9175471947746836,0.002580307747854318,0.014630627667794141,0.9509392730901596,0.034430099242046305
2021-08-13,0.182072932372109,0.8157309629868996,0.002196104640996146,0.023350653923881737,0.9437529102549742,0.03289643582114402
2021-08-16,0.22062631375575842,0.7768003018401591,0.0025733844040873935,0.033912195409762626,0.9333826185476879,0.03270518604254947
2021-08-17,0.07286462102465795,0.9241486538182172,0.002986725157129658,0.037098093206882794,0.9301904741388581,0.032711432654259034
2021-08-18,0.027538619617373118,0.9697845076607108,0.0026768727219208454,0.03808359742322354,0.929204192202893,0.03271221037388351
2021-08-19,0.01350121956930883,0.9836873801623974,0.0028114002682986085,0.0382849722326742,0.9289914744050215,0.03272355336230435
2021-08-20,0.008410405060159158,0.9867125640558105,0.004877030884035118,0.03781236958191355,0.9293234725884671,0.032864157829619295
2021-08-23,0.0036431806963224574,0.9766374771123217,0.019719342191360782,0.03735813091066339,0.9289066159867331,0.033735253102603543
2021-08-24,0.002946141263985581,0.9708984988780627,0.026155359857956924,0.03684564272221305,0.9282234536334685,0.034930903644318334
2021-08-25,0.0028473112422828014,0.9698707165367101,0.02728197222101214,0.036108647101307303,0.9277017410315339,0.03618961186715889
2021-08-26,0.002850405656899196,0.9725871447951046,0.02456244954800165,0.03539362671967923,0.9273201565141383,0.03728621676618244
2021-08-27,0.0029974682925503543,0.978902999083062,0.0180995326243932,0.03517802749511118,0.9269971131649589,0.037824859339929844
2021-08-30,0.004092546669991119,0.9895634303395436,0.006344022990470701,0.03520246281151048,0.9281060854862263,0.036691451702263275
2021-08-31,0.004406457192214568,0.9916484448484666,0.003945097959324202,0.03526625021242644,0.9306256111152035,0.03410813867237013
2021-09-01,0.004687034221550965,0.9919684793436915,0.0033444864347629204,0.03534869427135971,0.9354508203745152,0.029200485354125012
2021-09-06,0.005252297280408428,0.9918007498135327,0.002946952906064145,0.03545444005332201,0.9424164716998856,0.022129088246792293
2021-09-07,0.005502261538283173,0.9916635524569667,0.0028341860047554,0.03552597623221482,0.951808565089143,0.012665458678642102
2021-09-08,0.005432071120845036,0.9916626059013218,0.00290532297783841,0.03549295242513655,0.9557614792743491,0.008745568300514352
2021-09-13,0.004122619738047056,0.9919503594203585,0.003927020841599925,0.034643663240798074,0.9570371759864658,0.008319160772736162
2021-09-14,0.0037366872036909875,0.9918157838760069,0.0044475289203074996,0.032870154549695094,0.9587690903851965,0.008360755065108456
2021-09-15,0.0035392879598361354,0.9914837486223753,0.004976963417794011,0.029053494073813576,0.9624659180775811,0.008480587848605442
2021-09-16,0.0033742689878469697,0.9908364287295466,0.0057893022826118815,0.020118560904600524,0.9712211913647133,0.008660247730686228
2021-09-17,0.0031531283529159133,0.9893960030292519,0.0074508686178374455,0.009244901634458454,0.981850976424168,0.008904121941373728
2021-09-20,0.004250549293374176,0.9916561387182175,0.004093311988413736,0.005814198047894281,0.9852263506691677,0.008959451282937929
2021-09-21,0.00427921646084224,0.9920607697172673,0.003660013821895775,0.004651227890067743,0.9863401637719956,0.009008608337936675
2021-09-22,0.004044123539996165,0.9920893025310161,0.003866573928993274,0.0041783730886021135,0.9867602598904266,0.009061367020971411
2021-09-23,0.0037909080756195206,0.991967594864826,0.004241497059559826,0.003947398239375132,0.9870230114308772,0.009029590329747645
2021-09-24,0.003687059932757146,0.9918680202976257,0.0044449197696225014,0.003949592201196867,0.9877845385901425,0.008265869208660735
2021-09-27,0.0036292395333049517,0.9917845088187462,0.004586251647954196,0.003983747114662836,0.9888288390871766,0.007187413798160605
2021-09-28,0.0036807364791944003,0.9917649364944465,0.004554327026364399,0.004025418376508414,0.9899235500850634,0.0060510315384282205
2021-09-29,0.004210151443761721,0.9918254903423792,0.003964358213864201,0.00409340566585154,0.9908854673624271,0.005021126971721355
2021-09-30,0.004495411077936664,0.9907697450678675,0.004734843854201066,0.004168302805120855,0.9914788046616673,0.004352892533211751
2021-10-01,0.005104035495709745,0.9851639106981115,0.009732053806184034,0.004218877246406787,0.9912588286795957,0.004522294073997418
2021-10-04,0.006890981917674108,0.9563383334651976,0.03677068461713343,0.004343103482679763,0.9894933231104325,0.006163573406887871
2021-10-05,0.010360496146827082,0.8055208553564824,0.18411864849669562,0.0046267765789435675,0.9801709419110719,0.015202281509984457
2022-01-06,3.370416238075817e-06,1.538704907602077e-10,0.9999966294298968,0.00436433023573505,0.9305809044280889,0.06505476533617581
2022-01-07,0.005209059872202159,0.08212506997331882,0.9126658701544842,0.004349670152431,0.8851039803039071,0.11054634954366202
2022-01-10,3.1953312250088135e-05,9.738347446744412e-06,0.9999583083403084,0.004079664262001255,0.8355213369262134,0.16039899881178526
2022-01-11,0.0035683961333428083,0.07587860338606006,0.9205530004806023,0.004051953081766042,0.7897177491244988,0.20623029779373508
2022-01-12,4.628312972850029e-08,8.436873199919003e-14,0.999999953716791,0.0038651210357379807,0.7401269599307029,0.256007919033559
2022-01-13,1.1425579618784576e-08,2.600794793572545e-14,0.9999999885743992,0.0036881572090251558,0.6905527724995857,0.3057590702913891
2022-01-14,3.5337541272428995e-06,7.054869001038859e-14,0.9999964662458071,0.00351962044733917,0.6410109510631122,0.35546942848954854
2022-01-18,0.9541805444441731,0.023620890351569692,0.022198565204262173,0.05107099125190178,0.5927221954292284,0.35620681331886983
2022-01-19,0.9957425830138791,0.0036492211797059023,0.0006081958064197398,0.10064559293792678,0.5433218495523031,0.3560325575097701
2022-01-20,0.9877838093987071,0.011801148866573631,0.00041504173472390037,0.14982082258481977,0.49430886850976874,0.3558703089054115
2022-01-21,0.9316879298369215,0.06213272872912663,0.0061793414339566905,0.19620301289966574,0.4478110398196744,0.3559859472806597
2022-01-24,0.17773056685354208,0.6027568916867326,0.2195125414597297,0.2048999958385619,0.42835050466076996,0.36674949950066815
2022-01-25,0.0293205547458492,0.4931210605191711,0.47755838473498413,0.20618167057921652,0.40341315667184735,0.3904051727489361
2022-01-26,0.016324174553111637,0.5124774986346158,0.47119832681227714,0.20681641733020684,0.3794478061626409,0.41373577650715215
2022-01-27,0.014185045628348346,0.2551518972687587,0.7306630571028974,0.20734163278766454,0.3426171542013568,0.45004121301097877
2022-01-28,0.05630136771762356,0.1740131536960854,0.7696854785862954,0.2099461936013576,0.30172653736904226,0.48832726902960005
2022-02-07,0.691368714666082,0.2417859460166081,0.06684533931731422,0.2442898587807647,0.2642773474164795,0.4914327938027558
2022-02-08,0.9996971896643222,0.00011859146871433684,0.00018421886696777615,0.2940195164891951,0.21502508145500987,0.4909554020557949
2022-02-09,0.9997043814838885,0.0002268351661131586,6.878335000246873e-05,0.3436601864675056,0.16721950654005593,0.48912030699243847
2022-02-14,0.4344086208937105,0.5619682978680886,0.0036230812382051073,0.36486259270484966,0.15504187866563632,0.48009552862951405
2022-02-15,0.1403469052130899,0.8553965173713189,0.004256577415595451,0.3718797694446923,0.19781170452650854,0.4303085260287992
2022-02-16,0.04932105638197429,0.944682455347341,0.005996488270689049,0.37408536927018093,0.24093957379520944,0.38497505693460965
2022-02-17,0.028560296282445857,0.9525582749425322,0.01888142877502646,0.37551178641869065,0.28856700062496354,0.33592121295634575
2022-02-18,0.020338438902012555,0.8621908943351584,0.11747066676283371,0.3763502885571242,0.3278826151724183,0.2957670962704576
2022-02-21,0.0034385519830696307,0.2285538994432238,0.7680075485737112,0.37652221384212126,0.3393103101445752,0.2841674760133036
2022-02-22,0.00012059617421220535,0.0015909792676923093,0.9982884245581001,0.3765282430795529,0.33938985910795855,0.28408189781248866
2022-02-23,3.822394748119954e-05,7.697359904158494e-06,0.9999540786926192,0.3765299775892206,0.33939024397595025,0.2840797784348293
2022-02-24,0.03398143794346549,0.5147317382081281,0.4512868238484112,0.3305200222641854,0.363945786368778,0.3055341913670367
2022-02-25,0.1772956177953815,0.6372574763029217,0.18544690590170176,0.2895976740032607,0.3956261991249386,0.31477612687180073
2022-02-28,0.8971631556458781,0.0961283517880491,0.006708492566077634,0.28506664131561926,0.3998425592710124,0.3150907994133684
2022-03-01,0.9954765071391156,0.004335383417142994,0.0001881094437460603,0.2882560701807289,0.3969526920054132,0.3147912378138578
2022-03-02,0.9961824032732833,0.0037354112202584206,8.218550646281734e-05,0.32917866200171586,0.3670016179820897,0.3038197200161946
2022-03-03,0.9837024513482571,0.01606316968515987,0.000234378966587639,0.376897756831836,0.34314872344038927,0.2799535197277749
2022-03-04,0.8831389180354168,0.11526912318276915,0.0015919587818186906,0.42023849400595104,0.323288304667797,0.256473201326252
2022-03-07,0.16306877190905453,0.8198232615990855,0.01710796649186459,0.42768268031998624,0.3515218728843131,0.2207954467957005
2022-03-08,0.026592886379704903,0.9417392455556556,0.03166786806464408,0.42619725625309035,0.38990817747729145,0.1838945662696181
2022-03-09,0.006378353975413904,0.9558777872819773,0.03774385874261322,0.39194773821855716,0.4256127695405599,0.1824394922408831
2022-03-10,0.0034080969053424306,0.954147960695157,0.042443942399505226,0.3421332835806084,0.47331423800188177,0.18455247841750994
2022-03-11,0.003057083598790203,0.9484473268206618,0.04849558958055255,0.2923009186863537,0.5207252625846089,0.18697381872903746
2022-03-14,0.003282700612970395,0.9652441090686069,0.03147319031842733,0.27074462267231675,0.5408890531446348,0.1883663241830485
2022-03-15,0.005516301052298836,0.9775092526874914,0.0169744462602144,0.2640030924642773,0.5469946899104433,0.18900221762527952
2022-03-16,0.019044051478753234,0.9700448258810507,0.010911122640200784,0.2624892422191162,0.5482628084371288,0.18924794934375505
2022-03-17,0.09887555141183295,0.8910611857991201,0.01006326278905176,0.26600500497558555,0.5451879539799581,0.18880704104445628
2022-03-18,0.5729229931919262,0.42474492391097235,0.0023320828971062644,0.29363423269008104,0.5233156554587489,0.18305011185116998
2022-03-21,0.67162269125906,0.32695276184938943,0.001424546891555233,0.32704343965388044,0.5282355985790572,0.14472096176706234
2022-03-22,0.785670968305305,0.2132108976791589,0.0011181340155408583,0.36632095826043487,0.5388165944996305,0.09486244723993462
2022-03-23,0.9210352759876212,0.07842817049079549,0.0005365535215881319,0.4123708108624417,0.542737618156175,0.0448915709813833
2022-03-24,0.9708171352032533,0.028921751613057677,0.0002611131836935967,0.4592125957254309,0.5184471188264216,0.022340285448147527
2022-03-25,0.9033607931016185,0.09597578750943676,0.0006634193889491779,0.4955158544907426,0.49138303438674763,0.013101111122509942
2022-03-28,0.8271022326849017,0.17191154223993274,0.0009862250751699615,0.4920128083426938,0.49517219390934164,0.01281499774796456
2022-03-29,0.7987687600291925,0.2001288235875556,0.0011024163832563155,0.48217742098719757,0.5049618659178623,0.01286071309494007
2022-03-30,0.8390237426905125,0.15995950902650688,0.001016748282985112,0.4743194879580591,0.5127730708081746,0.012907441233766184
2022-03-31,0.9368636574349359,0.06219490217618565,0.0009414403888827847,0.471977548262393,0.515079657432726,0.012942794304880942
2022-04-01,0.4017701266675595,0.5931498111412356,0.005080062191209266,0.44790910869400036,0.5389736918306491,0.013117199475350474
2022-04-04,0.3009466873932526,0.6964571888079234,0.002596123798828292,0.45480300446821026,0.5328053881910912,0.012391607340698661
2022-04-05,0.28484072962065365,0.7131974201871771,0.0019618501921736366,0.4677153966302576,0.5213782969226672,0.010906306447075145
2022-04-06,0.2663770496574511,0.7316372713235606,0.0019856790189926904,0.48071533141435946,0.5101662711247466,0.009118397460894129
2022-04-07,0.2594221912136811,0.738028545362073,0.0025492634242502248,0.49351603612977635,0.4993603003580923,0.007123663512131385
2022-04-08,0.18663699325064614,0.8061558338508136,0.007207172898544612,0.5026950316123692,0.49224572570959996,0.005059242678031
2022-04-12,0.052262163856000035,0.8996157945297434,0.0481220416142607,0.5051440047745205,0.4889643099826567,0.005891685242822663
2022-04-13,0.021576022889262275,0.7719800194803498,0.20644395763039214,0.5059469908663687,0.4786878483222998,0.01536516081133151
2022-04-14,0.0015462334495572885,0.057773010986010495,0.9406807555644365,0.505072099964909,0.43307425757754797,0.06185364245754309
2022-04-15,0.0009307284849078482,0.09309321968529659,0.9059760518298,0.5001748588185627,0.393175859271857,0.10664928190958031
2022-04-18,0.0010976529963851083,0.12097478003903053,0.8779275669645888,0.4715835918087858,0.37798735207825995,0.15042905611295426
2022-04-19,0.0035069641919001273,0.22500901166099704,0.7714840241471075,0.4381778054554279,0.3728901645688404,0.1889320299757317
2022-04-20,0.001519082482343515,0.14113149255998877,0.8573494249576723,0.39897021116428,0.3692861943128819,0.2317435945228381
2022-04-21,0.00044073157715354683,0.03297500370602298,0.9665842647168281,0.3529404839437569,0.36701353597364333,0.28004598008259984
2022-04-22,0.0005058446002432564,0.03195406380378722,0.9675400915959743,0.3044249194136066,0.3671651515831798,0.3284099290032137
2022-04-26,4.955727076052791e-06,4.563606726726518e-06,0.9999904806662021,0.2592571275448796,0.36236659038804425,0.37837628206707613
2022-04-27,2.4624870337648603e-05,0.0002612862832454136,0.9997140888464218,0.2179032471541516,0.35378407759020997,0.42831267525563843
2022-04-28,4.1807615442815195e-05,0.0007188664051450023,0.9992393259794171,0.17796689953346434,0.3438135797310894,0.47821952073544627
2022-04-29,0.0003602625819690525,0.016105794917420035,0.9835339425006159,0.13603372552803733,0.33662089402563516,0.5273453804463276
2022-05-04,7.467525989536884e-05,0.0020831141839355548,0.9978422105561741,0.0891942764192855,0.33361530462602257,0.5771904189546919
2022-05-05,0.0004574911965680905,0.028016384910242567,0.9715261238931945,0.06912864464573604,0.3053586333144732,0.6255127220397909
2022-05-06,0.00043929116783993153,0.026333873857075696,0.9732268349750895,0.05410327483446547,0.2718524675669308,0.6740442575986038
2022-05-09,5.181253641023179e-05,0.0010195725059370198,0.9989286149576578,0.039863828980253355,0.23624357518286895,0.7238925958368777
2022-05-12,3.031011274669442e-06,2.311017618567159e-06,0.9999946579711119,0.02654512804794459,0.19966182716757205,0.7737930447844834
2022-05-13,3.403192082405578e-06,1.7950148837072395e-08,0.9999965788577738,0.013574188646864719,0.16276040079697604,0.8236654105561593
2022-05-18,0.009373256751641534,0.7920988020780995,0.19852794117026393,0.004711001821914528,0.16205754920834028,0.8332314489697451
2022-05-19,0.010108801792822763,0.9531485178559105,0.03674268035127173,0.0026033337187556754,0.16473418537464865,0.8326624809065957
2022-05-20,0.01766377015760527,0.9748305529161729,0.007505676926226724,0.0024077210821728257,0.17487671204643973,0.8227155668713875
2022-05-23,0.04173681176727125,0.955436217839731,0.0028269703930026116,0.004417249998058513,0.21975987238912553,0.775822877612816
2022-05-26,0.08194756670364643,0.9157900579462843,0.00226237535007424,0.008468091908995423,0.26089471430217476,0.7306371937888299
2022-05-27,0.07330779238173508,0.9241225206250435,0.002569686993226266,0.012078598878262905,0.3010521013314752,0.686869299790262
2022-05-30,0.12173185339104584,0.8760984965390276,0.002169650069931165,0.017989843338220162,0.3336065755753766,0.6484035810864032
2022-05-31,0.12365088750411031,0.8739265675727818,0.0024225449231125348,0.02409643358930847,0.370246329326016,0.6056572370846754
2022-06-01,0.03283449563226537,0.9637581871580931,0.0034073172096460175,0.025716121792064058,0.4167854884986193,0.5574983897093166
2022-06-02,0.012589370408862755,0.9841159325818686,0.003294697009273165,0.02632029808249503,0.46439358193752317,0.5092861199799819
2022-06-03,0.011929987072884769,0.9855274729743074,0.0025425399528122513,0.02691654964978546,0.5136697274059018,0.4594137229443126
2022-06-06,0.01795196472774293,0.979801412404245,0.0022466228680165542,0.02781291664265572,0.5626467337119517,0.40954034964539265
2022-06-07,0.006646798136688105,0.9895315309837805,0.0038216708795356003,0.028143166168717974,0.6120873669408832,0.35976946689039874
2022-06-08,0.003971874135895363,0.9907170546030012,0.005311071261107728,0.028323746746414295,0.6608179299251621,0.3108583233284236
2022-06-09,0.00318316673717345,0.9892820795831653,0.007534753679665648,0.0284791713202782,0.7101778781951233,0.26134295048459844
2022-06-10,0.003771936460615082,0.9910216282510139,0.005206435288375052,0.02864489358348056,0.7583281403621618,0.21302696605435772
2022-06-13,0.005042749999346048,0.9907508203540709,0.004206429646587043,0.02887506652505586,0.8065489876870113,0.16457594578793283
2022-06-14,0.011390228735756002,0.9862212430994413,0.002388528164806972,0.02944198733502315,0.8558090712166864,0.11474894144829052
2022-06-15,0.01550419734264389,0.9822642793774972,0.002231523279863033,0.0302170456515916,0.9049221696346801,0.0648607847137283
2022-06-16,0.02266973876658695,0.9748299076251402,0.002500353608277019,0.03135036243031684,0.9536636641184295,0.014985973451253699
2022-06-17,0.01707923783682788,0.9767214129903504,0.0061993491728259435,0.03173566148457615,0.962894794664042,0.005369543851381841
2022-06-20,0.012142284107695498,0.9538431530022112,0.03401456289009756,0.03183733560031978,0.962929526421357,0.005233137978323133
2022-06-21,0.01001622786097188,0.7787036683679549,0.21128010377107742,0.03145495848548811,0.9531231821939463,0.015421859320565622
2022-06-22,9.642400266032958e-09,4.219236232226226e-19,0.999999990357604,0.029368118379244575,0.9053513713019601,0.06528051031879546
2022-06-23,4.877920131623917e-09,7.885918591786565e-16,0.9999999951220832,0.025270740287958282,0.859561868404646,0.11516739130739569
2022-06-24,4.55637997293788e-06,1.8911981760353725e-06,0.9999935524218554,0.021605578487870196,0.8133558369333028,0.16503858457882697
2022-06-27,0.0015449650686637202,0.009274691215175497,0.9891803437161651,0.015596234071751112,0.7700146466671105,0.21438911926113843
2022-06-28,0.04180120774393327,0.05985991286565328,0.8983388793904178,0.011503750083742277,0.7293113139317542,0.2591849359845035
2022-06-29,0.8208224812057756,0.003969449764213078,0.17520806903001568,0.050903149362417625,0.6813218770620604,0.26777497357552205
2022-06-30,0.16488836162938902,0.5241148080136766,0.31099683035693887,0.0585180989234439,0.6583218208336509,0.2831600802429051
2022-07-01,0.06015338791515984,0.7550100425644239,0.18483656952042055,0.060929268965557636,0.6467959493131568,0.2922747817212855
2022-07-04,0.031010379417305955,0.7342001930842695,0.23478942749842885,0.0615821897000358,0.6345158883471581,0.30390192195280613
2022-07-05,0.004980739164012761,0.28927563499716785,0.7057436258388239,0.061498886751402033,0.5995030935478275,0.3389980197007704
2022-07-06,0.0004795748267423191,0.019028547798136487,0.9804918773751254,0.06132427178594437,0.5509186682075845,0.387757060006471
2022-07-07,5.3858109439625166e-05,0.001038481422713594,0.9989076604678511,0.06116780635455768,0.5015064882995621,0.43732570534588006
2022-07-08,4.7161567347982394e-05,0.0008630179584648863,0.9990898204741914,0.06098156760989432,0.45199855778493503,0.48701987460517066
2022-07-11,6.753636232371105e-06,1.570787514549162e-05,0.9999775384886264,0.06072976779173865,0.40246180216098887,0.5368084300472725
2022-07-12,0.00011533662272697756,0.0042338623644744885,0.9956508010128028,0.060166023186087186,0.35336243312424076,0.586471543689672
2022-07-13,0.0004180945590961263,0.01812804329891863,0.9814538621419896,0.059411718046909805,0.30515562132031204,0.6354326606327781
2022-07-14,0.004057599381135747,0.09217746872603637,0.9037649318928322,0.058481111077637246,0.261022999375357,0.6804958895470057
2022-07-15,0.0002484974159661823,0.0022666455425633283,0.9974848570414749,0.057639574056594166,0.21230026100296787,0.7300601649404379
2022-07-18,0.0018727337653640865,0.0018819666729654608,0.9962452995616748,0.057126096539477596,0.1647022016865058,0.7781717017740165
2022-07-19,0.30711985765135025,0.48932007850249876,0.2035600638461555,0.07198127802899644,0.15023302219323303,0.7777856997777705
2022-07-20,0.8283825764523278,0.15993623803333945,0.011681185514337146,0.11340040636949265,0.1582298340949,0.7283697595356073
2022-07-21,0.9982354616177096,0.0016124366394136293,0.00015210174288113587,0.1633121792064819,0.15831045592687062,0.6783773648666475
2022-07-22,0.999962633628904,2.9265074754611794e-05,8.101296345807195e-06,0.21331008306892824,0.15831182462069954,0.6283780923103722
2022-07-25,0.9999998104237258,1.726965767813914e-10,1.8940358209696842e-07,0.26323282533668113,0.1578480900685756,0.5789190845947432
2022-07-26,0.9999988422279109,9.832073533014028e-08,1.059451358295373e-06,0.31114270706087976,0.1548550993413297,0.5340021935977904
2022-07-27,0.9998483207458935,0.0001360006408707967,1.5678613240340372e-05,0.3200939990378856,0.15466342688516257,0.5252425740769517
2022-07-28,0.9851748015579413,0.01456384754184612,0.00026135090021730216,0.36110832103431306,0.12918587886157118,0.5097058001041157
2022-07-29,0.7388438803592445,0.2592784269176139,0.001877692723146206,0.3950428456565171,0.10439929807923079,0.500557856264252
2022-08-01,0.6647014518529852,0.3338296809634636,0.0014688671835559274,0.42672739927830095,0.08438077247319059,0.4888918282485084
2022-08-02,0.607880393542658,0.3900907082681122,0.0020288981892345207,0.456872381997233,0.08942152613673778,0.45370609186602917
2022-08-03,0.6743656363014238,0.3231459410683807,0.0024884226302004007,0.49056668507096707,0.10462739580024995,0.4048059191287831
2022-08-04,0.9989499297361106,0.0009736101544257927,7.646010946845899e-05,0.5405114886523004,0.10462415223683555,0.3548643591108642
2022-08-05,0.9999988769870928,8.178503566597937e-08,1.041227876296775e-06,0.5905090744232873,0.10458100542816408,0.3049099201485487
2022-08-08,0.9998906824095123,9.670057362125613e-05,1.261701687104066e-05,0.640503270861951,0.10458505506308784,0.25491167407496107
2022-08-09,0.9999940205954584,2.820680370496715e-06,3.1587241755862773e-06,0.6904972050605874,0.10437350297888263,0.20512929196052995
2022-08-10,0.9999985933386605,1.4985800095624516e-07,1.2568033431356434e-06,0.7404762299995653,0.10346710830683677,0.15605666169359786
2022-08-11,0.9997217441196448,0.00018822740140826385,9.002847895153471e-05,0.7902594372364906,0.0988676462406054,0.11087291652290403
2022-08-12,0.859542790022661,0.12176478150033311,0.01869242847701052,0.8332241518668252,0.10484255303849384,0.06193329509468101
2022-08-15,0.18856344337142678,0.41337033206477614,0.39806622456380153,0.8425586873471282,0.1254169713080843,0.03202434134478749
2022-08-16,0.0009414226678737802,0.0009560478824882684,0.9981025294496424,0.8272497655979544,0.10099876977708386,0.07175146462496165
2022-08-17,3.488462483926296e-05,6.442933526176e-06,0.999958672441639,0.7858323810065803,0.09300228002209325,0.12116533897132652
2022-08-18,0.011787622363094444,0.7565823196601686,0.23163005797674133,0.7365099890438497,0.13075077417313083,0.13273923678301947
2022-08-19,0.027240292546963724,0.9424554117944768,0.03030429565856397,0.6878738719897528,0.1778720815091167,0.13425404650113035
2022-08-22,0.028783693070102114,0.9655450231692132,0.005671283760689148,0.639313066122072,0.22614933265894235,0.13453760121898573
2022-08-23,0.017133492540109332,0.9794127157037937,0.0034537917561014825,0.590169798637682,0.275119963528095,0.13471023783422287
2022-08-24,0.007428268675737107,0.9843055135447357,0.008266217779532011,0.5405487960341745,0.324328439173288,0.13512276479253746
2022-08-25,0.009784203963630009,0.9683446887005104,0.02187110733586442,0.4917792661544592,0.3720174812312211,0.1362032526143198
2022-08-26,0.040300328067176094,0.9131879812835131,0.046511690649315526,0.45685208853985587,0.4047129589495158,0.1384349525106283
2022-08-29,0.23328705550797127,0.7520573062034127,0.014655638288620865,0.4352813687226053,0.42562434021151313,0.13909429106588153
2022-08-30,0.9689836643133202,0.030312854858379434,0.0007034808283051248,0.4533365322611383,0.40763544754102665,0.13902802019783506
2022-08-31,0.9992088450058182,0.0006867974023069443,0.00010435759187974058,0.46957869269635805,0.391512490357723,0.13890881694591903
2022-09-05,0.5698226597273567,0.4273560376230303,0.002821302649617792,0.44812232919592027,0.4128316117311531,0.1390460590729265
2022-09-06,0.23727619680137219,0.7581469569149001,0.004576846283732347,0.40998619518663454,0.4507389554876462,0.1392748493257193
2022-09-07,0.18433758585561485,0.813293202367569,0.0023692117768208208,0.3692085403589398,0.4913987805773434,0.13939267906371677
2022-09-08,0.12041306007093408,0.8773957632201838,0.0021911767088868403,0.3252294923327138,0.5352684277043339,0.13950207996295233
2022-09-09,0.07116445050973005,0.9265224836712438,0.0023130658190309928,0.2787877851912675,0.5815945443949958,0.1396176704137367
2022-09-12,0.02679004109440827,0.9695472075428286,0.0036627513627678476,0.2301412000400059,0.6300624934020667,0.13979630655792755
2022-09-13,0.0111440920664016,0.9780952730442563,0.010760634889346853,0.18772126514219312,0.6728790179792625,0.13939971687854436
2022-09-14,0.005154661671271767,0.9412935421938093,0.0535517961349237,0.17855082605718542,0.6992751784857141,0.12217399545710053
2022-09-15,0.004325158636039512,0.9768215654573194,0.018853275906645886,0.1787200128555937,0.7480684543644555,0.07321153277995093
2022-09-16,0.005651108932046896,0.9817017217645769,0.012647169303381054,0.17900082407095408,0.7971532183060077,0.023845957623038278
2022-09-19,0.003343661864106623,0.9581869395907978,0.03846939854510041,0.17857862604600472,0.807233449302539,0.014187924651456275
2022-09-20,0.0029258214253050307,0.9565540619562641,0.04052011661843585,0.17736290248992173,0.8079383818106283,0.014698715699449867
2022-09-21,0.0028853301942333293,0.9612446029341493,0.03587006687162233,0.1760679843461283,0.8077233607988752,0.016208654854996517
2022-09-22,0.0030379347927470173,0.9748269568100925,0.022135108397165287,0.17536320645876025,0.8074940728541902,0.017142720687049706
2022-09-23,0.004113577795223215,0.9871523704187496,0.008734051786031795,0.17519747191473448,0.8076364156978907,0.017166112387374692
2022-09-26,0.007757147334178576,0.9884197618022741,0.003823090863552119,0.17509611908326192,0.808640169352979,0.016263711563759078
2022-09-27,0.004556467484209538,0.9878807450083925,0.007562787507402574,0.1733089260541136,0.8123748075392228,0.014316266406663442
2022-09-28,0.005406033633264077,0.9778389744555099,0.016754991911230564,0.16191487496037835,0.8236638909518277,0.014421234087793928
2022-09-29,0.011830894217714797,0.9324063340548169,0.055762771727472654,0.11405723645559829,0.8687685649116494,0.017174198632752293
2022-09-30,0.051530444121995374,0.9207767024585541,0.02769285341945483,0.06667331641140739,0.9147730601644617,0.018553623424131045
2022-10-03,0.30424580806834134,0.688910904511669,0.00684328741999396,0.053394473828456676,0.9278508035088934,0.01875472266264985
2022-10-04,0.8270744643664176,0.17146823164217917,0.0014573039914074083,0.08288438720670879,0.8985168672452576,0.0185987455480336
2022-10-05,0.9887330449204782,0.010911326144338469,0.00035562893518767223,0.12310416015995179,0.8583977734340963,0.018498066405951946
2022-10-06,0.724354234516687,0.273739863767332,0.0019059017159853782,0.15330121888223927,0.8282149784614538,0.01848380265630687
2022-10-07,0.33278714508306406,0.6636187033618712,0.0035941515550693068,0.16638235361090595,0.8150697894459853,0.01854785694310879
2022-10-10,0.19052203017516642,0.8054253625255638,0.004052607299274245,0.1745689530649438,0.8068636971951221,0.018567349739934107
2022-10-11,0.10619471887748709,0.8800306115813061,0.013774669541211516,0.17932148440549806,0.8019604641219746,0.01871805147252734
2022-10-12,0.021476080490451147,0.8827821136237328,0.09574180588582047,0.18013755534645703,0.7990348926934707,0.020827551960072167
2022-10-13,0.010233619555479677,0.772650740983645,0.2171156394608797,0.18043297839242903,0.7888263514697871,0.030740670137783813
2022-10-14,0.0032531278854349118,0.2878510294512201,0.7088958426633497,0.18031307934009844,0.7541338168541194,0.06555310380578208
2022-10-17,0.00025777757493429786,0.007145943017546303,0.9925962794075242,0.18015878512563982,0.706581767025457,0.11325944784890306
2022-10-20,5.8059516396880665e-09,7.987336304350584e-16,0.9999999941940524,0.18001249434467215,0.6587540639276441,0.16123344172768364
2022-10-21,2.9611289753827734e-08,1.0270896389198176e-12,0.999999970387688,0.17986822931552496,0.6106918337809882,0.20943993690348672
2022-10-24,1.4782958770512581e-05,4.788815105092773e-06,0.9999804282261293,0.17971707172382617,0.5619507253812392,0.2583322028949347
2022-10-25,0.004196952998118611,0.5413428668749375,0.45446018012694883,0.17972124048397092,0.5396602502040486,0.2806185093119805
2022-10-26,0.004685105850595732,0.834897556743559,0.1604173374058501,0.17956763840979176,0.5319841399511129,0.2884482216390953
2022-10-27,0.003490668245040211,0.9105556324954449,0.08595369925951957,0.17951434844783334,0.5281178843254656,0.2923677672267012
2022-10-28,0.00355953343137485,0.9370366629036468,0.05940380366498265,0.17942202343773883,0.5260777687478724,0.29450020781438874
2022-10-31,0.006787488397338721,0.9572269617483319,0.03598554985433383,0.17916985314672004,0.5273188001325482,0.2935113467207318
2022-11-01,0.028894535972718245,0.9551874796962764,0.01591798433100984,0.17803805773925616,0.5290393389944342,0.2929226032663095
2022-11-03,0.1632708962857729,0.8329662756185372,0.003762828095694357,0.17098931215012786,0.5362421075497777,0.2927685803000946
2022-11-04,0.2553629839420368,0.7419796833157832,0.002657332742184348,0.1424037381289089,0.5647676801334577,0.29282858173763343
2022-11-07,0.15951384014984785,0.8381482244314166,0.0023379354187398615,0.10094277789037757,0.6061295250478114,0.292927697061811
2022-11-08,0.09687057780419932,0.9004769458165404,0.002652476379264904,0.06956859505475334,0.6374663791502716,0.29296502579497496
2022-11-09,0.03329461713306576,0.9605051817101609,0.006200201156777785,0.054593968657253474,0.6523107030676861,0.2930953282750604
2022-11-14,0.04001587796986071,0.9546210419461938,0.005363080083949874,0.047068661046988224,0.6597704870387175,0.2931608519142942
2022-11-15,0.034783693129078266,0.94234190004414,0.022874406826786046,0.043498109759567805,0.6628860514618592,0.2936158387785729
2022-11-17,0.10819891789165138,0.8870264651167538,0.004774616991599145,0.047834251629627796,0.6630982690365103,0.2890674793338619
2022-11-18,0.10135585286683932,0.8962610184941562,0.0023831286390086945,0.05239036329519576,0.6692787829120359,0.27833085379276845
2022-11-21,0.06588223508560832,0.9319785539154295,0.0021392109989662135,0.05552181865520443,0.7014851591352462,0.24299302220954944
2022-11-22,0.03712589952347606,0.9606470887452597,0.002227011731268307,0.057365224752631505,0.7491602164216317,0.19347455882573683
2022-11-23,0.01293669396883991,0.9838225131460913,0.0032407928850725696,0.05801205916077592,0.7983513420789361,0.14363659876028811
2022-11-24,0.011449524719975294,0.9861056777074099,0.0024447975726188146,0.0585845339162102,0.8476566259642551,0.09375884011953485
2022-11-25,0.01248668546775952,0.9849799174647231,0.0025333970675210926,0.059208129041659646,0.8969053823967357,0.04388648856160465
2022-11-28,0.01930424049476816,0.9771876434741253,0.0035081160311104327,0.059963493416492125,0.9186976212266951,0.021338885356812838
2022-11-29,0.06611519883930121,0.93062299934422,0.0032618018164827845,0.06303499806592738,0.9234838933567281,0.013481108577344504
2022-11-30,0.22927181008534747,0.7677784559822284,0.0029497339324281607,0.0743240551579427,0.9163450345310672,0.009330910310989952
2022-12-01,0.5529861883812257,0.44476236869526803,0.002251442923510147,0.10179538790543514,0.8917313198206486,0.0064732922739163395
2022-12-02,0.9008248395796344,0.09837992101480687,0.000795239405562403,0.14649725546454972,0.8487889677839725,0.004713776751477774
2022-12-05,0.997407425653637,0.0025189017959320443,7.367255043468309e-05,0.19492289994859544,0.8011555388889555,0.003921561162449021
2022-12-06,0.9998211946344523,0.0001626347745885539,1.6170590963022336e-05,0.23675041486602932,0.7595153568467583,0.003734228287212455
2022-12-07,0.999866344330655,0.00011954539534495151,1.4110274004108516e-05,0.27397558288546003,0.7224223499507365,0.003602067163803442
2022-12-08,0.9980095728865463,0.001933494665835231,5.693244762246913e-05,0.3159003695222948,0.6806116134624577,0.0034880170152475744
2022-12-09,0.9948266552741533,0.005070071844642228,0.00010327288120847076,0.36079817339579234,0.6358412697638629,0.003360556840344753
2022-12-12,0.9956528740670506,0.0042550883007590546,9.203763219427902e-05,0.40891608624249143,0.5880287650933931,0.003055148664115579
2022-12-13,0.9998511816653703,0.00013061096994426865,1.8207364689281388e-05,0.4569078514272667,0.5403042435445807,0.0027879050281525504
2022-12-14,0.954170441275235,0.04528982408226044,0.0005397346425083861,0.5028771888345744,0.49545163974648704,0.0016711714189386723
2022-12-15,0.8198723909132636,0.17672304145539733,0.003404567631342703,0.538460862485655,0.4599364685634193,0.00160266895092585
2022-12-16,0.7156188227763168,0.2610947874526161,0.023286389771070733,0.5691740109811286,0.42817815701134243,0.0026478320075289485
2022-12-19,0.16785178961258124,0.4789056060123154,0.35324260437510707,0.5742724887074773,0.40552450961618686,0.020203001676335926
2022-12-20,0.0013835220433805128,0.0030756975036175384,0.9955407804530058,0.5724853698334725,0.35764594005410494,0.06986869011242261
2022-12-21,9.612972704243879e-05,0.0014891545084352194,0.9984147157645262,0.5718433416213827,0.30852927212222236,0.11962738625639509
2022-12-22,0.00024308365909805034,0.012338441990995316,0.9874184743499105,0.5712830195683387,0.2598409103364017,0.16887607009525948
2022-12-23,0.00038737015354534983,0.01828470067742392,0.9813279291690347,0.5706780538026281,0.21150614949703697,0.21781579670033496
2022-12-26,0.0034553302003011615,0.2647571746974924,0.7317874951022103,0.5698856082879048,0.17588462605820548,0.2542297656538899
2022-12-27,0.01961376120971455,0.8478133588505802,0.13257287993970945,0.5675605364064255,0.17174414403352353,0.26069531956005115
2022-12-28,0.031947551798935055,0.923694762365212,0.044357685835857176,0.5576943234921048,0.17953995935267264,0.2627657171552225
2022-12-29,0.1294098303788034,0.8574716736913705,0.013118495929830224,0.5365155055919838,0.20017542460247764,0.2633090698055386
2022-12-30,0.5304259622556052,0.4669218678386686,0.0026521699057299973,0.5179955617257823,0.21860252194367072,0.26340191633054694
2023-01-03,0.6390384769185972,0.3594045660594438,0.0015569570219629884,0.5000771142890303,0.23644680515684618,0.26347608055412336
2023-01-04,0.7567346115991498,0.24179660549468623,0.001468782906167998,0.48792278513726534,0.24852850369285104,0.2635487111698836
2023-01-05,0.5589068262628388,0.43756068680753474,0.0035324869296307487,0.46587480923387453,0.2704005607634605,0.26372463000266494
2023-01-06,0.16635769754759583,0.811810072139734,0.02183223031267422,0.4242922154669272,0.3108943896371552,0.2648133948959175
2023-01-09,0.12791288594723527,0.8657876555215521,0.006299458531216754,0.38094652700058157,0.3539302688210006,0.2651232041784179
2023-01-10,0.18335063237132262,0.813520103005073,0.003129264623608522,0.34033141491579527,0.39439351955621615,0.2652750655279887
2023-01-11,0.18571622803994184,0.807920238150464,0.006363533809598402,0.29962466723452397,0.4347830009152419,0.2655923318502341
2023-01-12,0.4164113205797791,0.5796826435733313,0.0039060358468940314,0.2727367111997513,0.46150264188979534,0.26576064691045337
2023-01-13,0.991437425960977,0.00830638156600964,0.0002561924730174582,0.2813149629521369,0.45308180889532595,0.2656032281525371
2023-01-16,0.9988441403338066,0.0011136347476825442,4.2224918514776426e-05,0.2954762288300114,0.44008275126007934,0.2644410199099093
2023-01-17,0.9895031327336299,0.010323113097233466,0.00017375416914057888,0.3365587959860636,0.4166536266143253,0.246787577399611
2023-01-18,0.9038853892272107,0.09488777582795019,0.001226834944843072,0.381683889345255,0.42124423053054194,0.19707188012420312
2023-01-19,0.8150240284542627,0.1777648613909685,0.0072111101547729746,0.42243028428161583,0.4300580158746686,0.14751169984371565
2023-01-27,0.13245036496291965,0.7213808826511041,0.14616875238598012,0.4290406483468069,0.46551013790767387,0.10544921374551933
2023-01-30,0.028233052234999664,0.7339598414447136,0.23780710632029048,0.43043293245087955,0.5012938949460383,0.06827317260308223
2023-01-31,0.009186563059327748,0.5365106820838249,0.4543027548568512,0.4307194940938309,0.5148815703153548,0.05439893559081435
2023-02-06,8.009456718293058e-05,0.00022686683034063747,0.9996930386024802,0.4297428107617043,0.47250224571434296,0.09775494352395268
2023-02-07,1.1807824983815064e-06,1.7516609308743462e-07,0.9999986440514123,0.42814549221088244,0.4263175163543872,0.14553699143473026
2023-02-08,5.088076542121717e-08,7.827386048632202e-12,0.999999949111411,0.42167500323598067,0.38344393267021026,0.19488106409380912
2023-02-09,2.6983555122870514e-07,2.2065048343036826e-09,0.9999997279579476,0.39515371861497806,0.3600978393886021,0.2447484419964198
2023-02-10,3.879530960362718e-05,0.0006441570234591758,0.9993170476669407,0.3632037345345285,0.342159818936803,0.2946364465286685
2023-02-13,0.0001867901001042627,0.007096473510495308,0.9927167363894039,0.3253763434595764,0.3304248123375935,0.34419884420283003
2023-02-14,2.4162772680329486e-05,0.00024513587473742426,0.9997307013525859,0.2974322102850686,0.30855903479095376,0.39400875492397763
2023-02-15,5.3876938598386e-05,0.0011499530488534812,0.9987961700125516,0.2891170192546187,0.2680260288364099,0.4428569519089713
2023-02-16,0.00037587385848994947,0.01661724483600837,0.9830068813055051,0.28274016865018153,0.22556750830213287,0.4916923230476856
2023-02-17,4.553924760846144e-05,0.0008079621622587465,0.9991464985901362,0.2735749139939958,0.1849319012599923,0.5414931847460118
2023-02-20,7.613265457750873e-07,4.919873910827935e-08,0.9999991894747186,0.2642891406583261,0.14453589181240625,0.5911749675292677
2023-02-21,4.727106577124265e-05,0.0006114294420947704,0.9993412994921372,0.24347093818262586,0.11558233110584454,0.6409467307115296
2023-02-22,0.0013317033232571527,0.05930873439535288,0.9393595622813934,0.19396565205074,0.11813244874731169,0.6879018992019483
2023-02-23,0.0003313930345837492,0.01957058388115395,0.9800980230842655,0.14404001468577907,0.11905529620398528,0.7369046891102358
2023-02-24,0.00021707718188766843,0.009797166142610328,0.989985756675505,0.09457571190819213,0.11902899885625412,0.7863952892355539
2023-02-27,0.001472676697786943,0.15440807461614423,0.8441192486860718,0.0494550762817211,0.12200501379566384,0.8285399099226151
2023-02-28,0.0031853295834678753,0.4187844025312804,0.5780302678852548,0.008863141338181502,0.13405599085267939,0.8570808678091391
2023-03-01,0.007162034294431701,0.7538147753157004,0.239023190389871,0.002598724804757127,0.1356776854859092,0.8617235897093336
2023-03-02,0.02306684798675599,0.9065136416985309,0.07041951031471619,0.0023404145923449447,0.14430537549860004,0.853354209909055
2023-03-03,0.10616313933343402,0.8831330919072449,0.010703768759324033,0.0071892434060502435,0.16163649598977103,0.8311742606041789
2023-03-06,0.11636198712280273,0.8796622171816363,0.003975795695563902,0.013003338033831212,0.20560826350733558,0.7813883984588332
2023-03-07,0.12016406823239438,0.8719594726218644,0.007876459145744107,0.019011482406325993,0.24920622838012402,0.7317822892135499
2023-03-08,0.05351891647652166,0.9000379864851892,0.04644309703829194,0.021687425686113804,0.294208127703992,0.6841044466098943
2023-03-09,0.07299925608651142,0.9170392665179441,0.009961477395547319,0.025337374998661795,0.3400600909195638,0.6346025340817744
2023-03-10,0.10274411496850018,0.8865808127458676,0.010675072285635117,0.030472640981606614,0.3843569237056841,0.5851704353127094
2023-03-13,0.3807237458142698,0.6163032311468152,0.0029730230389179153,0.04949948876731483,0.41481726158750004,0.5356832496451851
2023-03-14,0.5595381051686131,0.43818058624862,0.0022813085827697193,0.07747518588711139,0.43671403410619414,0.4858107800066946
2023-03-15,0.885039849053765,0.11417132261189517,0.0007888283343424325,0.12172448449286957,0.44236510258434614,0.4359104129227842
2023-03-16,0.9354213165314185,0.0641138048299776,0.00046487863860649614,0.16847675662651584,0.44473993058404465,0.3867833127894394
2023-03-17,0.9745937065140955,0.025121684753062482,0.00028460873284427246,0.21720416498984005,0.4459556167135848,0.336840218296575
2023-03-20,0.836361387906229,0.1623859834391421,0.0012526286546310859,0.25902219631882417,0.45407491342560496,0.28690289025557086
2023-03-21,0.7968967912698952,0.201640760814472,0.0014624479156349973,0.2988646723290303,0.4641263799942239,0.23700894767674593
2023-04-12,0.8754245081173394,0.12377853370636316,0.0007969581762995489,0.3425693125687343,0.46734986995977446,0.1900808174714914
2023-04-13,0.9620443348628734,0.037615103935999976,0.00034056120112870854,0.3906549596601486,0.4682520959625167,0.14109294437733463
2023-04-14,0.9579180524137305,0.04117293370182511,0.0009090138844467117,0.4385400084217407,0.46982088434047753,0.09163910723778185
2023-04-17,0.17009824312123123,0.8112105057504777,0.01869125112829342,0.44697128674291287,0.5026610058971941,0.05036770735989306
2023-04-18,0.02806454128166742,0.9408268284944703,0.03110863022386462,0.44821524732782286,0.5287631271953536,0.023021625476823626
2023-04-19,0.007002679209503375,0.9536253549038951,0.039371965886604035,0.4482072795735764,0.5387536561747632,0.0130390642516603
2023-04-20,0.00476939330775132,0.9425748935216489,0.05265571317060193,0.44729240683962623,0.5405567187659192,0.012150874394454591
2023-04-21,0.010732686629088729,0.9348587005495612,0.054408612821352016,0.442520884204409,0.5431429991980351,0.014336116597555985
2023-04-24,0.05270916947756766,0.9244689244429573,0.0228219060794772,0.43933824332214727,0.545383334561101,0.015278422116751648
2023-04-25,0.2993186062136829,0.6945875884090833,0.006093805377235594,0.44829597022121165,0.536514740350462,0.015189289428326222
2023-04-26,0.16396240828372327,0.8331778404599401,0.002859751256338368,0.4538181448115718,0.5331717330491996,0.01301012213922855
2023-04-27,0.06667478381505046,0.9306517000123257,0.0026735161726257205,0.4535019211979988,0.5338523547239188,0.012645724078082473
2023-04-28,0.03595689235951325,0.9617084267490644,0.0023346808914240028,0.45016256006754946,0.5376087354240785,0.012228704508371917
2023-05-04,0.0237581438050774,0.9736355025342198,0.002606353660704403,0.43231427996708993,0.5554753489934489,0.012210371039461241
2023-05-05,0.009439471990737023,0.9841219791696219,0.0064385488396429425,0.4048093483081962,0.582772418639499,0.012418233052304906
2023-05-08,0.006287536152636462,0.9702905218870054,0.023421941960360154,0.36087173266313993,0.6255783786032544,0.013549888733605788
2023-05-09,0.0038070527468013395,0.8790378402189365,0.11715510703426431,0.3142910194739092,0.6663245803727023,0.01938440015338867
2023-05-10,0.003747040637543122,0.7705317324864944,0.22572122687596471,0.2657486861800816,0.7035950827593738,0.03065623106054467
2023-05-11,0.0029054547681357816,0.5505188726209503,0.4465756726109162,0.22407588952317695,0.7230017272184641,0.052922383258358865
2023-05-12,0.0030799816054443083,0.4851204092720169,0.5117996091225412,0.1843850490399545,0.7371757096413413,0.07843924131870411
2023-05-15,0.003833506020664593,0.7305709493706427,0.2655955446086952,0.14080549893512093,0.7675153304245552,0.0916791706403239
2023-05-16,0.003612806036671977,0.8086105785409123,0.18777661542241844,0.09288392249381092,0.8060651041548006,0.10105097335138835
2023-05-17,0.005719535252916824,0.9585931407112909,0.035687324035794984,0.04527399663577032,0.8519361145052738,0.10278988885895572
2023-05-18,0.005725663121978381,0.9857443656510846,0.008529971226939694,0.03705536763580771,0.8606628075003043,0.10228182486388808
2023-05-19,0.006895870193442557,0.9896286241241314,0.0034755056824287054,0.03599693408139646,0.8631028972817872,0.10090016863681625
2023-05-22,0.004378680093687084,0.9912308272960436,0.004390492610272237,0.035865734125605654,0.8649831709013948,0.09915109497299968
2023-05-23,0.0038301374177928363,0.9902914192405569,0.0058784433416531855,0.03581877133110773,0.8673689971873402,0.09681223148155225
2023-05-24,0.004879079384976167,0.9864643879963895,0.008656532618637327,0.0355260909689021,0.8699492815596815,0.09452462747141653
2023-05-25,0.0036753000050763545,0.9624953363823331,0.03382936361259347,0.03307439749527754,0.8718506021566502,0.09507500034807234
2023-05-26,0.003199696857165016,0.8939606359494062,0.10283966719343175,0.018268452027451674,0.8818192545336663,0.09991229343888211
2023-05-29,0.002996779410800639,0.873806929346521,0.12319629124268128,0.010220170583805565,0.8838507089779952,0.10592912043819924
2023-05-30,0.0029501968894536964,0.888253822653603,0.10879598045694623,0.007033941237525734,0.881730815110059,0.11123524365241523
2023-05-31,0.003072400096683168,0.9211006382326701,0.07582696167064958,0.005389716624384233,0.8797004256842392,0.1149098576913765
2023-06-01,0.003948190896123138,0.9516434623861577,0.04440834671772205,0.004399218978936521,0.878600823676836,0.11699995734422737
2023-06-02,0.009909210290175203,0.9820783657839941,0.00801242392583367,0.0044227058939084315,0.8784986430075546,0.1170786510985369
2023-06-05,0.007085198279399208,0.9880934067007766,0.004821395019827127,0.004462589000246569,0.8793887872482432,0.11614862375151028
2023-06-06,0.01315693616182798,0.9826451229783477,0.004197940859827479,0.0049300831709979,0.8845691513862137,0.11050076544278843
2023-06-07,0.011205560796936185,0.9730101911765372,0.015784248026529734,0.00530300917896755,0.8946930743207158,0.10000391650031668
2023-06-08,0.008795229184549237,0.892314776648429,0.09888999416702479,0.005597497899788222,0.9117828695220895,0.08261963257812217
2023-06-09,0.004052401807311235,0.4805744644427168,0.5153731337499751,0.005646118909881568,0.9115555722806246,0.08279830880949388
2023-06-12,0.0017199935120040762,0.1558969369454071,0.8423830695425919,0.005540443284448542,0.8828218716593628,0.1116376850561886
2023-06-13,6.683741434632511e-05,0.0007384980953731585,0.9991946644902835,0.00536314485333226,0.842428267637086,0.15220858750958174
2023-06-14,1.5941465963395678e-05,0.00010389007228514447,0.9998801684617545,0.005077965163984591,0.7945038051051359,0.20041822973087958
2023-06-15,5.095389977496005e-05,0.0010098343387392077,0.9989392117614889,0.00479422970287442,0.7452670785395187,0.24993869175760686
2023-06-16,0.0005276514939156933,0.043895606776609454,0.9555767417294778,0.004475818767898077,0.6979804276721426,0.29754375355995916
2023-06-19,0.0012404873939827587,0.13515575378262915,0.8636037588233911,0.004318909132912862,0.6551766739964721,0.340504416870615
2023-06-20,0.0013140653111916312,0.1613174063318604,0.837368528356951,0.004193105527582802,0.6137279733510373,0.3820789211213798
2023-06-21,0.000900697887495699,0.12488729814399861,0.8742120039685086,0.00399418645270878,0.5706491188584181,0.4253566946888732
2023-06-22,0.0008929515453131521,0.11952900163035646,0.8795780468243333,0.0038550690297206184,0.5285008021208192,0.4676441288494601
2023-06-23,0.000932031211028978,0.11006785200151233,0.8890001167874617,0.0037416857474138173,0.4893061629234247,0.5069521513291614
2023-06-26,0.002133584578097233,0.29856354352296915,0.6993028718989366,0.0036985260057786477,0.46054399363224724,0.5357574803619741
2023-06-27,0.003328984999849454,0.5626367105422141,0.4340343044579395,0.0037174654112984355,0.4442631380266778,0.5520193965620238
2023-06-28,0.004565099487847796,0.7359922368088074,0.25944266370334795,0.0037921003808566666,0.4350077179554847,0.5612001816636585
2023-06-29,0.0044062979098768735,0.7351733645783349,0.26042033751179117,0.0038150057315443535,0.4241842130650936,0.5720007812033621
2023-06-30,0.008243818779217264,0.6339522478604018,0.35780393336038385,0.003731736155996456,0.40677790716891393,0.5894903566750894
2023-07-03,9.843691703141912e-05,0.00033642923891634793,0.999565133844055,0.0033823980878780677,0.35739005829582116,0.6392275436163006
2023-07-04,6.375837835332742e-05,0.001372225739250846,0.9985640158823985,0.002727739198704337,0.3083264134338665,0.6889458473674291
2023-07-05,7.0821892625113e-05,0.0017277559256862658,0.9982014221816914,0.002171002253488785,0.2597622916713241,0.738066706075187
2023-07-06,7.731834326230416e-07,2.5279118813256372e-08,0.9999992015374513,0.001731279453432956,0.2151465541028587,0.7831221664437082
2023-07-07,0.0005677681591646225,0.0036739115882599995,0.9957583202525782,0.001557047771025626,0.19130152646013596,0.8071414257688383
2023-07-10,0.054199407328620386,0.686069718036889,0.25973087463449324,0.004181018461856434,0.21781016551470997,0.7780088160234336
2023-07-11,0.20791265464658298,0.7495067212506287,0.042580624102791,0.014573309323468236,0.25524857667247264,0.7301781140040591
2023-07-12,0.5004651537967129,0.4918829370427751,0.007651909160514626,0.039595769940005646,0.27983752902099707,0.6805667010389972
2023-07-13,0.9998252524401824,0.00011904571921304895,5.570184060747801e-05,0.08958448486702586,0.27979298959002075,0.6306225255429534
2023-07-14,0.9890389991536788,0.010743349927292404,0.00021765091903174633,0.1390100522500139,0.27813537674755495,0.5828545710024312
2023-07-17,0.7704891474677205,0.22779227632952775,0.0017185762027546276,0.1774724852537006,0.28276720287489976,0.5397603118713995
2023-07-18,0.30611549834712487,0.6896366373814868,0.004247864271391086,0.19271255690549727,0.30918316442738114,0.49810427866712154
2023-07-19,0.19115169641768454,0.8063161039875333,0.0025321995947850374,0.2022251068320067,0.3432546047195577,0.45452028844843556
2023-07-20,0.07646837191976162,0.9209201664059145,0.0026114616743267045,0.2060038778507291,0.38332416295833555,0.4106719591909354
2023-07-21,0.032506454424885686,0.9650393432722231,0.0024542023028942452,0.20758259901142198,0.426072737521871,0.36634466346670713
2023-07-24,0.012814189336032164,0.9841459039947975,0.003039906669173265,0.20811662924931867,0.4603518555454623,0.33153151520521906
2023-07-25,0.0051374093571465804,0.9889849659152607,0.005877624727595487,0.2082070504671835,0.48166926831411455,0.31012368121870193
2023-07-26,0.003180954042823724,0.9847807110978914,0.012038334859287582,0.20813784319493236,0.4941086920285688,0.297753464776499
2023-07-27,0.002978196817064382,0.9834323807831125,0.013589422399826082,0.20806643814029174,0.5065216428388076,0.2854119190209008
2023-07-28,0.0034035339655657656,0.9835409403208499,0.013055525713587143,0.20782442389960912,0.5240010774618299,0.2681744986385609
2023-07-31,0.006466817942560405,0.9829711648273349,0.010562017230107622,0.20814284295088561,0.5731328142412507,0.21872434280786374
2023-08-01,0.01808722135164936,0.9584387067940112,0.02347407185434245,0.20904401609955037,0.6209861382939885,0.16996984560646103
2023-08-02,0.010104798329249796,0.8376620083713117,0.15223319329944152,0.20954571492138163,0.6627828509162698,0.12767143416234866
2023-08-03,0.0033790412078149464,0.31102839983640396,0.6855925589557842,0.2097146283226007,0.6783342696441339,0.11195110203326536
2023-08-04,0.0005311925199730505,0.026229738407348074,0.9732390690726818,0.20971279954064118,0.6794620609850884,0.11082513947427057
2023-08-07,0.000102416272491095,0.003302135804357826,0.9965954479231539,0.20700794998783467,0.6453236818734618,0.1476683681387035
2023-08-08,3.2734375028014e-05,0.0004786634523281654,0.9994886021726468,0.196613953974257,0.6078722789835469,0.19551376704219614
2023-08-09,0.00019679456694966115,0.010248468690063064,0.9895547367429903,0.17160053601276887,0.5837905555659114,0.24460890842131977
2023-08-10,0.0008304823706464261,0.08025207335271772,0.9189174442766389,0.12165079750929222,0.5877972069475866,0.2905519955431212
2023-08-11,0.0015666585745710846,0.1572673720247431,0.8411659694006889,0.07227718048033697,0.5951234080524592,0.33259941146720395
2023-08-14,0.001848112946314165,0.14661831313102425,0.8515335739226647,0.033845128754266776,0.5910647098925338,0.3750901613531992
2023-08-15,0.00020707919649333312,0.007272589126580199,0.9925203316769295,0.01854970779673525,0.5569465074797888,0.42450378472347605
2023-08-16,1.035315021167433e-06,1.0212449423630308e-07,0.9999988625604878,0.008992174741602105,0.516630707386637,0.474377117871761
2023-08-17,1.8611099916490532e-06,6.823810761069392e-07,0.9999974565089355,0.005168849201113618,0.47058473318539507,0.5242464176134912
2023-08-18,4.089741063710144e-06,5.171637774440144e-06,0.9999907386211649,0.003543730966922524,0.4223330246036728,0.5741232444294047
2023-08-21,1.6576899281692554e-07,4.2867473460846856e-10,0.9999998338023357,0.0029030297885705584,0.37312572942536676,0.6239712407860627
2023-08-22,5.632196618091587e-05,0.00012853177346274294,0.9998151462603596,0.002648975419022276,0.323682907718277,0.6736681168627007
2023-08-23,0.005353062806514522,0.6614643849437355,0.33318255224975324,0.002757580857206816,0.30751709141056927,0.689725327732224
2023-08-24,0.004834937365053219,0.8940124493812531,0.10115261325369701,0.0028504178846062577,0.30304609484047634,0.6941034872749174
2023-08-25,0.00412519707868308,0.9532434967758016,0.04263130614551878,0.0028865010402621227,0.3015312226632239,0.695582276296514
2023-08-28,0.005990849677360239,0.9646744925917576,0.02933465773088533,0.0028627026270021142,0.300616389051445,0.6965209083215528
2023-08-29,0.006770533894207232,0.9204309573169557,0.07279850878884037,0.00229686825413001,0.29871600157759226,0.6989871301682777
2023-08-30,0.01420164970194356,0.7340462504471333,0.2517520998509264,0.002501710822764698,0.2935352136813834,0.703963075495852
2023-08-31,0.05372846828891383,0.7672578739353296,0.17901365777575964,0.005019182176819634,0.31634668738632954,0.6786341304368508
2023-09-05,0.3449078711243573,0.6352521765932608,0.019839952282385113,0.022238016107038787,0.34679780929562504,0.6309641745973361
2023-09-06,0.5324263437448429,0.4639970632354817,0.003576593019678374,0.0488542124806563,0.3698325556671812,0.5813132318521625
2023-09-07,0.4836106996829444,0.5143906265654047,0.0019986737516537972,0.07303311074605204,0.395528153822835,0.5314387354311131
2023-09-12,0.3196336996890534,0.6780163732342016,0.0023499270767477513,0.08900495600215717,0.4289165490500418,0.4820784949478011
2023-09-13,0.15902987012848832,0.8375845878229543,0.0033855420485601447,0.09691492539004926,0.4667831747735535,0.43630189983639733
2023-09-14,0.07432885956204963,0.9166726326107209,0.008998507827232109,0.10055303543942316,0.5047534378028523,0.39469352675772457
2023-09-15,0.020116254139102684,0.926660632434236,0.053223113426663846,0.10146644249906257,0.5437555537680128,0.3547780037329246
2023-09-18,0.008410431712842316,0.7734430016474261,0.21814656663973397,0.10187661012488004,0.582064074394055,0.316059315481065
2023-09-19,0.0033440113668925056,0.3204967152946635,0.6761592733384465,0.10204375892747361,0.5980889050525633,0.29986733601996296
2023-09-20,0.00029913022677817544,0.009001251402332223,0.9906996183708918,0.10205862238331295,0.5985389335036262,0.29940244411306083
2023-09-21,3.8749913247501084e-12,5.900564503062788e-32,0.9999999999961272,0.10205841789645351,0.5985386749217375,0.29940290718180895
2023-09-22,5.340179895902201e-09,1.1655039009223405e-15,0.9999999946598211,0.10205840987501287,0.5985386749003039,0.2994029152246832
2023-09-25,2.5437238511213846e-08,5.962159416446718e-13,0.9999999745621674,0.10205559504856573,0.5985322483116605,0.29941215663977366
2023-09-26,1.5474310111466934e-09,5.4516520539411874e-18,0.9999999984525713,0.10178794198561159,0.5654590290644739,0.3327530289499145
2023-09-27,2.82677424601635e-07,2.7243510352270865e-09,0.9999997145982267,0.10154620925123017,0.5207584067316291,0.37769538401714087
2023-09-28,1.9352044485116668e-07,4.755343952006297e-10,0.9999998060040233,0.10133995907331826,0.4730962319166158,0.425563809010066
2023-09-29,0.00028964307542508574,0.012254729212716822,0.9874556277118607,0.10105489874322149,0.42547524374766393,0.4734698575091146
2023-10-02,3.061814618251002e-05,0.000380494209152179,0.9995888876446679,0.10071790295582028,0.3794727205922738,0.5198093764519058
2023-10-03,2.5233120408917023e-05,0.00026985599636642366,0.9997049108832271,0.10000908212674353,0.3427839008697356,0.5572070170035209
2023-10-04,3.094993033697128e-05,0.0003998615805084608,0.9995691884891569,0.09732420620881473,0.3044410002519947,0.5982347935391906
2023-10-05,4.254939748152985e-05,0.0007492335987721885,0.9992082170037486,0.08008094012247095,0.27271585310227026,0.6472032067752587
2023-10-06,0.00011804212104155249,0.004379698334865733,0.995502259544095,0.05346552504128096,0.24973498485723952,0.6967994901014793
2023-10-09,0.0007492704459491506,0.05743405050779382,0.9418166790462594,0.029322453579431272,0.2268871560543591,0.7437903903662096
2023-10-10,0.0015490929610832425,0.08479945567443978,0.9136514513644793,0.013418223243032804,0.1972263101763711,0.7893554665805962
2023-10-11,2.4450653267165936e-05,0.00010326338082291716,0.9998722859659124,0.005467952269271763,0.1553522439542646,0.8391798037764637
2023-10-12,4.647546969159572e-05,0.000823393775010631,0.9991301307553001,0.0017538330646538706,0.10955978201247923,0.8886863849228669
2023-10-13,2.85199535214716e-05,0.00012115819247914542,0.9998503218540018,0.0007494463553748119,0.06323280830039149,0.9360177453442337
2023-10-16,0.002425990571295654,0.028604279371697575,0.9689697300570091,0.0004502242982974795,0.02599087218660515,0.9735589035150974
2023-10-17,0.014889898256168807,0.013635778653096904,0.9714743230907366,0.0010275186427612932,0.010647825354526855,0.9883246560027118
2023-10-18,0.8062568838136396,0.1344266039149679,0.05931651227139485,0.041325406322104276,0.016919092980158628,0.9417555006977372
2023-10-19,0.975132758656366,0.022759236238637178,0.002108005104999327,0.0900820442547287,0.01805705479209048,0.8918609009531807
2023-10-20,0.9999607147842796,2.621852379646561e-05,1.3066691926297217e-05,0.14008007972693357,0.018058365718280244,0.8418615545547862
2023-10-23,0.9999786180711109,1.5451547076616486e-05,5.930381814812296e-06,0.19007900935862704,0.018059138295604262,0.7918618523457687
2023-10-24,0.999999607013104,2.9516808960046702e-09,3.9003521749894855e-07,0.2400789896319106,0.018059138443188308,0.741861871924901
2023-10-25,0.999999779331308,3.189885053571226e-10,2.2034970595622153e-07,0.2900789644646046,0.018059138322920183,0.6918618972124752
2023-10-26,0.9999829747691216,8.290620463828001e-06,8.73461041713745e-06,0.3400781035270384,0.018059552830166657,0.641862343642795
2023-10-27,0.8906180034931891,0.10829204699406061,0.0010899495127525772,0.38459452154792645,0.022861418719233834,0.5925440597328397
2023-10-30,0.881228603348445,0.11758143805360469,0.0011899585979526146,0.4286544208080395,0.028721465911456443,0.5426241132805041
2023-10-31,0.9843926189757151,0.015404347423103957,0.00020303360118343456,0.4778727901008046,0.029478190482793314,0.49264901941640193
2023-11-01,0.9955245765532927,0.0043912709731733545,8.415247353640794e-05,0.5276474714319522,0.029677760952426562,0.4426747676156211
2023-11-02,0.9949501166174379,0.004955264688692912,9.461869387159822e-05,0.57739284979295,0.0298880625069226,0.39271908770012737
2023-11-03,0.9905728496704194,0.009284383263230308,0.00014276706635276028,0.6269155901704188,0.030133296753340828,0.3429511130762404
2023-11-06,0.9866586454031695,0.01314220054715972,0.00019915404967308015,0.6762110589182797,0.027918704255309127,0.29587023682641117
2023-11-07,0.9985533973582579,0.0014009675435936305,4.563509815076263e-05,0.7260612741381383,0.02374877984876683,0.25018994601309485
2023-11-08,0.9999140962270374,7.456203205907848e-05,1.1341740905570616e-05,0.7760557564168267,0.023747344781328637,0.20019689880184463
2023-11-09,0.9999994155577803,1.1906115983287866e-08,5.725361056054012e-07,0.8260534034212311,0.023706175687883912,0.15024042089088507
2023-11-10,0.9999990202490819,5.4691756894263656e-08,9.250591629846044e-07,0.876051928436009,0.023700120512847794,0.1002479510511432
2023-11-13,0.9965914759401869,0.003330133179748036,7.839088006698652e-05,0.9257602027044534,0.022436413203250318,0.051803384092296234
2023-11-14,0.9499121914561366,0.04962580172451351,0.00046200681935157676,0.972511317364452,0.02423591435682115,0.0032527682787270953
2023-11-15,0.9281908998396506,0.0713075121737694,0.0005015879865815756,0.9786080181657522,0.02107995976976123,0.00031202206448643856
2023-11-16,0.8401098115568421,0.15871458210733944,0.0011756063358197423,0.9718568708107762,0.02787772706319633,0.0002654021260274595
2023-11-17,0.8393067666292495,0.15919484373660908,0.0014983896341425162,0.9638241734030247,0.03583615832383695,0.00033966827313827025
2023-11-20,0.9830561136644422,0.016714293577634636,0.0002295927579242554,0.9629780481826915,0.03667110042536485,0.00035085139194374244
2023-11-21,0.9983557874231065,0.0015958684413521587,4.8344135542366024e-05,0.9628958572031917,0.03675089369984841,0.0003532490969599858
2023-11-22,0.9963774613002088,0.003538009455011968,8.452924478021917e-05,0.9627147413016367,0.03692779415664959,0.00035746454171369895
2023-11-23,0.9996236525727745,0.00035319709091849054,2.3150336307939366e-05,0.9626967751918195,0.036945039480172324,0.0003581853280082391
2023-11-24,0.9999153998122381,7.18318804502352e-05,1.2768307312711947e-05,0.968161645007772,0.03153402872449182,0.000304326267736246
2023-11-27,0.9706627183887756,0.029011634687942357,0.0003256469232827311,0.9726333507597884,0.02710553855620871,0.00026111068400275184
2023-11-28,0.8613433091325154,0.1374384265096995,0.0012182643577858033,0.9664808852676287,0.03320724251053849,0.0003118722218328703
2023-11-29,0.4312457915266284,0.5634479816993555,0.005306226774016828,0.9382669460162957,0.061160078046847546,0.0005729759368568909
2023-11-30,0.3700351778941785,0.6257566707021508,0.004208151403671358,0.9070211990801328,0.0922001483475204,0.0007786525723468787
2023-12-01,0.4813660194670131,0.5146287029986489,0.004005277534338842,0.8815608575699625,0.1174673643342913,0.0009717780957461822
2023-12-04,0.9547478261907507,0.0440238659037739,0.0012283079054761319,0.8799653166093416,0.11901144760212201,0.0010232357885363351
2023-12-05,0.5921970197002104,0.4052073845677363,0.0025955957320540467,0.8596474977264393,0.13920176845332913,0.0011507338202314994
2023-12-06,0.215204750915768,0.78085909773736,0.003936151346872703,0.8204120304608761,0.17824099523859419,0.001346974300529856
2023-12-07,0.09358163331167646,0.9024434042905718,0.003974962397752376,0.7750911413485709,0.2233631648578169,0.001545693793612194
2023-12-08,0.021333536248603964,0.9662418910603262,0.012424572691070637,0.7261578671485471,0.27167525667624537,0.0021668761752075766
2023-12-11,0.006382050864067107,0.9513946980241775,0.04222325111175619,0.6766473958947411,0.31907848491846674,0.004274119186792034
2023-12-12,0.004877370444711125,0.9688452424631322,0.02627738709215755,0.6293956548441699,0.36503945695539763,0.005564888200432331
2023-12-13,0.012294096321114258,0.9800647683005445,0.007641135378342278,0.5836008146682432,0.41047731976173635,0.005921865570020367
2023-12-14,0.04394828685987986,0.9531233715949279,0.0029283415451933016,0.5437927384333952,0.4501977592361157,0.006009502330489044
2023-12-15,0.09828869589408168,0.8991814172805747,0.00252988682534461,0.5067418348966368,0.48719708791331406,0.00606107719004915
2023-12-18,0.055951912760041765,0.9415475597019701,0.0025005275379889726,0.4603866248514169,0.5334387512195308,0.006174623929052386
2023-12-19,0.04536331500320304,0.9511599230698848,0.003476761926912761,0.4127370012304217,0.5809169539509573,0.006346044818620906
2023-12-20,0.030699200523952603,0.9557330807264335,0.01356771874961454,0.364453088191609,0.6285267075145284,0.007020204293862622
2023-12-21,0.007315697220865807,0.8966729474442384,0.09601135533489628,0.31483769042401355,0.6733426950321943,0.011819614543792035
2023-12-22,0.0035550203812614502,0.8899988597293811,0.10644611988935823,0.2650196714524648,0.717839046424641,0.01714128212289431
2023-12-25,0.003084999522326705,0.8864700081806908,0.11044499229698335,0.21664078550914237,0.7607119650992783,0.022647249391579336
2023-12-26,0.003458182551481855,0.8695595825277395,0.12698223492077962,0.1737465291800907,0.7973180229001803,0.028935447919729015
2023-12-27,0.005405526520964405,0.808775297189608,0.1858191762894285,0.15245451592980755,0.809584388674693,0.03796109539549959
2023-12-28,0.012579916235539557,0.923331609713131,0.06408847405133036,0.13458175284687562,0.8244631356252418,0.04095511152788254
2023-12-29,0.05112433854340096,0.9201843096551933,0.028691351801406504,0.113069668800695,0.844740915958069,0.04218941524123593
2024-01-02,0.26673071604443965,0.7129864700076577,0.020282813947903426,0.07866881329337949,0.8781890461632632,0.04314214054335728
2024-01-03,0.10305121000649196,0.8394274619062985,0.05752132808721056,0.05421152280869359,0.8999000500301914,0.04588842716111511
2024-01-04,0.021106655239639557,0.6775478803904129,0.3013454643699485,0.04450661802488717,0.8947344891628439,0.060758892812268886
2024-01-05,0.003595574168249147,0.25330279763623936,0.7431016281955123,0.04000731506771582,0.8622774588301274,0.09771522610215687
2024-01-08,0.000962269704332626,0.07113809402118194,0.927899636274486,0.038988751740502245,0.8175222689781702,0.14348897928132756
2024-01-09,3.229942946938671e-05,0.00024768230318319615,0.9997200182673479,0.03867126416877236,0.7699649181921204,0.19136381763910715
2024-01-10,0.00022066376557785167,0.010825879182939606,0.9889534570514831,0.03843842883481569,0.7220639500281109,0.23949762113707335
2024-01-11,0.0002551743467644535,0.014107921140910537,0.9856369045123253,0.03783648273609821,0.6737661076701293,0.28839740959377247
2024-01-12,0.00023802683503161359,0.01167485219771528,0.9880871209672535,0.03565096973485581,0.6266936817002687,0.3376553485648755
2024-01-15,8.700128333862276e-06,2.617230952985256e-05,0.9999651275621365,0.030736969946568417,0.5817359194517165,0.387527110601715
2024-01-16,8.716322158864409e-06,2.9000801965558953e-05,0.9999622828758759,0.027939810124674273,0.5346599915067164,0.4374001983686094
2024-01-17,5.953700357105608e-05,0.0009214332282117921,0.9990190297682175,0.025674621224692672,0.4871480670146328,0.4871773117606745
2024-01-18,0.001290109204401105,0.09355001688949985,0.9051598739060994,0.0242041666587151,0.4440389138227861,0.5317569195184989
2024-01-19,0.0013012267376039588,0.09263903844323948,0.9060597348191569,0.02390344313455201,0.4038372183727362,0.5722593384927118
2024-01-22,0.00012981221761210356,0.003752028733708311,0.99611815904868,0.023732182726369542,0.3595248768229526,0.6167429404506779
2024-01-23,4.0679033301365356e-05,0.0006628845756381019,0.9992964363910609,0.023579966701918278,0.3152345206427,0.6611855126553817
2024-01-24,2.808454983506086e-05,0.00033644394593952714,0.9996354715042258,0.02340846180183594,0.27177336371361,0.7048181744845541
2024-01-25,7.213416132259488e-07,2.9384798742742346e-08,0.9999992492735883,0.023138221542868383,0.23133460032336958,0.7455271781337621
2024-01-26,0.00029085596840000045,1.1497136855581277e-05,0.9996976468947448,0.022523768529511403,0.18516859469455588,0.7923076367759329
2024-01-29,0.3821439370899977,0.44107660268315396,0.17677946022684848,0.03907474845684123,0.16121320934595393,0.7997120421972049
2024-01-31,0.8937964611184429,0.09843414926421773,0.0077693896173395526,0.07042803571054139,0.13048559330878193,0.7990863709806767
2024-02-01,0.9999678321001707,1.2691819450444096e-05,1.947608037884124e-05,0.1152738668152253,0.08851485480443955,0.7962112783803351
2024-02-02,0.9984722498086188,0.0014421572360601522,8.559295532118272e-05,0.16414214654367423,0.05470956864672191,0.7811482848096037
2024-02-05,0.9526963339538856,0.04412498580063293,0.0031786802454818303,0.21159718453295606,0.04425067805494161,0.7441521374121023
2024-02-07,0.9043995878708458,0.061658158672448934,0.033942253456705276,0.25676905044128173,0.04377668128750497,0.6994542682712134
2024-02-19,0.03301759725584234,0.04005025156786627,0.9269321511762916,0.25841831533260035,0.045766809750739115,0.6958148749166604
2024-02-22,0.0006087674189991381,0.0018944847190805374,0.9974967478619206,0.2584377205152714,0.04532024002754616,0.6962420394571823
2024-02-23,2.2604948275246577e-05,0.00013534372006775405,0.999842051331657,0.258426092045347,0.04462161115650403,0.6969522967981491
2024-02-26,6.975433206559137e-06,1.800207030987391e-05,0.9999750224964835,0.2584145394752557,0.044038768650133765,0.6975466918746106
2024-02-27,7.481982664009785e-09,4.338858478301612e-15,0.9999999925180131,0.2584141048429382,0.044037460034657486,0.6975484351224044
2024-02-28,2.751226836068235e-05,0.000339988323450131,0.9996324994081892,0.2584150446402483,0.04405300941073171,0.6975319459490201
2024-02-29,0.0002748323336070705,0.015578129890626537,0.9841470377757665,0.2584258094067501,0.04478584424385246,0.6967883463493975
2024-03-01,0.0009513895453860067,0.0465507408157767,0.9524978696388374,0.25840887342379926,0.04243588044016628,0.6991552461360343
2024-03-04,0.0001144588038689386,0.003371142676190746,0.9965143985199404,0.25834953502711255,0.03797248565181386,0.7036779793210736
2024-03-05,0.00013201575686701367,0.0017984216922389382,0.9980695625508942,0.25834964520407533,0.03787480529974039,0.7037755494961843
2024-03-06,0.004615349765341749,0.05339733585464144,0.9419873143800169,0.2585783787406773,0.04051152786369056,0.7009100933956321
2024-03-07,0.10750529569789591,0.37711710055662295,0.5153776037454814,0.26395223929808037,0.059350560694224716,0.676697200007695
2024-03-08,0.08188023324425765,0.3969183874055402,0.5212013793502023,0.2680462148932126,0.07919647859526179,0.6527573065115256
2024-03-11,5.521350005824916e-08,2.172413373059014e-17,0.9999999447865003,0.26803167485546764,0.07919590373841902,0.6527724214061134
2024-03-12,9.851382195769348e-07,1.1741098549837639e-07,0.9999988974507955,0.2489245272578787,0.05714207947481059,0.6939333932673107
2024-03-13,5.481799940618041e-06,1.0489402507870568e-05,0.9999840287975522,0.20423497829195358,0.05222089648172511,0.7435441252263214
2024-03-14,9.918166423543831e-07,1.19509893647482e-07,0.9999988886734646,0.15423663627777717,0.05222026786624725,0.7935430958559755
2024-03-15,9.612720980250356e-07,5.023966930179327e-08,0.9999989884882333,0.10431307185095115,0.05214816251642772,0.8435387656326211
2024-03-18,0.0005031537636330355,0.033545461900346935,0.9659513843360206,0.05670341284143854,0.05161918632141342,0.8916774008371481
2024-03-19,0.0006580884912434962,0.040284218484586146,0.959057693024171,0.011516337872458428,0.05055048931202028,0.9379331728155212
2024-03-20,5.0030352903604e-05,0.0008278163438737928,0.9991221533032233,0.009867959527311487,0.04858936755082065,0.9415426729218678
2024-03-21,2.2187606852886884e-05,7.003632819409503e-05,0.9999077760649535,0.009838630536704177,0.048498145131276336,0.9416632243320195
2024-03-22,0.001779411246401122,0.13852082091640783,0.8596997678371917,0.009926470851610468,0.05541741899109332,0.9346561101572962
2024-03-25,0.0090749688137287,0.6350700229373131,0.3558550082489591,0.010379870520636575,0.08717002003444346,0.9024501094449199
2024-03-26,0.034631102656440024,0.8821280300825582,0.08324086726100242,0.012111425279359444,0.13127642153857114,0.8566121531820695
2024-03-27,0.10583403892432723,0.8566579990591285,0.03750796201654466,0.01740175161215777,0.17409232207535505,0.8085059263124873
2024-03-28,0.550000729577246,0.44504245211277066,0.004956818309983934,0.0448880464743397,0.1955655381864622,0.759546415339198
2024-03-29,0.8500583636493773,0.1487620849954853,0.0011795513551379538,0.08734339517953925,0.2006761053954477,0.7119804994250132
2024-04-01,0.9902863968879506,0.009551658904833027,0.00016194420721699423,0.13685199208374332,0.20098513120687983,0.6621628767093769
2024-04-02,0.9999310545369298,5.819902591197958e-05,1.0746437158866219e-05,0.18684194402274643,0.20089812007356342,0.6122599359036903
2024-04-03,0.9926894030727679,0.007185116176849841,0.00012548075038288593,0.23624564668811765,0.19858750908967382,0.5651668442222085
2024-04-04,0.9366570628915781,0.0627118893863653,0.0006310477220571052,0.2777032350478018,0.182867248531161,0.5394295164210373
2024-04-05,0.9324866232256435,0.06680112629957219,0.000712250474784659,0.32023355454687097,0.16636138547586254,0.5134050599772665
2024-04-08,0.9997747124739078,0.00020294334990196778,2.2344176190737305e-05,0.3702222874098914,0.16637153264335763,0.46340617994675093
2024-04-09,0.9999283808938193,6.117062376997542e-05,1.0448482411398203e-05,0.4202186571976713,0.1663745853039969,0.4134067574983318
2024-04-10,0.9999829648173846,1.1643297473125383e-05,5.3918851429754115e-06,0.4702175313485435,0.16637464299874513,0.3634078256527114
2024-04-11,0.9990711875141111,0.0008913008922039424,3.7511593685520606e-05,0.520171041133417,0.16641920206786068,0.31340975679872246
2024-04-12,0.9999899365386378,5.9039584956741345e-06,4.159502867159301e-06,0.5701704898967439,0.16641949475380197,0.26341001534945413
2024-04-15,0.999996269651126,7.559766833599063e-07,2.974372191072949e-06,0.6201451456911184,0.1647422594576188,0.2151125948512627
2024-04-16,0.9730384546156796,0.026068795188399156,0.0008927501959217591,0.6687641639973403,0.16403148829280945,0.1672043477098503
2024-04-17,0.6218135352500667,0.35270282948057013,0.02548363526936388,0.6998523392421985,0.1816252389496443,0.11852242180815736
2024-04-19,0.3692553583305646,0.44744489476605953,0.18329974690337664,0.718313997778384,0.2039939818715375,0.07769202035007852
2024-04-22,0.41622428317141796,0.2761415192004229,0.30763419762816,0.7390362413746348,0.21087501678573828,0.05008874183962696
2024-04-23,0.9417898179246114,0.048490513166440936,0.009719668908948648,0.7856719838301788,0.18154604129719468,0.032781974872626456
2024-04-24,0.9999348110219234,3.276304850002377e-05,3.242592957742062e-05,0.833937169248453,0.1374412779454918,0.028621552806055207
2024-04-25,0.9999897611583486,5.188141446153407e-06,5.0507002061666045e-06,0.8786449553601541,0.09460863739960769,0.026746407240238284
2024-04-26,0.9994084348350217,0.0001059543141111218,0.00048561085086802375,0.9011153406230429,0.07236181250967474,0.026522846867282488
2024-05-02,0.24303407724371237,0.49340104300234866,0.2635648797539402,0.8707641263027595,0.0895937604100179,0.0396421132872226
2024-05-03,0.02323584518147864,0.23445127187866716,0.7423128829398553,0.8224115987174359,0.10083874105870959,0.07674966022385447
2024-05-07,1.9329833760762448e-05,1.8239142498673058e-06,0.9999788462519905,0.7724160124822775,0.1008359223031265,0.12674806521459603
2024-05-08,0.0001864947648978727,0.004777390900672486,0.9950361143344307,0.7227908670668839,0.1007155360393176,0.17649359689379837
2024-05-09,0.0027588798010354854,0.26922430618098864,0.7280168140179769,0.676095957912357,0.11104115687904878,0.21286288520859434
2024-05-10,0.008683834933078194,0.6089722718112947,0.38234389325562823,0.6299058184977288,0.13814971415463487,0.23194446734763646
2024-05-13,0.04414301051787797,0.9058587756250371,0.04999821385708577,0.5821242333999271,0.18343250576839154,0.2344432608316812
2024-05-14,0.025912592830127118,0.9648444621005816,0.009242945069292099,0.5334234439967427,0.2316716703422321,0.23490488566102524
2024-05-15,0.02626728084833817,0.9699961942930221,0.0037365248586408266,0.48473765979829037,0.28017089789200955,0.23509144230970014
2024-05-16,0.04262662259802676,0.9521541002292248,0.005219277172749478,0.4369154315524862,0.3277340378588605,0.23535053058865335
2024-05-17,0.17079473559593986,0.8258924725591228,0.003312791844938274,0.3954556715053513,0.3690283662888918,0.2355159622057569
2024-05-20,0.46136032708907526,0.5360777651919555,0.0025619077189701083,0.3685238743772488,0.39583221674965546,0.2356439088730958
2024-05-21,0.8393876663273514,0.15948935252700092,0.0011229811456486011,0.36184133496283244,0.4025032446165855,0.23565542042058216
2024-05-22,0.9998557822153971,0.00012050463472924487,2.371314987445914e-05,0.3807434473110988,0.38487412837429336,0.23438242431460768
2024-05-23,0.9999992057867477,8.47654677160514e-09,7.857367062764404e-07,0.412280639683908,0.3625018840598178,0.22521747625627422
2024-05-24,0.9985398878252678,0.0005678730768298252,0.0008922390979030785,0.4413964199166005,0.34872320175363813,0.2098803783297614
2024-05-27,0.2261293781862294,0.5092331988087371,0.26463742300503423,0.40561339792968143,0.371760336035753,0.22262626603456567
2024-05-28,0.025765172254875984,0.28541336393224925,0.6888214638128756,0.3569049159913291,0.38602936607994043,0.2570657179287305
2024-05-29,0.0012958531912846862,0.016635039902938232,0.9820691069057778,0.30697022059297596,0.38686085866801506,0.30616892073900903
2024-05-30,0.0021924957315234478,0.14887328866788646,0.8489342156005909,0.2571094236378011,0.3942992253857037,0.3485913509764951
2024-05-31,0.009817657798662621,0.33817869613475376,0.6520036460665846,0.24544860266554863,0.3865381080423241,0.36801328929212734
2024-06-04,0.09668730907071876,0.8007751015392289,0.10253758939005322,0.24912117586001062,0.4148542995253521,0.33602452461463733
2024-06-05,0.1865263463567278,0.7830605923265362,0.030413061316736878,0.258446526686159,0.4540072379459665,0.28754623536787466
2024-06-06,0.03157871168862437,0.9364071407436668,0.032014147567709914,0.2600161375323453,0.5005887254381161,0.23939513702953863
2024-06-07,0.009691914007043069,0.976944858787717,0.013363227205241001,0.26036278924264566,0.5359747530684524,0.20366245768890184
2024-06-10,0.010912730674146467,0.9843901702477857,0.00469709907806862,0.26047423402969905,0.5547456479902769,0.1847801179800239
2024-06-11,0.010366491886113478,0.9816421874627295,0.007991320651158049,0.2587854080981109,0.5585348185821617,0.18267977331972754
2024-06-12,0.004062383138792514,0.9526578783114896,0.043279738549718796,0.25769289761354414,0.557925489392707,0.1843816129937489
2024-06-13,0.0032066716770792177,0.9241926063295932,0.07260072199332851,0.2565398671549812,0.5556353099945356,0.18782482285048324
2024-06-14,0.003516551797180288,0.9169748120812935,0.079508636121527,0.25458436361493886,0.553876345587139,0.19153929079792212
2024-06-17,0.0033271282896426718,0.8467792642353088,0.14989360747504923,0.24621098324962398,0.5549206851709484,0.19886833157942768
2024-06-18,0.0030889100944075662,0.7284349388484604,0.26847615105713285,0.22329741239989065,0.5645385438537734,0.2121640437463358
2024-06-19,0.0028785072427486135,0.6152307419941307,0.3818907507631213,0.18147195444566055,0.58732561332713,0.23120243222720943
2024-06-20,0.002638018689301174,0.4888258366582532,0.5085361446524462,0.13161106626935581,0.6117608799283062,0.256628053802338
2024-06-21,0.0025208478520841763,0.3528155848416216,0.644663567306295,0.08173714837262266,0.6294016587465598,0.2888611928808174
2024-06-24,0.0012720148085852271,0.1394597836139132,0.859268201577502,0.031873754721788584,0.6363462542734141,0.3317799910047973
2024-06-25,0.001042805066818951,0.0787952241510912,0.9201619707820903,0.02061942606581807,0.6148243555405318,0.3645562183936501
2024-06-26,0.0033335541475440337,0.41469480222327954,0.581971643629177,0.019497845160451475,0.6212884274550833,0.3592137273844651
2024-06-27,0.004741160966484795,0.5767142955163929,0.41854454351712284,0.019670110549211476,0.649292390235756,0.33103749921503245
2024-06-28,0.018394516460306105,0.9187287046284751,0.06287677891121926,0.020480211585650613,0.6877851610337854,0.2917346273805639
2024-07-01,0.01921113978177328,0.9614402900588189,0.019348570159408315,0.020949885684806144,0.7189482407299886,0.2601018735852051
2024-07-02,0.06003022725016895,0.931088311018568,0.008881461731263595,0.019117031593778658,0.7254639012039558,0.2554190672022657
2024-07-03,0.27165244915522097,0.7228118219678408,0.0055357288769387015,0.023373336733703315,0.722451462686021,0.25417520058027576
2024-07-04,0.9622129837373392,0.03718907367324221,0.0005979425894191795,0.06990505033613903,0.6774905593324998,0.25260439033136123
2024-07-05,0.998811881189226,0.001143226075486082,4.4892735288457586e-05,0.11936104869524813,0.6287004776968883,0.2519384736078636
2024-07-08,0.9997796763815259,0.00020249531547372507,1.7828303000847946e-05,0.16880439598061708,0.5794910939502728,0.2517045100691102
2024-07-09,0.9999899582372364,5.848409646100628e-06,4.193353118263027e-06,0.2182855692981732,0.5304092769976186,0.25130515370420825
2024-07-10,0.9987414362726995,0.001214295192484582,4.426853481680334e-05,0.2680195219548685,0.48283709784166834,0.2491433802034631
2024-07-11,0.9776533310815241,0.022027549716462907,0.0003191192020138423,0.31674185492509066,0.4377288450110119,0.24552930006389734
2024-07-12,0.889052055240875,0.10848816470483279,0.002459780054293007,0.3610186300972754,0.39730451264218886,0.24167685726053567
2024-07-15,0.9607281550361672,0.03882988307486573,0.00044196188896779764,0.4088886814346016,0.35690704358416675,0.2342042749812316
2024-07-16,0.9994544531136385,0.0005153491218794936,3.019776448264986e-05,0.45870695858556315,0.32051106409783775,0.22078197731659913
2024-07-17,0.9996361299806068,0.0003112277932971446,5.264222609668165e-05,0.508544839722456,0.28976508838779613,0.20169007188974789
2024-07-18,0.6744173998648386,0.32343883841844134,0.0021437617167206087,0.5421338087812329,0.2814957384758055,0.17637045274296165
2024-07-19,0.3253162828129063,0.6712366484248804,0.0034470687622137827,0.558273580529274,0.29741679165496837,0.14430962781575762
2024-07-22,0.22576636313207532,0.7716674248658165,0.002566212002108864,0.5694982979454485,0.32902717371756357,0.10147452833698797
2024-07-23,0.07304508321496216,0.9228957614698248,0.004059155315213643,0.5730984118528556,0.3712322005835002,0.05566938756364418
2024-07-24,0.015749738917617,0.9734756413612103,0.010774619721173218,0.5737192210913593,0.3991712425403967,0.02710953636824401
2024-07-25,0.01044085154531281,0.9788009193750544,0.010758229079633488,0.5740042056203007,0.41927557373332985,0.006720220646369558
2024-07-26,0.02813907178663015,0.9561666697951345,0.015694258418236122,0.5744914333866169,0.42114747199166275,0.004361094621720402
2024-07-29,0.008895622751458982,0.9036780451632342,0.08742633208530771,0.5739756575351013,0.4182593597468835,0.0077649827180153695
2024-07-30,0.0056511221078415184,0.7113191114784903,0.28302976641366934,0.5712567022779849,0.40727089976987957,0.02147239795213565
2024-07-31,0.0071958036828441525,0.7893535410170309,0.2034506553001262,0.558033870004366,0.41059798572233913,0.03136814427329501
2024-08-01,0.02950213545236672,0.943329456062407,0.02716840848522748,0.5113983275901173,0.45590500484179725,0.032696667568085425
2024-08-02,0.02000666807331058,0.9738605812726892,0.006132750654001414,0.4624580669343215,0.5045408726016574,0.03300106046402107
2024-08-05,0.02780969594930881,0.9695440530834054,0.002646250967287028,0.41385956791271067,0.553007950490054,0.03313248159723538
2024-08-06,0.01262933610675692,0.9842440541799875,0.003126609713256928,0.36449153680618673,0.6022198607785709,0.03328860241524231
2024-08-07,0.009023853827221748,0.9851486858027922,0.005827460369987507,0.3150056576839129,0.6514165803090863,0.03357776200700085
2024-08-08,0.017916679136187625,0.9664753217983615,0.01560799906545226,0.26701882508664615,0.698638968913181,0.034342206000172765
2024-08-09,0.09219593035771595,0.9025213749743889,0.0052826946678966565,0.22717601884248823,0.7383406294266589,0.03448335173085295
2024-08-12,0.2975822918089809,0.6978259227931882,0.004591785397832199,0.19401872568112896,0.771290431412575,0.034690842906296177
2024-08-13,0.9451013769645149,0.054206430214755956,0.0006921928207302507,0.19130107187367268,0.7739749854672187,0.03472394265910854
2024-08-14,0.9888606670741151,0.010984270657259824,0.00015506226862646523,0.19076229872834813,0.7745086376104168,0.03472906366123503
2024-08-15,0.9999577542849548,3.390237046605424e-05,8.343344580808434e-06,0.20703931644935394,0.758338390808018,0.034622292742628034
2024-08-16,0.9999207577408168,6.830724376201838e-05,1.093501542300494e-05,0.24076954019574942,0.7247799737489622,0.0344504860552885
2024-08-19,0.9998574910263593,0.00012806870789591152,1.4440265746563873e-05,0.2794740965904635,0.6862030059410661,0.03432289746847038
2024-08-20,0.9998728834242632,0.00011335036358442066,1.376621215408604e-05,0.3258154866009285,0.6400638853857541,0.0341206280133174
2024-08-21,0.9987996404797728,0.001156770649090553,4.358887113849012e-05,0.3749679816790362,0.5914479418501482,0.03358407647081567
2024-08-22,0.9992565022852185,0.0007101542995243688,3.3343415259327876e-05,0.42440876421603135,0.5425434035963715,0.03304783218759695
2024-08-23,0.9997157105914244,0.00026394482826954936,2.0344580308336744e-05,0.472987596156271,0.4947482673480285,0.03226413649570057
2024-08-26,0.9962728579638395,0.003640661141373605,8.648089478897924e-05,0.5223564579168899,0.44974639814693546,0.02789714393617463
2024-08-27,0.9981742643883977,0.0017685829830505876,5.715262855353805e-05,0.5719826150309176,0.41426887172216353,0.013748513246918868
2024-08-28,0.9641937439860772,0.035233010415858156,0.0005732455980664513,0.6198325120460791,0.376562845192105,0.0036046427618158946
2024-08-29,0.4900850376814133,0.5047395760789966,0.005175386239591789,0.6428616571575314,0.35463335119293443,0.002504991649534111
2024-08-30,0.07797956009153217,0.8973308928055997,0.02468954710286972,0.6457603017584426,0.35080686676957995,0.0034328314719775247
2024-09-04,0.014411345056402134,0.9505871436178883,0.03500151132571091,0.6450903842137972,0.34985902129630414,0.005050594489898716
2024-09-05,0.005213791317036281,0.9468602170208419,0.047925991662123316,0.6447196069743111,0.3479898294383468,0.007290563587342032
2024-09-06,0.006073769139278107,0.9269418289757478,0.06698440188497573,0.6445721027399139,0.34507948659699456,0.010348410663091437
2024-09-09,0.006490619106165069,0.7742770236552017,0.2192323572386347,0.6440007997384128,0.3354695716898366,0.02052962857175054
2024-09-10,0.005021037104689288,0.2720915804579186,0.7228873824373937,0.6396420550757616,0.30394808196401313,0.056409862960225335
2024-09-11,0.006483146858320896,0.70896847685546,0.28454837628622076,0.6250870978282285,0.30450520966712674,0.07040769250464475
2024-09-12,0.010452564765409539,0.8396264962500168,0.1499209389845752,0.5783546572182734,0.3437762129688897,0.07786912981283696
2024-09-13,0.04784548766916917,0.9196847782820734,0.03246973404875886,0.531303898248026,0.3892112383501304,0.07948486340184359
2024-09-16,0.17960726173075103,0.8107379490961802,0.0096547891730701,0.49028637362031596,0.42974644068641593,0.07996718569326805
2024-09-17,0.6395933606459882,0.35815409996579495,0.002252539388218336,0.47227000376557454,0.44765073032251756,0.08007926591190781
2024-09-18,0.7466578050842608,0.25121504711159015,0.0021271478041504227,0.45961001946846974,0.4602050792427024,0.08018490128882802
2024-09-19,0.3694076922219776,0.6226682215861375,0.007924086191885896,0.42808675990835543,0.49133282280382984,0.0805804172878146
2024-09-20,0.06221962136955047,0.8909504972376818,0.046829881392768946,0.38125775895284447,0.5358225091332594,0.08291973191389614
2024-09-23,0.018516505423989665,0.9198285508386247,0.06165494373738663,0.33222075910978316,0.5817784289602145,0.08600081193000249
2024-09-24,0.021319552599028693,0.9533490596047451,0.02533138779622711,0.2833009512101635,0.6294326846990381,0.08726636409079845
2024-09-25,0.006302741978029059,0.939792484045989,0.053904773975982964,0.233802445410873,0.6762402758442688,0.08995727874485814
2024-09-26,0.005099293338658624,0.8868950649341261,0.10800564172721644,0.1841486968583861,0.7204965999418226,0.09535470319979127
2024-09-27,0.0072142328835206725,0.7110221701073721,0.28176359700910847,0.13629972130325838,0.7542860579263984,0.10941422077034335
2024-09-30,0.00018163658058952553,0.0014413505698247094,0.9983770128495866,0.11180455124821724,0.7291211466509397,0.15907430210084303
2024-10-01,4.2011945698405764e-07,6.744966376541234e-09,0.9999995731355775,0.10790559424961349,0.6842546023479081,0.20783980340247837
2024-10-02,2.8583257712248765e-05,0.0003562112026441903,0.9996152055396446,0.107186456159679,0.636743055727146,0.256070488113175
2024-10-03,0.00025955040320073,0.01069470817111123,0.9890457414256889,0.10693874411398722,0.5899347802846595,0.3031264756013532
2024-10-04,1.8565735917719588e-05,0.00010487474911331652,0.99987655951497,0.10663598394381918,0.5435929325733279,0.34977108348285285
2024-10-07,0.0005874586188616884,0.026750777959367072,0.9726617634217722,0.10634082591945401,0.5062166202885362,0.3874425537920097
2024-10-08,0.00010968983659705727,0.0036413027438481774,0.9962490074195557,0.1060952585560494,0.4927941064028328,0.4011106350411177
2024-10-09,5.869961192692772e-06,1.1232279986604841e-05,0.9999828977588214,0.10577139471119301,0.4573462441740592,0.43688236111474776
2024-10-10,1.684553336062487e-05,8.039107368686216e-05,0.9999027633929533,0.10524960874959058,0.4153689389152427,0.4793814523351667
2024-10-11,0.0007042895884857104,0.06050720857085428,0.9387885018406609,0.10289254884555642,0.3724100604296819,0.5246973907247618
2024-10-14,0.001886227221298947,0.23993701972202602,0.7581767530566759,0.09400649712008381,0.34387001396097416,0.5621234889189419
2024-10-15,0.003023979050731352,0.4516997054094848,0.5452763155397847,0.06217802804032102,0.3485472942331586,0.5892746777265203
2024-10-16,0.004127661835454006,0.5290321699323731,0.4668401682321738,0.025051520877880713,0.3624381503741978,0.6125103287479214
2024-10-17,0.0046945079857054406,0.44078851351702286,0.5545169784972726,0.006815861666067123,0.35334416497074206,0.6398399733631909
2024-10-18,0.0006905883892772975,0.03351769686992024,0.9657917147408035,0.003739410017053466,0.31047252495235406,0.6857880650305926
2024-10-21,1.4410200216703232e-06,1.27466412902111e-07,0.9999984315135664,0.002813656796855068,0.2644811037837435,0.7327052394194015
2024-10-22,4.8663640127324845e-06,7.878119809029581e-06,0.9999872555161792,0.0017479224851042708,0.21681404470949672,0.7814380328053991
2024-10-23,1.8765222264111783e-06,6.701783904011505e-07,0.999997453299384,0.0014328792123141387,0.16982445401611687,0.828742666771569
2024-10-24,3.459553965979693e-05,0.0004934742570279394,0.9994719302033133,0.0011796443223641977,0.12550437448226198,0.8733159811953738
2024-10-25,2.788059440450906e-05,9.730254488242535e-05,0.9998748168607141,0.0008203267079083899,0.08995813110413754,0.9092215421879541
2024-10-28,0.0024433652437534335,0.15949368878993547,0.8380629459663121,0.0009334131410665851,0.09786074801514309,0.9012058388437905
2024-10-29,0.0017624198621860182,0.14677627681332456,0.8514613033244907,0.0010215131282030369,0.10519956151856097,0.8937789253532361
2024-10-30,0.001261574335632083,0.047999070198473125,0.950739355465896,0.0010831626820990284,0.10758170446835241,0.8913351328495487
2024-10-31,0.006098552423288163,0.028780422724776888,0.9651210248519362,0.0013751127831033993,0.10848599019603569,0.8901388970208608
2024-11-01,0.27014005508765704,0.5598394523948291,0.17002049251751503,0.01488118725069035,0.13647271907832145,0.8486460936709882
2024-11-04,0.6534927102762469,0.3325536362666983,0.01395365345705585,0.04752644983355957,0.151762861993688,0.8007106881727524
2024-11-05,0.6693062485484084,0.32754671652314626,0.0031470349284463007,0.08098627776915013,0.16795813268265294,0.7510555895481971
2024-11-06,0.77401967827169,0.22479491209231442,0.001185409635996251,0.11968696818467492,0.17919731667326927,0.7011157151420558
2024-11-07,0.8494197057592208,0.14962806522795072,0.0009522290128291447,0.16215711119596787,0.18667470038098247,0.6511681884230496
2024-11-08,0.9669489377273185,0.03256572897783925,0.00048533329484273395,0.2104693436029095,0.18527762640133172,0.6042530299957588
2024-11-11,0.8768498722753019,0.11942160581270765,0.0037285219119910507,0.25421752585560964,0.17925185570586583,0.5665306184385246
2024-11-12,0.9675298833102838,0.03203258081062508,0.00043753587909161663,0.3024428210685872,0.15826849947592284,0.5392886794554901
2024-11-13,0.9999909582323397,4.39415992675005e-06,4.647607734092209e-06,0.3522359858884314,0.13181711068730056,0.5159469034242681
2024-11-14,0.9989709355149544,0.00098679073341718,4.227375162872326e-05,0.4019498072648938,0.10982702454812027,0.4882231681869858
2024-11-15,0.9779845274035365,0.021518586346038718,0.0004968862504249666,0.45081450421560676,0.10922706902192622,0.43995842676246694
2024-11-18,0.9043988802852267,0.08889361218496537,0.00670750752980793,0.49603437617886703,0.11367174325785384,0.3902938805632792
2024-11-19,0.326625778569637,0.49933089105161865,0.17404333037874453,0.5123654217891482,0.1386378939044443,0.3489966843064074
2024-11-20,0.025798784203617017,0.19706996801393295,0.7771312477824501,0.5136552671732177,0.14849135879622144,0.3378533740305608
2024-11-21,0.010138429603224936,0.16112051370231026,0.828741056694465,0.514160458876396,0.15652271076848553,0.32931683035511844
2024-11-22,0.03522350284078154,0.8582338103291012,0.10654268683011707,0.515920239988715,0.19942953615769646,0.2846502238535886
2024-11-25,0.020865294786648628,0.9597232441279796,0.01941146108537149,0.5168413364658598,0.23944101392459866,0.24371764960954165
2024-11-26,0.02359606142399567,0.968935418483876,0.00746852009212827,0.5179330185439502,0.28054897100812626,0.20151801044792356
2024-11-27,0.031024943899141583,0.9514035587537477,0.017571497347110592,0.5194211870221257,0.32571919543588995,0.1548596175419843
2024-11-28,0.04796253154733934,0.8433137756774316,0.10872369277522866,0.5215143859783282,0.3664458630835227,0.11203975093814894
2024-11-29,0.00984728144688121,0.12426069620086488,0.8658920223522537,0.5084997472962897,0.3446669252738246,0.1468333274298859
2024-12-02,0.014844455576811414,0.847767940554071,0.1373876038691172,0.47656733456131783,0.3704276404881932,0.15300502495048895
2024-12-03,0.01029423435672822,0.960596734243077,0.029109031400194444,0.44361673385173384,0.4020801413741897,0.15430312477407637
2024-12-04,0.018621518156896215,0.9755961690959839,0.0057823127471196235,0.4058468258459943,0.43962020422437326,0.15453296992963256
2024-12-05,0.010540559579881098,0.984898121355821,0.004561319064297771,0.3639028685370273,0.48138370703076677,0.15471342443220598
2024-12-06,0.020676530393398677,0.9758379618761956,0.0034855077304055382,0.3165892481703313,0.5285473186756846,0.15486343315398415
2024-12-09,0.04288353702196612,0.9483614359151242,0.008755027062909319,0.2748909314076645,0.5699943101808054,0.15511475841153005
2024-12-10,0.21274075645511983,0.7798098505505954,0.007449392994284333,0.23715147506490636,0.607383173667804,0.15546535126728972
2024-12-11,0.9842509893425085,0.01528665953506894,0.00046235112242259133,0.23636447662041477,0.6081472869365611,0.1554882364430241
2024-12-12,0.9993089620015445,0.00035846004105205597,0.00033257795740332103,0.2363813779447443,0.6081158704019429,0.15550275165331287
2024-12-13,0.5269967389133103,0.39362985324941463,0.079373407837275,0.21383198852023297,0.6267214337471116,0.15944657773265533
2024-12-16,0.055798041949066415,0.34540550618788834,0.5987964518630453,0.17140194660342498,0.6395470284472579,0.18905102494931725
2024-12-17,0.008706400562873013,0.2114536270992495,0.7798399723378775,0.15550597770308677,0.6251531652496394,0.2193408570472739
2024-12-18,0.0006110419666661442,0.004883411067466454,0.9945055469658672,0.15424659059123924,0.615543837402316,0.23020957200644473
2024-12-19,0.003370213418260709,0.005079915765719934,0.9915498708160193,0.15390817978199103,0.6077418075054866,0.23835001271252246
2024-12-20,0.3473022923155407,0.5019667534553434,0.1507309542291157,0.16951211925572898,0.5899284546617987,0.24055942608247238
2024-12-23,0.7071384635639149,0.27954606036182483,0.01331547607426017,0.20382577769459226,0.5559195954734909,0.24025462683191678
2024-12-24,0.6800820216716754,0.3152138257036798,0.004704152624644568,0.23665007570697624,0.5232335158344811,0.24011640845854265
2024-12-25,0.8344145138477537,0.16426723742138377,0.0013182487308623543,0.2768195542044069,0.4838766997678629,0.23930374602773025
2024-12-26,0.9929490784320668,0.006909244482475865,0.00014167708545702318,0.3240688815486433,0.4420564732081151,0.23387464524324167
2024-12-27,0.9968506050111289,0.003074822950415055,7.457203845594729e-05,0.3734190477268557,0.4359971795455926,0.19058377272755178
2024-12-30,0.9812770480745991,0.018273880430045172,0.000449071495355468,0.42174067735174503,0.39452247653939126,0.18373684610886368
2024-12-31,0.968392449243181,0.027878177178548416,0.0037293735782702522,0.4696455880960677,0.34788654868616486,0.18246786321776745
2025-01-02,0.2930021291298867,0.5139586207570571,0.19303925011305567,0.4833646186447172,0.3248046712692185,0.19183071008606425
2025-01-03,0.02535021909296535,0.2571798170767034,0.7174699638303309,0.48410510162037146,0.2884187560552626,0.22747614232436592
2025-01-06,0.007707267185365747,0.20958558578972133,0.7827071470249126,0.4834566384599698,0.25010613725093894,0.2664372242890913
2025-01-07,0.016314041199727573,0.2796823649187471,0.704003593881525,0.48212816366885786,0.21667218370112004,0.3011996526300221
2025-01-08,0.1645614908583564,0.640897728364432,0.19454078077721124,0.4797192003890198,0.2097265775918119,0.3105542220191684
2025-01-09,0.6323815639123576,0.34921232792204293,0.018406108165599476,0.46212572911751215,0.22642286101116055,0.3114514098713272
2025-01-10,0.9985547312649458,0.0012721706251125591,0.00017309810994150677,0.46208801758068224,0.22646854654036366,0.3114434358789542
2025-01-13,0.9980026498187308,0.001932071711092894,6.527847017608782e-05,0.48563831312595324,0.20688365746344753,0.3074780294105992
2025-01-14,0.9723039956331843,0.027074594074350165,0.0006214102924654502,0.5314636108101591,0.19096711185777057,0.2775692773320702
2025-01-15,0.4681902488532972,0.520172820712499,0.011636930434203647,0.5544378032246804,0.20640307153843312,0.23915912523688654
2025-01-16,0.4283491445763884,0.5639834757156521,0.00766737970795928,0.5758247083551665,0.23435807477084236,0.1898172168739911
2025-01-17,0.6356292491743691,0.36162515462017425,0.002745596205456526,0.6074376601429718,0.2521853367135651,0.140377003143463
2025-01-20,0.9999708543650573,1.238483058570844e-05,1.676080435698617e-05,0.6400710882454478,0.22708761828232726,0.13284129347222504
2025-01-21,0.9999555496358625,3.61044490311777e-05,8.345915106284854e-06,0.6547119425490452,0.2131121204866875,0.13217593696426735
2025-01-22,0.9999997145172016,7.736383696618531e-10,2.8470915998618736e-07,0.6707078271913214,0.19735142924018545,0.13194074356849314
2025-01-23,0.9990206346831962,0.0009255425173650247,5.3822799438716236e-05,0.6789381332330935,0.1891843444949845,0.1318775222719219
2025-01-24,0.9968943572082439,0.002211588707969624,0.0008940540837864588,0.6791353971719024,0.18894946170625923,0.13191514112183841
2025-02-03,0.42192061620863736,0.44503747769720214,0.1330419060941604,0.6503888977317778,0.21104759444359855,0.13856350782462365
2025-02-04,0.038889695640664815,0.2385107838323822,0.7225995205269533,0.603269530110081,0.22205943961371538,0.1746710302762035
2025-02-05,0.0005785511767649007,0.0034211530558008515,0.9960002957674342,0.5548788352067603,0.220836588407578,0.22428457638566174
2025-02-10,0.0005084438135259493,0.03248154409810855,0.9670100120883656,0.5402541509409422,0.19676273457463056,0.2629831144844272
2025-02-11,0.0014313754421370452,0.09091647320250092,0.907652151355362,0.5390582087584008,0.18844956738092047,0.2724922238606788
2025-02-12,0.0005211354965929033,0.047308040879229366,0.9521708236241778,0.5386989021739621,0.18033569013539585,0.280965407690642
2025-02-13,0.0007250889537739601,0.057355328306379655,0.9419195827398464,0.5379194545616645,0.16921933830477748,0.29286120713355807
2025-02-14,0.0003990651392253357,0.02547571946493553,0.974125215395839,0.529711333275708,0.13844823785980265,0.3318404288644895
2025-02-17,0.001860656362694726,0.16591545011534317,0.8322238935219619,0.4981852878982248,0.12928339396946767,0.3725313181323076
2025-02-18,0.006523397195413222,0.7644624138091434,0.2290141889954436,0.4485837211947482,0.16744290612866922,0.3839733726765827
2025-02-19,0.007920723286176415,0.9351870099382199,0.05689226677560365,0.3990796248681204,0.21410565304002555,0.3868147220918541
2025-02-20,0.009064818217235359,0.9548109157744358,0.036124266008329214,0.35091766599732294,0.2604924691250298,0.38858986487764724
2025-02-21,0.006322485016569324,0.9018326229586833,0.09184489202474758,0.32782427780548656,0.27957545923733906,0.39260026295717443
2025-02-24,0.004274409770652138,0.6561340058260156,0.33959158440333276,0.30662054106519976,0.2841829857428572,0.4091964731919431
2025-02-25,0.003054564245814462,0.7302493935760169,0.26669604217816895,0.274991806818772,0.30261419769064934,0.42239399549057877
2025-02-26,0.0031020837977909456,0.8001904770951874,0.19670743910702204,0.22514836829040868,0.3426231023038794,0.432228529405712
2025-02-27,0.003891982411515624,0.8930869116543766,0.10302110593410807,0.17534518992919132,0.3872756426641466,0.437379167406662
2025-02-28,0.008087924361888833,0.941468351845313,0.05044372379279879,0.12574960042142566,0.43434906021773034,0.4399013393608439
2025-03-03,0.005437007984554885,0.9047603521892639,0.08980263982618167,0.07607041908649362,0.4795408007013253,0.4443887802121811
2025-03-04,0.0035024761821547856,0.7222001066208142,0.27429741719703155,0.026400825035189177,0.5155402265969675,0.4580589483678433
2025-03-05,0.0033378744487195695,0.6769571701130477,0.3197049554382332,0.005471687947193293,0.5271362112177598,0.46739210083504695
2025-03-06,0.004236659772436583,0.5567268673862075,0.43903647284135633,0.0037390361537818807,0.543047015395451,0.4532139484507671
2025-03-07,0.007120878640957274,0.7914328387584435,0.20144628260059969,0.004066152526991499,0.5824475996805831,0.4134862477924253
2025-03-10,0.026671551986227886,0.9455371187157833,0.027791329297989248,0.005374307935626596,0.6281003784114669,0.36652531365290664
2025-03-11,0.011875892071513416,0.98075772786523,0.007366380063257209,0.005896533767095413,0.6725924411446033,0.32151102508830126
2025-03-12,0.012010964634621379,0.9842624803938879,0.0037265549714912837,0.006471025223996836,0.7194401631203361,0.274088811655667
2025-03-13,0.0187740319798116,0.9753664005847478,0.005859567435441073,0.00737347237529872,0.7653407167342545,0.22728581089044678
2025-03-14,0.00612641527064091,0.9624266459199439,0.03144693880941571,0.007659839881869497,0.8121882630570049,0.1801518970611256
2025-03-17,0.004459888799915228,0.9003875422441722,0.09515256895591284,0.007789801503730522,0.8489118676634464,0.14329833083282317
2025-03-18,0.006313819615589963,0.761859019284949,0.2318271610994611,0.007779322624739359,0.8487816979372367,0.14343897943802406
2025-03-19,0.002108086688582559,0.21983272097792295,0.7780591923334944,0.007488690794859665,0.8130139834892217,0.17949732571591853
2025-03-20,0.0014300596130157057,0.20865285138808176,0.7899170889989025,0.007106952864648684,0.7757060802699041,0.21718696686544722
2025-03-21,0.0020877557523931558,0.3407488682539411,0.6571633759936658,0.006895216401439875,0.747651892534667,0.2454528910638931
2025-03-24,0.0026102520740752568,0.41212760318890873,0.5852621447370161,0.006812008516611032,0.7354515724028117,0.25773641908057726
2025-03-25,0.004936691453053652,0.7896061452898699,0.2054571632570765,0.00690611487697299,0.7384194099885043,0.2546744751345227
2025-03-26,0.007971994652181737,0.9588593873175412,0.033168618030277285,0.007149610419692532,0.7463528554996222,0.24649753408068545
2025-03-27,0.005761161431038778,0.9851986615834197,0.00904017698554159,0.007243069370668689,0.7509584429960742,0.2417984876332571
2025-03-28,0.0037520442364169476,0.9887573278740935,0.007490627889489486,0.007026275364395094,0.7533228917975132,0.2396508328380917
2025-03-31,0.00495870352011486,0.9907980344587378,0.004243262021147093,0.007002360141173094,0.7576247759109869,0.23537286394783996
2025-04-01,0.005949972968777255,0.9886502239906712,0.005399803040551545,0.007124734980504217,0.7709472817794798,0.22192798324001595
2025-04-02,0.006043879009295481,0.9755121431921996,0.018443977798505196,0.0072600352085330135,0.7858750304334374,0.20686493435802955
2025-04-03,0.009746572105680626,0.9086530308323938,0.08160039706192578,0.007535530825195213,0.8034713386057467,0.188993130569058
2025-04-04,0.004851911257550687,0.4989957326951693,0.4961523560472803,0.0074220824560248845,0.788849483302583,0.2037284342413921
2025-04-08,4.365065230958048e-05,7.28719850036082e-05,0.999883477362687,0.00609068738932897,0.7415762709660442,0.25233304164462694
2025-04-09,6.390106860802903e-06,1.2439043227229583e-05,0.9999811708499122,0.00549721229109634,0.6925390065249439,0.3019637811839597
2025-04-10,0.00011691894585254911,0.00032014193598461357,0.9995629391181631,0.0049025100066579,0.6433418896020489,0.3517556003912933
2025-04-11,0.018648271687129934,0.7792558066500468,0.20209592166282342,0.004896221992023817,0.6335363599053139,0.3615674181026624
2025-04-14,0.029801282181088393,0.8918687708880302,0.07832994693088151,0.0060799653375461895,0.6300084661537181,0.36391156850873574
2025-04-15,0.10100444267585326,0.8380632160138292,0.06093234131031765,0.010907193031343092,0.6268922498422009,0.36220055712645594
2025-04-16,0.589945174476504,0.3793594660575329,0.030695359465963225,0.04008876077438878,0.6077672721808302,0.35214396704478107
2025-04-17,0.7429674865280542,0.16290582450006585,0.09412668897187979,0.07713173076636237,0.6049209273569374,0.3179473418767004
2025-04-18,0.014883659818060727,0.01566721297779729,0.9694491272041419,0.07780441077661462,0.5952716454364231,0.3269239437869623
2025-04-21,0.0028150190854155186,0.034156254924251735,0.9630287259903326,0.07784077394326575,0.5799420147699387,0.34221721128679566
2025-04-22,3.7436635837715043e-06,5.834269084744409e-07,0.9999956729095077,0.07771044852274117,0.5593356637818386,0.36295388769542025
2025-04-23,1.2652473365582777e-05,6.790809804082848e-05,0.9999194394285936,0.07746424657375676,0.5198587519222472,0.4026770015039961
2025-04-24,1.2686683443619837e-05,5.921283906809078e-05,0.9999281004774885,0.07706628117531986,0.47191874319832355,0.4510149756263567
2025-04-25,0.0002507356244189246,0.0046340082570298135,0.9951152561185513,0.07679075988498887,0.4228905105320041,0.5003187295830072
2025-04-28,0.00650805173742188,0.0707742225700356,0.9227177256925426,0.07692856026003911,0.3769913552668011,0.5460800844731597
2025-04-29,0.1300606352637847,0.36934937792129,0.5005899868149254,0.08318365684722259,0.3459189224399287,0.5708974207128487
2025-05-05,0.8401472146141833,0.11787935975252697,0.041973425633289395,0.12489351892949287,0.3023803792280216,0.5727261018424855
2025-05-06,0.4628725318119195,0.5293505569779252,0.0077769112101548615,0.1477349515696241,0.28007229991730787,0.5721927485130681
2025-05-07,0.19386915685413153,0.8023201370203645,0.0038107061255033383,0.15694108080704666,0.2747556552267064,0.568303263966247
2025-05-08,0.08129363930272711,0.9153662868927356,0.003340073804536836,0.1607631672093055,0.2955741829365848,0.5436626498541098
2025-05-09,0.06076636442457165,0.9358134594308372,0.003420176144590565,0.1637993028979186,0.34236121230887645,0.493839484793205
2025-05-12,0.020920116885239128,0.9672163326034594,0.011863550511301071,0.16484498923683752,0.39072140698688806,0.44443360377627444
2025-05-13,0.03186400134574945,0.9649115062730214,0.003224492381229017,0.16643234335683235,0.4389509752037399,0.39461668143942774
2025-05-14,0.0361358525709647,0.9615168236658675,0.0023473237631674825,0.1673067224010241,0.44806402605453094,0.384629251544445
2025-05-15,0.04675109045401948,0.9501175876988334,0.00313132184714691,0.16815421281467066,0.4509764668950711,0.3808693202902583
2025-05-16,0.1260856608185414,0.8708395880260867,0.0030747511553713726,0.16940827372180509,0.45261528549568397,0.37797644078251097
2025-05-19,0.3596535895464164,0.6378666182917664,0.0024797921618165174,0.1578936944753007,0.46554064310739574,0.37656566241730366
2025-05-20,0.6470437148265062,0.3511849490443189,0.0017713361291739741,0.15309750589022328,0.4749545993346083,0.3719478947751683
2025-05-21,0.8955148377271712,0.10371782604798332,0.0007673362248443943,0.19712906478567885,0.47935712998811764,0.32351380522620343
2025-05-22,0.9999331946318889,5.148133039516123e-05,1.5324037714914926e-05,0.24698497356300256,0.4776518913084249,0.2753631351285726
2025-05-23,0.9930573493701034,0.006814585772065591,0.0001280648578299081,0.2966376538483286,0.4779925914256827,0.2253697547259887
2025-05-26,0.9947705510006534,0.005135606108291797,9.384289105386439e-05,0.34637554877469295,0.4782459763261953,0.1753784748991117
2025-05-27,0.9815594669815084,0.018179100637533696,0.00026143238095676654,0.39545288778959625,0.4791519707161186,0.1253951414942851
2025-05-28,0.8288588542211369,0.1694751898434197,0.0016659559354422118,0.43688329371943224,0.4873940297954382,0.07572267648512963
2025-05-29,0.17708458131786167,0.8139429939695644,0.008972424712572867,0.44541212019845416,0.5245524683654147,0.030035411436131115
2025-05-30,0.06620481124353357,0.9291533580548372,0.004641830701628185,0.44221932899744165,0.5525426673720921,0.005238003630466238
2025-06-02,0.020939604420241977,0.9695052945367088,0.009555101043048271,0.4012589484877446,0.5951239641113012,0.00361708740095418
2025-06-03,0.028425342959465767,0.9686633180030831,0.002911339037450361,0.37953658904512194,0.6170896021625591,0.0033738087923189546
2025-06-04,0.01923854260953889,0.9785320500462856,0.002229407344174574,0.37080505833289223,0.6259001978138552,0.0032947438532525165
2025-06-05,0.012099347022820919,0.9855339006403073,0.002366752336870742,0.367345343718897,0.6294085785012338,0.003246077779869212
2025-06-06,0.011095363378468948,0.9866102455970879,0.00229439102444208,0.3648617936665919,0.6319484178095464,0.0031897885238617884
2025-06-09,0.0056480209500363796,0.990762233876214,0.0035897451737485157,0.36409818886983175,0.6331257128731841,0.00277609825698416
2025-06-10,0.00571852087093277,0.9907273341827177,0.0035541449463482705,0.36279091484609094,0.634416504268669,0.0027925808852401228
2025-06-11,0.011239059607539875,0.9863682211754634,0.0023927192169956152,0.3615460751979197,0.6356590741441488,0.0027948506579315298
2025-06-12,0.018279195917579233,0.9795403859987765,0.002180418083643081,0.3601224804710977,0.637130214059146,0.0027473054697563382
2025-06-13,0.01546156475927352,0.9811960451278263,0.0033423901128989816,0.3545912756681343,0.642648036914233,0.002760687417632719
2025-06-16,0.04020980058420665,0.9576184349028848,0.0021717645129072385,0.33861908622002385,0.658635627744789,0.002745286035187255
2025-06-17,0.05582789747809149,0.9420579632309991,0.0021141392909082048,0.3090582953526031,0.688179278454123,0.002762426193273966
2025-06-18,0.05951543690772126,0.9376743547036409,0.002810208388637049,0.26725832531163046,0.7298771048869059,0.0028645698014635994
2025-06-19,0.013321371667146547,0.9791363524271175,0.00754227590573477,0.21792773416339334,0.7788313484417422,0.0032409173948645927
2025-06-20,0.007498211771417567,0.9814681682769697,0.011033619951611343,0.168649777283459,0.8275640275669873,0.0037861951495536646
2025-06-23,0.008494379597296034,0.9525544592962447,0.03895116110645787,0.1193359687132911,0.874934970226385,0.005729061060323868
2025-06-24,0.02740479365037804,0.8455804733355367,0.12701473301408392,0.0716282350467345,0.9163050388612852,0.01206672609198023
2025-06-25,0.160275163212447,0.6125878690921572,0.22713696769539432,0.038199050496299986,0.9384606728237221,0.023340276679977852
2025-06-26,0.8937910975141287,0.09803776690309335,0.008171135582776476,0.07403437630611336,0.9026654114703986,0.023300212223488027
2025-06-27,0.9999988418997687,5.760501289229855e-10,1.1575241796834913e-06,0.12072407783892518,0.8562077435964592,0.023068178564615602
2025-06-30,0.9999914106497672,9.80471895131582e-09,8.57954551275868e-06,0.1696766681504015,0.8077324793598597,0.02259085248973883
2025-07-01,0.3402346307329869,0.6097023358063108,0.0500630334607015,0.1852671325390776,0.7897844302500211,0.024948437210901394
2025-07-02,0.21313073170444777,0.6463081587989448,0.14056110949660658,0.19496174199382307,0.7731732356876541,0.031865022318523006
2025-07-03,0.010749064749348954,0.11596300060773132,0.8732879346429187,0.19489422788014943,0.7296946906860251,0.07541108143382544
2025-07-04,0.00031411522668477133,0.0004991280380378419,0.9991867567352763,0.1943551654725602,0.6803891348080726,0.1252556997193672
2025-07-07,0.004827300454698855,0.0063908041254793204,0.9887818954198206,0.1943141294477934,0.6311705633205358,0.17451530723167089
2025-07-08,0.45314927246268394,0.42416012978941414,0.12269059774790089,0.21668566702738093,0.6028422031008706,0.1804721298717485
2025-07-09,0.7578987803006526,0.2319148192904949,0.010186400408851276,0.2540186530620366,0.5651195330066221,0.1808618139313413
2025-07-10,0.9052764847930406,0.09349173514792777,0.0012317800590304893,0.2983685175058097,0.5208171004640796,0.18081438203011066
2025-07-11,0.8255030866749793,0.17318736176379243,0.0013095515612271181,0.33887059360159505,0.4804166662958779,0.18071274010252705
2025-07-14,0.832802170320018,0.1655943994846904,0.001603430195290374,0.3785002120883857,0.44081546452496806,0.18068432338664622
2025-07-15,0.9999821909906896,7.950244856661997e-06,9.858764452664284e-06,0.4257079267640157,0.3937129638756609,0.18057910936032343
2025-07-16,0.9998216786981639,0.00016218408396680034,1.613721786846027e-05,0.4727232388535378,0.34683735534467713,0.180439405801785
2025-07-17,0.999749817608915,0.00022853809584206505,2.1644295241848884e-05,0.5220446611506263,0.2978919646281133,0.18006337422126037
2025-07-18,0.9744164637086661,0.02506926509861121,0.0005142711927216784,0.5703905737474888,0.2500720194691954,0.1795374067833159
2025-07-21,0.3626706231637221,0.6319023137152677,0.005427063121009359,0.5880993859258101,0.23403941219014646,0.17786120188404345
2025-07-22,0.19145313282827858,0.8013102056908029,0.0072366614809178074,0.5963018028847051,0.23182589880790977,0.17187229830738515
2025-07-23,0.21665619870933692,0.7790663575388962,0.004277443751766001,0.5991208546595496,0.24014982323024678,0.16072932211020372
2025-07-24,0.4266302509454581,0.5711195393501516,0.00225020970438971,0.5757628123311159,0.26380391185259966,0.1604332758162844
2025-07-25,0.5309801967944785,0.4659428521868419,0.0030769510186789847,0.5523118800758514,0.28710105443313927,0.1605870654910093
2025-07-28,0.3222287098028618,0.6659525214197964,0.011818768777341226,0.5184237450335061,0.3203986800138931,0.16117757495260074
2025-07-29,0.06731068654381026,0.8411454967035122,0.09154381675267705,0.5047775478240473,0.33197083805875316,0.16325161411719952
2025-07-30,0.01246471823209869,0.6981693616654575,0.28936592010244344,0.49474424715042986,0.3345638982020788,0.17069185464749134
2025-07-31,0.004717954424959103,0.7324206620956129,0.26286138347942767,0.49444269163421023,0.36538678127647295,0.14017052708931677
2025-08-01,0.0038443800549836926,0.8884731941677677,0.10768242577724807,0.4946192048756252,0.4097854845829595,0.09559531054141533
2025-08-04,0.003973365472121537,0.9526509137110963,0.043375720816781434,0.49457650812649634,0.4570984900622403,0.04832500181126333
2025-08-05,0.003285737400355635,0.9565031393969953,0.040211123202648844,0.4720833313733799,0.4837156405426194,0.04420102808400071
2025-08-06,0.004225429421660576,0.9818933302477603,0.0138812403305789,0.43439966382943024,0.5212145660904827,0.044385770080087095
2025-08-07,0.0038533433192724127,0.981531538046174,0.01461511863455341,0.38932850675574177,0.565616556235395,0.04505493700886324
2025-08-08,0.007943587457830166,0.9770177384358522,0.015038674106317613,0.3484505317948843,0.605808075068998,0.04574139313611777
2025-08-11,0.009288008655135255,0.9275099141622267,0.06320207718263794,0.3072748237116401,0.6439038508028747,0.048821325485485144
2025-08-12,0.003980142945005233,0.6149673020903774,0.38105255496461743,0.25747472130935584,0.6746518183951508,0.06787346029549339
2025-08-13,0.0026538004170284903,0.4202493007739443,0.5770968988090273,0.207616327395299,0.6956561742296495,0.09672749837505133
2025-08-14,0.0020033307074717125,0.2628970523370317,0.7350996169554965,0.15772900305022683,0.7087895999417091,0.13348139700806408
2025-08-15,0.0011501351259753253,0.10803924504573911,0.8908106198282856,0.10906568662109226,0.7129380989390655,0.1779962144398423
2025-08-18,9.975773800305076e-05,0.0022519946334284046,0.9976482476285685,0.0909371433498063,0.6814555829849733,0.22760727366522027
2025-08-19,6.162019712822925e-05,0.0013723514332006181,0.9985660283696711,0.08136756771824878,0.6414586902720932,0.27717374200965794
2025-08-20,0.00013875073582705633,0.003341457779674999,0.996519791484498,0.07054169531957329,0.6026724452841322,0.3267858593962945
2025-08-21,0.0024702383392235985,0.1563556179185887,0.8411741437421876,0.04933369468926156,0.581934249212554,0.3687320560981844
2025-08-22,0.018985806502278314,0.6956106001251526,0.2854035933725695,0.023733975174651544,0.5934176366094696,0.3828483882158789
2025-08-25,0.0287282572812267,0.7451512899513706,0.22612045276740292,0.009058952548569787,0.5973775750360483,0.393563472415382
2025-08-26,0.010622856131405399,0.5807702056730446,0.40860693819555033,0.006224561027949542,0.5843588104845248,0.40941662848752564
2025-08-27,7.530193275672656e-05,0.00016663464322483516,0.9997580634240191,0.005605090212982444,0.5494586741334132,0.4449362356536044
2025-08-28,2.1849192518891856e-06,9.433531973984879e-07,0.9999968717275514,0.005369301737697083,0.5128376881962924,0.48179301006601055
2025-08-29,2.13365844526772e-06,7.729456036611108e-07,0.9999970933959517,0.0051771894178701625,0.4684140671351842,0.5264087434469458
2025-09-03,0.00025737808194813036,0.010655004977079921,0.9890876169409725,0.004991390048361492,0.42131427169848334,0.5736943382531553
2025-09-04,4.12886989899083e-06,4.188070730328023e-06,0.9999916830593711,0.004827309621838658,0.37348932413217006,0.6216833662459913
2025-09-05,1.9878258244270683e-07,8.651741694844472e-10,0.9999998003522441,0.004616048089884751,0.3243946576630407,0.6709892942470744
2025-09-08,5.090374674680976e-07,1.686534448624369e-08,0.9999994740971886,0.004423406375794505,0.2753180816039993,0.7202585120202063
2025-09-09,3.671679564250259e-06,1.8233711837188952e-06,0.9999945049492527,0.004026410586881209,0.22646728585076586,0.769506303562353
2025-09-10,0.0006887452989309831,0.001216064776038018,0.9980951899250318,0.003596447419070994,0.1801525933814564,0.8162509591994725
2025-09-11,0.13720300142317732,0.6499325512157468,0.21286444736107651,0.010257590342979595,0.18190085583772486,0.8078415538192955
2025-09-12,0.4080669603654936,0.5548880956152057,0.03704494401930131,0.030528248340402846,0.18863279557978793,0.7808389560798092
2025-09-15,0.9999988296128189,3.842434149837461e-12,1.17038333919913e-06,0.08042802328567018,0.17548794296312847,0.7440840337512014
2025-09-16,0.9999999573996553,2.309992641606988e-13,4.260011439410552e-08,0.13037051439935418,0.17008598071085307,0.6995435048897928
2025-09-17,0.9999991208264721,3.702183960561801e-08,8.421516888909489e-07,0.18036548255377757,0.1699733828302736,0.6496611346159488
2025-09-18,0.998404794308229,0.001469597799038915,0.0001256078927325267,0.2302826412593326,0.16997824514856555,0.599739113592102
2025-09-19,0.7433651322631998,0.24868737564979376,0.007947492087006895,0.2674439603357012,0.18224554104207147,0.5503104986222275
2025-09-22,0.2282456863118607,0.6717750222089646,0.09997929147917495,0.2787327327343331,0.20801651125659024,0.5132507560090768
2025-09-23,0.15366858001618203,0.8152404081031593,0.031091011880658916,0.28546687141002824,0.21399800165549054,0.5005351269344812
2025-09-24,0.22985862042612934,0.7642049692872347,0.005936410286636147,0.2955233895672733,0.21495068562228375,0.4895259248104428
2025-09-25,0.34277889678951906,0.6536989943612326,0.003522108849248481,0.312131191600179,0.21859712505669315,0.4692716833431278
2025-09-26,0.12608096161231344,0.8701300479467812,0.0037889904409054696,0.3184314745841569,0.26209529572187096,0.4194732296939722
2025-09-29,0.035039085738682405,0.9574069530965753,0.007553961164742464,0.32018331962512836,0.3099655962090398,0.36985108416583173
2025-09-30,0.028737952993700095,0.9600141863930646,0.01124786061323565,0.32162011059189116,0.3579662668814129,0.320413622526696
2025-10-01,0.007985565491317091,0.9272703938510096,0.06474404065767371,0.32200651996235957,0.4037970363251094,0.2741964437125311
2025-10-02,0.003830455347334931,0.7976328795790767,0.19853666507358894,0.3221978362862314,0.4436784709005266,0.234123692813242
2025-10-03,0.003121787024838853,0.7563771380936943,0.2405010748814672,0.32235391569834415,0.4814973277619526,0.19614875653970312
2025-10-06,0.0035848098811101913,0.7785256452239343,0.217889544894956,0.3225331307405263,0.5204236091798821,0.15704326007959152
2025-10-07,0.0080013372810311,0.8216177201695524,0.17038094254941705,0.32293301402059965,0.5615044040198005,0.11556258195959977
2025-10-08,0.009330540011819882,0.695636973109204,0.29503248687897665,0.3233651037562441,0.5962254494364588,0.08040944680729704
2025-10-09,0.00027848725839001387,0.00333241741274347,0.9963890953288672,0.31651887804800477,0.5638954427463087,0.11958567920568655
2025-10-10,1.9301313019889086e-05,0.00013325648001411618,0.9998474422069666,0.2961164950953812,0.536157700789549,0.1677258041150698
2025-10-13,5.5641408258880103e-05,0.0011481721848983213,0.9987961864068433,0.2461193356851531,0.5362151093986018,0.21766555491624495
2025-10-14,4.3148652594384415e-06,3.0284255359238606e-06,0.9999926567092052,0.19611955355843336,0.5362152608198671,0.2676651856216995
2025-10-15,0.000741082227047117,0.021000639940996817,0.9782582778319567,0.14615665162846214,0.537265290965825,0.3165780574057128
2025-10-16,0.017071454253053352,0.45191601482746874,0.5310125309194788,0.09708998462570338,0.5597876118172465,0.34312240355705015
2025-10-17,0.008726512487721995,0.4601306059939908,0.5311428815182879,0.06035805363692949,0.5703597733344563,0.36928217302861416
2025-10-20,0.017846845158602163,0.3486790595706131,0.6334740952707852,0.04983811157926658,0.5542049752025388,0.39595691321819476
2025-10-21,0.10134146689882997,0.36496543818291466,0.5336930949182559,0.04722175592339897,0.5316912267065266,0.42108701737007465
2025-10-22,0.7428254296448522,0.0026933346192242885,0.254481235735924,0.07287009638433511,0.49361564497312604,0.43351425864253895
2025-10-23,0.0571212456593966,0.09654567004446167,0.8463330842961425,0.05858721382782897,0.4657579787572874,0.47565480741488353
2025-10-24,0.01024281403790144,0.22643316184145207,0.7633240241206473,0.05279530644910838,0.43357313445202095,0.5136315590988707
2025-10-27,0.0026817925334560472,0.2494665820112729,0.7478516254552717,0.05117744178884708,0.398176115897756,0.5506464423133971
2025-10-28,0.001834466764402746,0.25837547414873085,0.739790059086867,0.04983226747738219,0.36309418028553925,0.5870735522370786
2025-10-29,0.0020005504608990813,0.22183608361281523,0.7761633659262861,0.049533016725861294,0.32782246477362953,0.6226445185005092
2025-10-30,0.00463013901767528,0.6188136634498549,0.37655619753247005,0.04957300090937832,0.31888150396716847,0.6315454951234533
2025-10-31,0.008896939121862124,0.8411554735089122,0.1499475873692261,0.04986175851422948,0.32312042073792935,0.6270178207478412
2025-11-03,0.03452474592376939,0.9319563262419366,0.03351892783429426,0.05140875531636243,0.33079195478882945,0.6177992898948081
2025-11-04,0.1388279516097583,0.8543680976142598,0.006803950775982264,0.0579500860327988,0.33242947366106484,0.6096204403061365
2025-11-05,0.34290639234720954,0.6543909211907989,0.002702686461991735,0.07462887864956826,0.33036717106514457,0.5950039502852871
2025-11-06,0.5553748088068292,0.44271452990976407,0.0019106612834069187,0.10238369472699023,0.3523362766899956,0.5452800285830142
2025-11-07,0.7728814055711295,0.2258258085241807,0.0012927859046899168,0.1410267999398957,0.36362090429220395,0.49535229576790046
2025-11-10,0.961509930280229,0.038112853895589896,0.00037721582418104733,0.18909951438349418,0.3654691383777386,0.4454313472387673
2025-11-11,0.995851011388225,0.004043327145366369,0.0001056614664087209,0.2388918492096424,0.36567115331373007,0.3954369974766276
2025-11-12,0.8976273282699787,0.10138522269843375,0.0009874490315876006,0.28373616151178904,0.3696903824516019,0.3465734560366091
2025-11-13,0.8668937197937642,0.13116757298521708,0.001938707221018649,0.3262272747888245,0.3536529603594893,0.3201197648516861
2025-11-14,0.6494841923435706,0.32915328517973713,0.02136252247669212,0.35826515878161697,0.34710409431877665,0.29463074689960633
2025-11-17,0.6595945675012317,0.26756202237730875,0.07284341012145949,0.39035254489874843,0.34304824245911153,0.26659921264214015
2025-11-18,0.09362390938690653,0.12055650132218662,0.7858195892909066,0.3899666670231523,0.3308277956160751,0.2792055373607727
2025-11-19,0.07758051045100955,0.1519437724065768,0.7704757171424134,0.3567044210634602,0.33829031750544275,0.30500526143109713
2025-11-20,0.30119227499601103,0.46700952228572995,0.23179820271825885,0.36890797253029095,0.3568135101175062,0.274278517352203
2025-11-21,0.9963525173804778,0.0022493449475482156,0.001398137671973801,0.4182134576974198,0.345604319272811,0.2361822230297693
2025-11-24,0.9999803119412201,1.0710156059652037e-05,8.977902719859305e-06,0.46807838366780796,0.33313152568005033,0.19879009065214176
2025-11-25,0.9995882746290276,0.0003701565305204312,4.156884045153905e-05,0.5179660740610392,0.32023125979913986,0.16180266613982097
2025-11-26,0.8377089041921474,0.16081508017696336,0.0014760156308885198,0.5597514917476016,0.3171802096273472,0.12306829862505109
2025-11-27,0.820768052741618,0.1782234068239255,0.0010085404344555265,0.6005583874337989,0.2951506967960508,0.10429091577015036
2025-11-28,0.8333802061046333,0.1652374987140755,0.00138229518129009,0.6417825507829374,0.261354798056309,0.09686265116075359
2025-12-01,0.9849386782701961,0.01484777146516358,0.00021355026463900842,0.6893032474002588,0.21549937031747038,0.09519738228227081
2025-12-02,0.999777968578334,0.00020368572518994387,1.8345696474552962e-05,0.7323507482486877,0.17279114972301687,0.09485810202829544
2025-12-03,0.9936595756839465,0.006213676461077073,0.00012674785497490573,0.7648884074155247,0.14038228748653078,0.09472930509794461
2025-12-04,0.9999154040435343,7.315929263902663e-05,1.14366638253049e-05,0.78711543717736,0.11825021895567454,0.09463434386696554
2025-12-05,0.9996590889985567,0.00031878572952396926,2.2125271917893634e-05,0.7984543213487313,0.10697486781594168,0.09457081083532692
2025-12-08,0.9935280532628271,0.0063549993752926295,0.00011694736187869749,0.8000552274978613,0.10538697508992685,0.09455779741221183
2025-12-09,0.9894716452823984,0.010356150498346721,0.00017220421925325603,0.7997362591925701,0.10570261625757585,0.09456112454985406
2025-12-10,0.8705742427066843,0.12834277898636015,0.0010829783069537112,0.7983836049144055,0.1070504940719722,0.09456590101362237
2025-12-11,0.47572081463324417,0.5212865678185493,0.0029926175482045928,0.7788249596563794,0.1265564438136388,0.09461859652998168
2025-12-12,0.1279941119405837,0.8668519178481411,0.005153970211273243,0.7527504556362302,0.15344137544705905,0.09380816891671075
2025-12-15,0.048000125497347015,0.9463081540680751,0.0056917204345758865,0.722170733536036,0.1873786820315974,0.09045058443236656
2025-12-16,0.05315282507907938,0.9418344057181663,0.005012769202752229,0.7201471793206446,0.2284425772513965,0.05141024342795882
2025-12-17,0.15189765655200413,0.8435833725941815,0.004518970853812411,0.7238630366256945,0.2630245572607768,0.01311240611352872
2025-12-18,0.5400984112497075,0.4572336142360727,0.0026679745142178775,0.7358083434383794,0.26253576185829397,0.0016558947033266586
2025-12-19,0.999999281262015,4.061026668090713e-11,7.186973727508789e-07,0.7359906816324564,0.26242329461294706,0.0015860237545966063
2025-12-22,0.9997271852499133,0.0002529534947464157,1.986125533829266e-05,0.735978025297891,0.26243540677988136,0.0015865679222275277
2025-12-23,0.9984105589804685,0.0015327103645186178,5.673065501054582e-05,0.7359191395154632,0.26249353447158136,0.0015873260129554783
2025-12-24,0.9997751704111854,9.316078624482884e-06,0.00021551351018787342,0.7440224528264151,0.25445324626666443,0.0015243009069204462
2025-12-25,0.35645826892194205,0.4008460123344491,0.24269571874360643,0.7208069636354313,0.26558437654219064,0.013608659822378012
2025-12-26,0.020739134117025843,1.2557496447201332e-06,0.9792596101333269,0.680174910036051,0.2573225643939691,0.06250252556997994
2025-12-29,0.8649092560107878,0.09038286659430812,0.04470787739490135,0.6741734389230806,0.26109931915042633,0.06472724192649308
2025-12-30,0.9468656749945357,0.0495923611824975,0.003541963822964331,0.6715278242438906,0.26356875292329174,0.06490342283281755
2025-12-31,0.9997342263297068,9.248961354462253e-05,0.00017328405674589298,0.6718315567761788,0.26326269358091514,0.06490574964290612
2026-01-05,0.9764160762728303,0.010013463414495485,0.013570460312671633,0.6706565903876437,0.263759708787008,0.06558370082534844
2026-01-06,0.037559608191132444,0.04020252773654038,0.9222378640723247,0.6225516163472723,0.2657538958873588,0.11169448776536887
2026-01-07,1.2895140923292098e-05,1.9012572506786763e-08,0.9999870858465016,0.572875858441177,0.2654361468692228,0.16168799468960013
2026-01-08,0.0008794433294335417,0.07986203746602681,0.9192585192045372,0.5234462483435287,0.26891144121760685,0.20764231043886444
2026-01-09,0.001249188015644853,0.12193375918713972,0.8768170527972132,0.4799799956089767,0.2685909902276458,0.25142901416337754
2026-01-12,0.0020007994754257527,0.11175927957367829,0.8862399209508937,0.4562939948510857,0.24811462581540228,0.2955913793335121
2026-01-13,0.018336365191828047,0.8493897294705518,0.13227390533761776,0.4508111075136479,0.24724151639652275,0.3019473760898293
2026-01-14,0.020480486497370283,0.9542560360875452,0.025263477415081913,0.44943512556364906,0.2476389104974963,0.3029259639388547
2026-01-15,0.015601835748674107,0.9660163152567715,0.018381848994552096,0.4475575760971288,0.24884800597442658,0.30359441792844466
2026-01-16,0.031673412205921014,0.9215724661706578,0.04675412162341895,0.4415463638798247,0.25274746065325043,0.30570617546692497
2026-01-19,0.006718118105798931,0.6868281769066564,0.30645370498754243,0.4148773492226291,0.2642271887867796,0.3208954619905912
2026-01-20,0.0034063506663085724,0.5384120302510896,0.45818161908259947,0.36504770269284376,0.29114779029730364,0.34380450700985266
2026-01-21,0.0023070412387470613,0.35749006073548845,0.6402028980257622,0.3151766954922853,0.3090096456593408,0.3758136588483739
2026-01-22,0.0026130019879354563,0.26488091532603475,0.7325060826860275,0.26538681764265853,0.32217705590741663,0.4124361264499249
2026-01-23,0.006651655811116725,0.14534243347474834,0.8480059107141326,0.21573064191265492,0.32944371177722287,0.4548256463101222
2026-01-26,0.08042540021108144,0.7239174826549517,0.19565711713396447,0.20192899847711188,0.345597285293248,0.4524737162296401
2026-01-27,0.2774271041631281,0.6944371553623397,0.028135740474529866,0.21476339697941704,0.38031908027388284,0.40491752274670006
2026-01-28,0.5699128824028818,0.4256622606180024,0.00442485697911344,0.20001357829902172,0.3970830499750676,0.4029033717259107
2026-01-29,0.8495937587831593,0.14937184302321757,0.001034398193621085,0.1951499824884529,0.40207202406710363,0.4027779934444435
2026-01-30,0.9067892028459796,0.09242837216744783,0.0007824249865703182,0.1905027313142665,0.40668881819479874,0.4028084504909348
2026-02-02,0.9974744938990534,0.0017522073503627297,0.0007732987505817659,0.19155565219557769,0.40627575539159216,0.40216859241283026
2026-02-03,0.838729260357484,0.10522087580704072,0.05604986383547305,0.2316141348038953,0.40952667279511706,0.35885919240098757
2026-02-04,0.01622720096303725,0.013947457025079942,0.9698253420118805,0.23242485009500102,0.4102240446957425,0.35735110520925645
2026-02-05,0.00030510476385672597,0.000771242049719996,0.998923653186421,0.2323961331667222,0.40626950492492714,0.3613343619083507
2026-02-06,0.0003593574666693083,0.0032938729281426203,0.9963467696051859,0.2323516416392734,0.40033751061197725,0.36731084774874934
2026-02-09,0.02066162606895677,0.533664613208718,0.4456737607223234,0.23328468296894997,0.42143277729372935,0.34528253973732076
2026-02-10,0.07688631934836604,0.6334525717835862,0.2896611088680458,0.23621218067677688,0.410635919409381,0.35315189991384216
2026-02-11,0.5000836736456081,0.4673605661312413,0.032555760223148655,0.2601923400341888,0.3862911459115657,0.3535165140542455
2026-02-12,0.72191655747877,0.2656876652590198,0.012395777262208033,0.29550807612069363,0.351274713411678,0.3532172104676283
2026-02-13,0.9554675296700764,0.011278720675988597,0.03325374965393302,0.3416977819939015,0.30576002613694453,0.352542191869154
2026-02-23,0.002418560531606188,0.00014857070407617456,0.9974328687643159,0.3414828041151919,0.2714260458268154,0.3870911500579927
2026-02-24,6.496952922831843e-06,5.176271441834521e-07,0.9999929854199312,0.3413128114295226,0.2445054701956181,0.4141817183748594
2026-02-25,0.001332033188648787,0.0030840087478650577,0.9955839580634845,0.3412640610270176,0.22678516759623682,0.4319507713767455
2026-03-02,0.14629636028938567,0.34534381081299453,0.5083598288976181,0.3484482289420902,0.23080831237058486,0.420743458687325
2026-03-03,0.04506252381258485,0.47135642294470076,0.4835810532427127,0.35036877234216357,0.24710901184408246,0.40252221581375397
2026-03-04,0.006902633758536215,0.3006222426358835,0.6924751236055786,0.3466926340195363,0.225944249843129,0.4273631161373347
2026-03-05,0.0019276753231046322,0.1478049408062673,0.8502673838706263,0.332917662577535,0.19861263911532534,0.4684696983071396
2026-03-06,0.00024962407431334876,0.01004897115979397,0.989701404765891,0.30443449966110664,0.1778319746424149,0.5177335256964785
2026-03-09,3.2145171905844334e-06,2.1806385258442367e-06,0.9999946048442818,0.261954972447808,0.17036349152318028,0.5676815360290117
2026-03-10,1.115748657465379e-05,5.1546542189165944e-05,0.9999372959712343,0.21661607017983772,0.16574465024191734,0.6176392795782449
2026-03-11,0.0001496890644979624,0.0068685759588707354,0.9929817349766294,0.16674982993810986,0.16600046867234272,0.6672497013895474
2026-03-12,0.00036143958256152974,0.02368322245654218,0.9759553379608943,0.12483143889936367,0.1619235860048178,0.7132449750958185
2026-03-13,0.0004286465477989792,0.02888919445286898,0.97068215899933,0.12404151117860174,0.1626706728762072,0.713287815945191
2026-03-16,0.0002101378354110524,0.013972491606716108,0.9858173705578707,0.12403676283217947,0.16333073535405707,0.7126325018137635
2026-03-17,0.0004561393217713955,0.038535492331061856,0.9610083683471645,0.12404160192493456,0.165092816324203,0.7108655817508625
2026-03-18,0.0010022697703411534,0.08537897842857502,0.9136187518010817,0.12305863411000377,0.1426785345851958,0.7342628313048004
2026-03-19,0.0009225853996138398,0.07060658238064622,0.9284708322197378,0.11926044741256615,0.11453623511504876,0.766203317472385
2026-03-20,4.225759026106138e-05,0.00047029391473832745,0.9994874484949985,0.09425837660979877,0.09119172150422358,0.8145499018859776
2026-03-23,2.1648340466953563e-05,1.2063133507126766e-05,0.9999662885260239,0.058163631152883546,0.07790794139794792,0.8639284274491685
2026-03-24,0.005385386659393294,0.5291967779563933,0.4654178353842114,0.010659524002349301,0.1038038442619682,0.8855366317356825
2026-03-25,0.006962503599281272,0.6676932486290645,0.32534424777165216,0.010886721155733059,0.1371810781582177,0.8519322006860492
2026-03-26,0.028753040624830396,0.7956442644856003,0.17560269488956728,0.012324048339328438,0.17696326550114055,0.8107126861595311
2026-03-27,0.1745956758450219,0.7816883012770308,0.04371602287794541,0.02098723047214711,0.21589348012759896,0.763119289400254
2026-03-30,0.7111435950417196,0.28498489638758684,0.003871508570691784,0.04922959220976386,0.2128755344063286,0.7378948733839076
2026-03-31,0.8529114958288002,0.14592591637672472,0.0011625877944734467,0.0896220408105747,0.19660400907792971,0.7137739501114956
2026-04-01,0.9984225264633132,0.0015115980508291858,6.58754858561201e-05,0.13919803544581363,0.18164847684867697,0.6791534877055094
2026-04-02,0.9999547890005319,3.569714773597987e-05,9.513851730442772e-06,0.1890993911296851,0.17426001466575042,0.6366405942045645
2026-04-03,0.9766409379250246,0.023086858753739756,0.00027220332123397095,0.23791895682222075,0.1749119090454477,0.5871691341323316
2026-04-06,0.9668110282763246,0.032883758749634326,0.00030521297403956647,0.28625934751017756,0.1765559879510031,0.5371846645388193
2026-04-07,0.921268798814854,0.07782586696963338,0.0009053342155111337,0.3323222295765916,0.1804447039723753,0.4872330664510331
2026-04-08,0.9648146225713117,0.034851264206365015,0.0003341132223216864,0.3805554762519323,0.18184383838475002,0.4376006853633176
2026-04-09,0.9938465815405692,0.006049236915305304,0.0001041815441239282,0.43022973334983283,0.18096213910768819,0.38880812754247895
2026-04-10,0.9994989434749239,0.0004250953849915844,7.59611400826775e-05,0.4801832481961891,0.17953893415429428,0.34027781764951653
2026-04-13,0.5285963273804509,0.46742833582159937,0.003975336797947715,0.5066025576734412,0.20221172636503854,0.29118571596152026
2026-04-14,0.12251122172415696,0.863183427001759,0.014305351274082254,0.5127053117935605,0.24344412309857347,0.2438505651078661
2026-04-15,0.06594126390623661,0.9177664429436256,0.0162922931501363,0.5159522615003553,0.28506349632432604,0.1989842421753187
2026-04-16,0.11418127391775258,0.8793633318060027,0.006455394276243169,0.5216151959262623,0.3255013337955939,0.15288347027814392
2026-04-17,0.34698959641665045,0.6498156823609524,0.003194721222395635,0.5389625628675817,0.3579686032179047,0.10306883391451369
2026-04-20,0.7190969264756091,0.2791787921400956,0.0017242813842938708,0.5749163267743388,0.3719269396682341,0.05315673355742709
2026-04-21,0.9965579915977186,0.0033174128548683693,0.00012459554741161682,0.6244749570212551,0.34563297141315785,0.02989207156558707
2026-04-22,0.9906485686614402,0.009106211125871346,0.00024522021268704017,0.6736592602743632,0.3127036195379981,0.013637120187638786
2026-04-23,0.613011982230641,0.38438951570984764,0.0025985020595098896,0.7028722073546537,0.2921408820992104,0.004986910546135903
2026-04-24,0.1632100276096174,0.8316932398191509,0.0050967325712303405,0.7023029249428835,0.29464112902631634,0.003055946030800145
2026-04-28,0.04582600806226646,0.948971244885386,0.005202747052346241,0.6690370455939106,0.32784044645120636,0.0031225079548828677
2026-04-29,0.032884187872930244,0.9638982596381686,0.003217552488900104,0.6280356801961171,0.36873906361427866,0.003225256189604201
2026-05-04,0.05713480412020707,0.94070708188792,0.0021581139918720295,0.5809712940789618,0.4156988378061333,0.0033298681149049967
2026-05-05,0.07480624723189962,0.9231421988575957,0.002051553910503884,0.53471386699053,0.46185416289162623,0.0034319701178436683
2026-05-06,0.07061209670411617,0.9271902114977577,0.0021976917981254705,0.4894124249294846,0.5070593305288272,0.0035282445416882436
2026-05-07,0.09179945075578205,0.9057263367630606,0.002474212481156666,0.4456618460534574,0.5507014594294987,0.003636694517044098
2026-05-08,0.18152107883627336,0.8162645129241479,0.002214408239578005,0.40867446005452823,0.5876233917272243,0.003702148218247442
2026-05-11,0.27226668937305154,0.7250184629022635,0.002714847724684408,0.37404706339461513,0.6221317516620193,0.0038211849433655775
2026-05-12,0.5320775426891919,0.46588277519189863,0.0020396821189088803,0.35095861145204627,0.6451234285758488,0.003917959972104825
2026-05-13,0.4721324703027156,0.5259342988270511,0.0019332308702325995,0.3245902877934358,0.6713988887479518,0.004010823458612322
2026-05-14,0.2784353501661299,0.7184961378292726,0.003068512004597013,0.3120822389327197,0.6839522788483355,0.003965482218944786
2026-05-15,0.06463756846617819,0.926464289643347,0.008898141890474352,0.3091885562698208,0.6871163219804148,0.0036951217497643903
2026-05-18,0.01232896592670168,0.9598766632133674,0.02779437085993056,0.306507941370844,0.6892218329939019,0.0042702256352541035
2026-05-19,0.004496068252915477,0.977708412196076,0.01779551955100826,0.3010236810876021,0.6941390870134055,0.004837231898992358
2026-05-20,0.004269822745186336,0.9879301642801785,0.007800012974634852,0.28388769240402884,0.7110448111093669,0.00506749648660432
2026-05-21,0.007052792249458888,0.9888760331324017,0.004071174618139323,0.24828548569272135,0.7465296731589821,0.005184841148296592
2026-05-22,0.017987335567228896,0.9795207492802329,0.0024919151525384375,0.19935695289119676,0.7953398399802503,0.005303207128552931
2026-05-25,0.03924029898970443,0.9584977106594158,0.002261990350879815,0.15178653940760992,0.8428094149569275,0.00540404563546257
2026-05-26,0.08610042331272731,0.9118040826010556,0.002095494086217121,0.12544096146171424,0.8691801433014879,0.005378895236797931
2026-05-27,0.09279489322977973,0.9051531440236792,0.0020519627465411428,0.12192020474272233,0.8728531385117142,0.005226656745563472
2026-05-28,0.0720280492490658,0.9258022886464723,0.0021696621044622246,0.12323030680206226,0.8716946906997685,0.005075002498169269
2026-05-29,0.06317386069780487,0.9339755561493849,0.0028505831528104,0.12474479044330601,0.8701985555253292,0.005056654031364785
2026-06-01,0.06285550988294497,0.9286933962251229,0.008451093891932267,0.12503082573144295,0.8695978712421893,0.005371303026367797
2026-06-02,0.013802010130721945,0.9321480351120587,0.05404995475721931,0.12198061387638402,0.8700481630549124,0.007971223068703568
2026-06-03,0.005278461120517591,0.9728417523218481,0.021879786557634194,0.11871393209720409,0.872330740096117,0.008955327806679004
2026-06-04,0.003216113085160887,0.9778358850171005,0.018948001897738303,0.114284765213673,0.8759362175088189,0.009779017277508085
2026-06-05,0.003113132593516887,0.98465785567948,0.012229011727002545,0.1053643679015352,0.8843558846465855,0.010279747451879312
2026-06-08,0.0035769617502134426,0.9877908893164994,0.00863214893328664,0.09192988152039329,0.8974945059672973,0.010575612512309426
2026-06-09,0.003271308004797911,0.9821244061205188,0.014604285874682814,0.06548956978617358,0.9233065875137283,0.011203842700098122
2026-06-10,0.003472735352127893,0.9657482912693057,0.030778973378565902,0.04205658303864419,0.9452972871358409,0.012646129825514786
2026-06-11,0.004660955331392937,0.9204601003708454,0.07487894429776126,0.028367863296907343,0.9553954852629197,0.016236651440173
2026-06-12,0.006151349012307185,0.7494708652363872,0.24437778575130525,0.02544355232421379,0.9465458140425717,0.028010633633214547
2026-06-15,0.0019728098437569695,0.17440418624277212,0.8236230039134704,0.024925744520066552,0.9072721901940419,0.06780206528589153
2026-06-16,0.0006507730867160586,0.05742006208088354,0.9419291648324,0.024733479761756584,0.8612577726882823,0.11400874754996113
2026-06-17,0.00043396323142469017,0.0350593338008204,0.9645067029677545,0.024541686786068502,0.8136142311643144,0.16184408204961714
2026-06-18,0.0002891974834487339,0.017978979591426733,0.9817318229251243,0.024203507047767994,0.7650693784872656,0.2107271144649664
2026-06-19,0.00010613115008818497,0.0039756832605785065,0.9959181855893331,0.023309446826910957,0.7162921251862829,0.2603984279868061
2026-06-22,0.00013812003908616856,0.005005472719169025,0.9948564072417444,0.021354337879380045,0.6686175132892705,0.3100281488313494
2026-06-23,4.602057840175529e-05,0.000851093034311321,0.9991028863872866,0.01705161774266377,0.6230698638109334,0.35987851844640284
2026-06-24,0.0002796805835165827,0.008970918190952738,0.9907494012255305,0.012425857110350609,0.578260752519297,0.40931339037035236
2026-06-25,0.0031973424845739284,0.34648544136872583,0.6503172161467,0.008984321772126016,0.5492949101554097,0.44172076807246424
2026-06-26,0.006361328657300772,0.5580371592228877,0.4356015121198114,0.0061436951701008095,0.5304979903090848,0.46335831452081433
2026-06-29,0.03289111779515048,0.8952108827231806,0.07189799948166874,0.004645475565711085,0.5288238646339878,0.46653065980030123
2026-06-30,0.08082629085019075,0.9040295077807143,0.01514420136909477,0.007996689601684525,0.5274179382674204,0.46458537213089496
2026-07-01,0.019697719039555403,0.969901265709629,0.010401015250815306,0.008717652497636418,0.5272709139368096,0.46401143356555397
2026-07-02,0.016546723256987427,0.9802023863044366,0.0032508904385759275,0.009384183006227743,0.5273892390011764,0.46322657799259587
2026-07-03,0.012168470845938579,0.9848560765299704,0.0029754526240908,0.009836949918848826,0.5273991500437009,0.46276390003745027
2026-07-06,0.021852711728022608,0.9756903687519674,0.0024569195200095754,0.01075073741773929,0.5267941240154743,0.46245513856678644
2026-07-07,0.03505787912777904,0.9608177982263989,0.004124322645821499,0.012340065973888342,0.5257287936207683,0.46193114040534333
2026-07-08,0.13211856723487786,0.8647335595324728,0.003147873232648925,0.01877235756802584,0.5206780570339266,0.4605495853980475
2026-07-09,0.058470498787439,0.9388212417622874,0.0027082594502731323,0.02146283474082815,0.5215961141034988,0.45694105115567313
2026-07-10,0.03740686488069118,0.9597390977883989,0.0028540373309093063,0.023025610534247346,0.5321095257310994,0.44486486373465334
2026-07-13,0.008274602456036053,0.9836071887371035,0.008118208806859775,0.023340700164861297,0.5725696758558159,0.40408962397932274
2026-07-14,0.004573067547721998,0.9901387359918732,0.0052881964604040675,0.023536814887911598,0.6192056095513654,0.3572575755607229
2026-07-15,0.003994371819154279,0.9913393547538865,0.004666273426958816,0.02371483531729808,0.6670196105990187,0.30926555408368317
2026-07-16,0.0046104913454090264,0.9909544557370782,0.004435052917512289,0.02393090001039609,0.7156683844063013,0.2604007155833025
2026-07-17,0.006866341217153893,0.9868699716163649,0.006263687166480805,0.02426891051374938,0.7648130988240908,0.2109179906621599
2026-07-20,0.006245150653794394,0.9668512325869348,0.02690361675927053,0.02457426204448479,0.812905386817479,0.16252035113803617
2026-07-21,0.019000326397985975,0.9627816071124516,0.018218066489562056,0.025521977335464005,0.861001912521386,0.11347611014314996
2026-07-22,0.0571752258688408,0.8902500310925712,0.05257474303858759,0.028366754599730214,0.905065868166467,0.06656737723380281
2026-07-29,0.2962040039551921,0.6947210113437341,0.00907498470107363,0.04301708767326113,0.9224776466652175,0.03450526566152148
2026-07-30,0.6797464470804729,0.3183428623663816,0.001910690553145261,0.07668634359441975,0.9104929318223921,0.012820724583188156
2026-08-06,0.7703520609488003,0.2284748450461906,0.0011730940050089064,0.11355939075210228,0.8771561299385426,0.009284479309355163
2026-08-14,0.7569747861751425,0.2403026770400923,0.002722536784765192,0.14736681551834985,0.8439697884015116,0.008663396080138684
2026-08-17,0.45379504246225366,0.5196121140129827,0.026592843524763626,0.16907168168948478,0.8214553308166791,0.0094729874938361
2026-08-20,0.4793114801454344,0.502447414078001,0.018241105776564622,0.19220991953390712,0.7975675822053573,0.010222498260735534
