date,P_Excess_raw,P_Neutral_raw,P_Stress_raw,P_Excess,P_Neutral,P_Stress
2020-02-11,0.09153558311365441,0.8965833708356251,0.01188104605071815,0.09153558311365462,0.8965833708356272,0.011881046050718177
2020-02-12,0.048907462461473344,0.9474300303703346,0.0036625071681897995,0.07022152278756405,0.922006700602982,0.007771776609453993
2020-02-13,0.01291348653883577,0.9828424441822556,0.004244069278906562,0.05111884403798795,0.9422852817960738,0.006595874165938184
2020-02-14,0.00744278300311352,0.988768251806439,0.0037889651904453436,0.04019982877926935,0.9539060242986657,0.005894146922064977
2020-02-17,0.012215499749901958,0.9852644749111481,0.0025200253389477934,0.03460296297339588,0.9601777144211625,0.005219322605441541
2020-02-18,0.009658371515403939,0.9861503815128182,0.004191246971775971,0.030445531063730557,0.9645064922697721,0.005047976666497281
2020-02-19,0.005809731951723494,0.9775110991636657,0.016679168884608936,0.026926131190586688,0.9663642932546144,0.0067095755547989504
2020-02-20,0.004436496040019217,0.9187507208938547,0.07681278306612417,0.024114926796765756,0.9604125967095195,0.015472476493714622
2020-02-21,0.00524613832412878,0.7626537347278298,0.2321001269480396,0.022018394744250536,0.9384393898226654,0.03954221543308411
2020-02-24,0.0025109373605617137,0.3073315472874143,0.6901575153520223,0.020067649005881656,0.8753286055691403,0.10460374542497806
2020-02-25,0.0012036208827799614,0.14686256197269787,0.8519338171445203,0.018352737358326956,0.8091044197876456,0.17254284285402752
2020-02-26,0.0014712946506701954,0.1943304328257575,0.8041982725235706,0.016945950466022222,0.7578732542074882,0.22518079532648955
2020-02-27,0.003635751432414148,0.25707906296553573,0.7392851856020483,0.015922089001898527,0.7193506241119534,0.26472728688614805
2020-02-28,0.028170559165683173,0.5787776600700114,0.3930517807643036,0.01679697972788315,0.7093096981089577,0.2738933221631592
2020-03-02,0.19321403333142878,0.7359946256961246,0.07079134097244473,0.028558116634786215,0.7110886932814356,0.2603531900837782
2020-03-03,0.5561712729413454,0.43599558686400586,0.007833140194646995,0.061533938903946234,0.6938953741303462,0.24457068696570755
2020-03-04,0.8077930491135986,0.19084360917668858,0.001363341709711024,0.10543153362216118,0.6643040938389546,0.23026437253888424
2020-03-05,0.8744852218709612,0.12484805583523365,0.0006667222938036092,0.1481567385248724,0.634334313949859,0.21750894752526864
2020-03-06,0.8751376812532239,0.12409729355154882,0.0007650251952257012,0.18641889340531198,0.6074797339288953,0.20610137266579265
2020-03-09,0.9228785621913874,0.07660319461481548,0.0005182431937953564,0.22324187684461586,0.5809359069631913,0.1958222161921928
2020-03-10,0.9675026950800002,0.03222946492116851,0.00026783999882959967,0.26704023244293323,0.5377182116674684,0.19524155588959838
2020-03-11,0.9708879837511809,0.02880223307475889,0.0003097831740587008,0.31313925850741864,0.49178682180268957,0.1950739196898918
2020-03-12,0.9938987171796682,0.006002578618254244,9.870420207615954e-05,0.36218852003946034,0.4429448285244893,0.19486665143605023
2020-03-13,0.9892687415181151,0.010566261983119494,0.00016499649876418245,0.41127981796521057,0.39403472903332326,0.19468545300146622
2020-03-16,0.9880192657116562,0.011683671967666636,0.000297062320675737,0.46007000626329836,0.3453556888861491,0.1945743048505526
2020-03-17,0.9440158001226896,0.0514578717010326,0.004526328176276304,0.5067878776936626,0.29862106339555977,0.19459105891077763
2020-03-18,0.599323798279522,0.2827252063149794,0.11795099540549721,0.5364635810100526,0.2638817687531253,0.19965465023682205
2020-03-19,4.910858818373865e-05,1.1711431683150194e-08,0.9999508797003831,0.5362442116374608,0.21794423329400409,0.24581155506853503
2020-03-20,5.312550126309291e-08,9.580687245136167e-12,0.9999999468649167,0.5359819073775295,0.17981154655809156,0.28420654606437895
2020-03-23,1.4181827196267458e-07,3.178011410628424e-10,0.9999998578639255,0.5358563676004151,0.16444496920961088,0.2996986631899741
2020-03-24,1.5179663926174436e-06,2.2990645365974387e-07,0.9999982521271525,0.5357962624545956,0.15710185260629866,0.30710188493910573
2020-03-25,0.0004737100927065526,0.0010864001810254346,0.9984398897262668,0.5357463832266974,0.14743965097406206,0.3168139657992406
2020-03-26,0.0807015721708377,0.3932504156089478,0.5260480122202132,0.5395996742636187,0.15424821860623267,0.30615210713014884
2020-03-27,0.5731257081616616,0.36975894985595353,0.05711534198238356,0.5668474317134176,0.14379728309552975,0.28935528519105275
2020-03-30,0.9761858496379184,0.022415380422921048,0.0013987699391591708,0.605996022528742,0.10811832083186951,0.2858856566393885
2020-03-31,0.9999888820701467,4.902040807849031e-06,6.215889044172423e-06,0.6281869029851821,0.08631878659070957,0.2854943104241083
2020-04-01,0.9999999621300614,9.601451434165972e-14,3.7869841618844435e-08,0.6377972486360052,0.07677660613187993,0.28542614523211485
2020-04-03,0.9999981830138299,1.9460008479739623e-07,1.6223860841179697e-06,0.6440728966931486,0.07053421307012248,0.28539289023672887
2020-04-13,0.9870216285488064,0.012636266239764644,0.00034210521142752164,0.6496670940579279,0.06496116170453325,0.28537174423753897
2020-04-14,0.6781261879967024,0.3149115682181802,0.006962243785115673,0.6374294753481935,0.07687658038470152,0.285693944267105
2020-04-15,0.407330725807675,0.5420294557045149,0.05063981848780859,0.6094208768845771,0.10236657992386888,0.2882125431915539
2020-04-17,0.4438392108088114,0.5085325117186146,0.04762827747257263,0.5830684382374587,0.1263530938560617,0.2905784679064796
2020-04-20,0.9719429732521899,0.026817070473365866,0.0012399562744427762,0.5819706510410848,0.12739381844881725,0.29063553051009794
2020-04-21,0.9993300445710649,0.0006288760293565475,4.10793995772819e-05,0.5824737161937323,0.12689694915112917,0.2906293346551386
2020-04-22,0.9995038817350202,0.0004687587430080223,2.7359521970399727e-05,0.5830479469949005,0.12633620348989616,0.29061584951520336
2020-04-23,0.9917018265202151,0.00816165532433092,0.00013651815545262828,0.5854322483147768,0.12417139267106111,0.2903963590141621
2020-04-24,0.9856339795118024,0.014178543166992012,0.00018747732120437928,0.6047477573763907,0.11074405951366173,0.28450818310994747
2020-04-27,0.9828996226785667,0.01689302501261319,0.0002073523088188664,0.65389028308091,0.11158871017872077,0.2345210067403692
2020-04-28,0.9850986299653913,0.014711696649164033,0.0001896733854434742,0.7031452119229045,0.11232429501069997,0.1845304930663955
2020-04-29,0.9910984414006248,0.008761831261298888,0.00013972733807484576,0.7527001269020223,0.11276238655787482,0.13453748654010286
2020-05-04,0.9998893813491234,9.746638314164493e-05,1.315226773349075e-05,0.8026945200711589,0.11276724838170923,0.08453823154713189
2020-05-05,0.9995789881333698,0.0003959361720146107,2.5075694614287082e-05,0.8526497839731921,0.11273272518125872,0.03461749084554919
2020-05-06,0.9999787997165477,1.5127426237790576e-05,6.0728572132478745e-06,0.8986136453504777,0.09307096077212319,0.008315393877399147
2020-05-07,0.9999608627296251,3.113251222910714e-05,8.004758144382702e-06,0.9199554030788758,0.07458456990493693,0.0054600270161871845
2020-05-08,0.9999926124386322,3.735189310395625e-06,3.652372055952135e-06,0.9211457412189116,0.0734639876432564,0.005390271137832024
2020-05-11,0.9987641878527711,0.0011909178099257815,4.489433730140663e-05,0.9210845065080429,0.07352328843171231,0.005392205060244885
2020-05-12,0.9996360457203871,0.0003405206718479779,2.3433607763244527e-05,0.9210663106875592,0.0735403144652999,0.005393374847140967
2020-05-13,0.9991440278469202,0.0008193078235525609,3.666432952560396e-05,0.9210236029292137,0.07358127012647328,0.005395126944313041
2020-05-14,0.9989151087382606,0.0010439114677250898,4.097979401264031e-05,0.9216182769386865,0.07300165238787132,0.005380070673442298
2020-05-15,0.99515271399209,0.004752119815758928,9.516619214936021e-05,0.9374696032384557,0.05749367996775022,0.005036716793793981
2020-05-18,0.9869686497296872,0.012857716564634306,0.00017363370567642164,0.9664514994345565,0.031035093010756163,0.00251340755468737
2020-05-19,0.9770702383100764,0.022686761932219746,0.00024299975770183566,0.9931130508096199,0.006742805521436381,0.00014414366894382647
2020-05-20,0.9679177403617085,0.031790656509840226,0.00029160312844916085,0.9929117891650958,0.0069914848232601,9.672601164414564e-05
2020-05-21,0.9079683136576778,0.09127849633038088,0.0007531900119393696,0.9883437026194265,0.011523965838311322,0.0001323315422622501
2020-05-22,0.6424455760674844,0.3553942475674285,0.002160176365084955,0.9704907873360498,0.029270240279532376,0.00023897238441797803
2020-05-25,0.23124033356650484,0.7649688415376968,0.003790824895796323,0.9324677126883641,0.06711059959020074,0.00042168772143516304
2020-05-26,0.07621480453190226,0.9200803249214018,0.0037048705466941356,0.886996753939369,0.1124056886779213,0.0005975573827096513
2020-05-27,0.03701974648683273,0.9585333702920387,0.004446883221126865,0.8397027601297824,0.15948770594189265,0.0008095339283250515
2020-05-28,0.057852289186820095,0.9391654898531611,0.0029822209600174274,0.7933404430908536,0.2057103956020926,0.0009491613070537493
2020-05-29,0.14578942915858586,0.8519472865845882,0.0022632842568246336,0.7510749924787515,0.24786966836825713,0.001055339152991239
2020-06-01,0.24837005827825887,0.7496098814152959,0.002020060306443735,0.7134990263252083,0.28534528911986484,0.0011556845549267512
2020-06-02,0.29371364838306396,0.7043809739784397,0.001905377638495028,0.678205759337693,0.3205445410101862,0.0012496996521207887
2020-06-03,0.2828430979549528,0.7152154947880869,0.0019414072569587542,0.6423489742496131,0.3563045593782787,0.001346466372108064
2020-06-04,0.22401387404006054,0.7738590569235945,0.0021270690363433924,0.6035516248151349,0.39499595559884704,0.0014524195860180146
2020-06-05,0.13792542604239408,0.8593708183778603,0.002703755579743947,0.5604482654953229,0.4379643097582746,0.0015874247464024145
2020-06-08,0.028372888106088026,0.9652965466916097,0.006330565202300606,0.5119287005079887,0.4861695912023589,0.0019017082896523752
2020-06-09,0.006615195895251154,0.9805318824741062,0.012852921630641122,0.4622776580167318,0.535179159292472,0.00254318269079627
2020-06-10,0.003640327170000252,0.9825533891298235,0.013806283700174837,0.4125024729828857,0.5842658633577856,0.0032316636593287336
2020-06-11,0.003563543975996414,0.976280432786183,0.02015602323781912,0.36273489474477244,0.6330276894237085,0.004237415831519058
2020-06-12,0.0036340037167275465,0.9436498912048232,0.05271610507844793,0.3131589592310042,0.6799725779931618,0.006868462775833992
2020-06-15,0.004021814418163444,0.8499919954399594,0.14598619014187564,0.26401161746542795,0.721829291936928,0.014159090597643965
2020-06-16,0.004082467765808899,0.6318412684962786,0.364076263737911,0.21536222893821447,0.7522870172651311,0.03235075379665445
2020-06-17,0.002543193174393888,0.2701020463644644,0.7273547604611403,0.16709350157884867,0.7642025867578622,0.06870391166328907
2020-06-18,0.0002285843437359773,0.006374669932652233,0.9933967457236106,0.1217065151131515,0.7599573954379758,0.11833608944887271
2020-06-19,6.199419172355263e-05,0.0014547315350974578,0.9984832742731776,0.08958733601936339,0.7422604196363591,0.1681522443442774
2020-06-22,9.335593730314797e-05,0.002867242047389054,0.9970394020153064,0.07802998713790331,0.7041553396618437,0.217814673200253
2020-06-23,0.00010284447626685993,0.003297317535011199,0.9965998379887204,0.0742243891351215,0.6583161892925241,0.2674594215723543
2020-06-24,6.543284969973938e-05,0.001622467102905198,0.9983121000473935,0.07237667345326486,0.6104706441330675,0.3171526824136678
2020-06-25,7.424355624217595e-05,0.0020586276883355873,0.9978671287554205,0.06948777117173595,0.563615301024826,0.36689692780343797
2020-06-26,0.0001372665533541015,0.005327374654753801,0.9945353587918904,0.06220516304147436,0.5212843054283343,0.41651053153019135
2020-06-29,0.00014275517389415328,0.005590155911838167,0.9942670889142661,0.04979379788625611,0.48408331915316144,0.4661228829605825
2020-06-30,8.402270587630259e-05,0.002452878775859241,0.9974630985182628,0.035112316602396706,0.4489869143930323,0.515900769004571
2020-07-01,4.193597657228903e-05,0.0007287286319490048,0.9992293353914768,0.02097225850347766,0.41326257608522526,0.5657651654112971
2020-07-02,2.3266772550911854e-05,0.00023992293353608667,0.9997368102939111,0.00977272814010216,0.3745816193857223,0.6156456524741755
2020-07-03,1.4762965907958828e-05,9.573922398055493e-05,0.9998894978101095,0.0028771949862778437,0.3316178654280283,0.6655049395856938
2020-07-06,2.7308434080845064e-05,0.0003287273300095579,0.9996439642359076,0.001459916002677483,0.28336947445994826,0.7151706095373743
2020-07-07,3.932254638163424e-05,0.0007067596382696791,0.9992539178153467,0.0011311223352340064,0.23437821831815633,0.7644906593466096
2020-07-08,0.0002396674959149589,0.013712794690761532,0.9860475378133216,0.0009610893515297416,0.18593618859620317,0.8131027220522671
2020-07-09,0.0004362323783054611,0.02755002664457068,0.9720137409771218,0.0008047237716451935,0.13849966828912244,0.8606956079392324
2020-07-10,0.00024002606766276207,0.014814179881669312,0.9849457940506661,0.000635024889191954,0.09205788272296467,0.9073070923878434
2020-07-13,0.000205528612662799,0.011110076896508374,0.988684394490827,0.00044421059891692176,0.050113786795792085,0.949442002605291
2020-07-14,0.00018198553796788656,0.008247296448172044,0.9915707180138582,0.00024918648752487066,0.01893408819338669,0.9808167253190885
2020-07-15,5.206619727134893e-05,0.0011146304298043966,0.9988333033729223,0.00012463013866874354,0.0054847173966536674,0.9943906524646776
2020-07-16,4.7960038788648354e-05,0.0009373086845980004,0.9990147312766114,0.00011559892342137707,0.005212849334250956,0.9946715517423277
2020-07-17,9.25673963420504e-05,0.002682703937425525,0.9972247286662305,0.00011712758365230195,0.00527424795436736,0.9946086244619804
2020-07-20,2.7121497184075282e-05,0.0003222368028070984,0.999650641700007,0.00011381586164634834,0.005146997692138261,0.9947391864462154
2020-07-21,2.7123854081584286e-05,0.00032209996002155374,0.9996507761858952,0.00011002983053708455,0.0049982368133887805,0.9948917333560742
2020-07-22,2.9943952469364804e-05,0.00039261569080216327,0.9995774403567269,0.0001082553856755658,0.004936744242783627,0.9949550003715408
2020-07-23,7.035320448315744e-05,0.0018253694731614801,0.998104277322354,0.00010806086808761489,0.004925081332024922,0.9949668577998875
2020-07-24,9.746478404113146e-05,0.0034555609655851152,0.9964469742503722,0.00010607077962196637,0.004831490647566487,0.9950624385728115
2020-07-27,0.00022747981568946952,0.01234213441367003,0.9874303857706392,0.0001103070117117322,0.0051690895726580815,0.9947206034156302
2020-07-28,0.00027251217658833834,0.016677295098219552,0.9830501927251907,0.00011973148524733397,0.005880310388776097,0.9939999581259765
2020-07-29,0.0002757302954729978,0.016069760809786546,0.9836545088947389,0.00013142120119236946,0.006647361997667976,0.9932212168011396
2020-07-30,0.00015758729611427873,0.007536901042651572,0.9923055116612325,0.0001381372273705378,0.00701221090312375,0.9928496518695057
2020-07-31,0.00014140098237523462,0.00604896686684051,0.9938096321507828,0.00014446912819390158,0.007309872285266748,0.9925456585865393
2020-08-03,0.00014605566821331695,0.006053585777526738,0.9938003585542583,0.00015040648990052519,0.0075961152076426085,0.9922534783024569
2020-08-04,0.00010126353896133225,0.004036445583090755,0.9958622908779463,0.0001535035395295101,0.007762599504883662,0.9920838969555869
2020-08-05,0.00027804393244457073,0.019198386077977445,0.9805235699895762,0.0001554223613559907,0.008036879074244458,0.9918076985643995
2020-08-06,0.00047020726117547447,0.04462925660748046,0.9549005361313423,0.0001571211054994914,0.008890840572389948,0.9909520383221105
2020-08-07,0.0007976391804875234,0.09486174493793365,0.904340615881577,0.00018500176114072948,0.012893218825203171,0.9869217794136561
2020-08-10,0.0013178199515775486,0.1858617622791389,0.8128204177692817,0.00024061632808646704,0.02163080309433471,0.9781285805775789
2020-08-11,0.0020761623064035244,0.3374047755684231,0.6605190621251713,0.0003353251665082491,0.0380886770503473,0.9615759977831444
2020-08-12,0.0019542307293876843,0.3953396852943176,0.6027060839762926,0.00043043339311406607,0.05779992979357299,0.9417696368133129
2020-08-13,0.0022476399271609323,0.4862583336596852,0.5114940264131516,0.0005404173875326804,0.08206598104232739,0.9173936015701399
2020-08-14,0.0026155950890267266,0.5993530454806648,0.39803135943030615,0.0006665687721669144,0.1118994981194894,0.8874339331083436
2020-08-17,0.003038939770731307,0.728996557596991,0.26796450263227534,0.0008171596858442763,0.14833321415919865,0.8508496261549571
2020-08-18,0.0038414573768351824,0.8705802608794914,0.12557828174367133,0.0010078763619819566,0.19184612220517222,0.8071460014328459
2020-08-19,0.0038522943893471297,0.8961842147928628,0.0999634908177881,0.0011989938838258452,0.23663570216027532,0.7621653039558988
2020-08-20,0.0046743904961032414,0.8523907164454012,0.14293489305849363,0.0014291957484068498,0.2791639695088874,0.7194068347427057
2020-08-21,0.00624658387632214,0.6629562023598269,0.3307972137638489,0.001736651703020901,0.31213900157859964,0.6861243467183795
2020-08-24,2.260534332895482e-06,6.31084333415592e-09,0.999997733154822,0.0017253907389530717,0.31152189517345824,0.6867527140875886
2020-08-25,6.655406092964224e-06,1.6184731162141153e-05,0.9999771598627432,0.0017120979004283036,0.31068883965510535,0.6875990624444663
2020-08-26,0.0001138658269310278,0.0027194745130402847,0.9971666596600268,0.0017040046770012054,0.3100213253402681,0.6882746699827307
2020-08-27,0.000922511187334839,0.007543657065166074,0.9915338317474971,0.0017422508715622333,0.3100216631413938,0.688236085987044
2020-08-28,0.016949299618696474,0.020177294794501536,0.9628734055868,0.0025826458033782968,0.31072807953777687,0.6866892746588448
2020-08-31,0.7659515495841925,0.12428969842220937,0.10975875199359628,0.04087292049917733,0.316639885170011,0.6424871943308117
2020-09-01,0.35541352682426636,0.6216950857185755,0.02289138745715639,0.05863853366344261,0.34752281717678535,0.593838649159772
2020-09-03,0.06883263619041337,0.9084313923818172,0.022735971427767523,0.06206626327634106,0.39198446749197735,0.5459492692316815
2020-09-04,0.03267705543532867,0.9623072452306664,0.005015699334003075,0.06367660568504872,0.4378683669231368,0.49845502739181446
2020-09-07,0.01825203124792665,0.9790389728933948,0.002708995858676752,0.0645493252884207,0.4820772283209099,0.4533734463906694
2020-09-08,0.008377482811584215,0.9881569592062432,0.0034655579821707867,0.06490230843142102,0.5221919881672652,0.4129057034013137
2020-09-10,0.011148556148898007,0.9864556318119808,0.0023958120391192606,0.06535592812354574,0.5546445309794431,0.3799995408970111
2020-09-11,0.008127180447709857,0.9885417071086021,0.0033311124436863275,0.06566457560946186,0.5843046320701576,0.3500307923203807
2020-09-14,0.016854194029533132,0.9809221664579788,0.002223639512486427,0.06639490331458048,0.6090378237100722,0.3245672729753474
2020-09-15,0.024004142848018783,0.9738909963056703,0.002104860846309254,0.06746433070253008,0.6277647212513224,0.30477094804614757
2020-09-16,0.03340680012088237,0.9644294791942705,0.0021637206848455458,0.06898272372003761,0.6395363673311865,0.29148090894877593
2020-09-17,0.05106513044226714,0.9463721695697653,0.0025626999879657395,0.07134390737330923,0.6433259627657001,0.2853301298609907
2020-09-18,0.08814290522271734,0.906476363113872,0.005380731663409022,0.07555843791497774,0.6438405701817506,0.28060099190327165
2020-09-21,0.053520705646295096,0.9202822577271809,0.026197036626522528,0.07800075367248732,0.6472351472458395,0.27476409908167315
2020-09-22,0.023520776972957323,0.7875082105036803,0.18897101252336088,0.07886446332731908,0.6534627476530321,0.26767278901964875
2020-09-23,0.000125296838452993,0.00026924821263349337,0.999605454948912,0.07887061514252511,0.6534762097481217,0.2676531751093532
2020-09-24,6.1813852714356505e-06,1.2559769130938408e-05,0.9999812588455961,0.07887059144148402,0.6534760285000201,0.26765338005849587
2020-09-25,3.0331958159785977e-06,2.5823587453296095e-06,0.9999943844454371,0.07886504980992824,0.6533401838923054,0.26779476629776633
2020-09-28,5.134375035706057e-07,8.840572921713543e-09,0.999999477721922,0.07881894992243671,0.6529630014810757,0.2682180485964876
2020-09-29,0.0005194374498465082,0.0005585678253489333,0.998921994724803,0.07799745681399418,0.651982065132618,0.27002047805338775
2020-09-30,0.15153344842374888,0.6668985837743211,0.1815679678019284,0.04727655175597196,0.6791125094002237,0.27361093884380433
2020-10-01,0.3975793563991901,0.5767967914684577,0.025623852132350362,0.04938484323471816,0.6768675946877178,0.2737475620775641
2020-10-02,0.7570588784423763,0.23978996937035574,0.0031511521872663864,0.08379615534731634,0.6434355235371446,0.272768321115539
2020-10-05,0.9998717032807072,9.601207691946745e-05,3.228464237163658e-05,0.13215588773958534,0.5953249618794572,0.2725191503809574
2020-10-06,0.9954824897276412,0.004380601647549559,0.0001369086248073584,0.1810174106635712,0.5465920433171649,0.272390546019264
2020-10-07,0.789381737001594,0.20912407554491347,0.0014941874534909253,0.2200676233730717,0.5076403991340983,0.27229197749282996
2020-10-08,0.6931966628578713,0.3053059648471806,0.0014973722949466306,0.2541700287085204,0.4735829157858582,0.2722470555056213
2020-10-09,0.6746068791007153,0.32395485530626317,0.001438265593020147,0.2874940136411708,0.44035357319574125,0.272152413163088
2020-10-12,0.7267236187512278,0.2718586907913772,0.0014176904573937655,0.3229874848772556,0.4049003994124111,0.27211211571033334
2020-10-13,0.8732794314723235,0.12587099585147893,0.0008495726761959504,0.36545124930847084,0.36249939938970144,0.2720493513018277
2020-11-13,0.9999999900078631,6.348571844013744e-26,9.992135088955787e-09,0.4137809088028199,0.31427792542998784,0.2719411657671922
2020-11-16,0.5866594754710094,0.40957269365130416,0.0037678308776847996,0.4405606260542571,0.28743795163406477,0.2720014223116781
2020-11-17,0.4843510156828814,0.510457555578496,0.005191428738621009,0.4603710315772654,0.2676370112572959,0.2719919571654388
2020-11-18,0.18120431771629317,0.7835261063830162,0.03526957590068894,0.46675521218076527,0.2607992036900877,0.2724455841291471
2020-11-19,0.08000373375396701,0.746785497628519,0.1732107686175126,0.46957936001981576,0.25876306804632965,0.27165757193385465
2020-11-20,2.097575745096531e-05,3.055934200945557e-10,0.9999790239369541,0.46957414396576563,0.25874960565097754,0.27167625038325677
2020-11-23,0.008223507744530172,0.7428162595617481,0.24896023269372022,0.4699850102837285,0.2958897906406085,0.23412519907566284
2020-11-24,0.0039706238077597215,0.8706727550650895,0.12535662112714918,0.4701833898143258,0.33942329927592585,0.19039331090974843
2020-11-25,0.003184298485294627,0.9295508376001705,0.0672648639145333,0.4703425790667152,0.3859008407139058,0.14375658021937893
2020-11-26,0.003130343488004241,0.9559958323199383,0.040873824192056096,0.47047312436862315,0.4336727039386353,0.09585417169274148
2020-11-27,0.004093919454993105,0.9664248601886849,0.02948122035632067,0.4631011479201854,0.44864901775935356,0.08824983432046109
2020-11-30,0.006790763070299382,0.9420831567176701,0.05112608021202931,0.44356171825374074,0.46691333602181423,0.08952494572444504
2020-12-01,0.023971246316069058,0.965028696056721,0.011000057627208588,0.4069073366474254,0.5031752723561325,0.08991739099644214
2020-12-02,0.08567406439265204,0.9111142924183209,0.0032116431890258194,0.3611974547030225,0.5487261863732026,0.09007635892377484
2020-12-03,0.15389946989375908,0.8438520465336468,0.002248483572592635,0.3191183037113284,0.5906997586175076,0.0901819376711641
2020-12-04,0.16392088381966885,0.833869633334299,0.002209482846030288,0.28784526105223207,0.6219370365069768,0.0902177024407911
2020-12-07,0.12402193042002842,0.8729032801450484,0.003074789434921526,0.25938652443033994,0.6503169022718701,0.09029657329778983
2020-12-08,0.03106112299030196,0.9590810149445047,0.009857862065191363,0.2272092366248192,0.6820732102537824,0.0907175531213984
2020-12-09,0.007485039037212965,0.9534815864807908,0.039033374481994024,0.1912473076391184,0.7161543550382532,0.09259833732262841
2020-12-10,0.003923358064072318,0.9031183458699776,0.09295829606594788,0.14777950396870582,0.7550167225391782,0.09720377349211604
2020-12-11,0.0036230512109944207,0.9129008250613765,0.08347612372762694,0.09796065702886227,0.8006617637922471,0.10137757917889063
2020-12-14,0.0054897998906070404,0.978089858373483,0.016420341735908107,0.06890217324984212,0.8290876220283561,0.10201020472180179
2020-12-15,0.004188232249792501,0.9887722178917467,0.0070395498584584874,0.04489403407818763,0.8530033551440187,0.10210261077779367
2020-12-16,0.004595535963536753,0.9906286476968186,0.004775816339642381,0.03606359499054979,0.8633584822097089,0.10057792279974136
2020-12-17,0.008925367208017242,0.9883566028506343,0.0027180299413461094,0.0325096766632523,0.8754370374708147,0.092053285865933
2020-12-18,0.008785074231678429,0.987342670938602,0.0038722548297171634,0.03294788158696368,0.9248041710024653,0.04224794741057108
2020-12-21,0.0047725824823082125,0.9806959626472421,0.014531454870447252,0.03277533532385257,0.93669815615674,0.030526508519407403
2020-12-22,0.0065753494840347605,0.9521733526884517,0.041251297827510906,0.032905571607666335,0.9407731860379082,0.026321242354425484
2020-12-23,0.009846315122035458,0.7995171124044311,0.19063657247353066,0.033238672439503375,0.9342714997781213,0.032489827782375365
2020-12-24,0.000480315806056549,0.009697650703830623,0.9898220334901102,0.033106171055405996,0.8869565906973158,0.07993723824727818
2020-12-25,3.4705198874269226e-05,0.00043179030921203514,0.999533504491911,0.03290321034260005,0.8386569372033421,0.1284398524540578
2020-12-28,6.233957274469729e-06,1.4430332687441422e-05,0.9999793357100353,0.03256398388694881,0.791553500884093,0.1758825152289582
2020-12-29,6.838497409920101e-07,4.410737193965808e-08,0.9999992720428842,0.0313654557636324,0.7433020682866255,0.22533247594974212
2020-12-30,2.407025212845059e-07,1.4478625738866223e-09,0.9999997578496131,0.027081764579125867,0.6977463537381025,0.2751718816827716
2020-12-31,0.00013321852274076145,0.0010727832846303728,0.9987939981926259,0.019393452010574932,0.6556073905756516,0.3249991574137734
2021-01-04,0.008754850147895643,0.4773187107218726,0.5139264391302291,0.011635150326986251,0.6377798444450303,0.3505850052279834
2021-01-05,0.04822350213177867,0.849355544080075,0.10242095378814382,0.007845228912573754,0.6366024576417817,0.35555231344564453
2021-01-06,0.1339859012376986,0.8321013582230514,0.03391274053924777,0.012991467824943601,0.6302534748057089,0.35675505736934743
2021-01-07,0.1327032170821624,0.8161010915486939,0.05119569136914123,0.019252376727191087,0.6233844500591041,0.3573631732137047
2021-01-11,0.023231751586379988,0.7094618747111542,0.2673063737024634,0.02021779640330647,0.613701626501163,0.36608057709553055
2021-01-12,0.006456376150732466,0.7883986465197996,0.2051449773294656,0.020359462650293373,0.607476517574084,0.37216401977562247
2021-01-13,0.005361487312176197,0.9104373051768524,0.08420120751096925,0.020353047021371834,0.6040938899142526,0.3755530630643756
2021-01-14,0.012508327317777856,0.957716238293854,0.0297754343883661,0.020769051774771105,0.6025410909343579,0.37668985729087096
2021-01-15,0.05413293440886047,0.9305442848966375,0.015322780694499723,0.0232459216970373,0.5995368727943489,0.3772172055086139
2021-01-18,0.06320388805852674,0.8900491614950935,0.04674695044637774,0.02595984773956277,0.5946215007265717,0.37941865153386545
2021-01-19,0.016513465045321977,0.6612151268639903,0.32227140809068544,0.026346267280244955,0.5783151235228411,0.3953386091969139
2021-01-20,0.0005719469357627795,0.01131817284407603,0.9881098802201589,0.026136235502917677,0.5298462340326827,0.44401753046439957
2021-01-21,2.531756457816901e-05,0.00021787862341197522,0.9997568038120075,0.02580873390694485,0.48224846032943064,0.4919428057636245
2021-01-22,1.2272131473519954e-05,6.585680643467818e-05,0.9999218710620897,0.025317031757416755,0.44227589754953067,0.5324070706930526
2021-01-25,1.099810928231801e-06,1.4936516458363598e-07,0.9999987508239052,0.025293070957660334,0.4417910224825974,0.5329159065597423
2021-01-26,9.259467914628012e-05,0.00030542386752463116,0.9996019814533271,0.025295965431673936,0.441784704160513,0.532919330407813
2021-01-27,0.014062866311184155,0.5084406029372143,0.4774965307515994,0.02599879704936942,0.46720601279073937,0.5067951901598913
2021-01-28,0.07967987475367383,0.7904417489120252,0.12987837633429888,0.029982756594566073,0.5067280980309722,0.4632891453744618
2021-01-29,0.3289241825308359,0.6464320125414973,0.024643804927665,0.046428953685981836,0.5390496985856539,0.41452134772836424
2021-02-01,0.9396871214402402,0.05909193540710923,0.0012209431526486103,0.09340664883185691,0.5419506561917778,0.3646426949763653
2021-02-02,0.9999999999379354,3.418946603490826e-36,6.206246384330107e-11,0.142968906321359,0.5180847206556841,0.3389463730229569
2021-02-03,0.9999711119401822,1.960081036984744e-05,9.287249445772648e-06,0.1905562868117793,0.4756179234921988,0.33382578969602195
2021-02-04,0.9501092650631151,0.04924545241253569,0.0006452825243471355,0.23136245500305022,0.43647512820167295,0.3321624167952769
2021-02-05,0.8831646380852116,0.11312307575443001,0.0037122861603562343,0.2688855260532027,0.4013262274119596,0.3297882465348377
2021-02-08,0.9999412629922213,3.6924558931940866e-08,5.870008321748556e-05,0.3177210016234949,0.36585313552262977,0.3164258628538753
2021-02-09,0.16296470068252195,0.7471816853974392,0.08985361392003655,0.32554641785008437,0.36379228746651177,0.31066129468340387
2021-02-17,0.041214840117656915,0.8363997306144604,0.12238542926788046,0.3273390854903584,0.36009040873839215,0.31257050577124945
2021-02-18,0.026825887160416152,0.744928536987366,0.22824557585221558,0.3280549634824903,0.3494510236730677,0.3224940128444419
2021-02-19,0.00014497480852058119,0.000347048007197073,0.9995079771842803,0.3253555655024733,0.30294116182859565,0.3717032726689311
2021-02-24,3.884291720102007e-06,3.7681997663599627e-06,0.9999923475085114,0.32219556531413296,0.2584388921638292,0.41936554252203784
2021-02-25,4.806875368037989e-05,9.048363653077996e-05,0.9998614476097867,0.32137229549955093,0.22538266000245605,0.4532450444979929
2021-02-26,0.005961475396798727,0.6430354108987285,0.3510031137044705,0.32164177192260274,0.25696852190518876,0.4213897061722085
2021-03-01,0.005757929338338021,0.8054898674668861,0.18875220319477368,0.32192840251129073,0.29723212134736265,0.3808394761413467
2021-03-02,0.012212552497179145,0.8327737163712089,0.15501373113160996,0.322538416529576,0.33886751432560136,0.3385940691448226
2021-03-03,0.06418649935039439,0.8813292882126358,0.054484212436967834,0.32574768650654934,0.382933971267975,0.2913183422254757
2021-03-04,0.3546099607804053,0.6379261809633922,0.007463858256200389,0.34347355481161224,0.4148150091227685,0.24171143606561915
2021-03-05,0.5954081189567747,0.4025782908848869,0.002013590158336175,0.3725408174438919,0.40952189352015206,0.217937289035956
2021-03-08,0.6349991684339006,0.3634634654284261,0.001537366137671135,0.40030678212790327,0.38817297934597206,0.2115202385261246
2021-03-09,0.48025853627227816,0.5177633713113283,0.001978092416391359,0.40787349981497545,0.38173954728446363,0.21038695290056095
2021-03-10,0.3865061989537329,0.6113647564897404,0.00212904455652452,0.38021445369065004,0.40935318833859524,0.21043235797075474
2021-03-11,0.16911114699100796,0.8280354585916071,0.0028533944173828943,0.33867001104330363,0.4507549612681757,0.21057502768852074
2021-03-12,0.0556059254237023,0.9409116762100851,0.0034823983662107044,0.2914517517174795,0.4977995650381616,0.210748683244359
2021-03-15,0.029204261519376773,0.9662170485881604,0.004578689892461388,0.24540650154029242,0.5436481448469429,0.2109453536127647
2021-03-16,0.05455746743187602,0.9427145731025539,0.0027279594655683333,0.2039761430076256,0.5851277197143492,0.2108961372780253
2021-03-17,0.01788279406724066,0.9790978932202756,0.003019312712482096,0.15487321956137642,0.634082612529135,0.21104416790948854
2021-03-18,0.006347916979979616,0.9892328575294297,0.004419225490589114,0.14704238037624928,0.6461851711357346,0.20677244848801615
2021-03-19,0.005526178635569464,0.9904966785108649,0.003977142853563901,0.1452579473021449,0.6538900185305548,0.2008520341673003
2021-03-22,0.009205355503112005,0.9866560521358806,0.004138592361005585,0.14437692071927966,0.6659763942879805,0.18964668499273976
2021-03-23,0.006408228611229299,0.9779920814280574,0.015599689960711382,0.1446900834094151,0.7148586459590237,0.14045127063156124
2021-03-24,0.009460171301461944,0.9249728809674698,0.06556694773106665,0.1451628977599022,0.761107101597409,0.09373000064268888
2021-03-25,0.038553947602722745,0.898298899604594,0.06314715279268168,0.14708819170235435,0.8060175223958121,0.04689428590183355
2021-03-26,0.23861574612703185,0.7432183596087161,0.018165894264250408,0.158720905238866,0.8110266698313114,0.030252424929822507
2021-03-29,0.9892785523758358,0.010075599973176941,0.0006458476509853982,0.20789693639074097,0.7712559564566259,0.020847107152633073
2021-03-30,0.9327089112992829,0.0658975619245229,0.0013935267761925139,0.25392175433084624,0.7329121487342916,0.013166096934862185
2021-03-31,0.9899125557501454,0.009920401975525883,0.00016704227432703318,0.3002080571508339,0.689341704422436,0.010450238426730141
2021-04-01,0.9999918990333788,4.109935239507076e-06,3.991031380089393e-06,0.3324771540634826,0.6574456008710282,0.010077245065489127
2021-04-02,0.9994993182609447,0.00046662838311289744,3.4053355941064086e-05,0.35268171402869114,0.6373400177459395,0.00997826822536937
2021-04-05,0.9547033253666171,0.044413804821286804,0.0008828698120950205,0.3686669218753269,0.6213875347155824,0.009945543409090563
2021-04-06,0.9989345872374134,0.0010146812129644266,5.073154962100493e-05,0.39460072442358374,0.5955501002106642,0.009849175365752045
2021-04-07,0.9726236420553407,0.027016365209912244,0.00035999273474578847,0.4239065965786642,0.5663326806466726,0.009760722774663107
2021-04-08,0.8349491810380676,0.1628086113307908,0.002242207631140504,0.45719849828101716,0.5330713382836318,0.009730163435350988
2021-04-09,0.8714181496497247,0.12743235116697924,0.0011494991832945221,0.49798910949231834,0.4923973720314765,0.00961351847620518
2021-04-12,0.9981328547753772,0.0017966413235575185,7.050390106409051e-05,0.5464355391551184,0.4441763516682462,0.009388109176635314
2021-04-13,0.9996510468875016,0.00032589431619105204,2.305879630626293e-05,0.5936902181278998,0.39705691772892804,0.009252864143172208
2021-04-14,0.9992570783440512,0.0007088610825829139,3.406057336473271e-05,0.6427589323417403,0.34813746612204327,0.009103601536216342
2021-04-15,0.9906412242117644,0.009163433298877852,0.00019534248935666358,0.6919735977033297,0.2991339949105156,0.008892407386154716
2021-04-16,0.8038870982976852,0.19439012577010195,0.0017227759322115028,0.7318916436864354,0.2593286672734774,0.008779689040087097
2021-04-19,0.19110297092071019,0.8028824181788972,0.006014610900391436,0.7409865244573154,0.2501399855756282,0.008873489967056388
2021-04-20,0.047830772823353296,0.9478256343826956,0.004343592793949848,0.7430576516679215,0.24863166322336008,0.00831068510871831
2021-04-22,0.01598665584224436,0.9804833499094655,0.0035299942482888203,0.7433839758949606,0.2514071866704599,0.005208837434579415
2021-04-23,0.011318948918139775,0.9853552116666677,0.0033258394151913376,0.7420222259607315,0.25576000227356355,0.0022177717657048943
2021-04-26,0.02098334080079896,0.9755495882633941,0.0034670709358058586,0.7311406056944199,0.2673765637062975,0.0014828305992826655
2021-04-27,0.07090743299104328,0.9251916096548065,0.0039009573541492976,0.6852220497251802,0.313132364190379,0.0016455860844408604
2021-04-29,0.26756969667018204,0.7274376278907204,0.004992675439096542,0.6519650889937251,0.34620936748868897,0.0018255435175860626
2021-05-04,0.999972163926193,6.499689313858459e-06,2.1336384492400206e-05,0.6524680694025273,0.34571367237437833,0.0018182582230943307
2021-05-05,0.9999970745278738,7.547873423731865e-07,2.170684783197722e-06,0.6524683281772521,0.34571350461698347,0.0018181672057644858
2021-05-06,0.9997560242951862,0.00017060844083575128,7.336726397773707e-05,0.6524811634789641,0.3456987036198696,0.0018201329011663192
2021-05-11,0.24138317981937799,0.751776093480163,0.006840726700458638,0.6168151562016021,0.3810668180528134,0.0021180257455845008
2021-05-12,0.07291158464609072,0.9222068572400991,0.00488155811380969,0.5705140060720358,0.42712642685417024,0.002359567073793935
2021-05-13,0.04253101364906471,0.95332788733847,0.004141099012464871,0.524009374651722,0.47344200296059813,0.0025486223876798894
2021-05-14,0.06608780769622474,0.9289480567603746,0.0049641355434001415,0.4855663059846298,0.5117489752320773,0.002684718783292871
2021-05-17,0.21744880739273306,0.7753015551063112,0.007249637500955149,0.4528678388717802,0.544142435429044,0.002989725699175903
2021-06-07,0.9999999940104047,1.0102778161286402e-27,5.989594464671252e-09,0.4529611958335315,0.544052603362866,0.0029862008036024208
2021-06-08,0.9520109839437652,0.047517694420909196,0.000471321635324887,0.4505791926863448,0.546412193368102,0.003008613945553353
2021-06-09,0.9030682403548864,0.09578202757257297,0.0011497320725398854,0.44576975078688647,0.5511658516926015,0.0030643975205121104
2021-06-10,0.8509166321169442,0.14241953098194934,0.00666383690110583,0.4387835211821454,0.557828656576755,0.003387822241099568
2021-06-11,0.7785371970813293,0.1597134402315208,0.06174936268714909,0.4375160261213276,0.5560948222998259,0.006389151578846452
2021-06-14,0.000711819012300143,8.995557950327084e-09,0.9992881719921413,0.4279964685259071,0.5159507018406589,0.05605282963343397
2021-06-15,0.034570661584890916,0.8166575842718338,0.14877175414327437,0.4273334629639841,0.5093922993351158,0.06327423770090021
2021-06-16,0.034895063631666,0.9202331697666619,0.04487176660167106,0.42827888335345515,0.5063797903279756,0.06534132631856934
2021-06-17,0.029772505908281996,0.9153164348923466,0.05491105919937066,0.4292015612029622,0.5028778514892595,0.0679205873077783
2021-06-18,0.013760059614426948,0.7464667173347069,0.23977322305086562,0.4288403971436435,0.49142370794282514,0.0797358949135313
2021-06-21,9.30198084340932e-05,0.00020201606816117398,0.999704964123404,0.42529967648451306,0.4451742282634928,0.12952609525199404
2021-06-22,2.2719598320350988e-05,0.0002125396940406588,0.9997647407076381,0.41192232763091996,0.4088129738536589,0.17926469851542115
2021-06-23,3.3369387795581114e-05,0.00047588810355768147,0.9994907425086458,0.3619253879040001,0.40883644327437096,0.2292381688216289
2021-06-24,4.134859439949671e-05,0.0006974326681747616,0.9992612187374247,0.31192760160732635,0.4088712771684127,0.279201121224261
2021-06-25,5.6652905761997014e-05,0.0009044691705460004,0.9990388779236911,0.2619426330378551,0.40890797020489816,0.3291493967572467
2021-06-28,0.0012982153915988173,0.06976480177486077,0.9289369828335395,0.24993838481646616,0.37480740561963305,0.3752542095639008
2021-06-29,0.0004689624540187966,0.03808581448418961,0.9614452230617906,0.24631625370686253,0.3306013534818376,0.4230823928112999
2021-06-30,0.0003413551493598357,0.02729448368606116,0.9723641611645779,0.24420677078187736,0.2842996832992172,0.47149354591890563
2021-07-01,0.0012012519873121365,0.08856347376170619,0.9102352742509807,0.2409624429964317,0.24228045414928365,0.5167571028542847
2021-07-02,0.007663413116029811,0.5070612267031113,0.48527536018085776,0.23047317328259653,0.2288684377291236,0.5406583889882798
2021-07-05,0.03067859285609715,0.7115045285015231,0.2578168786423785,0.18200710322488112,0.2644436641541998,0.553549232620919
2021-07-06,0.1719509884078631,0.7086673280594321,0.11938168353270366,0.14300410344808598,0.297501145836126,0.5594947507157879
2021-07-07,0.9999985896126004,7.355732373182333e-21,1.4103873983424676e-06,0.14785062091097168,0.2927120444574974,0.5594373346315309
2021-07-08,0.20363191577226034,0.785244801749278,0.011123282478460235,0.11548638509373746,0.3248533079958638,0.5596603069103986
2021-07-09,0.04974592875186442,0.9359848523474199,0.014269218900714274,0.07904682167726418,0.3636668786016588,0.5572862997210769
2021-07-12,0.021078357278235444,0.9421288545293145,0.03679278819244851,0.08006514859056096,0.41077332087834667,0.5091615305310924
2021-07-13,0.015914284854836307,0.8077707594475781,0.176314955697584,0.07913232975405823,0.410328979637134,0.5105386906088077
2021-07-14,9.900065371983927e-06,2.1130887398214277e-10,0.999990099723317,0.07738807157574353,0.36431732115936627,0.5582946072648902
2021-07-15,0.010962830803471048,0.8231488257903565,0.1658883434061702,0.076447587820503,0.35970894070426684,0.5638434714752302
2021-07-16,0.007553553767910327,0.95973013352131,0.032716312710777684,0.07613726252817717,0.37037211151359706,0.5534906259582258
2021-07-19,0.009327410538346376,0.9842865377795892,0.006386051682062339,0.07659898206467278,0.41957633759916846,0.5038246803361587
2021-07-20,0.009097452231258657,0.9880311364056564,0.0028714113630827617,0.07705271869631973,0.4689672674347494,0.45398001386893094
2021-07-21,0.007775983984134438,0.9895510354064624,0.0026729806094009222,0.07743984942613666,0.5184210247998947,0.40413912577396865
2021-07-22,0.009433656046392935,0.987968431638141,0.0025979123154638243,0.07790946479873634,0.5677845747483932,0.35430596045287055
2021-07-23,0.017914348688819713,0.9799988286408178,0.0020868226703600846,0.07880234958788922,0.6167392927219069,0.30445835769020396
2021-07-26,0.0127133391088858,0.9849735860217843,0.0023130748693275744,0.07937310577375359,0.6624997319342532,0.2581271622919933
2021-07-27,0.013185997192650992,0.9845561860298011,0.002257816777545751,0.0800089575106852,0.7098232505115338,0.21016779197778096
2021-07-28,0.01763389933271945,0.980238554112576,0.0021275465547023363,0.08087358471985318,0.7574704540328596,0.1616559612472871
2021-07-29,0.017203996473256416,0.9801419101051456,0.002654093421595728,0.08167372194415043,0.8020493758500318,0.11627690220581781
2021-07-30,0.007268264528351913,0.9853788705651444,0.0073528649065016105,0.0816539645147665,0.8259652580431336,0.09238077744209992
2021-08-02,0.0035519404615400947,0.967300069408255,0.029147990130202778,0.08029763189503868,0.8387550350884703,0.08094733301649114
2021-08-03,0.003084789191708219,0.9409686069148391,0.05594660389345034,0.07185432193423091,0.8503700990312406,0.07777557903452846
2021-08-04,0.002991291262240758,0.8946858532996027,0.1023228554381544,0.022003957016712827,0.8951043916962209,0.0828916512870663
2021-08-05,0.003086031541351667,0.8511588142222266,0.14575515423641944,0.011976662805167373,0.8984000923198684,0.08962324487496424
2021-08-06,0.003999237752946887,0.8017635459294437,0.1942372163176071,0.009689328255221492,0.8916890269989696,0.09862164474580892
2021-08-09,0.006029088623985024,0.9118964734508931,0.08207443792511956,0.00893686482250897,0.8901774079450485,0.10088572723244249
2021-08-10,0.02127186551857139,0.9661519366968044,0.012576197784621863,0.009204743855695727,0.89809646680751,0.09269878933679437
2021-08-11,0.039813248884879957,0.9565373413619935,0.0036494097531240477,0.011194911296671129,0.9459233338650443,0.0428817548382846
2021-08-12,0.08156669040246307,0.9158277441469788,0.0026055654505558086,0.014725104276620736,0.9505572797828754,0.03471761594050386
2021-08-13,0.18661835566949295,0.8111513643743642,0.002230279956140481,0.023678344371699887,0.9431283413255281,0.033193314302772
2021-08-16,0.22602944501409125,0.7713413360213204,0.002629218964586018,0.034513446095487156,0.9324810812376146,0.03300547266689819
2021-08-17,0.07422707658306342,0.9227412636611221,0.003031659755812058,0.037769927313077406,0.929216587600388,0.03301348508653466
2021-08-18,0.027841615437995203,0.969456546116182,0.0027018384458205222,0.038773208885770453,0.9282118631358738,0.03301492797835563
2021-08-19,0.01353871526605271,0.983632348533951,0.0028289361999940935,0.03897846184675343,0.9279950589806644,0.03302647917258214
2021-08-20,0.008385255204345257,0.9867169567384934,0.004897788057158892,0.038502007172529704,0.9283309653855483,0.033167027441922084
2021-08-23,0.003590111270655202,0.9766096358625234,0.019800252866818774,0.03804584578061817,0.9279127678775853,0.034041386341796646
2021-08-24,0.0028982633667504515,0.970853359843423,0.026248376789824005,0.037531459089323156,0.9272276265682662,0.03524091434241056
2021-08-25,0.002801290871651719,0.9698294710079581,0.027369238120387586,0.03678982866626976,0.9267071724130354,0.03650299892069483
2021-08-26,0.0028042179482704968,0.9725589267043063,0.024636855347420515,0.036069839740020475,0.9263280232429933,0.03760213701698608
2021-08-27,0.0029494513585538165,0.9788975914450995,0.018152957196343817,0.03585389908153056,0.9260039592869912,0.03814214163147819
2021-08-30,0.004046742358172435,0.9896004451905525,0.006352812451272229,0.03587863917636218,0.9271189780761061,0.03700238274753165
2021-08-31,0.004360238161506158,0.9916867180866213,0.0039530437518697425,0.03594241162485208,0.9296548836346952,0.03440270474045262
2021-09-01,0.004640284070583523,0.9920057645892711,0.003353951340142577,0.03602486126526922,0.9345208791991787,0.029454259535552023
2021-09-06,0.0052066563867685725,0.99183603930464,0.0029573043085885566,0.03613089250754006,0.9415547404532995,0.022314367039160458
2021-09-07,0.005457255692583988,0.9916978027357859,0.002844941571627231,0.03620379340452192,0.9510514532936166,0.012744753301861441
2021-09-08,0.005388660889071326,0.9916954116519853,0.0029159274589407296,0.03617177201777624,0.9550414002036713,0.008786827778552489
2021-09-13,0.004075978403004786,0.9919869076738947,0.003937113923097608,0.0353119776619979,0.9563331487525258,0.008354873585476274
2021-09-14,0.003691663139160058,0.9918516351548501,0.004456701705987489,0.03350589837471191,0.9580988634421687,0.008395238183119448
2021-09-15,0.0034952064111891624,0.9915189748491976,0.004985818739610872,0.029602324175148204,0.9618834249772796,0.008514250847572201
2021-09-16,0.003330414680413111,0.990870043380375,0.005799541939209469,0.020437927125694186,0.9708693589275801,0.00869271394672565
2021-09-17,0.003106839901435569,0.9894222283084402,0.007470931790122009,0.009291796870061373,0.9817734035419362,0.00893479958800245
2021-09-20,0.004206934910966369,0.9916907262305101,0.00410233885852126,0.005790789786456511,0.9852208766704056,0.00898833354313791
2021-09-21,0.0042347154148874135,0.9920964033307861,0.003668881254324227,0.004610444785301118,0.9863528695311358,0.009036685683563096
2021-09-22,0.00399930663366949,0.9921250629782373,0.003875630388091078,0.004133474353681956,0.9867775052533502,0.009089020392967948
2021-09-23,0.0037461291564868616,0.9920031556656331,0.004250715177877992,0.003901518051289036,0.9870418151997071,0.0090566667490039
2021-09-24,0.0036426149829064496,0.991903400289463,0.004453984727628398,0.0039041432369015983,0.987806503421054,0.008289353342044378
2021-09-27,0.003584648072560502,0.9918200611993953,0.00459529072804189,0.0039384624721921,0.9888548384888527,0.007206699038955271
2021-09-28,0.003635224059592311,0.9918017847197945,0.004562991220610974,0.003980159131589131,0.9899534541744445,0.006066386693966437
2021-09-29,0.00416448109750216,0.9918661419890987,0.003969376913396726,0.004048172289050713,0.9909188149386841,0.005033012772265245
2021-09-30,0.0044468787983513065,0.990824588769353,0.0047285324322934585,0.0041230436610405884,0.9915151648048968,0.004361791534062726
2021-10-01,0.00505026421831867,0.9852689621602831,0.009680773621395928,0.0041732197540479,0.9912985906533831,0.004528189592568911
2021-10-04,0.006833202812027614,0.9566005099438727,0.03656628724409731,0.004296867986573974,0.9895442802462459,0.006158851767180293
2021-10-05,0.010327300189169629,0.8061201407102495,0.18355255910057855,0.004581218792503279,0.9802499990522946,0.015168782155202112
2022-01-06,3.0691697152509125e-06,1.2698162244889957e-10,0.999996930703301,0.0043210394316506116,0.9306581970934116,0.06502076347493786
2022-01-07,0.005217311522664931,0.08265229750458684,0.9121303909727462,0.004309042223154659,0.8852059218318514,0.1104850359449939
2022-01-10,3.032965462825227e-05,9.056894139926895e-06,0.9999606134512297,0.004041125661432504,0.835621604093959,0.16033727024460848
2022-01-11,0.0035688758732671817,0.07650131381535803,0.9199298103113727,0.0040157705349456235,0.789847324401032,0.20613690506402232
2022-01-12,4.194383132259878e-08,6.825091859134212e-14,0.9999999580560982,0.0038311894751791864,0.7402547426432929,0.255914067881528
2022-01-13,1.0346232937082813e-08,2.1188920248628508e-14,0.9999999896537437,0.003656429671931375,0.6906787939008339,0.3056647764272347
2022-01-14,3.170669042511381e-06,5.63587116492578e-14,0.9999968293308988,0.003490067471362844,0.6411352917318179,0.35537464079681924
2022-01-18,0.954939285441895,0.022989305560260066,0.022071408997842715,0.051081689748385915,0.5928136455944089,0.35610466465720525
2022-01-19,0.9959956380150032,0.003406407623302082,0.0005979543616923637,0.10067112490358787,0.5433994296640483,0.3559294454323638
2022-01-20,0.9884243665483704,0.011163512543247451,0.00041212090837982864,0.14988060746026213,0.49435278512467123,0.35576660741506666
2022-01-21,0.9337622913313395,0.060021858832698415,0.006215849835959858,0.19636875669514572,0.44774762491739417,0.3558836183874601
2022-01-24,0.17630489292121687,0.601659580665987,0.22203552641279392,0.20499669488338226,0.4282304461674118,0.3667728589492059
2022-01-25,0.028447042338037958,0.4896708457556238,0.4818821119063361,0.20623691625113885,0.4031188184407198,0.39064426530814134
2022-01-26,0.015814305050850193,0.5092411992343143,0.4749444957148332,0.20684839910005334,0.3789898753424657,0.414161725557481
2022-01-27,0.013559469594966149,0.2510303822236565,0.7354101481813751,0.207344611376822,0.34195130521765876,0.4507040834055192
2022-01-28,0.054675421648372524,0.17078489706967714,0.774539681281948,0.20987015840436551,0.3008972429716875,0.48923259862394697
2022-02-07,0.6918479505926791,0.24101707260943578,0.06713497679788323,0.24424021199408202,0.2634068671636916,0.4923529208422264
2022-02-08,0.999707281321876,0.00010903003382168699,0.00018368864430056212,0.29397306284925995,0.21414887055736842,0.4918780665933717
2022-02-09,0.9997220229487721,0.00020884202609040237,6.913502513594515e-05,0.3436175038560973,0.16632928716147918,0.4900532089824235
2022-02-14,0.4344143992217815,0.5619151364389254,0.003670464339291282,0.3648218588077279,0.15411903694791296,0.48105910424435916
2022-02-15,0.13980598589505192,0.8559005519066349,0.004293462198311398,0.3718120046439947,0.19691406453689567,0.43127393081910953
2022-02-16,0.048940968694791816,0.9450476380679214,0.006011393237284843,0.37399818750260105,0.24003383156506247,0.38596798093233636
2022-02-17,0.02837906444839297,0.952742542859001,0.018878392692604086,0.37541562424228936,0.2876705058633057,0.33691386989440497
2022-02-18,0.02026058724471361,0.862309576557466,0.11742983619781829,0.37625020981086166,0.32696091900041113,0.29678887118872715
2022-02-21,0.0033868908842981547,0.2275780837431585,0.7690350253725413,0.376419552257885,0.33833982318756567,0.2852406245545493
2022-02-22,0.00011619681295934489,0.001535554592932224,0.9983482485941064,0.37642536158122136,0.3384166009172112,0.28515803750156743
2022-02-23,3.546917585004652e-05,7.104092552386958e-06,0.9999574267315955,0.3764269765065617,0.33841695612183603,0.28515606737160226
2022-02-24,0.03316397111315239,0.5174366349097995,0.44939939397704626,0.33033821079012454,0.3631393225893131,0.3065224666205625
2022-02-25,0.17515373808301968,0.6406914035055861,0.1841548584113923,0.2892961157935252,0.39500357238342726,0.3157003118230475
2022-02-28,0.8991085819684046,0.09424748129904845,0.00664393673254508,0.2848303265645269,0.39915777082121734,0.3160119026142557
2022-03-01,0.9957556578842668,0.004059794494057226,0.00018454762167430773,0.2879299948921732,0.39635966760428526,0.31571033750354144
2022-03-02,0.9964177257474189,0.0035013859500479657,8.08883025314505e-05,0.32893563653348346,0.3664517578684882,0.30461260559802833
2022-03-03,0.9845224514594119,0.015245208059027918,0.00023234048155875299,0.3767394069895522,0.34273047598365836,0.2805301170267894
2022-03-04,0.8860761736925531,0.11231761237215732,0.001606213935288016,0.4202525004216374,0.3228842966405505,0.2568632029378121
2022-03-07,0.16201993286982522,0.8207085040742419,0.017271563055931527,0.42767552358538036,0.3513682027330798,0.2209562736815398
2022-03-08,0.026081052628962268,0.942079430290009,0.03183951708102774,0.4262458051344098,0.3899329293940964,0.18382126547149374
2022-03-09,0.006216949102556267,0.955893362965297,0.03788968793214556,0.3919642550599036,0.4256767439118896,0.18235900102820685
2022-03-10,0.003337488611913159,0.9540620959070311,0.04260041548105473,0.3421457654244054,0.4733743972055501,0.18447983737004456
2022-03-11,0.0030008049832279575,0.9482863068244114,0.048712888192359416,0.2923097045261281,0.5207782704454662,0.1869120250284057
2022-03-14,0.0032218429775816024,0.9652184626503325,0.03155969437208479,0.27075007671391804,0.5409434367560366,0.18830648653004536
2022-03-15,0.00541861602511948,0.9775992699174099,0.016982114057469293,0.2640307082204214,0.5470283726565753,0.18894091912300331
2022-03-16,0.01886309107606155,0.9702297252641914,0.01090718365974553,0.2625268143394849,0.5482874770163888,0.18918570864412632
2022-03-17,0.0990946400477161,0.8908193786495968,0.010085981302685633,0.26606259311945096,0.5451913188059186,0.18874608807463036
2022-03-18,0.5808359600089722,0.4168216961828123,0.0023423438082139842,0.29409136175766404,0.5229169247871859,0.18299171345515017
2022-03-21,0.6790186067475994,0.3195642352328757,0.001417158019523221,0.32787294755082913,0.5275162323616717,0.14461082008749918
2022-03-22,0.7917387601004106,0.20715677264188567,0.0011044672577020837,0.3674540757152017,0.5377972932641194,0.09474863102067889
2022-03-23,0.9248425922047565,0.07463233445727872,0.0005250733379630084,0.41369443186664706,0.5415285547823557,0.04477701335099719
2022-03-24,0.9730863340727984,0.026660250702409335,0.00025341522479050647,0.4606905500146295,0.5169897355719861,0.02231971441338437
2022-03-25,0.9068299815728609,0.09251048444184742,0.0006595339852898387,0.49727436218912163,0.4895806896187991,0.013144948192079233
2022-03-28,0.83135006106607,0.16766596760282126,0.0009839713311070282,0.4938864361440049,0.49325161393398786,0.01286194992200733
2022-03-29,0.803258936113123,0.19564323712315787,0.001097826763717396,0.4842616000554477,0.502830786065443,0.012907613879109485
2022-03-30,0.8434043571874028,0.15558681181368963,0.0010088309989061135,0.4766109316274468,0.5104350573586249,0.012954011013928218
2022-03-31,0.9405832589665871,0.0584805520068292,0.0009361890265822633,0.47441397200280555,0.512596824556015,0.012989203441179393
2022-04-01,0.40427418112895463,0.590600928338576,0.005124890532467688,0.45032387237462557,0.536510990354336,0.013165137271038376
2022-04-04,0.30440945404281544,0.6929747223159731,0.002615823641209742,0.45744334843327517,0.5301243012664225,0.012432350300302287
2022-04-05,0.2893804815080829,0.7086383163263836,0.0019812021655319922,0.4706083198772312,0.5184522455682413,0.010939434554527496
2022-04-06,0.2714628786789923,0.7265313683139863,0.0020057530070195515,0.4838706163560531,0.5069841458356759,0.009145237808271195
2022-04-07,0.26483217754882243,0.7325838735036597,0.002583948947516017,0.49694535080289853,0.4959102347155072,0.007144414481594255
2022-04-08,0.19071880302304214,0.8020076007281661,0.007273596248789989,0.5063312507048894,0.48859629941069493,0.005072449884415782
2022-04-12,0.05292610908687297,0.898777231621722,0.04829665929140318,0.508816464010354,0.48527423785926443,0.005909298130381702
2022-04-13,0.021678949405843438,0.7717603976190226,0.20656065297513207,0.5096294806793902,0.474982294244345,0.015388225076264856
2022-04-14,0.0014979542047430065,0.05614784671994601,0.9423541990753094,0.5087612238358242,0.4292782003171327,0.06196057584704313
2022-04-15,0.0009039400039236382,0.09186417123025421,0.9072318887658205,0.5038516888336345,0.3893304399461655,0.10681787122019995
2022-04-18,0.0010706571724713215,0.12005073435606475,0.8788786084714624,0.47486342369180945,0.3744918918548281,0.15064468445336246
2022-04-19,0.0034767775398183553,0.22517047130130974,0.7713527511588704,0.44108633223142035,0.3697722036582498,0.1891414641103299
2022-04-20,0.0014999377924820219,0.1411186278147939,0.8573814343927226,0.4015743911160239,0.36647029641689516,0.23195531246708095
2022-04-21,0.00043133549621300957,0.03267771410870042,0.9668909503950849,0.35535382828059653,0.3643725653994663,0.2802736063199371
2022-04-22,0.00049873557803554,0.03190630384305198,0.9675949605789106,0.3067244483558584,0.3646348680564984,0.3286406835876432
2022-04-26,4.725040577125198e-06,4.284793030940673e-06,0.99999099016639,0.2613831855292441,0.3600095580740576,0.3786072563966983
2022-04-27,2.3942168879993877e-05,0.0002567814003086694,0.9997192764308094,0.2198168795843845,0.35163909876393196,0.42854402165168354
2022-04-28,4.0580382488516555e-05,0.0007074962182003265,0.9992519233993093,0.17965596179785273,0.341892311718684,0.47845172648346324
2022-04-29,0.00035595294192704643,0.016198945692431545,0.9834451013656396,0.13750354158557887,0.3349229184126211,0.5275735400018
2022-05-04,7.250613105384246e-05,0.0020503359404897576,0.9978771579284547,0.09047800394380213,0.3321014076093041,0.5774205884468938
2022-05-05,0.0004510150324225267,0.028178544587863022,0.9713704403797127,0.07028684563897551,0.3039802884217685,0.625732865939256
2022-05-06,0.0004343460759368301,0.026486068634387856,0.9730795852896734,0.05508809024063155,0.2706558557376892,0.6742560540216793
2022-05-09,5.055862613999781e-05,0.001004167034608092,0.9989452743392501,0.040621594096534375,0.23527414827310028,0.7241042576303653
2022-05-12,2.8987867393177254e-06,2.191419821822513e-06,0.9999949097934367,0.027048595101921705,0.19894768942839205,0.7740037154696863
2022-05-13,3.1267220639570208e-06,1.573629677526418e-08,0.999996857541637,0.013807142560583754,0.1623184965400238,0.8238743608993924
2022-05-18,0.009209019315787348,0.7928811959435668,0.19790978474064388,0.004731653375220999,0.16186217630079383,0.8334061703239851
2022-05-19,0.009998785266161131,0.9534448032811791,0.03655641145265797,0.002585287184185403,0.1645955548837667,0.8328191579320479
2022-05-20,0.01771319786523878,0.9748010557623109,0.007485746372448617,0.0023869996071551693,0.17474758779093114,0.8228654126019137
2022-05-23,0.04233571638275037,0.954819040516618,0.0028452431006298633,0.0044288877160555415,0.21968114748076484,0.7758899648031796
2022-05-26,0.08355147147148902,0.9141508615643262,0.002297666964182981,0.008561264289433818,0.2607954819974685,0.7306432537130977
2022-05-27,0.0748320538857175,0.9225754536115862,0.002592492502694531,0.012249334125096134,0.30092171796024464,0.6868289479146592
2022-05-30,0.12446943197910736,0.8733260546342275,0.002204513386663152,0.01829896684706059,0.33332949712689064,0.6483715360260487
2022-05-31,0.1264392700339314,0.8710904867842545,0.0024702431818122567,0.024545933459133074,0.3698280900753637,0.6056259764655032
2022-06-01,0.033243735633255424,0.9633126794545068,0.0034435849122356798,0.026186553465985203,0.41635983834265416,0.5574536081913607
2022-06-02,0.012605643838981351,0.9840805181985404,0.0033138379624763036,0.026791898879032487,0.46396854906042867,0.5092395520605388
2022-06-03,0.011923122673604772,0.9855186869541752,0.0025581903722180087,0.027387818760683875,0.513244269168486,0.45936791207083016
2022-06-06,0.018026214705963592,0.9797025826385773,0.002271202655456871,0.028287932387538062,0.5622165592303995,0.4094955083820625
2022-06-07,0.006601840887556399,0.9895618150343468,0.003836344078094694,0.028615995412791452,0.6116592751712069,0.35972472941600164
2022-06-08,0.003922635815018635,0.9907542422696531,0.005323121915326174,0.028794329556446032,0.6603870400000681,0.3108186304434859
2022-06-09,0.003135258191570069,0.9893101713810665,0.0075545704273612315,0.02894746715947185,0.7097500317720971,0.2613025010684311
2022-06-10,0.003723923055144918,0.9910596343098146,0.005216442635038434,0.029111112560607964,0.7578940862581948,0.21299480118119732
2022-06-13,0.004990567690565587,0.990791709706422,0.004217722603009963,0.029338923641339408,0.8061093683117966,0.16455170804686406
2022-06-14,0.011377282499272648,0.9862187570947547,0.0024039604059702744,0.029905259834996038,0.8553700978148039,0.11472464235019995
2022-06-15,0.015523893516647463,0.9822279701858034,0.0022481362975470464,0.030681309571491452,0.9044813867531032,0.06483730367540537
2022-06-16,0.022773884007986345,0.9747034540560251,0.0025226619359863655,0.031819847435787564,0.9532165586690897,0.014963593895122739
2022-06-17,0.017099096938812446,0.9766996839351241,0.0062012191260615475,0.032214351316938825,0.9624074830686675,0.0053781656143936036
2022-06-20,0.012098796581328923,0.9540188880995942,0.03388231531907493,0.03231935188269721,0.9624361873095882,0.00524446080771445
2022-06-21,0.009970863841750385,0.7793573366773829,0.21067179948086504,0.0319322351815228,0.9526640013553419,0.015403763463135295
2022-06-22,8.37505459183103e-09,2.9775950416518206e-19,0.9999999916249438,0.029815449781138006,0.9049230493295108,0.0652615008893511
2022-06-23,4.3731089338188795e-09,6.228667046458392e-16,0.9999999956268888,0.025637876426218988,0.8592155062512945,0.11514661732248649
2022-06-24,4.259897493990892e-06,1.7705358765252338e-06,0.999993969566628,0.021896486726807808,0.8130868220975089,0.16501669117568324
2022-06-27,0.0014805169498850353,0.009168996964949118,0.9893504860851643,0.015747040975346682,0.769878969214045,0.21437398981060843
2022-06-28,0.040913166198345896,0.059868888861811125,0.8992179449398413,0.01147073578356739,0.7293178893179226,0.2592113748985099
2022-06-29,0.8202844038467321,0.0036730798528987617,0.17604251630036757,0.05082276919424131,0.6813359093378422,0.26784132146791656
2022-06-30,0.16239934439165668,0.5237956513522297,0.31380500425611185,0.05831245422187508,0.6583216659955266,0.2833658797825984
2022-07-01,0.059115597038016,0.7552533970797649,0.18563100588221731,0.06067207794009564,0.646808401501806,0.2925195205580983
2022-07-04,0.030586665034369704,0.7341692850525392,0.23524404991308934,0.06130010045651596,0.6345317366225041,0.30416816292098
2022-07-05,0.004881163521699867,0.28849138914040295,0.7066274473378955,0.061214066588223134,0.5994782153278068,0.3393077180839701
2022-07-06,0.0004662661023210757,0.01868574431111052,0.9808479895865667,0.06104124810258825,0.5508747904298795,0.38808396146753216
2022-07-07,5.2016089132735106e-05,0.0010084128507660722,0.9989395710600993,0.06088708599746638,0.5014597025033645,0.4376532114991692
2022-07-08,4.603447625143301e-05,0.0008536069390247473,0.9991003585847218,0.060703191568521706,0.4519494011348249,0.48734740729665343
2022-07-11,6.47506300055175e-06,1.5025579918214721e-05,0.9999784993570792,0.06045398693714344,0.4024105669284995,0.537135446134357
2022-07-12,0.00011236924186056312,0.004197186404074811,0.9956904443540625,0.059890741274272845,0.3533094883939655,0.5867997703317616
2022-07-13,0.0004085733225645455,0.018061486229343945,0.9815299404480895,0.05913497526456869,0.30510116419614247,0.6357638605392888
2022-07-14,0.004049306395154642,0.09269561625719408,0.9032550773476492,0.05819874638392711,0.2610007723062008,0.6808004813098721
2022-07-15,0.000236874886309195,0.0022124578287870678,0.9975506672849016,0.05735563528130195,0.2122764110008839,0.7303679537178142
2022-07-18,0.0017893780427050416,0.001814066013291823,0.9963965559440009,0.056840164354370754,0.16466616989656868,0.7784936657490605
2022-07-19,0.3053083318143732,0.4917885916241192,0.20290307656150558,0.07160703775300192,0.15028773264390546,0.7781052296030926
2022-07-20,0.8297752011134988,0.15860189515718376,0.011622903729315162,0.11309579738992422,0.15821782740176465,0.7286863752083111
2022-07-21,0.9983309303894221,0.0015187599447330819,0.00015030966584269102,0.16301234369073994,0.1582937653990013,0.6786938909102588
2022-07-22,0.9999646943213929,2.7249320013708305e-05,8.056358591124256e-06,0.213010365411935,0.15829503933820815,0.6286945952498568
2022-07-25,0.9999998096807444,1.453173494463367e-10,1.9017393596181356e-07,0.26293633004847805,0.15783658949722656,0.5792270804542953
2022-07-26,0.9999988539276409,8.751339666854618e-08,1.0585589601670649e-06,0.3108906144349429,0.15484314942980584,0.5342662361352513
2022-07-27,0.9998584214952057,0.0001260304657210626,1.554803907115325e-05,0.3198693153173667,0.15466579696044697,0.5254648877221864
2022-07-28,0.9856904403387784,0.014046763061207506,0.0002627966000117841,0.3610338701147228,0.1291783525458958,0.5097877773393814
2022-07-29,0.7393331573569013,0.2587698053611089,0.0018970372819873899,0.3950447481306672,0.10435417295996297,0.5006010789093699
2022-08-01,0.6653210960382405,0.33319300941404695,0.0014858945477101962,0.4267814696808607,0.08430535917803829,0.48891317114110094
2022-08-02,0.6077352679100468,0.39022475695662545,0.002039975133325431,0.4569241749002782,0.08939202756884944,0.45368379753087235
2022-08-03,0.6738406679770182,0.32367215344523137,0.0024871785777482594,0.4905928949940132,0.10464134802555551,0.4047657569804313
2022-08-04,0.9990086986006972,0.0009153458931948213,7.595550610613115e-05,0.5405407291195915,0.10463669467767694,0.35482257620273155
2022-08-05,0.9999988886892287,7.234895698144741e-08,1.0389618123264366e-06,0.5905383718302405,0.10459401794817354,0.3048676102215859
2022-08-08,0.9998956814233857,9.1732515789756e-05,1.2586060822380404e-05,0.6405328321482598,0.10459785329496715,0.25486931455677303
2022-08-09,0.9999942590745076,2.5892121714112878e-06,3.1517133188085604e-06,0.6905269266398923,0.104388123435372,0.20508494992473572
2022-08-10,0.9999986113038568,1.338273217462091e-07,1.2548688193732302e-06,0.740506428538957,0.10348505581527086,0.15600851564577212
2022-08-11,0.9997377088713798,0.00017278197698094888,8.9509151636986e-05,0.7902908486627683,0.09885891410126019,0.11085023723597141
2022-08-12,0.8616327412470353,0.11965087777204296,0.018716380980919625,0.8333606419808048,0.10473083509842301,0.06190852292077221
2022-08-15,0.1877902735357187,0.4130708116696185,0.39913891479466057,0.8426606867554555,0.12529367238123937,0.03204564086330513
2022-08-16,0.000902247883160716,0.0009168184732590027,0.9981809336435781,0.8274403825588948,0.10075008372369632,0.07180953371740884
2022-08-17,3.212631713239721e-05,5.902155007288663e-06,0.9999619715278578,0.7859532288190765,0.09282028407358749,0.12122648710733608
2022-08-18,0.01160134571854902,0.7573314081063314,0.231067246175117,0.7366167495855327,0.13061091648166745,0.13277233393279983
2022-08-19,0.02717284883072659,0.9425038013992704,0.03032334977000061,0.6879771573109993,0.17773474408563042,0.13428809860337032
2022-08-22,0.02883918275629909,0.9654539055935467,0.005706911650151531,0.6394191259647769,0.22600743935804202,0.13457343467718108
2022-08-23,0.017105715677876058,0.9794214356459673,0.0034728486761541073,0.5902744690522885,0.27497850676467067,0.13474702418304077
2022-08-24,0.007306287044797875,0.9844211701871303,0.008272542768069255,0.5406468623297681,0.32419326375074126,0.13515987391949072
2022-08-25,0.009531648991440303,0.9685755379054726,0.021892813103084774,0.4918389227624011,0.3719197024929546,0.13624137474464434
2022-08-26,0.039528776501020726,0.9138227999215099,0.04664842357746685,0.45684870371960695,0.40467235222097464,0.13847894405941832
2022-08-29,0.23194972690563645,0.7534168813171833,0.014633391777177589,0.43518013526297666,0.42568354581613155,0.13913631892089168
2022-08-30,0.9700867137201143,0.02921381890045361,0.0006994673794291978,0.4532977075534802,0.407632998913323,0.1390692935331969
2022-08-31,0.9992810642302393,0.000615760394034403,0.00010317537572351125,0.4695697273661413,0.3914801792607631,0.13895009337309566
2022-09-05,0.5712457765544261,0.4258970233632201,0.002857200082351044,0.4481815812638276,0.4127292631342644,0.1390891556019079
2022-09-06,0.23779106556736312,0.757588417559593,0.004620516873041085,0.4100711901077343,0.45060868039479635,0.13932012949746936
2022-09-07,0.18551206493886566,0.8120864377788968,0.002401497282235091,0.3693520092835082,0.4912084156579518,0.13943957505853996
2022-09-08,0.1214522965432379,0.8763276559092135,0.0022200475475458712,0.32542491115694455,0.535024668992804,0.13955041985025135
2022-09-09,0.07181655078789315,0.925840261326907,0.0023431878851970056,0.27901580813114635,0.5813166753677834,0.1396675165010702
2022-09-12,0.026888121353118296,0.969416544060359,0.0036953345865196625,0.23037332875523314,0.6297788634719524,0.13984780777281433
2022-09-13,0.011105858098919293,0.9780376458108487,0.010856496090228812,0.18784698459782723,0.6726982018738928,0.13945481352827982
2022-09-14,0.005074809457025156,0.9407625962172185,0.05416259432575288,0.17871121139389257,0.699082791101273,0.12220599750483443
2022-09-15,0.004266561994660799,0.9767513663918898,0.018982071613445943,0.17887942709946755,0.7478745184972047,0.07324605440332768
2022-09-16,0.005608264940558823,0.9816834092550952,0.012708325804342523,0.1791582340306389,0.7969583938522093,0.023883372117151785
2022-09-19,0.003290260824367036,0.9580062143313339,0.0387035248442954,0.17874267978592984,0.8069921341634595,0.014265186050610678
2022-09-20,0.0028770453216299488,0.9563953741931981,0.04072758048516832,0.177527889610475,0.807686712803156,0.014785397586369068
2022-09-21,0.0028370009649900454,0.9611297399842893,0.03603325905071702,0.17622778052090954,0.8074705045226931,0.016301714956397345
2022-09-22,0.002988589930424727,0.974803486034776,0.022207924034795545,0.17552192423353702,0.8072396070421336,0.017238468724329426
2022-09-23,0.004062676788334703,0.9871887231952509,0.008748600016410646,0.17535974372071383,0.8073779846925397,0.01726227158674649
2022-09-26,0.007724533913385218,0.988438288662909,0.0038371774237020316,0.17526938796681107,0.8083711222304115,0.01635948980277735
2022-09-27,0.004494455777309051,0.9879274551321169,0.00757808909057063,0.17351767193062548,0.812076354990942,0.014405973078432536
2022-09-28,0.00530910066685408,0.9778773647200294,0.0168135346131131,0.16218564061868637,0.8232993791610843,0.014514980220229312
2022-09-29,0.011580473794170485,0.9322555826532714,0.056163943552554677,0.114260328622389,0.8684514673487254,0.017288204028885593
2022-09-30,0.050993381620547416,0.921228202917521,0.0277784154619279,0.06684594449190429,0.9144820894748998,0.018671966033195823
2022-10-03,0.3050156147664637,0.6881325157584104,0.0068518694751220485,0.05353443640250611,0.9275938640946596,0.018871699502834374
2022-10-04,0.8303530494848035,0.1681935595245284,0.0014533909906644994,0.08316253559837823,0.8981241211929063,0.018713343208715545
2022-10-05,0.9896578532945026,0.009992361983398155,0.00034978472209547777,0.12336982501616024,0.8580194174031313,0.018610757580708563
2022-10-06,0.7274341954837095,0.27063773832756105,0.0019280661887256306,0.1536689199631839,0.8277349215240485,0.01859615851276755
2022-10-07,0.33429874659298253,0.662063000301418,0.003638253105595726,0.16679302975343846,0.8145460584727742,0.01866091177378749
2022-10-10,0.1917352095083216,0.8041713136511126,0.0040934768405620076,0.17503538416119865,0.8062837969523118,0.01868081888648961
2022-10-11,0.10696902993079639,0.8791902832018126,0.013840686867387236,0.17982854275279253,0.8013414288218599,0.01883002842534753
2022-10-12,0.021348804104036657,0.8829067735723407,0.0957444223236188,0.1806422424851431,0.7984486376896159,0.020909119825240834
2022-10-13,0.010144155795049348,0.7730080880774903,0.2168477561274566,0.18093612217516256,0.7882614737738961,0.03080240405094141
2022-10-14,0.003209919868975124,0.2873085001993896,0.7094815799316316,0.18081620492158337,0.7535427283211107,0.065641066757306
2022-10-17,0.00025065754080010137,0.00697873812258998,0.992770604336606,0.180664224757405,0.7059913545106733,0.11334442073192169
2022-10-20,5.166606161144036e-09,6.209634272034383e-16,0.9999999948333893,0.18052037274965382,0.6581715858010132,0.16130804144933295
2022-10-21,2.709334187987064e-08,8.641282218308061e-13,0.9999999729057901,0.18037852405607144,0.6101150988018419,0.20950637714208675
2022-10-24,1.3850352523418058e-05,4.4154299114380176e-06,0.9999817342175611,0.18022978707717638,0.5613751452715984,0.2583950676512253
2022-10-25,0.004105714623562193,0.5423525580267249,0.45354172734970893,0.18023193896893774,0.539133337013172,0.28063472401789025
2022-10-26,0.004594553162498164,0.8358369198551119,0.15956852698238572,0.18007543993139336,0.5315032685727822,0.28842129149582446
2022-10-27,0.0034247077679831145,0.9111410656680272,0.08543422656398564,0.18002195253092707,0.5276639490995777,0.29231409836949523
2022-10-28,0.0034979806032084445,0.9373506519805378,0.0591513674162495,0.17993139652774479,0.5256376134626031,0.29443099000965206
2022-10-31,0.006736040793375699,0.9573633907978932,0.035900568408726935,0.17968917487770508,0.5268930038698342,0.2934178212524607
2022-11-01,0.02919730384758511,0.9548722300408987,0.01593046611151209,0.17859937098905698,0.5285752052260031,0.2928254237849399
2022-11-03,0.16741230177113903,0.8287879409325355,0.00379975729632143,0.17171920533929072,0.5356079764847094,0.2926728181759999
2022-11-04,0.26165313946586144,0.7356363490552249,0.0027105114789095263,0.14328420983834353,0.5639801159612443,0.29273567420041213
2022-11-07,0.1634810898698919,0.8341437718817388,0.0023751382483651823,0.10197537166711279,0.6051876864561616,0.2928369418767256
2022-11-08,0.09914604503393745,0.8981604058862764,0.002693549079782147,0.07056096414462407,0.6365638198340976,0.2928752160212784
2022-11-09,0.03376920182417226,0.9599662873538413,0.006264510821982591,0.0555344869061835,0.6514589841867187,0.2930065289070978
2022-11-14,0.040532461975586936,0.9540268071126321,0.0054407309117770804,0.047974349529546725,0.6589517588597946,0.2930738916106585
2022-11-15,0.03514636905866983,0.9416970146135597,0.023156616327766767,0.04438321648594039,0.6620770954303821,0.29353968808367753
2022-11-17,0.11035797067343492,0.8847716082281712,0.004870421098390149,0.04883367481441031,0.6621703371631736,0.288995988022416
2022-11-18,0.10339130850712402,0.8941832802266616,0.002425411266210679,0.053496032450014074,0.6682290967706321,0.2782748707793537
2022-11-21,0.06708709870982829,0.9307440989183464,0.0021688023718215085,0.056689891392056754,0.7004008767065802,0.24290923190136307
2022-11-22,0.037646426022041844,0.9601006486840721,0.0022529252938821827,0.058559679816118836,0.7480569722346544,0.19338334794922668
2022-11-23,0.012953143042219261,0.9837871180860513,0.0032597388717258606,0.05920733670989949,0.7972463281389571,0.14354633515114332
2022-11-24,0.011409018908523352,0.9861316811159676,0.002459299975505534,0.059777786300658574,0.8465529121947126,0.09366930150462889
2022-11-25,0.012401169424683446,0.9850529987182544,0.002545831857058536,0.06039715225426656,0.8958053413591298,0.043797506386603575
2022-11-28,0.019145728562433312,0.9773372674792299,0.00351700395833313,0.061149152951210116,0.9175545768317551,0.021296270217034688
2022-11-29,0.06606512605428207,0.930664316966059,0.003270556979654889,0.06422268159579933,0.9222959466873025,0.013481371716898121
2022-11-30,0.23036433615588606,0.7666756420775647,0.0029600217665450286,0.07556966301519454,0.9150726755077795,0.009357661477026075
2022-12-01,0.5559461206038989,0.4418005441247051,0.0022533352713918478,0.10319207001522916,0.8902951701149876,0.0065127598697831785
2022-12-02,0.9031437274978705,0.09606668813513998,0.000789584366985397,0.14801245435045407,0.8472303349818499,0.004757210667696097
2022-12-05,0.9975665400073634,0.002361281578913711,7.217841371866315e-05,0.1964309161584432,0.7996047875587504,0.0039642962828064215
2022-12-06,0.9998308229461296,0.00015311364605059783,1.606340781586562e-05,0.23805184221719286,0.758173046194426,0.003775111588381143
2022-12-07,0.9998730632501326,0.00011288189458196965,1.4054855281546103e-05,0.27496283840640656,0.7213968728363936,0.0036402887571997436
2022-12-08,0.9980747870508075,0.0018684406730568922,5.677227613175608e-05,0.3166925232654525,0.6797831062759594,0.003524370458588072
2022-12-09,0.9949550849927352,0.004941859298927074,0.00010305570833409668,0.36148297526339257,0.6351221789465917,0.0033948457900156684
2022-12-12,0.9957611282654165,0.004147095945598432,9.177578898130674e-05,0.40958257158545497,0.5873312193761795,0.0030862090383656027
2022-12-13,0.999864083135545,0.00011802925513345742,1.7887609317829296e-05,0.457549152643453,0.5396357804833043,0.0028150668732426394
2022-12-14,0.955730535805298,0.04373204675059491,0.000537417444103672,0.5035783609807847,0.49473753209015586,0.00168410692905948
2022-12-15,0.8236364220403555,0.1729527543630026,0.0034108235966386156,0.5392422835491307,0.4591465893968973,0.001611127053971903
2022-12-16,0.7205459944730095,0.2561291561821672,0.023324849344820167,0.570100017847425,0.4272438831946725,0.002656098957902382
2022-12-19,0.16795895166493346,0.47749206718825793,0.35454898114680533,0.5751436104951805,0.404581281608168,0.02027510789665164
2022-12-20,0.0013349625924850735,0.00295956013661436,0.9957054772708974,0.5733280373237025,0.3567242271807949,0.06994773549550258
2022-12-21,9.171689772890439e-05,0.0014479670886628107,0.9984603160136052,0.572684966016478,0.3076072696309252,0.11970776435259674
2022-12-22,0.00023650669682767216,0.012190929782463812,0.9875725635207053,0.5721263404058933,0.2589102320642499,0.1689634275298569
2022-12-23,0.0003718347551532308,0.01788127172836232,0.9817468935164813,0.5715248736724167,0.21055164571475513,0.21792348061282824
2022-12-26,0.0033616961475024937,0.2637579823264101,0.7328803215260842,0.5707356720516701,0.17487268145711396,0.2543916464912159
2022-12-27,0.019366745530834787,0.848204338965599,0.13242891550356306,0.5684007530254978,0.170749682557091,0.2608495644174113
2022-12-28,0.031764877805759414,0.9239940462624964,0.04424107593174123,0.5584707801079913,0.17861560276633756,0.26291361712567113
2022-12-29,0.13057832395611113,0.856306897368417,0.013114778675469086,0.5372023902756018,0.1993409204285232,0.2634566892958749
2022-12-30,0.5402181385230735,0.45712477405237323,0.0026570874245502923,0.519056110826862,0.21739382472438493,0.2635500644487532
2023-01-03,0.6494400659520122,0.34901057331947627,0.0015493607285086066,0.5016497871240942,0.23472628931141307,0.26362392356449266
2023-01-04,0.7670246801408681,0.23150957716544823,0.001465742693680695,0.49000947998383104,0.246294112487383,0.2636964075287859
2023-01-05,0.5675827592454448,0.42883207635084253,0.0035851644037098495,0.46839496478359655,0.26773007221019607,0.2638749630062073
2023-01-06,0.16679929557462408,0.810952359262261,0.022248345163112145,0.42683119020978727,0.3081842681396564,0.26498454165055635
2023-01-09,0.12796471536373133,0.8656572063242995,0.006378078311966253,0.38348167172833686,0.3512200354909252,0.26529829278073797
2023-01-10,0.18369682974259205,0.813129546273757,0.003173623983648152,0.3428784568021956,0.3916691580073332,0.26545238519047126
2023-01-11,0.18516209157420838,0.8084645938285946,0.00637331459719422,0.3021433572241286,0.4320864862360064,0.2657701565398651
2023-01-12,0.4160000485216968,0.5800985177947774,0.0039014336835230144,0.27515683285994846,0.4589048097882156,0.265938357351836
2023-01-13,0.9918523556523674,0.007893505787311617,0.00025413856031813585,0.2835676295405491,0.45065184735943087,0.26578052310002
2023-01-16,0.998931341918698,0.0010271933663374864,4.146471496154272e-05,0.2974868969128335,0.43789674921863947,0.264616353868527
2023-01-17,0.9900588937275793,0.009769471667160318,0.00017163460525752427,0.33859189401596596,0.41451061944258444,0.2468974865414496
2023-01-18,0.906588235311373,0.09218726412312324,0.0012245005655010448,0.38385455765191046,0.41897200464191,0.19717343770617962
2023-01-19,0.8193514882879934,0.17342668649171442,0.007221825220289197,0.4248175462214238,0.42757094061206247,0.14761151316651366
2023-01-27,0.1314121008984117,0.7217868248057653,0.14680107429581993,0.431376325931503,0.4630507353632278,0.10557293870526928
2023-01-30,0.02774999813559211,0.7344579312212799,0.2377920706431249,0.432745234100525,0.49887956833787367,0.06837519756160135
2023-01-31,0.009036476799488323,0.5372119447163978,0.45375157848411074,0.4330289731331243,0.5125522664573732,0.054418760409502644
2023-02-06,7.673588139995023e-05,0.00021554547137337434,0.9997077186472234,0.4320644726506525,0.47015282678266174,0.0977827005666858
2023-02-07,1.1189193688903025e-06,1.6292585459279438e-07,0.9999987181547731,0.430476284706333,0.42395313261582945,0.1455705826778375
2023-02-08,4.685874228302068e-08,6.702853619430445e-12,0.9999999531345514,0.42394737085146456,0.3811377877477437,0.1949148414007918
2023-02-09,2.5249074262357766e-07,1.979327239226671e-09,0.9999997455299265,0.396936476549848,0.3582815491440913,0.24478197430606077
2023-02-10,3.774723219423992e-05,0.0006352260042443643,0.9993270267635578,0.36446636061385695,0.3408627817783297,0.29467085760781336
2023-02-13,0.0001840732953739177,0.007120814105662155,0.9926951125989604,0.3261243302715821,0.3296433436253403,0.3442323261030775
2023-02-14,2.3429643572103018e-05,0.00023951985060419802,0.9997370505058202,0.2977463637914884,0.30821371580032836,0.3940399204081832
2023-02-15,5.240420933732805e-05,0.0011361020013745187,0.9988114937892847,0.2894090192232241,0.26772290293728396,0.442868077839492
2023-02-16,0.00037172967112536774,0.016731884370578938,0.9828963859582922,0.28302936993859373,0.22527663683959773,0.49169399322180846
2023-02-17,4.4426040318257276e-05,0.0007967073691478658,0.9991588665905302,0.27384674975348006,0.18465999489436719,0.5414932553521528
2023-02-20,7.182128812162824e-07,4.517641949615091e-08,0.9999992366106956,0.2645886810854137,0.14423676746175831,0.591174551452828
2023-02-21,4.563988290589846e-05,0.0005973925548324716,0.9993569675622579,0.24379096065347405,0.115261711199761,0.6409473281467649
2023-02-22,0.0013215008260679321,0.0596826369626642,0.9389958622112643,0.19426441791215893,0.11785116775852861,0.6878844143293125
2023-02-23,0.0003250314558582106,0.019446658227360525,0.9802283103167775,0.14433410238901676,0.1187721410015798,0.7368937566094034
2023-02-24,0.0002084325458314403,0.009538300898092426,0.9902532665560723,0.09484157932992923,0.1187605824631264,0.7863978382069443
2023-02-27,0.0014322251193969906,0.1537570378015402,0.8448107370790591,0.049583778820330285,0.12183907114704727,0.8285771500326226
2023-02-28,0.00310811312766793,0.418282964966684,0.5786089219056442,0.008771610062313867,0.1340818850707958,0.8571465048668904
2023-03-01,0.007047889348725477,0.7540402822053806,0.23891182844589015,0.0025533994848295338,0.1356945579407766,0.8617520425743939
2023-03-02,0.023092926389117814,0.9065444150913399,0.07036265851953873,0.002320545897505818,0.14429888213427963,0.8533805719682146
2023-03-03,0.10805338158009117,0.8811475967712874,0.01079902164861811,0.007271391136535977,0.16149566473702415,0.8312329441264399
2023-03-06,0.11849417988665528,0.8774657524480801,0.004040067665261353,0.013192263336798765,0.20535817508585963,0.7814495615773416
2023-03-07,0.12225418417414748,0.86970019916012,0.00804561666572934,0.019304916599537716,0.24884317689757307,0.7318519065028892
2023-03-08,0.05379592836604769,0.8989997757441306,0.0472042958898186,0.021994710674903,0.29379316568444463,0.6842121236406524
2023-03-09,0.07332839271913914,0.9165610886779041,0.010110518602953941,0.025661117686322833,0.3396212200193736,0.6347176622943035
2023-03-10,0.10300361668592826,0.8862448316377737,0.010751551676295008,0.030809411159009557,0.38390170030105025,0.5852888885399403
2023-03-13,0.38477300163694744,0.6122310118739921,0.0029959864890573814,0.05003885757608831,0.4141572101894669,0.5358039322344449
2023-03-14,0.5639194422415825,0.43380162369344977,0.0022789340649647534,0.0782336582059889,0.43583531538160913,0.48593102641240193
2023-03-15,0.8892697241097084,0.10994899736583028,0.0007812785244584168,0.12269452420100761,0.4412759601498319,0.4360295156491604
2023-03-16,0.9383615963431421,0.061182118893840925,0.0004562847630139822,0.16959401753460862,0.443498471875995,0.3869075105893963
2023-03-17,0.9763352683711641,0.023385143055993617,0.00027958857283927335,0.21840855965115108,0.44462789366033734,0.33696354668851164
2023-03-20,0.8385933360688921,0.1601496131436518,0.0012570507874531927,0.2603381905439518,0.4526353720586989,0.28702643739734934
2023-03-21,0.7992754361689575,0.19926238300977583,0.0014621808212639115,0.30029968035825444,0.4625686215814462,0.23713169806029943
2023-04-12,0.8780825405472372,0.12112460090475523,0.0007928585480044218,0.3441377323443131,0.4656407197785507,0.19022154787713633
2023-04-13,0.9641860078975195,0.0354789280397917,0.00033506406268553454,0.39233078116639625,0.4664423332691722,0.14122688556443153
2023-04-14,0.9602867922168318,0.038805745974474136,0.0009074618086911466,0.4403346991499464,0.46790570552299127,0.09175959532706232
2023-04-17,0.16876036456538623,0.812372164815562,0.01886747061904881,0.4487011061222459,0.5008364618736925,0.05046243200406167
2023-04-18,0.027491141463003504,0.9412268678743915,0.03128199066260179,0.44992025753901266,0.5269836570190779,0.02309608544190946
2023-04-19,0.006817491596871218,0.9536178472777913,0.03956466112533426,0.44990873765141987,0.5369625352726984,0.013128727075881632
2023-04-20,0.004668617643503379,0.9423445081619448,0.05298687419454862,0.4489875222141392,0.5387525399262287,0.012259937859632123
2023-04-21,0.010653313728964553,0.9345152561373448,0.054831430133687346,0.44411751882158285,0.5414209228945316,0.014461558283885593
2023-04-24,0.05325892768085655,0.9237040086013963,0.023037063717743916,0.44085575621129286,0.5437328357021974,0.015411408086509726
2023-04-25,0.3064912693565286,0.6872712778072606,0.006237452836207355,0.45006761047041194,0.5346113896345545,0.015320999895033624
2023-04-26,0.16785321626852187,0.8292319480519261,0.002914835679548711,0.4557704748655357,0.5311229982499441,0.013106526884520126
2023-04-27,0.06795083956355578,0.9293399395681379,0.0027092208683030016,0.4555015972077565,0.5317619407944559,0.012736461997787574
2023-04-28,0.03646865205741534,0.9611722853149574,0.002359062627623737,0.45217484897633087,0.5355083134783152,0.01231683754535401
2023-05-04,0.023984628945181104,0.9733845918749844,0.0026307791798309108,0.43413543034174246,0.5535659924783647,0.012298577179892687
2023-05-05,0.009427288488095466,0.9841084676723335,0.006464243839567419,0.40641082265406814,0.581081334677309,0.012507842668622822
2023-05-08,0.006249554316187047,0.9702194539657082,0.023530991718101402,0.36225981416439196,0.6240948575073031,0.013645328328304975
2023-05-09,0.00375779525757713,0.8782115447125881,0.1180306600298314,0.31552962411011354,0.6649463287982407,0.019524047091645867
2023-05-10,0.0037064574010773413,0.7686797737742369,0.2276137688246823,0.266898183561609,0.7022110603341529,0.030890756104238054
2023-05-11,0.002848261268632837,0.5460423699923608,0.4511093687390032,0.22511092982159592,0.7215056981765885,0.05338337200181563
2023-05-12,0.0030037259353804255,0.47998985092096724,0.5170064231436491,0.18529734430991693,0.735542071572148,0.07916058411793497
2023-05-15,0.0037627867816879077,0.7282903140943213,0.2679468991239876,0.1415813566216394,0.7659003572316265,0.0925182861467342
2023-05-16,0.003541783469884565,0.8069533334177836,0.18950488311232838,0.09354914540025744,0.8044740775005261,0.10197677709921635
2023-05-17,0.005653326076044621,0.9584452568618197,0.035901417062132346,0.04581747209321793,0.8504560530448937,0.10372647486188843
2023-05-18,0.005669364046239068,0.9857706895273934,0.008559946426363917,0.03766292206726054,0.8591259792804853,0.10321109865225418
2023-05-19,0.006855219901246317,0.989655643018743,0.0034891370800073022,0.03663112598917268,0.861547418037703,0.10182145597312446
2023-05-22,0.0043293074323541856,0.9912702572131324,0.0044004353545096745,0.03650671678094683,0.86343003853447,0.1000632446845832
2023-05-23,0.0037820097608225844,0.9903292282965832,0.005888761942590707,0.03646238638681279,0.865829274541202,0.0977083390719853
2023-05-24,0.0048379996774745105,0.9864838596359072,0.008678140686614828,0.03617162068423828,0.8684277047161301,0.09540067459963167
2023-05-25,0.003630399676969773,0.9623676770194196,0.0340019233036073,0.033690194284043934,0.8703608881370312,0.09594891757892483
2023-05-26,0.003147831809667061,0.8931669708125024,0.10368519737782714,0.018523022406700812,0.8806556727872933,0.10082130480600586
2023-05-29,0.0029444347795798778,0.8728650594281159,0.12419050579230087,0.010277583332253683,0.8828373283561027,0.10688508831164349
2023-05-30,0.002897826911832342,0.8874903078541864,0.10961186523397766,0.0070249326996674995,0.8807448467704053,0.11223022052992726
2023-05-31,0.003018226478471445,0.9206555554253727,0.0763262180961523,0.0053524114207203,0.878719010275926,0.1159285783033537
2023-06-01,0.003886341023393176,0.9514341573608908,0.04467950161571261,0.004347497024630898,0.8776214885502213,0.11803101442514775
2023-06-02,0.009878584266960247,0.9820569502802534,0.008064465452782872,0.004370061813574138,0.8775189126806173,0.11811102550580854
2023-06-05,0.007027794747034144,0.9881344049932651,0.004837800259697299,0.0044089738351164925,0.8784146602319951,0.11717636593288833
2023-06-06,0.013151220332329024,0.982635724732585,0.004213054935082656,0.004878645088854089,0.883635869232995,0.11148548567815089
2023-06-07,0.01117291403110237,0.9730624469395306,0.015764639029363623,0.005251967920355343,0.8938550028912597,0.10089302918838491
2023-06-08,0.008746361657000453,0.8925066032237986,0.09874703511919745,0.005546872939773723,0.9111782145528317,0.08327491250739456
2023-06-09,0.004003329509348601,0.48001180216086675,0.5159848683297813,0.005596853118472132,0.9111793121148266,0.08322383476670116
2023-06-12,0.0016949865570522933,0.15526734787622867,0.8430376655667156,0.005493463107240353,0.882528163803922,0.1119783730888377
2023-06-13,6.444977263275116e-05,0.0007108095109051831,0.9992247407164586,0.005319596422377761,0.8422160376085779,0.15246436596904436
2023-06-14,1.5403377245044134e-05,0.00010099521267450904,0.999883601410077,0.005037700287437781,0.7942988245261206,0.20066347518644173
2023-06-15,4.9105707256082406e-05,0.0009855461196832099,0.9989653481730574,0.00475668737048863,0.7450595673557348,0.2501837452737766
2023-06-16,0.0005151345981046385,0.043817803071168726,0.9556670623307233,0.004439683105331545,0.6977676753583559,0.2977926415363126
2023-06-19,0.001218270113206983,0.1353796812822553,0.8634020486045344,0.0042841312393741855,0.6549731465618118,0.3407427221988139
2023-06-20,0.0012946099167256346,0.16140305447446252,0.8373023356088085,0.004159761247169338,0.6135268378707057,0.38231340088212495
2023-06-21,0.0008838658245385357,0.12436821345514432,0.8747479207203137,0.003962054554522537,0.5704210555616674,0.42561688988381
2023-06-22,0.0008742740774535965,0.11870400762638239,0.8804217182961608,0.003824248274546729,0.5282378720920154,0.46793787963343786
2023-06-23,0.0009061864496553347,0.10888356083968789,0.8902102527106533,0.003712166006546142,0.4890237015933746,0.5072641324000793
2023-06-26,0.0020857492869096063,0.2981774836324106,0.6997367670806762,0.0036692317319126275,0.46028932280358925,0.5360414454644982
2023-06-27,0.003264824710624224,0.5639048107604079,0.43283036452896445,0.0036875816218522226,0.44411004794890024,0.5522023704292476
2023-06-28,0.004499278802019908,0.7382098504279759,0.25729087077000073,0.0037616342380296453,0.4349877626990304,0.5612506030629401
2023-06-29,0.004350840327748322,0.7375332094528202,0.2581159502194281,0.0037848592032474026,0.4242927153036268,0.5719224254931258
2023-06-30,0.008228809512556688,0.6362196851304794,0.3555515053569604,0.003702370465527224,0.40700085204613795,0.5892967774883348
2023-07-03,9.47855744898909e-05,0.00032019345778471414,0.9995850209677222,0.0033557200069000105,0.3576101414693639,0.6390341385237361
2023-07-04,6.221680859590184e-05,0.0013606802861171666,0.9985771029052839,0.0027012698307133523,0.30854638924704025,0.6887523409222464
2023-07-05,6.936977002792609e-05,0.0017186734420092174,0.9982119567879596,0.002146092617659628,0.25997920057216406,0.7378747068101763
2023-07-06,7.178762871483984e-07,2.2844478376533643e-08,0.9999992592792312,0.0017088104286239613,0.21535387155319788,0.7829373180181781
2023-07-07,0.0005409242894387576,0.0035629945855484443,0.9958960811250094,0.0015356901676284688,0.19153143117443186,0.8069328786579396
2023-07-10,0.053247215803026084,0.6880848643980704,0.25866791979889986,0.0041133016299271675,0.21817230700052406,0.7777143913695487
2023-07-11,0.20659336182676005,0.7510859829119251,0.04232065526131095,0.014439747232633566,0.25569106567057515,0.7298691870967913
2023-07-12,0.5000142870724346,0.49237678897493237,0.007608923952629371,0.03943969141739313,0.28030485535868815,0.6802554532239187
2023-07-13,0.9998388535806502,0.00010631102827140353,5.483539107435503e-05,0.089429178811063,0.2802608936041176,0.6303099275848194
2023-07-14,0.989550774530326,0.010232203697878174,0.00021702177179185235,0.13888096080767423,0.27858161363545303,0.5825374255568727
2023-07-17,0.7734216219161698,0.2248389592013159,0.0017394188825102525,0.17749112839782255,0.2830545775314061,0.5394542940707713
2023-07-18,0.3069259798411586,0.6887751106882445,0.0042989094705933,0.19277269689404422,0.3094231803420953,0.4978041227638604
2023-07-19,0.19216699692898098,0.805264246645497,0.002568756425518403,0.2023368534492664,0.3434679820016131,0.45419516454912057
2023-07-20,0.07671183816940476,0.9206489010061017,0.0026392608244896277,0.20612873165386394,0.3835652266705992,0.41030604167553686
2023-07-21,0.03252559907849091,0.9649997069114881,0.0024746940100174057,0.20770970228530578,0.4263710339741893,0.3659192637405049
2023-07-24,0.012754911797951157,0.9841907450134394,0.0030543431886059184,0.20824316041085783,0.4606716970432409,0.3310851425459012
2023-07-25,0.005075518858543538,0.9890350361807956,0.005889444960657192,0.2083336951182538,0.48192820831426036,0.3097380965674858
2023-07-26,0.003129959173058547,0.9848028894564447,0.012067151370493008,0.20826522913680576,0.49425786026568386,0.29747691059751036
2023-07-27,0.002930772363054516,0.9834555626995317,0.013613664937410112,0.20819422573857108,0.5065539779280196,0.2852517963334094
2023-07-28,0.003351501895718233,0.983578627405753,0.013069870698525403,0.20795036035772915,0.5239219250417831,0.2681277146004877
2023-07-31,0.006415818383396635,0.9830281362982759,0.010556045318324318,0.20826641199817447,0.573057322183808,0.21867626581801752
2023-08-01,0.018141160293537864,0.9583523995166567,0.023506440189802358,0.2091703591724216,0.6209069081453351,0.1699227326822433
2023-08-02,0.010064724234734139,0.8378461765260774,0.15208909923918557,0.20967012689565684,0.6627132832995386,0.12761658980480445
2023-08-03,0.003336506011858841,0.31015990735244164,0.6865035866356967,0.20983691630243545,0.6782212775249369,0.11194180617262767
2023-08-04,0.0005183472632712661,0.025784305504145018,0.973697347232581,0.20983578745112705,0.6793323430708668,0.11083186947800625
2023-08-07,9.935910133059026e-05,0.003226907074501409,0.9966737338241651,0.2071783946160423,0.6450894452046881,0.14773216017926963
2023-08-08,3.1586517874971624e-05,0.00046485183234390556,0.9995035616497785,0.196850305850598,0.6075583886507089,0.19559130549869316
2023-08-09,0.00019175512329402408,0.0101952932262214,0.9896129516504819,0.17185917925314084,0.5834493138632733,0.2446915068835859
2023-08-10,0.000816113762746444,0.08075341467368416,0.9184304715635667,0.12190804226224551,0.5874816690455438,0.2906102886922107
2023-08-11,0.0015481218281790015,0.15858991013347656,0.8398619680383417,0.07250790962713798,0.5948995543673238,0.33259253600553834
2023-08-14,0.0018389958918356474,0.14790217617253193,0.8502588279356298,0.033928778325921144,0.5910527152158845,0.37501850645819446
2023-08-15,0.00020357472472918783,0.007209232111194687,0.9925871931640734,0.018592658070099622,0.5569744212870319,0.4244329206428685
2023-08-16,9.774629844735528e-07,9.37419891103221e-08,0.9999989287950236,0.008984357096799764,0.5167112136418562,0.4743044292613439
2023-08-17,1.7752148283348655e-06,6.424653486212728e-07,0.9999975823198203,0.005148853949070931,0.47067880071481843,0.5241723453361106
2023-08-18,3.927598289257049e-06,4.946866137799715e-06,0.9999911255355701,0.003522770375060843,0.42242906271255076,0.5740481669123884
2023-08-21,1.5419399251032465e-07,3.7953911468922173e-10,0.9999998454264655,0.00288503249486291,0.37321952548085563,0.6238954420242815
2023-08-22,5.328883257763576e-05,0.00012143475486944252,0.9998252764125501,0.002633920993564614,0.32377384540955917,0.6735922335968763
2023-08-23,0.005241060552224322,0.66254944899056,0.3322094904572127,0.002739476062522903,0.3076611733862648,0.6895993505512122
2023-08-24,0.004741324735321722,0.8946857447155498,0.10057293054912585,0.0028300036811362635,0.30322268248706574,0.693947313831798
2023-08-25,0.004055202486992546,0.9535544365320878,0.0423903609809172,0.0028651887106999783,0.3017214729433824,0.6954133383459176
2023-08-28,0.005934734830936284,0.9647366785876542,0.029328586581407252,0.0028411345330769614,0.3008069000578514,0.6963519654090716
2023-08-29,0.006701145445908445,0.9198562108268125,0.07344264372727695,0.0022691337906954883,0.29888209062335913,0.6988487755859454
2023-08-30,0.014065788264068575,0.7304333621281881,0.2555008496077412,0.0024691869921622104,0.2935114499034646,0.7040193631043732
2023-08-31,0.05401841539526379,0.7641001300195363,0.181881454585198,0.005003282461332464,0.31620846103681943,0.6787882565018482
2023-09-05,0.3527901465774606,0.6270833909467187,0.02012646247581852,0.022616872427041978,0.3462734153089482,0.6311097122640099
2023-09-06,0.5439309146457358,0.45244760547417945,0.00362147988008245,0.04980845020426231,0.3687344502289322,0.5814570995668056
2023-09-07,0.49466414153961613,0.5033148369308607,0.0020210215295209943,0.07454007795534943,0.393876949483858,0.5315829725607926
2023-09-12,0.3274679862252547,0.6701447391027382,0.0023872746720048736,0.09090388951044749,0.4268744217776839,0.48222168871186855
2023-09-13,0.1627754144507418,0.833791467750275,0.0034331177989810045,0.09900185454484728,0.46452632443151354,0.4364718210236392
2023-09-14,0.07583693299317922,0.9151154191505444,0.009047647856273888,0.10271629510309731,0.502352599882367,0.3949311050145356
2023-09-15,0.02026609567563779,0.9265427236968306,0.05319118062752927,0.10363765009228738,0.5412846272585821,0.35507772264913057
2023-09-18,0.008374277993823639,0.7737162689214621,0.21790945308471202,0.10404618525574212,0.5796099790990955,0.3163438356451624
2023-09-19,0.0033061542087060047,0.3200723434146317,0.67662150237666,0.10421144409302821,0.5956135915827278,0.3001749643242441
2023-09-20,0.0002912954528651853,0.008803453232517341,0.9909052513146152,0.10422592010493004,0.5960537321210861,0.2997203477739839
2023-09-21,3.11283551386698e-12,3.2538462749826364e-32,0.999999999996885,0.10422572372517123,0.5960534847777792,0.2997207914970496
2023-09-22,4.79374596856659e-09,9.237952377609087e-16,0.9999999952062508,0.10422571625515892,0.5960534847588023,0.29972079898603887
2023-09-25,2.3250304897508872e-08,4.99278314576347e-13,0.9999999767491936,0.10422305297604526,0.5960474130210838,0.299729534002871
2023-09-26,1.368105226310589e-09,4.118385431599023e-18,0.9999999986318925,0.10396100001683929,0.5629199405715556,0.3331190594116051
2023-09-27,2.649905737491851e-07,2.4520165030954514e-09,0.9999997325574076,0.1037239470296019,0.5181856534583789,0.3780903995120193
2023-09-28,1.7956090906691472e-07,4.1902681054400304e-10,0.9999998200200618,0.10352119588329771,0.4705079316527257,0.4259708724639766
2023-09-29,0.0002863313094034425,0.01233858804029162,0.9873750806503027,0.10323877570722108,0.42288802712535745,0.4738731971674215
2023-10-02,2.9775009083972136e-05,0.0003733618695280782,0.9995968631213857,0.10290520718537984,0.37691388467749315,0.520180908137127
2023-10-03,2.453386565582461e-05,0.0002652018889462161,0.9997102642453959,0.10220314446545922,0.34040547666553095,0.5573913788690098
2023-10-04,3.012711105276003e-05,0.0003938540572845703,0.9995760188316606,0.09950373005124866,0.30222016286741826,0.598276107081333
2023-10-05,4.138485880175531e-05,0.0007377889535099695,0.999220826187686,0.08186629196531567,0.2709028827677578,0.6472308252669265
2023-10-06,0.00011485964069531584,0.004343765469386034,0.9955413748899167,0.05467548921506357,0.24849769076751807,0.6968268200174184
2023-10-09,0.0007384268731306715,0.05790004257512601,0.9413615305517413,0.029979203481739256,0.22622695104973126,0.7437938454685296
2023-10-10,0.0015417036067968217,0.08559678874963945,0.9128615076435617,0.013682889350816324,0.19699955353207627,0.7893175571171074
2023-10-11,2.3639550421293134e-05,9.943628215189559e-05,0.9998769241674248,0.005545300605800278,0.15531495195867,0.8391397474355297
2023-10-12,4.5378579942373657e-05,0.000816090967394427,0.9991385304526612,0.0017557228851384282,0.10959998554951243,0.8886442915653492
2023-10-13,2.6958931765362446e-05,0.00011649183608507492,0.9998565492321476,0.0007437660479448042,0.06327867395647503,0.9359775599955802
2023-10-16,0.002337138658497066,0.0285279630268954,0.9691348983146056,0.000441909081178475,0.02601925866174662,0.9735388322570748
2023-10-17,0.014474754378973583,0.013368140314748991,0.9721571053062756,0.001000339089691855,0.01068404850675245,0.9883156124035557
2023-10-18,0.8074097600098492,0.1333736302456303,0.05921660974451903,0.041356262317541144,0.01691255735740811,0.9417311803250508
2023-10-19,0.9757796996757918,0.02212392045761632,0.0020963798665903444,0.09014524730117518,0.018018753380288927,0.8918359993185359
2023-10-20,0.9999632050912688,2.389024988275013e-05,1.2904658847082055e-05,0.14014340731605143,0.018019947892783023,0.8418366447911655
2023-10-23,0.9999796756849705,1.4409416650531747e-05,5.914898377677968e-06,0.19014238993778482,0.01802066836359058,0.7918369416986246
2023-10-24,0.9999996067237009,2.5477410586027587e-09,3.907285566124965e-07,0.24014237020556464,0.018020668490977634,0.7418369613034578
2023-10-25,0.9999997785838838,2.699197114748303e-10,2.2114619511250395e-07,0.29014234588523025,0.018020668381872794,0.6918369857328969
2023-10-26,0.9999836933241091,7.528284607774431e-06,8.778391281574324e-06,0.34014152157339034,0.018021044775151842,0.6418374336514577
2023-10-27,0.8904743246202942,0.1084267664062095,0.001098908973494997,0.3846509212389349,0.022825453693447746,0.5925236250676174
2023-10-30,0.881132262145123,0.11767410401335958,0.0011936338415160955,0.428706045595737,0.02869049080063933,0.5426034636036238
2023-10-31,0.9848451395638785,0.01495249997403145,0.0002023604620886577,0.47794707588064816,0.029424855704893595,0.4926280684144583
2023-11-01,0.9957253223414281,0.0041913148628702985,8.336279570039768e-05,0.527731835642167,0.02961472874517288,0.4426534356126602
2023-11-02,0.995139826676202,0.004766101384878651,9.407193891830788e-05,0.577486757733037,0.029816144366741307,0.39269709790022167
2023-11-03,0.990831925897645,0.009025705399299666,0.00014236870305440512,0.6270226110458845,0.030050241363236984,0.34292714759087845
2023-11-06,0.986901322839756,0.012899944151202327,0.0001987330090408298,0.6763307558442159,0.027800236442040795,0.2958690077137433
2023-11-07,0.9986132040313489,0.0013414570132595915,4.533895539047149e-05,0.7261843308654434,0.0235874698552218,0.25022819927933476
2023-11-08,0.9999185045814657,7.019938803183049e-05,1.1296030501419925e-05,0.7761790741169957,0.0235860080105158,0.20023491787248845
2023-11-09,0.9999994166847603,1.0402944971173276e-08,5.729122937352139e-07,0.8261767760222367,0.023545203982293324,0.15027801999547
2023-11-10,0.9999990300901898,4.786924042765352e-08,9.220405688649047e-07,0.8761753795801579,0.023539381783951086,0.10028523863589098
2023-11-13,0.9967553060146911,0.003166835290430541,7.785869487755819e-05,0.9258962879479676,0.022271325397127843,0.05183238665490451
2023-11-14,0.9509332699993409,0.04860502148234784,0.0004617085183105073,0.9727192137289861,0.024033169455507788,0.0032476168155061887
2023-11-15,0.929680027505128,0.06981572918643902,0.000504243308432169,0.9788327271037499,0.020855274402548217,0.0003119984937018413
2023-11-16,0.8411627681602589,0.1576548213080322,0.0011824105317081307,0.9721018805279733,0.02763181944506902,0.00026630002695773067
2023-11-17,0.8399675773961947,0.1585345188830968,0.0014979037207078164,0.9641020991432195,0.03555735087672973,0.00034054998005076753
2023-11-20,0.9836046403714819,0.016167371865510642,0.00022798776300709714,0.9632833473775451,0.03636499899917274,0.0003516536232822384
2023-11-21,0.9984468545453253,0.001505373928235647,4.777152643868925e-05,0.9632057097686263,0.03644026756819746,0.00035402266317634224
2023-11-22,0.9964669242362862,0.0034487491976740595,8.432656603961166e-05,0.9630290670512462,0.03661270501458518,0.0003582279341685671
2023-11-23,0.9996405996515592,0.0003363558351573093,2.3044513283467018e-05,0.9630119123676187,0.03662914639211264,0.00035894124026866173
2023-11-24,0.9999218348604018,6.554900283409235e-05,1.2616136764217392e-05,0.968484287879624,0.031211085521943877,0.0003046265984321227
2023-11-27,0.9715991516386706,0.028075362008776347,0.00032548635255319567,0.9730076323543013,0.026731148421714708,0.00026121922398397767
2023-11-28,0.8635314327069137,0.13523316738129013,0.001235399911796142,0.966941947011453,0.032745181792077645,0.00031287119646935185
2023-11-29,0.4291218387754171,0.5655047446061532,0.005373416618429572,0.9386117728331524,0.0608108532792418,0.0005773738876058108
2023-11-30,0.36767233530536975,0.6280972131486315,0.004230451545998572,0.9072383982646107,0.09197740886742943,0.0007841928679598239
2023-12-01,0.4796388110516476,0.5163460448188706,0.00401514412948177,0.8816787425223108,0.117343425838408,0.0009778316392811924
2023-12-04,0.9573454374844554,0.04142153018869472,0.0012330323268498436,0.8802009482545458,0.11876950514028262,0.001029546605171643
2023-12-05,0.59547434644173,0.4018931711415676,0.002632482416702277,0.8600440053750648,0.13879709084669803,0.0011589037782372333
2023-12-06,0.21592872124664764,0.7800833201348233,0.003987958618528983,0.8208445162083238,0.1777977468840376,0.0013577369076386116
2023-12-07,0.09387160678386842,0.9021082539665799,0.004020139249551559,0.7755381257132792,0.22290315906221939,0.0015587152245015027
2023-12-08,0.02119334617232709,0.9662901151170715,0.012516538710601188,0.7265978415173859,0.271217662424611,0.002184496058003119
2023-12-11,0.0062661357486571475,0.9511357527205638,0.04259811153077886,0.6770733830040842,0.3186161082961176,0.004310508699798185
2023-12-12,0.004802274439941729,0.9687430172475914,0.02645470831246672,0.6297668332261143,0.36462300808437975,0.0056101586895059945
2023-12-13,0.012307175685126412,0.980015860600272,0.007676963714601543,0.5838981906351142,0.4101330146550714,0.005968794709814463
2023-12-14,0.04458936929303103,0.9524544557219511,0.00295617498501797,0.5440695206917527,0.44987299637576733,0.0060574829324799555
2023-12-15,0.10014244719758614,0.8972750109766178,0.002582541825796004,0.5070782641818223,0.4868100209804434,0.006111714837734364
2023-12-18,0.05687659468247197,0.9405918760005281,0.0025315293169995753,0.46074186189737176,0.5330312461871942,0.006226891915433988
2023-12-19,0.04604211130148755,0.9504307555374327,0.003527133161079404,0.4131216247351798,0.5804775152676542,0.006400859997166024
2023-12-20,0.031073916900646495,0.9551709852436712,0.013755097855682437,0.3648519743683979,0.6280636270699539,0.007084398561648164
2023-12-21,0.007259161286038775,0.8956448413044593,0.09709599740950171,0.31523290245012187,0.6728290513434191,0.011938046206459078
2023-12-22,0.0034961776316506906,0.8890097563792579,0.10749406598909148,0.2654116195886843,0.7172762617122402,0.017312118699075445
2023-12-25,0.0030333712229618295,0.8854852000238915,0.1114814287531466,0.21698333056789884,0.760146753612996,0.02286991581910511
2023-12-26,0.003403050527026331,0.8683353270953255,0.128261622377648,0.17397691145890448,0.7968018615986978,0.029221226942397708
2023-12-27,0.005316349310707061,0.8066425850337939,0.18804106565549866,0.152786636985669,0.8088587536200799,0.038354609394251164
2023-12-28,0.012523963955579136,0.9227497959459832,0.06472624009843746,0.13502921841817944,0.8235913827599474,0.041379398821873095
2023-12-29,0.05165337716763068,0.9193160413548374,0.0290305814775318,0.11362994672397861,0.8437398825867459,0.04263017068927561
2024-01-02,0.27289812288649185,0.7064228243608656,0.020679052752642528,0.07940758099408039,0.8769899472953544,0.043602471710565235
2024-01-03,0.10502993006376199,0.8369014376384855,0.05806863229775258,0.054885360175182,0.8987403606202002,0.04637427920461776
2024-01-04,0.021226573483475834,0.6764375586925508,0.3023358678239734,0.04515025278702341,0.8935580725480866,0.061291674664889974
2024-01-05,0.0035499356786068627,0.251921203622221,0.7445288606991722,0.040634169231760324,0.8610487200308686,0.09831711073737101
2024-01-08,0.0009434574133938324,0.07049456992096177,0.9285619726656444,0.03962167479381367,0.8162589427710633,0.1441193824351232
2024-01-09,3.082434671951279e-05,0.00023514771479577273,0.9997340279384851,0.039309909223716785,0.7687139125207747,0.19197617825550847
2024-01-10,0.00021669609268955577,0.010836599246642195,0.9889467046606685,0.03908063030635417,0.7208185916207273,0.24010077807291857
2024-01-11,0.0002508547363072247,0.014123096308716547,0.9856260489549764,0.03847781425891321,0.6725239534061495,0.2889982323349373
2024-01-12,0.00023459839202171374,0.01169748621213788,0.9880679153958405,0.03626007571386275,0.6254861049306587,0.33825381935547844
2024-01-15,8.374959526565521e-06,2.513796175382983e-05,0.9999664870787198,0.03125337210195977,0.5806236112799156,0.38812301661812465
2024-01-16,8.401617380130314e-06,2.8029285844461174e-05,0.9999635690967756,0.028409962448705178,0.5335954189441814,0.4379946186071134
2024-01-17,5.7567049080462696e-05,0.0009034503091433491,0.9990389826417764,0.026110735236084825,0.4861190536827669,0.48777021108114826
2024-01-18,0.0012764012203859,0.09451891507156711,0.9042046837080473,0.02462085945207179,0.44308645017416176,0.5322926903737665
2024-01-19,0.001293704810827142,0.09357717449049338,0.9051291206986798,0.024322586628311212,0.4029830668334634,0.5726943465382254
2024-01-22,0.00012733532608450978,0.003712762819627282,0.9961599018542885,0.024154144513032903,0.35871821715548186,0.6171276383314853
2024-01-23,3.9606691727171636e-05,0.0006523845273914734,0.9993080087808816,0.024004456286471167,0.3144765763806569,0.661518967332872
2024-01-24,2.7343872177377682e-05,0.0003312725525245268,0.9996413835752983,0.02383567095372872,0.27107637365351683,0.7050879553927545
2024-01-25,6.749551888465856e-07,2.693499557086967e-08,0.9999992981098159,0.023569887235952804,0.23074424574857688,0.7456858670154703
2024-01-26,0.00027439751242327044,1.070909490288741e-05,0.9997148933926743,0.022957408913795014,0.1846072914060229,0.7924352996801821
2024-01-29,0.3804899905414269,0.4432632983266701,0.17624671113190352,0.03939923958248482,0.16080465425461454,0.7997961061629005
2024-01-31,0.8951336958058824,0.09713813181600446,0.007728172378113551,0.07051101822845435,0.13034041962737147,0.7991485621441742
2024-02-01,0.9999694576452698,1.1350146143933668e-05,1.9192208586584984e-05,0.11525799460752972,0.08849591525275441,0.7962460901397158
2024-02-02,0.9985634672651421,0.0013518423948766225,8.469033998170428e-05,0.16412483929661298,0.054741629437870684,0.7811335312655162
2024-02-05,0.9540018468187327,0.04283018396607079,0.0031679692151968595,0.21164743485361928,0.044287078455063196,0.7440654866913176
2024-02-07,0.9066397444125973,0.05953466395111244,0.03382559163629036,0.2569322492035795,0.04373908315657072,0.6993286676398499
2024-02-19,0.03236105895148882,0.03931908463688641,0.9283198564116248,0.25854876093381796,0.04569328000267525,0.6957579590635069
2024-02-22,0.0005808204723364103,0.0018299472559266112,0.997589232271737,0.25856696715280025,0.04524294740313948,0.6961900854440604
2024-02-23,2.1653524023394455e-05,0.0001316499545956811,0.999846696521381,0.25855550709218605,0.044543375085433434,0.6969011178223805
2024-02-26,6.723133823018002e-06,1.73747803739152e-05,0.9999759020858031,0.25854411332927607,0.04395936951384522,0.6974965171568785
2024-02-27,6.734521183280264e-09,3.4752877899785435e-15,0.9999999932654755,0.25854369491802587,0.043958112615757716,0.6974981924662165
2024-02-28,2.6613056663428345e-05,0.000332411913281147,0.9996409750300556,0.25854460548999003,0.04397333174712955,0.6974820627628805
2024-02-29,0.0002694992646330254,0.015613425981308887,0.9841170747540581,0.25855520210076766,0.04470883053073781,0.6967359673684944
2024-03-01,0.0009439487960110316,0.04690248881823734,0.9521535623857516,0.25853857947954895,0.04232800921807134,0.6991334113023798
2024-03-04,0.00011169949627238186,0.0033266138743523986,0.9965616866293753,0.2584794792138212,0.037815481187264285,0.7037050395989146
2024-03-05,0.0001260617711732384,0.001733703285602467,0.9981402349432243,0.2584794155360757,0.03771652821056305,0.7038040562533614
2024-03-06,0.004531894020167837,0.05261149837075751,0.9428566076090747,0.2587040299024977,0.04031448390273135,0.700981486194771
2024-03-07,0.10825595777493117,0.37455710510823964,0.5171869371168294,0.26411546059763535,0.0590257755305171,0.6768587638718475
2024-03-08,0.08256238077630342,0.3948008311570378,0.5226367880666589,0.2682435458886911,0.07876581574161923,0.6529906383696897
2024-03-11,4.868064564009076e-08,1.5891912331096084e-17,0.9999999513193545,0.26822982844710225,0.07876528028687409,0.6530048912660238
2024-03-12,9.343415860096529e-07,1.0899335479133151e-07,0.9999989566650591,0.24920537563711015,0.05660212082020831,0.6941925035426816
2024-03-13,5.2770960996835244e-06,1.0087818717719132e-05,0.9999846350851824,0.204448954701621,0.05174571862034397,0.743805326678035
2024-03-14,9.407010751458674e-07,1.1095734834396848e-07,0.9999989483415764,0.15445052885441135,0.0517451566609042,0.7938043144846845
2024-03-15,9.019068351517218e-07,4.5815607885340147e-08,0.999999052277557,0.104522400586496,0.05167756683194076,0.8438000325815633
2024-03-18,0.0004962984271233712,0.033811128450454545,0.9656925731224221,0.05684712316691553,0.051226614056159955,0.8919262627769245
2024-03-19,0.0006523822819358786,0.04062039169094779,0.9587272260271165,0.011547755060382458,0.05028090044315172,0.9381713444964659
2024-03-20,4.877528197368791e-05,0.0008134195156817079,0.9991378052023447,0.009932140876906697,0.04835561718709147,0.9417122419360018
2024-03-21,2.093150030224424e-05,6.61341774899157e-05,0.9999129343222081,0.009904146428304991,0.04826742653316965,0.9418284270385253
2024-03-22,0.0017250104152413286,0.13790184818173504,0.8603731414030237,0.009989314272865889,0.05515593644452661,0.9348547492826075
2024-03-25,0.008837971144343208,0.6358319979063614,0.3553300309492955,0.010430876673391896,0.08694666760082598,0.902622455725782
2024-03-26,0.03405347444760107,0.8831679790872653,0.08277854646513345,0.012133550059045891,0.13110506655518908,0.8567613833857651
2024-03-27,0.10503137091277635,0.857689541453031,0.03727908763419259,0.017383787951851533,0.17397292303217654,0.8086432890159718
2024-03-28,0.5533699219988796,0.4416890738307203,0.00494100417040035,0.04503880908856387,0.19527670542464715,0.759684485486789
2024-03-29,0.8529398302735287,0.14588838030447188,0.0011717894219995131,0.08763860316243974,0.2002259999989589,0.7121353968386014
2024-04-01,0.9907629283079512,0.009078052770875034,0.00015901892117371015,0.13717116460302367,0.200513571943785,0.6623152634531914
2024-04-02,0.9999367530347504,5.2666591182296314e-05,1.0580374067308248e-05,0.18716169916620254,0.200429520109064,0.6124087807247335
2024-04-03,0.9929127689598408,0.006961452185930217,0.00012577885422917654,0.23658074291318618,0.19814701779982263,0.5652722392869912
2024-04-04,0.9369509306701509,0.06241441208365486,0.0006346572461946842,0.2780154915579472,0.1825398831485934,0.5394446252934595
2024-04-05,0.9326612592134491,0.06662566960768784,0.0007130711788634529,0.32052043547980447,0.16613112507112587,0.5133484394490697
2024-04-08,0.9997879778126638,0.00018984253437657136,2.2179652959687458e-05,0.37050983193640535,0.16614061719784473,0.46334955086575
2024-04-09,0.9999318688167796,5.77134609892093e-05,1.0417722231235541e-05,0.42050637866016505,0.16614349742122644,0.4133501239186085
2024-04-10,0.99998382549035,1.079915437686602e-05,5.3753552732160045e-06,0.4705053060798775,0.1661435329880094,0.36335116093211306
2024-04-11,0.9990993463887016,0.0008632021398586281,3.745147143965844e-05,0.5204602263642589,0.1661866875471349,0.3133530860886063
2024-04-12,0.9999904093909969,5.4437176531318115e-06,4.146891349585368e-06,0.5704597017384669,0.16618695744223716,0.26335334081929596
2024-04-15,0.9999963693475714,6.664266310681188e-07,2.964225797491051e-06,0.6204347052844894,0.16449643434104602,0.21506886037446468
2024-04-16,0.9737135350091674,0.025380174459752235,0.0009062905310804423,0.6690877629208509,0.16373442347948625,0.16717781359966286
2024-04-17,0.619837798108566,0.35413267622681627,0.026029525664617907,0.7000772140621805,0.18140038631504296,0.11852239962277653
2024-04-19,0.3634922011036092,0.4495862486796008,0.18692155021679013,0.7182507775423459,0.2038763920401485,0.07787283041750563
2024-04-22,0.4099625526973936,0.2767106274730305,0.313326819829576,0.7386626546564534,0.21081683100471324,0.050520514338833256
2024-04-23,0.9423973531457539,0.04774482379816185,0.009857823056084528,0.785340623756524,0.1814124722993033,0.03324690394417271
2024-04-24,0.9999375298244308,2.9957987530746418e-05,3.2512188038450536e-05,0.8336348265253655,0.13725557124431656,0.029109602230317947
2024-04-25,0.9999901817443887,4.785587483802736e-06,5.032668127808255e-06,0.8783827670669462,0.09437133345103921,0.027245899482014717
2024-04-26,0.9994181614628244,9.706292740623143e-05,0.0004847756097697618,0.9006851790401432,0.07229173290587348,0.027023088053983183
2024-05-02,0.2414780127360335,0.4941483186698638,0.2643736685941033,0.8701120881632685,0.08970472982414308,0.040183182012588366
2024-05-03,0.022784988604662153,0.23412587585321273,0.7430891355421256,0.8217131911781039,0.10095712097825997,0.07732968784363596
2024-05-07,1.7902519084971237e-05,1.6528539185031052e-06,0.9999804446269971,0.7717172486523207,0.10095457029139676,0.12732818105628244
2024-05-08,0.00017867200849106847,0.004654947991273324,0.9951663800002363,0.7220805438047534,0.10083924508166392,0.17708021111358277
2024-05-09,0.002686669449970913,0.2687789150795965,0.7285344154704332,0.6753673307437443,0.111157470231461,0.21347519902479467
2024-05-10,0.008532571124724105,0.6086464153208317,0.3828210135544449,0.629160896339308,0.1382585075171182,0.23258059614357374
2024-05-13,0.044156019290677244,0.9054575294635899,0.05038645124573341,0.5813792984132087,0.18352189186357887,0.2350988097232124
2024-05-14,0.025792659986740796,0.9649068423483182,0.009300497664941582,0.5326723379717068,0.2317643483079452,0.23556331372034792
2024-05-15,0.026090117032061665,0.9701557059788424,0.0037541769890965903,0.48397765254879244,0.28027159364916854,0.23575075380203914
2024-05-16,0.042337662142177726,0.9524334030475179,0.005228934810304929,0.43613956833646617,0.3278501036945514,0.2360103279689823
2024-05-17,0.17129253448287382,0.8253844210677838,0.0033230444493427885,0.39470467459106,0.36911905256205796,0.23617627284688197
2024-05-20,0.4637002662471242,0.5337331927642537,0.002566540988622522,0.36788986943603763,0.3958056788789391,0.23630445168502326
2024-05-21,0.8419725196433566,0.1569092997428526,0.0011181806137912685,0.3613028186677471,0.4023821351430941,0.2363150461891588
2024-05-22,0.999866745290099,0.00010997714173594356,2.3277568165335517e-05,0.38030426602682377,0.38468100018884005,0.23501473378433618
2024-05-23,0.9999992081804684,7.3536337185795626e-09,7.844658983703171e-07,0.4121296163806667,0.3622016881225417,0.22566869549679158
2024-05-24,0.9985809514765536,0.000528110440144454,0.0008909380833024291,0.4415605363196247,0.3483925622708975,0.21004690140947793
2024-05-27,0.224489271076898,0.5098838581519723,0.26562687077113,0.4056651322161819,0.37149951398858794,0.22283535379523015
2024-05-28,0.025236650482739542,0.28479349718183106,0.6899698523354296,0.35693008824909733,0.38573769094830296,0.2573322208025997
2024-05-29,0.0012177984919649297,0.01587653071248022,0.9829056707955549,0.3069914690864762,0.3865312782045528,0.3064772527089711
2024-05-30,0.0021207740128390633,0.14744423087270372,0.8504349951144573,0.25712659971397694,0.3938986366018176,0.34897476368420544
2024-05-31,0.00969593179422046,0.3361043914639338,0.6541996767418459,0.2455374956668863,0.38599644024152113,0.36846606409159255
2024-06-04,0.09773341835926193,0.7989299632964848,0.10333661834425335,0.24928491715461626,0.41423664461368476,0.33647843823169893
2024-06-05,0.1897825673039467,0.7791580765841728,0.031059356111880425,0.25877315039385934,0.45319446580019745,0.2880323838059431
2024-06-06,0.03163322084542237,0.9358253940296613,0.03254138512491646,0.26034587783570595,0.4997529881021169,0.23990113406217717
2024-06-07,0.009602322256052745,0.9768948910757554,0.013502786668191803,0.26069166047601006,0.5351587869019249,0.20414955262206516
2024-06-10,0.010869912590479938,0.984398054130705,0.004732033278814942,0.2608085275492979,0.5539463688424185,0.18524510360828367
2024-06-11,0.010341201624332273,0.9816344435332408,0.00802435484242691,0.2591177866659806,0.557755214545901,0.18312699878811836
2024-06-12,0.004003141027073357,0.9526077737490843,0.04338908522384241,0.25802831071799726,0.5571402611159394,0.18483142816606338
2024-06-13,0.003152988506281035,0.9241281899674637,0.07271882152625554,0.2568814542917082,0.5548388853153705,0.1882796603929213
2024-06-14,0.003469622084467545,0.9170916492015775,0.07943872871395496,0.2549380522888227,0.5530717976230735,0.1919901500881038
2024-06-17,0.003281500032271373,0.8467941809003237,0.14992431906740505,0.2465375005662926,0.5541422856147005,0.19932021381900694
2024-06-18,0.0030444202541280193,0.7280764847392086,0.2688790950066636,0.22350470826664282,0.5638594502134482,0.212635841519909
2024-06-19,0.0028372753361844837,0.6145955394661277,0.38256718519768806,0.18154794605128421,0.586743762199612,0.23170829174910387
2024-06-20,0.002600570585400012,0.4878644072564078,0.5095350221581925,0.13168463731604926,0.6111314837053455,0.2571838789786052
2024-06-21,0.002490009878953244,0.3514963103063378,0.6460136798147093,0.0818091774009735,0.6287062988529808,0.2894845237460457
2024-06-24,0.001242511263354457,0.13723380086502354,0.8615236878716221,0.03194225539031356,0.6355415833742247,0.3325161612354618
2024-06-25,0.0010017857133874338,0.07654975261750771,0.9224484616691051,0.02076788112213803,0.6138748780975015,0.36535724078036047
2024-06-26,0.0032509334502277445,0.4133568330399816,0.5833922335097909,0.019668595270512446,0.6203030448904091,0.36002835983907855
2024-06-27,0.004622383782388426,0.5753300628530607,0.42004755336455113,0.019838824535033616,0.6482757214974381,0.33188545396752833
2024-06-28,0.018142758888337277,0.9188240694952337,0.06303317161642917,0.020639923778808526,0.6868447134285646,0.2925153627926269
2024-07-01,0.018815852096109892,0.961872012549103,0.01931213535478709,0.021095919793903,0.718133094482823,0.260770985723274
2024-07-02,0.0592364749801756,0.9319213322797766,0.008842192740047949,0.01917107262494868,0.7247826629319876,0.2560462644430638
2024-07-03,0.2707022213046998,0.7237811609797856,0.005516617715514642,0.023217055324986337,0.7220138171517683,0.2547691275232455
2024-07-04,0.9634754270374712,0.035930011188004034,0.0005945617745250771,0.06980916563458879,0.6770190480096854,0.2531717863557259
2024-07-05,0.9988886767498928,0.001067227696138267,4.409555396910926e-05,0.11927348335928079,0.6282276648407046,0.25249885180001475
2024-07-08,0.9997900173356588,0.0001922328994699855,1.7749764871449565e-05,0.1687194885965397,0.5790173737791428,0.2522631376243175
2024-07-09,0.9999904483743661,5.374226409293077e-06,4.177399224807778e-06,0.21820195093404143,0.5299359203138012,0.2518621287521575
2024-07-10,0.9988009138723554,0.0011549930410281422,4.4093086616617985e-05,0.2679418395763055,0.4823632812783984,0.2496948791452962
2024-07-11,0.9780570642212089,0.0216212756806769,0.00032166009811461044,0.3166870433620519,0.43723793556405904,0.24607502107388918
2024-07-12,0.8887733600410119,0.10874947006811123,0.002477169890877049,0.36095223025987905,0.39682082660738566,0.24222694313273518
2024-07-15,0.9611108810147123,0.038446186573027764,0.000442932412260436,0.40884369930900105,0.35640342689102095,0.234752873799978
2024-07-16,0.9994849724677496,0.0004851074845637749,2.9920047687159104e-05,0.45866572691968216,0.3200238580282887,0.22131041505202917
2024-07-17,0.9996610338073844,0.00028637771444765115,5.2588478168517306e-05,0.5085069148432422,0.2893083999407047,0.20218468521605318
2024-07-18,0.6766816888894978,0.32114900558811704,0.002169305522385742,0.5422109707584469,0.28097262985729016,0.17681639938426288
2024-07-19,0.32680281674590084,0.6697116978738211,0.003485485380278582,0.5584266111017944,0.2968833992356643,0.14468998966254132
2024-07-22,0.22755116429705327,0.7698419171057495,0.00260691859719772,0.5697420437534794,0.3285138050477006,0.10174415119882012
2024-07-23,0.07333120352196665,0.9225653194433825,0.0041034770346512145,0.5733585146439083,0.37081458338899437,0.05582690196709743
2024-07-24,0.015609718356197797,0.9735344899100205,0.010855791733782115,0.5739764538892068,0.39882346623249626,0.027200079878297007
2024-07-25,0.010362289143204454,0.9787810511966284,0.010856659660167564,0.5742634491572476,0.4189960156496746,0.00674053519307783
2024-07-26,0.028372942242784752,0.955652239610637,0.015974818146578435,0.5747749583249699,0.4208374241554448,0.004387617519585292
2024-07-29,0.008857381450134658,0.9025327165925959,0.08860990195726974,0.5742770347926711,0.4178704593576194,0.007852505849709424
2024-07-30,0.005539250418454224,0.7071191484243409,0.2873416011572053,0.5715921735645851,0.4066303501648476,0.02177747627056728
2024-07-31,0.007086990376931453,0.786298241712412,0.2066147679106568,0.5584114120181966,0.409756204201479,0.03183238378032439
2024-08-01,0.029651881033673756,0.9426370262579371,0.027711092708389406,0.5117202347180068,0.45509155495497555,0.0331882103270176
2024-08-02,0.020049410425555046,0.9737281916072814,0.0062223979671639385,0.46277827140178984,0.5037246031505327,0.03349712544767734
2024-08-05,0.027971508879308302,0.9693426629095995,0.0026858282110926892,0.41418734597897244,0.5521821246510392,0.03363052936998841
2024-08-06,0.012576323244570083,0.9842795684132837,0.00314410834214676,0.3648166397224826,0.6013958343603828,0.033787525917134506
2024-08-07,0.008881549979778004,0.9852777962231489,0.005840653797073667,0.31532067152785376,0.6506019745194888,0.03407735395265736
2024-08-08,0.0175940121333698,0.9667428559410237,0.015663131925606956,0.2672975189234619,0.6978580535325061,0.03484442754403197
2024-08-09,0.09170191464632889,0.9030107610371662,0.005287324316505558,0.22744394665372766,0.737571118080959,0.0349849352653134
2024-08-12,0.29710782656140344,0.6983067764003834,0.004585397038213571,0.19424379393106228,0.7705641475723267,0.03519205849661106
2024-08-13,0.9469277749584514,0.052383706972396624,0.0006885180691528572,0.19161593405559735,0.7731590775467183,0.03522498839768434
2024-08-14,0.9893715537046736,0.010475950549864936,0.000152495745462121,0.1911014600504618,0.7736685561884892,0.03522998376104902
2024-08-15,0.9999607930852058,3.097090070445291e-05,8.236014090467434e-06,0.2072654152602472,0.7576126544541186,0.03512193028563426
2024-08-16,0.9999245583305472,6.45371238295739e-05,1.090454562421572e-05,0.24092150233947948,0.724130296416619,0.034948201243901536
2024-08-19,0.9998638974520723,0.00012170091054639632,1.4401637382554918e-05,0.2795371389972304,0.6856442856068589,0.03481857539591078
2024-08-20,0.9998790250948205,0.00010725435755331023,1.3720547627240254e-05,0.32586453007587307,0.6395213823525674,0.03461408757155958
2024-08-21,0.9988363633218427,0.00112013716281418,4.349951534439729e-05,0.3750258623241552,0.590900664715207,0.03407347296063769
2024-08-22,0.9992833999923646,0.0006833557350666222,3.324427256999754e-05,0.42447191786661326,0.541995779942129,0.033532302191257815
2024-08-23,0.9997296770420991,0.0002500696858408463,2.025327206128452e-05,0.47303975460657893,0.4942256714458892,0.03273457394753195
2024-08-26,0.9963690389900612,0.003544712089870082,8.624892007007185e-05,0.5224153374835752,0.4492762712207528,0.02830839129567197
2024-08-27,0.9982953224044004,0.001648267661540595,5.640993406024692e-05,0.5720531410828725,0.41400272718261283,0.013944131734514727
2024-08-28,0.9654514454697016,0.03397227193715849,0.0005762825931411806,0.619971363837511,0.3763864286938502,0.0036422074686389538
2024-08-29,0.491782413506714,0.50297916766545,0.005238418827837022,0.6430778904611628,0.3544035357642258,0.002518573774611335
2024-08-30,0.0772580209880711,0.8978609297026693,0.024881049309260966,0.6459383209892886,0.3506101726689952,0.0034515063417161857
2024-09-04,0.014111433864547997,0.9507629401774342,0.03512562595801931,0.6452453172385505,0.3496811865323869,0.005073496229062515
2024-09-05,0.005097936861627628,0.9468683912891181,0.04803367184925601,0.6448713979194034,0.3478106276761786,0.007317974404417974
2024-09-06,0.006011663995946506,0.9268458754017314,0.06714246060232376,0.6447279036202118,0.34488903163510776,0.010383064744680474
2024-09-09,0.006437676068010579,0.773091567601825,0.22047075633016616,0.6441700868169438,0.3352064672181478,0.02062344596490842
2024-09-10,0.004865722170414001,0.26568037498420916,0.7294539028453786,0.639828277193148,0.3033399479155,0.05683177489135203
2024-09-11,0.0063469057329364025,0.7073205014820387,0.28633259278502654,0.6252902311517246,0.30379063416958274,0.07091913467869265
2024-09-12,0.010284700190295483,0.8389941451361286,0.15072115467357772,0.5784580774133169,0.3431211560777693,0.07842076650891387
2024-09-13,0.047847072951598124,0.9195870821517989,0.032565844896604544,0.5313818533756632,0.3885767126578659,0.08004143396647102
2024-09-16,0.18132367638881905,0.8089874739906882,0.009688849620494298,0.49044999754084384,0.429024537812365,0.0805254646467912
2024-09-17,0.649772646663796,0.3479705376427326,0.0022568156934731536,0.4729424019575063,0.4464198378383101,0.08063776020418364
2024-09-18,0.7569520885312901,0.2409122899064678,0.0021356215622436656,0.4607968115114671,0.4584593672881061,0.08074382120042668
2024-09-19,0.3749832871484476,0.6169509929133464,0.008065719938207662,0.42955202461414865,0.4893015542158957,0.08114642116995571
2024-09-20,0.06222573854616759,0.8901689582257896,0.04760530322804478,0.3827214933753648,0.5337539952690444,0.08352451135559072
2024-09-23,0.018317137366782185,0.9192295031131629,0.06245335952005719,0.3336731802440859,0.5796813026379491,0.08664551711796509
2024-09-24,0.021290958671262766,0.9531855196242869,0.025523521704452615,0.28475124432554405,0.6273280751348713,0.08792068053958463
2024-09-25,0.00621633019949766,0.9399766210994556,0.05380704870104905,0.23524360888601595,0.6741496705853504,0.09060672052863356
2024-09-26,0.005030722393478298,0.887440112227457,0.10752916537906687,0.1855803788854699,0.7184392628136462,0.09598035830088389
2024-09-27,0.007171024686018964,0.7119606038443185,0.28086837146966476,0.13766635784628584,0.7523386794090041,0.10999496274471005
2024-09-30,0.00017566017624484316,0.0013860120516866001,0.9984383277720711,0.11308602017976244,0.7272590216283159,0.15965495819192166
2024-10-01,3.926993430860059e-07,6.073469049490659e-09,0.9999996012271904,0.10922313876532604,0.682365975446856,0.20841088578781805
2024-10-02,2.7726182672914882e-05,0.00034965865255502654,0.9996226151647745,0.10851895338123226,0.6348453113706121,0.2566357352481557
2024-10-03,0.0002563402160004967,0.010759014066855734,0.9889846457171461,0.10827687354895091,0.5880398425094989,0.3036832839415501
2024-10-04,1.7848108740369718e-05,0.00010120118158519443,0.9998809507096769,0.10797718275459059,0.5417026087984917,0.35032020844691764
2024-10-07,0.0005821878511171063,0.026977260605644822,0.9724405515432404,0.10768440834374592,0.5043968934486828,0.3879186982075712
2024-10-08,0.00010765648279820652,0.003625297266618256,0.9962670462505859,0.10744650505936514,0.4912941395628033,0.4012593553778316
2024-10-09,5.636574481314712e-06,1.075061295172874e-05,0.9999836128125696,0.10712944160144236,0.4559286520193489,0.43694190637920866
2024-10-10,1.6062518410790952e-05,7.690738135021448e-05,0.9999070301002415,0.10661600971784814,0.41398279013161016,0.4794012001505418
2024-10-11,0.0006875091225945757,0.06047110052789183,0.9388413903495162,0.10425803152639795,0.37102699105041487,0.5247149774231872
2024-10-14,0.0018494601758616907,0.24096418067864733,0.7571863591454935,0.0952843207157501,0.34262582638481287,0.562089852899437
2024-10-15,0.0029750245078228347,0.4543483899888489,0.5426765855033309,0.06294443960795153,0.3479447190021187,0.5891108413899298
2024-10-16,0.004085284597408824,0.5321812610093909,0.463733454393203,0.025301099411257532,0.3625081675572647,0.6121907330314778
2024-10-17,0.004677452200971667,0.44353758072039623,0.5517849670786348,0.0067858076638837835,0.35383749694761735,0.639376695388499
2024-10-18,0.0006802058764830247,0.033268205423416915,0.9660515887001029,0.003708531030399561,0.3109924593074987,0.6852990096621018
2024-10-21,1.3545199653060087e-06,1.1581034305609108e-07,0.9999985296696944,0.0027927418880587186,0.26503098994235774,0.7321762681695834
2024-10-22,4.679868113498507e-06,7.560001094402434e-06,0.9999877601307947,0.0017284279479012584,0.21737209196119833,0.7808994800909005
2024-10-23,1.7881695493849054e-06,6.30176242176726e-07,0.9999975816542113,0.001417700846403845,0.17037329241503776,0.8282090067385585
2024-10-24,3.373589345876846e-05,0.00048767746404229667,0.9994785866425017,0.0011678515214028694,0.12602567067686715,0.87280647780173
2024-10-25,2.659812961041217e-05,9.304471228125413e-05,0.999880357158111,0.0008106301935824426,0.09043229272026537,0.9087570770861523
2024-10-28,0.0024162104507391476,0.16051397980048102,0.8370698097487825,0.0009226577073071574,0.09838869110770505,0.9006886511849876
2024-10-29,0.00174064548541307,0.14743541319157163,0.8508239413230179,0.0010096703466106565,0.10576046146361016,0.8932298681897791
2024-10-30,0.00122097541235409,0.04743119556505019,0.9513478290225985,0.0010693328080947152,0.10811453830923491,0.8908161288826705
2024-10-31,0.0059233853114500565,0.027974799373423336,0.9661018153151293,0.0013526850628671925,0.10897532757456332,0.8896719873625695
2024-11-01,0.2708315413760831,0.5591007840361403,0.17006767458777913,0.014893369726234295,0.13692530671729097,0.8481813235564748
2024-11-04,0.6596223558815214,0.3264017368917684,0.013975907226712754,0.04784537812775442,0.1518965305315971,0.8002580913406485
2024-11-05,0.6751033671936908,0.32175275898427314,0.003143873822038659,0.08159516366329896,0.1678029036174798,0.7506019327192213
2024-11-06,0.7792853821014281,0.21953581400320055,0.0011788038953740921,0.12055915093964618,0.17877915678699224,0.7006616922733615
2024-11-07,0.853347704279901,0.14571125765450518,0.0009410380655965275,0.16322573302772056,0.18606087430064996,0.6507133926716294
2024-11-08,0.9686486422820131,0.030870771487405267,0.00048058623058434895,0.21162378968569137,0.18458085784862563,0.603795352465683
2024-11-11,0.8773654579609497,0.1188851364202174,0.003749405618835559,0.2553995895749457,0.17847690563570415,0.5661235047893501
2024-11-12,0.968138688304769,0.031424354212346836,0.00043695748288691017,0.30365777276479283,0.15733070384687908,0.539011523388328
2024-11-13,0.9999914856519325,3.9257405997642846e-06,4.588607470299797e-06,0.3534530828175189,0.1307218370834396,0.5158250800990415
2024-11-14,0.9990353906422129,0.0009228466237211304,4.176273406854877e-05,0.4031709797395808,0.10859110037860593,0.48823791988181325
2024-11-15,0.9789027990374057,0.020601758430543033,0.0004954425320539777,0.45208210939762683,0.10795777802896223,0.4399601125734109
2024-11-18,0.9069927436098415,0.08626240283956604,0.00674485355059537,0.4974316788521206,0.11227089238042337,0.39029742876745604
2024-11-19,0.3271304632926389,0.4971004339386979,0.17576910276866586,0.5137879680233468,0.13712553607730346,0.34908649589934976
2024-11-20,0.02494003792433327,0.19220826937978258,0.7828516926958868,0.515034880511086,0.14673591803748048,0.33822920145143354
2024-11-21,0.009659515525489493,0.15605880494813737,0.834281679526376,0.5155161694926875,0.1545144744116852,0.3299693560956273
2024-11-22,0.034951698816402386,0.8575212656753672,0.10752703550823313,0.5172624245270272,0.19738588545983937,0.28535169001313354
2024-11-25,0.02071464551719061,0.9597273937698493,0.019557960712962837,0.5181773462803496,0.23734655615830771,0.24447609756134267
2024-11-26,0.023584449703257213,0.9688814631665208,0.007534087130224883,0.5192695364912419,0.2784188586570551,0.20231160485170313
2024-11-27,0.0311512392131851,0.9511106504315338,0.017738110355283884,0.5207660496812835,0.32360283140037904,0.15563111891833753
2024-11-28,0.04831255146285401,0.8419325575692101,0.10975489096793856,0.5228855079888535,0.3643007193101684,0.11281377270097809
2024-11-29,0.009481935495754573,0.11927250018158614,0.8712455643226622,0.5098180276948372,0.34230930511744073,0.14787266718772218
2024-12-02,0.0145972444946323,0.8474754208872259,0.13792733461814466,0.47756677212549287,0.3683629893172135,0.15407023855729374
2024-12-03,0.010144549907935544,0.9606974797567212,0.02915797033534598,0.4443188312612052,0.40031022535583577,0.1553709433829591
2024-12-04,0.018568516857879847,0.9756120746879272,0.005819408454195818,0.40628298799902784,0.438114038390072,0.1556029736109002
2024-12-05,0.0103791593350272,0.9850463518675203,0.004574488797455258,0.3641345607517843,0.4800807931007227,0.15578464614749313
2024-12-06,0.02036197885452685,0.9761457042802372,0.0034923168652384313,0.3167202275804101,0.5273445397403641,0.15593523267922582
2024-12-09,0.042111015037143075,0.9491514748866519,0.008737510076207381,0.2749575054342199,0.5688578566636857,0.15618463790209441
2024-12-10,0.21116795714485626,0.7814131034751547,0.007418939379991629,0.23710896887622432,0.606357294126826,0.15653373699694964
2024-12-11,0.9849134570139557,0.014627404620315646,0.0004591383657310177,0.2363550674443255,0.6070884680708118,0.15655646448486268
2024-12-12,0.9993493832971677,0.00032163795286659075,0.0003289787499682601,0.23637076707707325,0.607058407637269,0.15657082528565766
2024-12-13,0.5278194463093471,0.39236994636551875,0.0798106073251367,0.21381659944067036,0.6256468170340178,0.1605365835253118
2024-12-16,0.054980398344646936,0.3441082327520426,0.6009113689033131,0.17121598217741077,0.6385391085296418,0.1902449092929476
2024-12-17,0.008495819222093496,0.2105927020052764,0.7809114787726328,0.15528424997388354,0.6242137219329706,0.22050202809314587
2024-12-18,0.0005740940876442795,0.004697141859367047,0.9947287640529913,0.15406595278204907,0.6148381655569498,0.23109588166100106
2024-12-19,0.0032386499824751756,0.004888039808482264,0.9918733102090452,0.15374490950489836,0.6072796272999671,0.23897546319513452
2024-12-20,0.34775340925388404,0.5015648945942343,0.15068169615188431,0.1693849950267724,0.5894818087459105,0.24113319622731708
2024-12-23,0.7113718438572186,0.27523490568283027,0.013393250459953654,0.2039178549437737,0.5552571843415597,0.24082496071466658
2024-12-24,0.6832364512100475,0.31205710757946264,0.004706441210492469,0.2369004550191131,0.5224159665622069,0.24068357841868
2024-12-25,0.836842152168527,0.16184664474115293,0.0013112030903226887,0.2771850006668802,0.4829527662776879,0.23986223305543194
2024-12-26,0.9933513099398317,0.006509564735523079,0.00013912532464807148,0.32443693859072886,0.4411816166360037,0.2343814447732674
2024-12-27,0.997056225876962,0.0028703607199033828,7.341340313743593e-05,0.3738156531097891,0.4353615096629196,0.19082283722729132
2024-12-30,0.98199940307376,0.01755341895833859,0.00044717796790405437,0.4221857610387454,0.39386540956647526,0.18394882939477927
2024-12-31,0.9696837602895853,0.026582133425392097,0.0037341062850253983,0.4701627215578277,0.3471596422499089,0.18267763619226327
2025-01-02,0.2924694668850697,0.5127558390711594,0.19477469404377368,0.4838577690591873,0.3240168304690707,0.19212540047174215
2025-01-03,0.02454174793511402,0.25309357551744377,0.7223646765474449,0.48456589848919157,0.28741919165156693,0.2280149098592415
2025-01-06,0.007296107363779429,0.2053917834099342,0.7873121092262891,0.4839126049146542,0.24888149560805184,0.26720589947729395
2025-01-07,0.015691847001175985,0.27595622159547967,0.7083519314033471,0.48259164651285585,0.21522173294349334,0.3021866205436508
2025-01-08,0.16303257356503698,0.6420378664648073,0.19492955997015865,0.48018487733386483,0.20825297109297597,0.31156215157315914
2025-01-09,0.6332265183814176,0.34836254765882063,0.018410933959764408,0.46260053040223803,0.2249397282449012,0.31245974135286086
2025-01-10,0.9986441126151897,0.0011844472665667309,0.00017144011824626307,0.4625652668681391,0.2249828687105862,0.3124518644212747
2025-01-13,0.9981148799952246,0.0018203474724498435,6.477253232794711e-05,0.48608003855243287,0.20545538876593283,0.3084645726816343
2025-01-14,0.973057987513546,0.026312570413901268,0.0006294420725553832,0.5319839180108776,0.1895656056490258,0.2784504763400965
2025-01-15,0.4635329784135058,0.5246700425188425,0.011796979067654227,0.5547357759704483,0.20526947267470402,0.23999475135484769
2025-01-16,0.4238012036288478,0.5684799582246878,0.007718838146466874,0.5758971314475083,0.23345861349297004,0.1906442550595216
2025-01-17,0.6333192070806503,0.3639205201627419,0.002760272756610372,0.6074011593024171,0.251410237510683,0.14118860318689994
2025-01-20,0.999972036545437,1.1224411641596685e-05,1.6739042923800436e-05,0.6400120906669947,0.2263325540015534,0.13365535533145195
2025-01-21,0.999957738988651,3.39365655280003e-05,8.32444582312587e-06,0.6544413854235661,0.21257250554568835,0.13298610903074543
2025-01-22,0.9999997140733323,6.574977067111297e-10,2.852691719911126e-07,0.6702795485667304,0.19696965019959015,0.1327508012336794
2025-01-23,0.9990583994927541,0.0008880268994697772,5.35736077783507e-05,0.6783903609329418,0.18892171930750598,0.1326879197595522
2025-01-24,0.9970295251357084,0.0020779418387063923,0.0008925330255874178,0.6785742716927357,0.18870013816266518,0.1327255901445992
2025-02-03,0.4217030842271812,0.4447213559937925,0.13357555977902805,0.6498066146102468,0.21079268792635958,0.13940069746339373
2025-02-04,0.03831165664156122,0.23776983471305604,0.7239185086453845,0.6026222272886369,0.2218035087140954,0.1755742639972676
2025-02-05,0.0005482189006410907,0.0032728705351312824,0.9961789105642295,0.55416545021919,0.2206380455695824,0.22519650421122772
2025-02-10,0.0004937491326448778,0.03235827292188829,0.9671479779454687,0.5395666643315687,0.19661816726211892,0.2638151684063124
2025-02-11,0.0014146316391846327,0.09108567804466614,0.9074996903161511,0.5384103085167722,0.18851777238848003,0.27307191909474765
2025-02-12,0.0005099334162951099,0.046994079301128464,0.9524959872825781,0.538070999819398,0.18059788718303976,0.28133111299756214
2025-02-13,0.0007124000098393255,0.05700039291899603,0.9422872070711661,0.5373220274698313,0.16965009574921563,0.29302787678095304
2025-02-14,0.000383365580658151,0.024810073943008607,0.9748065604763348,0.5291895670706123,0.13878870612312574,0.3320217268062618
2025-02-17,0.0018055944768361183,0.1645464088969849,0.8336479966261806,0.49761852087538344,0.12959789918503403,0.37278357993958267
2025-02-18,0.006395817694987464,0.7648614312418592,0.22874275106315478,0.44800610612937347,0.16778174838379858,0.38421214548682797
2025-02-19,0.007819182373312045,0.9354296748881532,0.05675114273853617,0.3984913212482779,0.21446221475458369,0.38704646399713843
2025-02-20,0.00901451986305073,0.9548299971767631,0.03615548296018765,0.3502891478657533,0.26088808609272673,0.3888227660415201
2025-02-21,0.006279632493546676,0.9012289171942529,0.09249145031220203,0.32742648056975543,0.2797160298264972,0.3928574896037475
2025-02-24,0.004191600377289587,0.6521141980132567,0.3436942016094554,0.3064460004071775,0.28389774181592564,0.4096562577768969
2025-02-25,0.0029912521894492174,0.727332485453445,0.2696762623571075,0.2749296026626175,0.30206834008046074,0.4230020572569217
2025-02-26,0.0030414687226056137,0.7981945423147314,0.19876398896266487,0.22508307427147606,0.34197750597561516,0.43293941975290884
2025-02-27,0.0038298597524637785,0.8922214803707742,0.10394865987676376,0.17527668030966678,0.3865868831658774,0.4381364365244558
2025-02-28,0.008053121220205729,0.941044828496854,0.05090205028294205,0.12567935066701055,0.4336391245578452,0.4406815247751444
2025-03-03,0.005397116038023823,0.9039748727691395,0.09062801119283856,0.0759962864942741,0.4787934668513286,0.44521024665439735
2025-03-04,0.003442436075165994,0.7190086220389998,0.277548941885836,0.026316932041247076,0.5146400008613432,0.45904306709740966
2025-03-05,0.003281485838452186,0.6732785818067301,0.3234399323548195,0.005395852121810659,0.5260678621519901,0.4685362857261993
2025-03-06,0.004139211653845835,0.5514814091944449,0.4443793791517109,0.0036872298724248925,0.5417534408760594,0.4545593292515156
2025-03-07,0.007020714649031149,0.7891965624881104,0.20378272286285987,0.004010854659844395,0.5810496254737084,0.4149395198664472
2025-03-10,0.02677275473305469,0.9449782990395581,0.028248946227388678,0.0053248049398648845,0.6266806267795918,0.3679945682805434
2025-03-11,0.011830520317781552,0.9807254184985209,0.007444061183699011,0.00584559937379473,0.6711626138022846,0.3229917868239208
2025-03-12,0.01198411296887072,0.9842644701669845,0.00375141686414605,0.006419308351423508,0.7180261333455772,0.2755545583029992
2025-03-13,0.01884592323508478,0.9752573074757748,0.005896769289141534,0.007325984512685781,0.763938979073416,0.2287350364138981
2025-03-14,0.006069563449280216,0.9624829604099865,0.03144747614073432,0.007610294406116883,0.8108226233967649,0.18156708219711817
2025-03-17,0.00440433222437887,0.9003730393809937,0.0952226283946283,0.007740231293494022,0.8476139549209655,0.14464581378554064
2025-03-18,0.006280603420928648,0.7613212923549186,0.2323981042241538,0.007734470579791082,0.8474369479766185,0.1448285814435906
2025-03-19,0.0020499007595774486,0.21531362273212282,0.7826364765083008,0.007446006499104352,0.811431145368817,0.18112284813207877
2025-03-20,0.0013803836095745855,0.20428166709469536,0.7943379492957311,0.0070642996864305465,0.7739037288647137,0.21903197144885592
2025-03-21,0.0020323852350604757,0.33685853283185696,0.6611090819330836,0.0068519373235062355,0.7456852096465939,0.24746285302989993
2025-03-24,0.002541034940293641,0.4082389572799489,0.5892200077797584,0.00676940905165644,0.7334914476099286,0.2597391433384151
2025-03-25,0.004844631720884974,0.7887259474481,0.20642942083101584,0.006862078028228226,0.7365611207096613,0.2565768012621105
2025-03-26,0.007894457294455117,0.9588437813978588,0.03326176130768686,0.007104727456820702,0.7445935826638177,0.24830168987936158
2025-03-27,0.005701728391731902,0.9852505214505185,0.00904775015775059,0.007198320888784107,0.7492450347178049,0.24355664439341093
2025-03-28,0.003696977687795657,0.9888022367155602,0.007500785596645177,0.006980513712163606,0.7516329051287403,0.24138658115909614
2025-03-31,0.0049096406811729824,0.9908447391144138,0.0042456202044141534,0.006956139944321063,0.755976398446004,0.23706746160967496
2025-04-01,0.005901090429959609,0.9887108500867756,0.005388059483265869,0.007079072662060744,0.7694615098483928,0.22345941748954648
2025-04-02,0.005986044711552885,0.9756513557963318,0.01836259949211657,0.007214300605715778,0.7845801485478728,0.2082055508464113
2025-04-03,0.00970602027625239,0.9089172619171515,0.08137671780659732,0.007492641036836106,0.8024519411840082,0.19005541777915566
2025-04-04,0.004806751544370959,0.49922359290501195,0.495969655550618,0.007381942881603098,0.7879532927048533,0.2046647644135436
2025-04-08,4.177990206981142e-05,6.860980354047825e-05,0.9998896102943908,0.006045394140053855,0.7407078082430525,0.2532467976168936
2025-04-09,6.122973673830653e-06,1.194997465473688e-05,0.9999819270516723,0.00545417427284847,0.6916721348168593,0.3028736909102923
2025-04-10,0.00011065037902492479,0.0003041122522212178,0.9995852373687548,0.00486050114335618,0.6424741169211211,0.35266538193552266
2025-04-11,0.018312115383471314,0.7803365446025552,0.20135134001397417,0.004833810750775508,0.6327280787774603,0.36243811047176433
2025-04-14,0.029374180675275495,0.8927975321821039,0.07782828714262141,0.005999041612075271,0.6292438073660661,0.3647571510218586
2025-04-15,0.10079279923994099,0.8385069243991199,0.060700276360939956,0.01081846496285337,0.6261505016169724,0.3630310334201742
2025-04-16,0.5977402633772693,0.37167327631597485,0.03058646030675697,0.04039144796067038,0.6066681008150253,0.3529404512243044
2025-04-17,0.7507708856388672,0.15576489992605533,0.09346421443507835,0.07782749720463483,0.6036906646747219,0.31848183812064335
2025-04-18,0.014545674131582064,0.01506546384516551,0.970388862023253,0.07848576173073521,0.5942298545122454,0.32728438375701946
2025-04-21,0.002735602594309464,0.03389001964069007,0.9633743777650011,0.07852092259869765,0.5790814288526871,0.3423976485486153
2025-04-22,3.4964994154265908e-06,5.360644031396386e-07,0.9999959674361821,0.07839404567665374,0.5586695077919098,0.3629364465314364
2025-04-23,1.225355211609218e-05,6.620122107491593e-05,0.9999215452268095,0.0781524267682153,0.5192365204805586,0.4026110527512261
2025-04-24,1.2167589171485171e-05,5.7070670652021657e-05,0.9999307617401769,0.07775831228295112,0.4712971849441983,0.4509445027728506
2025-04-25,0.00023931160730124158,0.004538461812186501,0.9952222265805125,0.07748519144372958,0.42226158196228175,0.5002532265939886
2025-04-28,0.0063172092357920585,0.0703237741464383,0.9233590166177699,0.07761620302112941,0.3763376588338257,0.5460461381450449
2025-04-29,0.1289338052233738,0.37014851418545297,0.5009176805911735,0.08381741124823945,0.34530284758737767,0.5708797411643827
2025-05-05,0.8450689690248052,0.11276854464442151,0.04216248633077361,0.1257758051779817,0.30150573231526,0.5727184625067583
2025-05-06,0.4663956400068886,0.5257451610585677,0.007859198934544134,0.1487962849427485,0.27901042257837194,0.5721932924788796
2025-05-07,0.19511037523962116,0.8010300932005043,0.0038595315598748325,0.1580665026909169,0.27361606414253953,0.5683174331665436
2025-05-08,0.08163472890556729,0.9149922604773767,0.0033730106170563826,0.16190790155897672,0.2944044975211577,0.5436876009198655
2025-05-09,0.061138596418580694,0.9353946001705403,0.0034668034108793766,0.16496274238480227,0.34117079703950776,0.49386646057568995
2025-05-12,0.020825727335528423,0.967207272818563,0.011966999845909087,0.166003722602895,0.3895305631817031,0.4444657142154019
2025-05-13,0.03192575201965978,0.9648142451024139,0.003260002877926886,0.16759447768492677,0.4377560698242128,0.39464945249086053
2025-05-14,0.03618855572687634,0.9614435235207278,0.0023679207523963383,0.16848829970209703,0.4468114187701214,0.38470028152778163
2025-05-15,0.046739410700719915,0.9501170148441727,0.0031435744551078265,0.16935656120336925,0.44967739290322484,0.380966045893406
2025-05-16,0.12663464165626107,0.8702782022539174,0.0030871560898221187,0.17064865332418525,0.4512659567959647,0.3780853898798501
2025-05-19,0.3624722618024295,0.6350368583012496,0.002490879896321421,0.15888525324544325,0.46443413589522853,0.3766806108593283
2025-05-20,0.6509192164959823,0.34731088638074825,0.0017698971232699295,0.15389266978829905,0.4740114352179632,0.37209589499373785
2025-05-21,0.8978800704553805,0.10135972046637856,0.0007602090782412683,0.19805938960448896,0.4783261480490238,0.3236144623464873
2025-05-22,0.999939110311654,4.592703500177616e-05,1.4962653344794952e-05,0.2479195649903561,0.4766339434187393,0.2754464915909045
2025-05-23,0.9932343255659966,0.006638049251669808,0.00012762518233411436,0.2975811064436852,0.47696581907810276,0.22545307447821214
2025-05-26,0.9950519788665466,0.004855342597267562,9.267853618637186e-05,0.34733309270940665,0.4772052761469123,0.17546163114368096
2025-05-27,0.982458165769618,0.017282046620101865,0.0002597876102809513,0.396455392618429,0.47806652494438484,0.12547808243718622
2025-05-28,0.8321286573279648,0.16618568835772274,0.001685654314312894,0.4380498599044621,0.48614888627166164,0.07580125382387626
2025-05-29,0.17612414472499266,0.8147951365362114,0.009080718738796241,0.4465402066789221,0.5233724543911502,0.03008733892992759
2025-05-30,0.06571019205498341,0.9296068423314497,0.004682965613567097,0.44337902602050266,0.55134537079845,0.00527560318104728
2025-06-02,0.020649102003331303,0.9697341125563318,0.009616785440337122,0.40215803266942896,0.5941936491940456,0.003648318136525458
2025-06-03,0.028414059239366924,0.9686405674723976,0.0029453732882357246,0.38025895363105294,0.6163384195147371,0.003402626854210037
2025-06-04,0.019226605436844842,0.9785239946784295,0.0022493998847257723,0.3714647651409141,0.6252131145886333,0.003322120270452585
2025-06-05,0.012058096709278439,0.9855599578280102,0.0023819454627113934,0.36798593353109965,0.628741499456165,0.003272567012735335
2025-06-06,0.01106912869233158,0.9866200469592868,0.0023108243483816655,0.3654824601447872,0.6313027717956022,0.0032147680596104496
2025-06-09,0.005590530308997201,0.9908068280362717,0.003602641654731245,0.36472070029346065,0.6324827495564878,0.0027965501500515576
2025-06-10,0.005662896986401999,0.9907709968875175,0.0035661061260808405,0.3634075575417979,0.633780587145743,0.002811855312459256
2025-06-11,0.011224832400715413,0.9863675098014265,0.002407657797858242,0.3621593713754897,0.6350267864597778,0.00281384216473235
2025-06-12,0.01834776544609989,0.9794506498363155,0.0022015847175846114,0.36073978911275867,0.636493468209385,0.0027667426778561896
2025-06-13,0.015504562225825308,0.9811350292041972,0.0033604085699776003,0.3551832851412369,0.6420363095568989,0.0027804053018639636
2025-06-16,0.040726613169066055,0.9570761356362533,0.002197251194680739,0.33909600270956886,0.6581382734236493,0.002765723866781931
2025-06-17,0.05667490694238525,0.9411816796676615,0.002143413389953237,0.30938378723188903,0.6878318130879949,0.0027843996801160957
2025-06-18,0.06045088065619285,0.9366934309172694,0.002855688426537589,0.2675123277419296,0.7295984986105395,0.002889173647530912
2025-06-19,0.013315780130285988,0.9791015423229931,0.007582677546721015,0.21818116123286124,0.778551279374939,0.003267559392199722
2025-06-20,0.0074055334165823074,0.9815400519520829,0.011054414631334988,0.1688897216253905,0.8272963795099597,0.0038138988646497663
2025-06-23,0.008291573515324724,0.9526270164682155,0.03908141001645993,0.11955170135782944,0.8746849632035072,0.005763335438663445
2025-06-24,0.02675675995522648,0.8454078567563825,0.12783538328839103,0.07176663106710986,0.9160912537103211,0.012142115222568944
2025-06-25,0.15842220481999175,0.6125571961845544,0.22902059899545374,0.03808130844171121,0.9384098291016627,0.023508862456625982
2025-06-26,0.8957459734887581,0.09604952211161263,0.008204504399628906,0.07406239987989947,0.9024725483804328,0.02346505173966762
2025-06-27,0.9999988439014253,4.715447854704927e-10,1.1556270296102293e-06,0.12077683247222157,0.8559922062874376,0.023230961240340745
2025-06-30,0.9999913337908211,8.25829526254825e-09,8.657950883511386e-06,0.16974394406159607,0.8075055010725359,0.02275055486586807
2025-07-01,0.33895905566676804,0.6106609691932997,0.050379975139932,0.18527119388296615,0.789606521158581,0.025122284958452878
2025-07-02,0.21289696818971934,0.6459747835323327,0.1411282482779478,0.19495471202060985,0.7729790606012761,0.03206622737811399
2025-07-03,0.010520572343091839,0.11494557179437984,0.874533855862528,0.1948778358023005,0.7294483412995947,0.07567382289810481
2025-07-04,0.0002912689905763887,0.0004702727132919393,0.9992384582961311,0.1943389428172128,0.680140852587295,0.12552020459549232
2025-07-07,0.004670764633716686,0.006215681545652304,0.9891135538206305,0.19429295453344878,0.630911295262764,0.17479575020378726
2025-07-08,0.4542630963287288,0.4231199900014937,0.12261691366977677,0.2167229645005651,0.6025287449184628,0.18074829058097208
2025-07-09,0.7615221956856743,0.2283134112795749,0.010164393034750283,0.2542378326648131,0.5646260399923703,0.18113612734281667
2025-07-10,0.9085274802290279,0.09023827044686802,0.0012342493241034457,0.2987468184039595,0.520165421022898,0.18108776057314263
2025-07-11,0.8277278297136436,0.17095815743974027,0.001314012846615681,0.33935798177835036,0.47965657743467505,0.1809854407869745
2025-07-14,0.8340853985660324,0.164317190479394,0.0015974109545730097,0.37902592104819877,0.44001863017683207,0.18095544877496914
2025-07-15,0.9999831329207006,7.126442589188008e-06,9.740636709409976e-06,0.42619133234711454,0.3929599025155785,0.180848765137307
2025-07-16,0.9998295566066507,0.00015435389243074552,1.6089500917673028e-05,0.47316026614463746,0.3461329486643365,0.18070678519102598
2025-07-17,0.9997677896194141,0.00021079836090650227,2.1412019678372804e-05,0.5224828666190939,0.2971884114662322,0.18032872191467386
2025-07-18,0.9753364661369521,0.024145454487735012,0.0005180793753117838,0.5708794132551125,0.2493186815930148,0.1798019051518727
2025-07-21,0.3623888633465966,0.6321272512020414,0.005483885451360787,0.5885842777466762,0.23329369332970615,0.17812202892361778
2025-07-22,0.1916762235007257,0.8010412149157418,0.007282561583531349,0.596830250923951,0.23107536123767408,0.17209438783837475
2025-07-23,0.21840440942540298,0.777286431395998,0.0043091591785978725,0.5998293611542217,0.23931182299824627,0.16085881584753198
2025-07-24,0.4344391331048186,0.5632857724340439,0.0022750944611363275,0.5767640191350247,0.26267363551436784,0.16056234535060737
2025-07-25,0.5408796118597893,0.45599275175494786,0.003127636385261885,0.5538080575329429,0.2854732730785381,0.16071866938851903
2025-07-28,0.3290189967841234,0.6589297390863131,0.012051264129562611,0.5202594406826081,0.31841975961993896,0.16132079969745297
2025-07-29,0.06810094045746466,0.8385855110641031,0.09331354847843137,0.506716534922143,0.32981598671347917,0.16346747836437794
2025-07-30,0.012320475880546777,0.6938107838431786,0.29386874027627385,0.4966877103066843,0.33220778672902146,0.17110450296429425
2025-07-31,0.004615620431211428,0.7286450513982917,0.2667393281704962,0.49639246271109033,0.3628927607092171,0.14071477657969264
2025-08-01,0.0037781527874454217,0.8873062334468759,0.10891561376567803,0.49656680690093374,0.4072345587458963,0.09619863435316993
2025-08-04,0.003919833678099578,0.9523611821606494,0.04371898416125041,0.4965292603531529,0.45454183377664625,0.048928905870200906
2025-08-05,0.0032302684736012443,0.9562746887518927,0.04049504277450516,0.4739776189603965,0.4811995687141663,0.04482281232543732
2025-08-06,0.004175969964245526,0.9819080519858383,0.013915978049915467,0.43611030767432496,0.5188793007494794,0.04501039157619557
2025-08-07,0.0037978280096576645,0.9815748924802153,0.014627279510126278,0.39087382506335644,0.5634461318511469,0.045680043085496724
2025-08-08,0.007905224859174255,0.9770685701873839,0.015026204953441044,0.34988269482063294,0.6037516524885291,0.04636565269083799
2025-08-11,0.00925813110684499,0.9275182932065855,0.06322357568656854,0.3086413314476736,0.6419117076248887,0.049446960927437764
2025-08-12,0.00392557417755341,0.6140413939241652,0.3820330318982805,0.2588384535105162,0.6726134209989675,0.06854812549051635
2025-08-13,0.0026129683206755146,0.41930573737249144,0.5780812943068321,0.20897762409621734,0.6935709901729705,0.09745138573081209
2025-08-14,0.0019738758779242927,0.26218424830964876,0.7358418758124261,0.15908792840914285,0.7066696626704077,0.13424240892044953
2025-08-15,0.0011329578245805557,0.10758900668637013,0.8912780354890484,0.11037775299352418,0.7108418402803395,0.17878040672613638
2025-08-18,9.660196363882457e-05,0.002186441273528501,0.9977169567628317,0.09226313992437629,0.6793447997839137,0.22839206029170997
2025-08-19,5.9798843663549895e-05,0.001345745781833692,0.9985944553745019,0.08268231869152318,0.6393600263272183,0.2779576549812585
2025-08-20,0.000132664465682989,0.003244206470133959,0.996623129064182,0.07176873144353715,0.600657915080925,0.3275733534755378
2025-08-21,0.00240555103375236,0.15563921790163085,0.8419552310646157,0.05016705233998383,0.5802755873543044,0.3695573603057118
2025-08-22,0.018837696085295848,0.6965058036313628,0.2846565002833401,0.024064956551259134,0.5923012399481252,0.3836338035006157
2025-08-25,0.028753539415504837,0.7458834103293146,0.2253630502551796,0.009051683682828195,0.5966489235102753,0.3942993928068965
2025-08-26,0.010569570426033036,0.5818646114824408,0.40756581809152487,0.0061751151812566105,0.5838128785311921,0.41001200628755124
2025-08-27,7.227873653398007e-05,0.00015794032539225797,0.9997697809380726,0.00556270532405597,0.5491302363553028,0.4453070583206412
2025-08-28,2.0822001657704745e-06,8.89555808047881e-07,0.9999970282440247,0.0053320284125036865,0.5126980282631786,0.48196994332431775
2025-08-29,2.026732961013437e-06,7.243768887923243e-07,0.9999972488901487,0.005143222109779468,0.4683327528096792,0.5265240250805413
2025-09-03,0.00025438460721660986,0.01072625612108743,0.9890193592716946,0.004959949656235318,0.42125100650770114,0.5737890438360636
2025-09-04,3.9552827429863795e-06,3.97747090514144e-06,0.9999920672463506,0.004798633996692406,0.3734374709436517,0.6217638950596559
2025-09-05,1.8566669438733725e-07,7.71208685251472e-10,0.9999998135620958,0.004589844781814848,0.3243420683829201,0.6710680868352651
2025-09-08,4.798368022549057e-07,1.5410588754237688e-08,0.9999995047526078,0.0043999773731720785,0.2752633245294388,0.7203366980973891
2025-09-09,3.457388972628945e-06,1.720328093399239e-06,0.9999948222829328,0.004004888999661996,0.2264099820364742,0.7695851289638638
2025-09-10,0.0006541626726023517,0.0011713578609277634,0.9981744794664686,0.003574690577949864,0.18009263526919123,0.8163326741528589
2025-09-11,0.13526450926633304,0.6529154256398688,0.21182006509379694,0.010141637332388853,0.18203633685497642,0.8078220258126347
2025-09-12,0.40581666949591644,0.5574165981919612,0.0367667323121213,0.030301822391150923,0.18894187989594993,0.7807562977128991
2025-09-15,0.9999988249337991,3.029890866694836e-12,1.1750631698668187e-06,0.08020306984394471,0.175832667480619,0.7439642626754362
2025-09-16,0.9999999569456873,1.833156007629268e-13,4.305412785365017e-08,0.13014641980000013,0.17045321714630962,0.6994003630536902
2025-09-17,0.9999991268270758,3.244309990853688e-08,8.407298227082337e-07,0.18014154604317204,0.1703438967047882,0.6495145572520398
2025-09-18,0.9984993644194992,0.0013747309071212627,0.00012590467337803736,0.23006352432196392,0.1703453459610526,0.5995911297169835
2025-09-19,0.7457969730018558,0.246117286078323,0.00808574091981971,0.26734673974877254,0.18248899994146206,0.5501642603097654
2025-09-22,0.22728571507891376,0.670838071325003,0.10187621359608162,0.27859074795103067,0.20824894261263072,0.5131603094363386
2025-09-23,0.15381982788511933,0.8145892735935562,0.03159089852132303,0.28533985454102184,0.2141531161107404,0.5005070293482378
2025-09-24,0.2326843019326758,0.7612753577978061,0.006040340269516676,0.2955363926668804,0.21492271348416497,0.4895408938489546
2025-09-25,0.3487135037641081,0.6476724524877807,0.0036140437481097147,0.31244358933378413,0.21821310553443196,0.46934330513178385
2025-09-26,0.12788826035828355,0.8682598079428527,0.0038519316988621963,0.3188343884148717,0.261618198915305,0.41954741266982315
2025-09-29,0.03522851939419436,0.9571460286115958,0.007625451994208294,0.3205957102745731,0.3094754558680945,0.36992883385733233
2025-09-30,0.028921269192454392,0.9597275982614625,0.011351132546081572,0.3220416723975478,0.35746179956232327,0.32049652804012896
2025-10-01,0.007934557086143906,0.9269840352037854,0.06508140771006905,0.32242568102149416,0.4032746885164582,0.2742996304620476
2025-10-02,0.0037662939697970174,0.7964019506930069,0.19983175533719447,0.3226137979558469,0.44309458717756334,0.2342916148665897
2025-10-03,0.0030625830910139865,0.7551304664565953,0.2418069504523892,0.32276691782706285,0.48085111046183276,0.19638197171110436
2025-10-06,0.003521545934526021,0.7778898455612445,0.2185886085042279,0.32294297113194903,0.5197456019693656,0.15731142689868532
2025-10-07,0.007946558036807128,0.8218251795661904,0.17022826239700098,0.3233401261643408,0.5608367749312706,0.11582309890438867
2025-10-08,0.009293309389407126,0.6962306104794804,0.29447608013111104,0.323772083500181,0.5955897375621982,0.08063817893762071
2025-10-09,0.0002699176134998006,0.003222536705988923,0.9965075456805099,0.31702235391753936,0.5631050931155043,0.11987255296695642
2025-10-10,1.858514943906598e-05,0.00012894375154628675,0.9998524710990134,0.29673244970021545,0.5352407103934834,0.16802683990630113
2025-10-13,5.444977852012184e-05,0.0011409329450291876,0.9988046172764494,0.24673523094245142,0.5352977570405834,0.21796701201696517
2025-10-14,4.053294134403754e-06,2.8118200536275812e-06,0.9999931348858108,0.19673543575987376,0.5352978976315769,0.26796666660854945
2025-10-15,0.0007151878438736375,0.020651417256984064,0.9786333948991413,0.14677123881071355,0.5363304668722711,0.3168982943170154
2025-10-16,0.01688313077797473,0.45213241979842744,0.5309844494235969,0.09769042712863724,0.5588683513168364,0.34344122155452633
2025-10-17,0.008488018503396162,0.4603018981980725,0.5312100832985304,0.060824979403714216,0.5695775819228239,0.3695974386734619
2025-10-20,0.017321581606997993,0.348193511774313,0.6344849066186881,0.0503267727301184,0.5534453539452894,0.3962278733245923
2025-10-21,0.09975625835446016,0.3659800171762339,0.5342637244693051,0.047623594253585436,0.5310148911244231,0.42136151462199134
2025-10-22,0.7431371645199715,0.002460114110811705,0.2544027213692159,0.07314623738295026,0.49307412894007335,0.43377963367697636
2025-10-23,0.055331367669821906,0.09431801706137873,0.8503506152687987,0.05847713057823592,0.46540640716875326,0.47611646225301085
2025-10-24,0.00983038752569956,0.22352568271376527,0.7666439297605346,0.05257423693660671,0.4331697009072988,0.5142560621560945
2025-10-27,0.0025746348279913336,0.24637469503025092,0.7510506701417573,0.05094154270829657,0.3976311342282316,0.551427323063472
2025-10-28,0.0017813580961417602,0.25512217213325106,0.7430964697706067,0.04958454715348092,0.36240086292182083,0.5880145899246982
2025-10-29,0.0019364935165723113,0.21813309431816333,0.7799304121652639,0.04928464397500232,0.3269583158775397,0.6237570401474579
2025-10-30,0.004525615674062367,0.6177415013179175,0.37773288300801977,0.0493226100602156,0.31802529340878527,0.6326520965309992
2025-10-31,0.008741128690908552,0.841140057773917,0.1501188135351739,0.049606537340210324,0.32232577297465126,0.6280676896851384
2025-11-03,0.034412539720565086,0.932105074775827,0.03348238550360734,0.05115108702951228,0.3300365344353804,0.6188123785351073
2025-11-04,0.13996417449360132,0.8532219628194374,0.006813862686960879,0.05775196785235199,0.33160637359804274,0.6106416585496053
2025-11-05,0.3465352211135722,0.6507486413297152,0.002716137556712412,0.07461406343856027,0.3293322751405544,0.5960536614208853
2025-11-06,0.560044854596469,0.43804310843514066,0.0019120369683901883,0.10260281028770873,0.35107330372701206,0.5463238859852793
2025-11-07,0.7768632663487542,0.22185237535436947,0.0012843582968761367,0.1414450443476745,0.3621594753071532,0.4963954803451723
2025-11-10,0.963103790551477,0.03652539622770304,0.0003708132208200008,0.1895975113863224,0.36392869847128684,0.44647379014239086
2025-11-11,0.9962380993500061,0.0036592778441019687,0.00010262280589193348,0.23940921368911597,0.36411152177248923,0.39647926453839477
2025-11-12,0.900111370860319,0.09890324890850058,0.0009853802311804705,0.2843790228399382,0.3680241133550651,0.3475968638049967
2025-11-13,0.8705683537878875,0.12747972983988645,0.001951916372226155,0.32706328399043383,0.35179147885713796,0.32114523715242815
2025-11-14,0.6533771114722766,0.3250051918859721,0.02161769664175162,0.3593077386388778,0.3450266435415329,0.2956656178195891
2025-11-17,0.6643527712830702,0.26206932756588724,0.07357790115104286,0.39165929812268147,0.34072043433111165,0.26762026754620694
2025-11-18,0.09014234615743749,0.11707932256138656,0.7927783312811763,0.3911786025128304,0.3282753996003692,0.2805459978868004
2025-11-19,0.07420441378157856,0.14883277655931343,0.776962809659108,0.3577319649759107,0.3355940327227943,0.306674002301295
2025-11-20,0.29688847511288086,0.47042552329154697,0.2326860015955722,0.36980982034806364,0.3543994080343027,0.2757907716176337
2025-11-21,0.9964695519327217,0.002135212636966548,0.0013952354303114983,0.4191417785684148,0.34332988453046276,0.23752833690112252
2025-11-24,0.9999812348962124,9.846652296583908e-06,8.918451490831624e-06,0.46901210857182574,0.3310116421115651,0.19997624931660918
2025-11-25,0.9996120902296896,0.000346200883977279,4.170888633309918e-05,0.5189036451785032,0.3182728435491013,0.16282351127239547
2025-11-26,0.8378268034391153,0.1606855633177091,0.001487633243175415,0.5606981606746303,0.31540046699907864,0.12390137232629105
2025-11-27,0.8212399869828798,0.177744653198122,0.001015359818997898,0.6015338792400712,0.29340062459308885,0.10506549616683998
2025-11-28,0.83366494025874,0.1649519607573403,0.0013830989839194356,0.6427800698184628,0.25959121974226,0.09762871043927723
2025-12-01,0.9853919016722583,0.014395701693156083,0.00021239663458566007,0.6903290379160474,0.21370575108812648,0.09596521099582615
2025-12-02,0.999793538967577,0.00018832937389827065,1.813165852478689e-05,0.7333205061397461,0.1710540694158495,0.09562542444440433
2025-12-03,0.9937479160313596,0.006125310981578427,0.00012677298706189756,0.7656811408856357,0.13882290289844265,0.09549595621592183
2025-12-04,0.9999201113856717,6.85127006980269e-05,1.137591363002055e-05,0.7876749037250956,0.11692417311172051,0.09540092316318381
2025-12-05,0.9996772774991003,0.00030073815059620537,2.198435030325868e-05,0.798815604282613,0.10584659125153188,0.09533780446585519
2025-12-08,0.9937686145308122,0.006115267552702216,0.00011611791648555745,0.8003488454815797,0.1043260848177818,0.09532506970063845
2025-12-09,0.9900447775609386,0.009784600133663102,0.00017062230539824559,0.8000391793921263,0.10463235093225987,0.09532846967561376
2025-12-10,0.8733388324066266,0.12556892034013445,0.0010922472532390495,0.7987005524694417,0.10596563450384158,0.09533381302671669
2025-12-11,0.4779857618445222,0.5189756564884579,0.0030385816670200835,0.7790714228722735,0.12554043083627014,0.0953881462914564
2025-12-12,0.12737843947070485,0.8674127111547197,0.00520884937457557,0.752771489272195,0.15266080679970756,0.09456770392809759
2025-12-15,0.047190900719719445,0.9470942249762705,0.005714874304010241,0.7219133957440274,0.18691205167022668,0.09117455258574594
2025-12-16,0.05227551731279244,0.9427097359018242,0.0050147467853833075,0.7200200543017952,0.2281935723372486,0.05178637336095631
2025-12-17,0.15096889905042746,0.8445142557606223,0.004516845188950125,0.7238582785652375,0.262977646297314,0.013164075137448408
2025-12-18,0.5410125847768411,0.4563188636687933,0.002668551554365409,0.7360644840484356,0.26227231331617634,0.0016632026353880695
2025-12-19,0.9999992802092048,3.2515869292483977e-11,7.197582791252189e-07,0.7362409704622597,0.2621655526859538,0.001593476851786451
2025-12-22,0.9997390393946762,0.00024115852901493903,1.9802076308681397e-05,0.736228860687183,0.2621771182797898,0.0015940210330273436
2025-12-23,0.9984527519206138,0.001490621441712303,5.662663767415386e-05,0.7361708937717292,0.2622343393076765,0.0015947669205943964
2025-12-24,0.9997764752202887,8.33237691313017e-06,0.00021519240279829774,0.7442683773607878,0.25420047776063676,0.0015311448785755404
2025-12-25,0.354802553595696,0.4016552385460416,0.24354220785826247,0.7209465056914286,0.2653960070280327,0.013657487280538769
2025-12-26,0.019273140380188614,1.1101204112308798e-06,0.9807257494993998,0.680226915697501,0.25714846449618617,0.06262461980631279
2025-12-29,0.8662894582644207,0.08905592167135151,0.04465462006422751,0.6742717935271092,0.260881475495096,0.06484673097779489
2025-12-30,0.9477527807134727,0.04871866082546866,0.0035285584610583263,0.6716697556144039,0.2633079920676745,0.06502225231792155
2025-12-31,0.9997469279154533,8.303215045767709e-05,0.00017003993408863107,0.6719697062086086,0.26300587812611853,0.06502441566527292
2026-01-05,0.976903736810723,0.009577100762233151,0.013519162427043555,0.6708188874798612,0.2634813075291952,0.06569980499094358
2026-01-06,0.03678807172415045,0.03964123162743929,0.9235706966484099,0.6226744271911138,0.2654483322030374,0.1118772406058489
2026-01-07,1.1590575664546159e-05,1.6345109005478295e-08,0.9999883930792257,0.5729865759933563,0.26514256964265775,0.16187085436398593
2026-01-08,0.0008574845225582452,0.07940817443882375,0.9197343410386173,0.5235272113414373,0.2686237483579158,0.20784904030064688
2026-01-09,0.0012174094612631403,0.12087541150350595,0.87790717903523,0.47992114019416915,0.2683890729160844,0.25168978688974647
2026-01-12,0.0019376703846359228,0.10988401839880552,0.8881783112165578,0.45611873562117494,0.24793449101160173,0.2959467733672234
2026-01-13,0.01814283727801618,0.8494227088575879,0.13243445386439512,0.45065695551154045,0.2470349908967452,0.3023080535917143
2026-01-14,0.02040205611212975,0.95425202825418,0.025345915633689355,0.4493175132811611,0.24739288106064067,0.30328960565819835
2026-01-15,0.015569066200059737,0.9659480915850582,0.018482842214881286,0.4474821907255244,0.24855479884480236,0.3039630104296733
2026-01-16,0.03194611027825932,0.9208011393254688,0.04725275039627125,0.44153105128691605,0.2523691430230447,0.30609980569003925
2026-01-19,0.006650973562432304,0.6847069152509513,0.3086421111866156,0.41481297072619555,0.2637885456021526,0.32139848367165186
2026-01-20,0.0033534474495093575,0.535767131419257,0.4608794211312328,0.3649806790882108,0.29057690217148974,0.3444424187402995
2026-01-21,0.0022569243298989497,0.35405213214141584,0.6436909435286846,0.3151065733349719,0.3082674508521097,0.37662597581291835
2026-01-22,0.0025371798756470727,0.26127315881682295,0.7361896613075293,0.26531079473272356,0.3212565777208653,0.4134326275464112
2026-01-23,0.006416076589172235,0.14141708953227736,0.8521668338785497,0.2156427748011677,0.3283270155786336,0.4560302096201988
2026-01-26,0.07985896861242309,0.7241346533001966,0.19600637808737967,0.20189559555200404,0.34445098631634125,0.45365341813165466
2026-01-27,0.2784570487021094,0.6933705140216087,0.028172437276281194,0.2148547909681001,0.3791194565114012,0.4060257525204987
2026-01-28,0.5735200837134262,0.42205127730361675,0.004428638982956379,0.2002163222405504,0.3957692242930145,0.40401445346643516
2026-01-29,0.8534031005641982,0.14556646775303642,0.0010304316827649674,0.19549883823308664,0.4006116146393929,0.4038895471275205
2026-01-30,0.9091562205060851,0.09007213295647849,0.0007716465374359218,0.19096930286261823,0.4051110696796939,0.4039196274576879
2026-02-02,0.9976708527613137,0.0015755442236783357,0.0007536030150076056,0.1920076586601478,0.4047109918527662,0.403281349487086
2026-02-03,0.8407597552150475,0.1032178872055437,0.05602235757940854,0.23220624283469266,0.40788982463167145,0.35990393253363595
2026-02-04,0.015818267072363543,0.013588958964563561,0.9705927739630726,0.2329965766595276,0.40856927176264407,0.35843415157782826
2026-02-05,0.0002868896149198604,0.0007378500028813746,0.9989752603821985,0.2329680469141457,0.404635755540847,0.36239619754500735
2026-02-06,0.0003402862086438453,0.0031890752474038287,0.9964706385439519,0.2329241907515147,0.39875143872804186,0.3683243705204434
2026-02-09,0.020222375093761243,0.5351802774298737,0.44459734747636454,0.233838425986971,0.4200162516795953,0.3461453223334337
2026-02-10,0.07607921406705499,0.6347950150398558,0.28912577089308866,0.2367352448264229,0.4092848669887087,0.3539798881848685
2026-02-11,0.5026867101270751,0.464859709296258,0.03245358057666663,0.26084947752717014,0.38481525104081254,0.35433527143201726
2026-02-12,0.7247301492885763,0.2629852546866688,0.012284596024754981,0.296307531681596,0.349667109195893,0.354025359122511
2026-02-13,0.956818244338286,0.010428154286688154,0.032753601375025594,0.3425511383845974,0.30414845994395395,0.35330040167144866
2026-02-23,0.002319429733518942,0.0001404702176399335,0.9975401000488411,0.3423345611931517,0.2699201376922884,0.3877453011145599
2026-02-24,5.936130726963609e-06,4.788622579591459e-07,0.999993585007015,0.3421671856272126,0.2431318050644384,0.4147010093083491
2026-02-25,0.001293905818149524,0.0029730576271380636,0.9957330365547122,0.3421190347016251,0.22557785133872452,0.43230311395965043
2026-03-02,0.1473048177852485,0.34199090053364345,0.510704281681108,0.3493574165971052,0.22961373842456553,0.4210288449783293
2026-03-03,0.04512032499283682,0.46982642118138596,0.4850532538257773,0.35129262901728836,0.24603420500702095,0.4026731659756907
2026-03-04,0.006810629044757823,0.29945874593167165,0.6937306250235706,0.34764021203890505,0.22480040963859468,0.42755937832250024
2026-03-05,0.0018934094547490344,0.1471176067973386,0.8509889837479124,0.33381203007653704,0.19748776427738116,0.4687002056460818
2026-03-06,0.00024303889889621002,0.009862477807778089,0.9898944832933257,0.3051481778358105,0.1768783243025892,0.5179734978616003
2026-03-09,3.052941939301403e-06,2.0367984895068447e-06,0.9999949102595714,0.2624781754546976,0.1696001027548619,0.5679217217904405
2026-03-10,1.0741880867352277e-05,4.978169491026558e-05,0.9999394764242227,0.21702090152343664,0.16509898519178343,0.6178801132847799
2026-03-11,0.00014632110596367502,0.006840684957431837,0.9930129939366047,0.16714467494066915,0.16536224222847115,0.6674930828308597
2026-03-12,0.0003550629370228948,0.023708908496677658,0.9759360285662997,0.12512444032676792,0.16138679329302782,0.7134887663802043
2026-03-13,0.00042216955426160646,0.02891189747752055,0.970665932968218,0.12435463545086282,0.16215294021867568,0.7134924243304616
2026-03-16,0.00020506849539522428,0.013861606637778884,0.9859333248668263,0.12435054439488656,0.16280912805042055,0.712840327554693
2026-03-17,0.00044716520613826907,0.03858276457833901,0.960970070215523,0.12435588834476127,0.1645788125169673,0.7110652991382714
2026-03-18,0.000989937287492308,0.08594947504315477,0.9130605876693532,0.12339426645444784,0.14211727239763133,0.7344884611479209
2026-03-19,0.0009153507191586328,0.07112878486403987,0.9279558644168018,0.11963607328705299,0.1139339608888405,0.7664299658241064
2026-03-20,4.107851651400297e-05,0.0004584598523695937,0.9995004616311167,0.09450379170652497,0.09071389841664612,0.814782309876829
2026-03-23,2.0318603738112588e-05,1.1198308661955092e-05,0.9999684830876003,0.05826830017228306,0.07756519559774579,0.8641665042299712
2026-03-24,0.005263570602688565,0.5305975894530468,0.464138839944265,0.010690566485503187,0.1035736673560637,0.8857357661584331
2026-03-25,0.006771444468090844,0.6688728332409437,0.32435572229096576,0.010913167222231781,0.13701028550722888,0.8520765472705394
2026-03-26,0.028233015430149694,0.7969258306882276,0.17484115388162308,0.012324521187202918,0.17685655309852735,0.8108189257142697
2026-03-27,0.1740009792501946,0.7825639778111956,0.04343504293861017,0.02095987485880517,0.21583609910773024,0.7632040260334646
2026-03-30,0.7154424941458712,0.2807007469243237,0.0038567589298051895,0.04936675867683629,0.2127715914272642,0.7378616498958995
2026-03-31,0.8556613357806753,0.14318700342968227,0.001151660789642837,0.08989380921622821,0.19643962053967903,0.7136665702440929
2026-04-01,0.9985251888919062,0.001410260007145575,6.455110094831321e-05,0.13947953720858564,0.18153719624345277,0.6789832665479617
2026-04-02,0.9999581122334635,3.246950978299951e-05,9.418256753494085e-06,0.18938277234752132,0.17418293937907497,0.6364342882734038
2026-04-03,0.977150186666814,0.022578057358978595,0.0002717559742074718,0.23822812973591717,0.17481871835663496,0.5869531519074478
2026-04-06,0.9676243686572362,0.03207001829961383,0.0003056130431498779,0.286609195521682,0.17642211743169117,0.5369686870466267
2026-04-07,0.922006790716435,0.07708677445519879,0.0009064348283661521,0.3327089979634603,0.1802739670697056,0.4870170349668339
2026-04-08,0.965517586797409,0.034149667044520944,0.00033274615806998535,0.38097756124803267,0.18163941617406013,0.4373830225779072
2026-04-09,0.994086149817433,0.0058107066619169515,0.00010314352065004802,0.43066411559205314,0.18074450608232207,0.38859137832562474
2026-04-10,0.9995361610893002,0.0003879080130176365,7.593089768238227e-05,0.48061981516880514,0.17931830660909692,0.340061878222098
2026-04-13,0.5292349486066169,0.4667350256556732,0.004030025737709889,0.5070713091743662,0.20196197755999162,0.2909667132656422
2026-04-14,0.12084741076516582,0.8647182525471167,0.014434336687717557,0.5130913214523175,0.24326875195843048,0.24363992658925193
2026-04-15,0.06457737883995204,0.9190464110003566,0.01637621015969153,0.5162706935299406,0.28492359875629064,0.19880570771376882
2026-04-16,0.1130505211217413,0.8804809833911316,0.006468495487127492,0.5218774520500696,0.3253912086826452,0.15273133926728513
2026-04-17,0.34769971690803103,0.649095622311692,0.003204660780277252,0.5392603839696455,0.3578230668056113,0.10291654922474318
2026-04-20,0.7213581274506871,0.2769188504154515,0.0017230221338620337,0.5753272744119929,0.3716684494109508,0.05300427617705628
2026-04-21,0.9968188617500656,0.003058883105109733,0.0001222551448253886,0.6249050389693618,0.34529151409355396,0.029803446937084296
2026-04-22,0.9911651354052129,0.00858989736563473,0.00024496722915296447,0.6741247235162179,0.31227736729978844,0.013597909183993664
2026-04-23,0.6152042697752669,0.38216036005053855,0.0026353701741953614,0.7034732862334737,0.291539093767904,0.00498761999862228
2026-04-24,0.16286794673975022,0.8319784495252184,0.005153603735031959,0.7029166346079515,0.2940098173536052,0.0030735480384433693
2026-04-28,0.045480695575463886,0.949285958360583,0.005233346063953743,0.669418544679431,0.32743907792541804,0.0031423773951507966
2026-04-29,0.032864586204985766,0.9639005036808844,0.0032349101141302783,0.6282787072006467,0.3684747529379782,0.003246539861375169
2026-05-04,0.05783065335609026,0.9399858993933031,0.00218344725060735,0.5812439804238558,0.415403534907286,0.0033524846688581206
2026-05-05,0.0760607789602158,0.9218591926296955,0.002080028410089236,0.5350491137601935,0.46149487106328174,0.0034560151765249073
2026-05-06,0.07194427259275277,0.9258372548255138,0.0022184725817336872,0.48978881805649044,0.5066578309366084,0.003553351006901218
2026-05-07,0.09371172107460043,0.903794355175276,0.0024939237501240214,0.4460931856773586,0.5502440477803914,0.003662766542249925
2026-05-08,0.18570990065866716,0.8120528690906793,0.002237230250653703,0.4092783411744702,0.5869923525121655,0.0037293063133643023
2026-05-11,0.2783384451808123,0.718927828148017,0.0027337266711709067,0.3749193840936404,0.6212312605673402,0.003849355339019349
2026-05-12,0.5436843489588695,0.4542581969056111,0.0020574541355196396,0.35239929405071224,0.6436536350795249,0.003947070869762828
2026-05-13,0.4831315316424039,0.514913806914733,0.001954661442863212,0.32657906257836744,0.6693799300246106,0.0040410073970218695
2026-05-14,0.2853721792736922,0.7115034529383218,0.0031243677879861237,0.31438592411172117,0.681618351388743,0.003995724499535682
2026-05-15,0.06568199890157926,0.9252805997545106,0.009037401343910246,0.31162765351854194,0.684646468749113,0.0037258777323453166
2026-05-18,0.012308432090114053,0.9595975191436343,0.028094048766251864,0.30901420618105,0.6866740241562767,0.004311769662673333
2026-05-19,0.004433224292453983,0.9776502431168989,0.017916532590647335,0.30358334133958564,0.691532487142565,0.004884171517849324
2026-05-20,0.004215383356847642,0.9879576864207257,0.007826930222427085,0.2864091246620265,0.7084755903480169,0.005115284989956817
2026-05-21,0.007017472938006951,0.9888989094056891,0.0040836176563041875,0.25069209193639247,0.7440745932975286,0.005233314766078924
2026-05-22,0.018113325412968114,0.9793789884489233,0.002507686138108681,0.2017568151195376,0.7928905985647193,0.005352586315743087
2026-05-25,0.03981781923002443,0.9579001431090285,0.0022820376609470196,0.15418944931077821,0.840356110851889,0.005454439837332791
2026-05-26,0.08780741159992135,0.9100643804315364,0.0021282079685421918,0.12781960640201095,0.8667513118709389,0.0054290817270501324
2026-05-27,0.09467850632230537,0.9032380464085668,0.0020834472691278073,0.12441013438113872,0.8703142917151063,0.005275573903754926
2026-05-28,0.07345565981374229,0.9243472668936715,0.0021970732925861436,0.12580888259305267,0.8690673571417609,0.005123760265186547
2026-05-29,0.06437902646863404,0.9327275944242517,0.0028933791071143675,0.12738460460623507,0.8675087116789292,0.005106683714835751
2026-06-01,0.06400891266718456,0.9273743514027976,0.008616735930017856,0.12769351757178976,0.8668781342794039,0.005428348148806277
2026-06-02,0.013797376478167832,0.9313836378315581,0.05481898569027414,0.1245803474476874,0.867354356539497,0.00806529601281552
2026-06-03,0.0052214932129663865,0.9727125853162745,0.02206592147075903,0.12124420847869805,0.869698123064035,0.009057668457266787
2026-06-04,0.0031643252546093782,0.9777944415394122,0.01904123320597824,0.1167168386876985,0.8733981273822419,0.009885033930059498
2026-06-05,0.003066495368171903,0.9846866477950447,0.012246856836783577,0.10758466842317375,0.8820298163174604,0.010385515259365994
2026-06-08,0.0035326443505335325,0.9878570738620651,0.008610281787401185,0.09384437838165981,0.8954762786031626,0.010679343015177506
2026-06-09,0.0032247442313820336,0.9822394551581611,0.014535800610456343,0.06682139814528545,0.9218753415157902,0.011303260338924342
2026-06-10,0.0034230193012242853,0.965972229480287,0.030604751218488168,0.042835972528226476,0.944428262644068,0.01273576482770559
2026-06-11,0.004609112714501993,0.9208607758297752,0.07453011145572219,0.028797819200266975,0.9548961287886406,0.016306052011092396
2026-06-12,0.006109648346711328,0.7498884566783192,0.24400189497496888,0.02581920167252357,0.9461265216348311,0.028054276692645326
2026-06-15,0.0019393374910833948,0.17290267363135428,0.8251579888775618,0.025300746942572044,0.9067917793592172,0.06790747369821083
2026-06-16,0.0006344095993639701,0.05657168791803158,0.9427939024826035,0.025110806207917544,0.8607378515992739,0.11415134219280863
2026-06-17,0.0004239109554291843,0.0346222427812923,0.9649538462632776,0.024921232587846624,0.8130710794173022,0.16200768799485118
2026-06-18,0.00028309290693191,0.017790374985083037,0.981926532107984,0.02458451358629287,0.764515652696272,0.21089983371743518
2026-06-19,0.00010335845913632276,0.003910674995359398,0.9959859665455033,0.02368401523860128,0.7157422370235937,0.26057374773780495
2026-06-22,0.00013546363848405908,0.004982161301914792,0.9948823750596001,0.021699897459024266,0.6680963379332382,0.31020376460773763
2026-06-23,4.436335720145508e-05,0.000826532368042047,0.9991291042747554,0.017311745046888267,0.6226344455300633,0.3600538094230484
2026-06-24,0.0002686122772701677,0.00876508107749746,0.9909663066452312,0.012591250344636509,0.5779107972635099,0.40949795239185355
2026-06-25,0.003120240100967177,0.34632775356483014,0.6505520063342018,0.00907447935899775,0.5490098215970678,0.44191569904393446
2026-06-26,0.006249463486292208,0.5574995302864381,0.43625100622726887,0.006168001209880658,0.5302484183901771,0.4635835803999422
2026-06-29,0.032946256636039464,0.8949933263505829,0.07206041701337687,0.004614868408323402,0.5286293671375665,0.46675576445411016
2026-06-30,0.08186816742220043,0.9027599934586442,0.015371839119154476,0.008018407955525034,0.5271981849189208,0.4647834071255542
2026-07-01,0.019698012634193827,0.9697992905702435,0.010502696795561746,0.008742233926586407,0.5270525201816193,0.4642052458917944
2026-07-02,0.016547438624171375,0.9801726327267661,0.0032799286490618786,0.009411389595064507,0.527171429740987,0.4634171806639485
2026-07-03,0.012143247197008364,0.9848654190959498,0.00299133370704114,0.00986522718650633,0.5271803683060323,0.4629544045074614
2026-07-06,0.021977813520869846,0.9755454783617897,0.002476708117339365,0.010787485645023149,0.5265647885310185,0.4626477258239583
2026-07-07,0.035427182027244083,0.9604156474535351,0.004157170519219764,0.012397607534816254,0.5254735981457872,0.46212879431939646
2026-07-08,0.13488765224051033,0.8618880591990923,0.003224288560396338,0.018970839181780563,0.5202693896317275,0.4607597711864919
2026-07-09,0.059476539658599295,0.9377792415991778,0.002744218742221979,0.02171421052898543,0.5211153129201976,0.4571704765508169
2026-07-10,0.03794666457230356,0.9591643659210609,0.002888969506634632,0.02330606134026504,0.5315791083823347,0.4451148302774002
2026-07-13,0.008250700838310691,0.983581555070219,0.008167744091469458,0.023621629507626404,0.5721130524542781,0.4042653180380955
2026-07-14,0.0045237823130331945,0.990171846536046,0.005304371150920156,0.02381609814330987,0.6187930603851788,0.35739084147151134
2026-07-15,0.003947401624970375,0.9913734536791888,0.00467914469584026,0.023992272676786927,0.6666306209300736,0.3093771063931394
2026-07-16,0.004572671527274371,0.9909700279855568,0.004457300487168126,0.02420675160780405,0.7152896035800974,0.2605036448120986
2026-07-17,0.006883225251677784,0.9867709240108659,0.006345850737455818,0.02454574494743112,0.7644326160308726,0.21102163902169616
2026-07-20,0.0063929159092834505,0.9661800037990306,0.027427080291685543,0.02485861756097109,0.8124925081557285,0.16264887428330038
2026-07-21,0.02033286001954225,0.9608207138266558,0.018846426153801728,0.02587304239408813,0.8604922172286592,0.11363474037725264
2026-07-22,0.06297411060225479,0.8821711715506657,0.054854717847079376,0.02900831731033736,0.9041625217523175,0.06682916093734502
2026-07-29,0.33256525901430134,0.6579972363959424,0.009437504589756156,0.04548056825600408,0.9197459958938732,0.03477343585012272
2026-07-30,0.7662514219540741,0.23202353645990503,0.0017250415860206659,0.08348066617939319,0.9034721962025465,0.013047137618060292
2026-08-06,0.8775993068239765,0.12142807836361225,0.0009726148124112114,0.12571331868879007,0.8647939338031979,0.009492747508012008
2026-08-14,0.8976675112724569,0.09911121167586913,0.0032212770516739406,0.1665032858813029,0.8246114947140591,0.008885219404637979
