source,row_index,row_text,period,id,name,order,level,off_balance,unit,value,item,2025-Q3,2025-Q4,2026-Q1,2026-Q2
TCB_balance_sheet_doc,3,2026-Q2 | BS_PLACEMENTS_AND_LOANS_TO_CREDIT_INSTITUTIONS | Placements and Loans to Credit Institutions | 4 | 1 | False | VNĐ | 85416520000000.0,2026-Q2,BS_PLACEMENTS_AND_LOANS_TO_CREDIT_INSTITUTIONS,Placements and Loans to Credit Institutions,4,1,False,VNĐ,85416520000000.0,,,,,
TCB_balance_sheet_doc,5,2026-Q2 | BS_LOANS_TO_CUSTOMERS | Loans to Customers | 12 | 1 | False | VNĐ | 835813283000000.0,2026-Q2,BS_LOANS_TO_CUSTOMERS,Loans to Customers,12,1,False,VNĐ,835813283000000.0,,,,,
TCB_balance_sheet_doc,6,2026-Q2 | BS_PROVISION_LOANS_TO_CUSTOMERS |   ‣ Provision Loans to Customers | 14 | 2 | False | VNĐ | -11522285000000.0,2026-Q2,BS_PROVISION_LOANS_TO_CUSTOMERS,  ‣ Provision Loans to Customers,14,2,False,VNĐ,-11522285000000.0,,,,,
TCB_balance_sheet_doc,9,2026-Q2 | BS_PLACEMENTS_AND_BORROWINGS_FROM_CREDIT_INSTITUTIONS |   ‣ Placements and Borrowings from Credit Institutions | 51 | 2 | False | VNĐ | 164739459000000.0,2026-Q2,BS_PLACEMENTS_AND_BORROWINGS_FROM_CREDIT_INSTITUTIONS,  ‣ Placements and Borrowings from Credit Institutions,51,2,False,VNĐ,164739459000000.0,,,,,
TCB_balance_sheet_doc,10,2026-Q2 | BS_CUSTOMER_DEPOSITS |   ‣ Customer Deposits | 54 | 2 | False | VNĐ | 662447730000000.0,2026-Q2,BS_CUSTOMER_DEPOSITS,  ‣ Customer Deposits,54,2,False,VNĐ,662447730000000.0,,,,,
TCB_balance_sheet_doc,16,2026-Q1 | BS_PLACEMENTS_AND_LOANS_TO_CREDIT_INSTITUTIONS | Placements and Loans to Credit Institutions | 4 | 1 | False | VNĐ | 87777341000000.0,2026-Q1,BS_PLACEMENTS_AND_LOANS_TO_CREDIT_INSTITUTIONS,Placements and Loans to Credit Institutions,4,1,False,VNĐ,87777341000000.0,,,,,
TCB_balance_sheet_doc,18,2026-Q1 | BS_LOANS_TO_CUSTOMERS | Loans to Customers | 12 | 1 | False | VNĐ | 785612530000000.0,2026-Q1,BS_LOANS_TO_CUSTOMERS,Loans to Customers,12,1,False,VNĐ,785612530000000.0,,,,,
TCB_balance_sheet_doc,19,2026-Q1 | BS_PROVISION_LOANS_TO_CUSTOMERS |   ‣ Provision Loans to Customers | 14 | 2 | False | VNĐ | -11251421000000.0,2026-Q1,BS_PROVISION_LOANS_TO_CUSTOMERS,  ‣ Provision Loans to Customers,14,2,False,VNĐ,-11251421000000.0,,,,,
TCB_balance_sheet_doc,22,2026-Q1 | BS_PLACEMENTS_AND_BORROWINGS_FROM_CREDIT_INSTITUTIONS |   ‣ Placements and Borrowings from Credit Institutions | 51 | 2 | False | VNĐ | 150267181000000.0,2026-Q1,BS_PLACEMENTS_AND_BORROWINGS_FROM_CREDIT_INSTITUTIONS,  ‣ Placements and Borrowings from Credit Institutions,51,2,False,VNĐ,150267181000000.0,,,,,
TCB_balance_sheet_doc,23,2026-Q1 | BS_CUSTOMER_DEPOSITS |   ‣ Customer Deposits | 54 | 2 | False | VNĐ | 599808238000000.0,2026-Q1,BS_CUSTOMER_DEPOSITS,  ‣ Customer Deposits,54,2,False,VNĐ,599808238000000.0,,,,,
TCB_balance_sheet_doc,29,2025-Q4 | BS_PLACEMENTS_AND_LOANS_TO_CREDIT_INSTITUTIONS | Placements and Loans to Credit Institutions | 4 | 1 | False | VNĐ | 114958312000000.0,2025-Q4,BS_PLACEMENTS_AND_LOANS_TO_CREDIT_INSTITUTIONS,Placements and Loans to Credit Institutions,4,1,False,VNĐ,114958312000000.0,,,,,
TCB_balance_sheet_doc,31,2025-Q4 | BS_LOANS_TO_CUSTOMERS | Loans to Customers | 12 | 1 | False | VNĐ | 757118751000000.0,2025-Q4,BS_LOANS_TO_CUSTOMERS,Loans to Customers,12,1,False,VNĐ,757118751000000.0,,,,,
TCB_balance_sheet_doc,32,2025-Q4 | BS_PROVISION_LOANS_TO_CUSTOMERS |   ‣ Provision Loans to Customers | 14 | 2 | False | VNĐ | -10498378000000.0,2025-Q4,BS_PROVISION_LOANS_TO_CUSTOMERS,  ‣ Provision Loans to Customers,14,2,False,VNĐ,-10498378000000.0,,,,,
TCB_balance_sheet_doc,35,2025-Q4 | BS_PLACEMENTS_AND_BORROWINGS_FROM_CREDIT_INSTITUTIONS |   ‣ Placements and Borrowings from Credit Institutions | 51 | 2 | False | VNĐ | 144982976000000.0,2025-Q4,BS_PLACEMENTS_AND_BORROWINGS_FROM_CREDIT_INSTITUTIONS,  ‣ Placements and Borrowings from Credit Institutions,51,2,False,VNĐ,144982976000000.0,,,,,
TCB_balance_sheet_doc,36,2025-Q4 | BS_CUSTOMER_DEPOSITS |   ‣ Customer Deposits | 54 | 2 | False | VNĐ | 618911535000000.0,2025-Q4,BS_CUSTOMER_DEPOSITS,  ‣ Customer Deposits,54,2,False,VNĐ,618911535000000.0,,,,,
TCB_balance_sheet_doc,42,2025-Q3 | BS_PLACEMENTS_AND_LOANS_TO_CREDIT_INSTITUTIONS | Placements and Loans to Credit Institutions | 4 | 1 | False | VNĐ | 92999089000000.0,2025-Q3,BS_PLACEMENTS_AND_LOANS_TO_CREDIT_INSTITUTIONS,Placements and Loans to Credit Institutions,4,1,False,VNĐ,92999089000000.0,,,,,
TCB_balance_sheet_doc,44,2025-Q3 | BS_LOANS_TO_CUSTOMERS | Loans to Customers | 12 | 1 | False | VNĐ | 756078003000000.0,2025-Q3,BS_LOANS_TO_CUSTOMERS,Loans to Customers,12,1,False,VNĐ,756078003000000.0,,,,,
TCB_balance_sheet_doc,45,2025-Q3 | BS_PROVISION_LOANS_TO_CUSTOMERS |   ‣ Provision Loans to Customers | 14 | 2 | False | VNĐ | -10631926000000.0,2025-Q3,BS_PROVISION_LOANS_TO_CUSTOMERS,  ‣ Provision Loans to Customers,14,2,False,VNĐ,-10631926000000.0,,,,,
TCB_balance_sheet_doc,48,2025-Q3 | BS_PLACEMENTS_AND_BORROWINGS_FROM_CREDIT_INSTITUTIONS |   ‣ Placements and Borrowings from Credit Institutions | 51 | 2 | False | VNĐ | 146643879000000.0,2025-Q3,BS_PLACEMENTS_AND_BORROWINGS_FROM_CREDIT_INSTITUTIONS,  ‣ Placements and Borrowings from Credit Institutions,51,2,False,VNĐ,146643879000000.0,,,,,
TCB_balance_sheet_doc,49,2025-Q3 | BS_CUSTOMER_DEPOSITS |   ‣ Customer Deposits | 54 | 2 | False | VNĐ | 595086941000000.0,2025-Q3,BS_CUSTOMER_DEPOSITS,  ‣ Customer Deposits,54,2,False,VNĐ,595086941000000.0,,,,,
TCB_balance_sheet_doc,55,2025-Q2 | BS_PLACEMENTS_AND_LOANS_TO_CREDIT_INSTITUTIONS | Placements and Loans to Credit Institutions | 4 | 1 | False | VNĐ | 80845693000000.0,2025-Q2,BS_PLACEMENTS_AND_LOANS_TO_CREDIT_INSTITUTIONS,Placements and Loans to Credit Institutions,4,1,False,VNĐ,80845693000000.0,,,,,
TCB_balance_sheet_doc,57,2025-Q2 | BS_LOANS_TO_CUSTOMERS | Loans to Customers | 12 | 1 | False | VNĐ | 700801926000000.0,2025-Q2,BS_LOANS_TO_CUSTOMERS,Loans to Customers,12,1,False,VNĐ,700801926000000.0,,,,,
TCB_balance_sheet_doc,58,2025-Q2 | BS_PROVISION_LOANS_TO_CUSTOMERS |   ‣ Provision Loans to Customers | 14 | 2 | False | VNĐ | -9511084000000.0,2025-Q2,BS_PROVISION_LOANS_TO_CUSTOMERS,  ‣ Provision Loans to Customers,14,2,False,VNĐ,-9511084000000.0,,,,,
TCB_balance_sheet_doc,61,2025-Q2 | BS_PLACEMENTS_AND_BORROWINGS_FROM_CREDIT_INSTITUTIONS |   ‣ Placements and Borrowings from Credit Institutions | 51 | 2 | False | VNĐ | 137064303000000.0,2025-Q2,BS_PLACEMENTS_AND_BORROWINGS_FROM_CREDIT_INSTITUTIONS,  ‣ Placements and Borrowings from Credit Institutions,51,2,False,VNĐ,137064303000000.0,,,,,
TCB_balance_sheet_doc,62,2025-Q2 | BS_CUSTOMER_DEPOSITS |   ‣ Customer Deposits | 54 | 2 | False | VNĐ | 545078843000000.0,2025-Q2,BS_CUSTOMER_DEPOSITS,  ‣ Customer Deposits,54,2,False,VNĐ,545078843000000.0,,,,,
TCB_balance_sheet_doc,68,2025-Q1 | BS_PLACEMENTS_AND_LOANS_TO_CREDIT_INSTITUTIONS | Placements and Loans to Credit Institutions | 4 | 1 | False | VNĐ | 81883430000000.0,2025-Q1,BS_PLACEMENTS_AND_LOANS_TO_CREDIT_INSTITUTIONS,Placements and Loans to Credit Institutions,4,1,False,VNĐ,81883430000000.0,,,,,
TCB_balance_sheet_doc,70,2025-Q1 | BS_LOANS_TO_CUSTOMERS | Loans to Customers | 12 | 1 | False | VNĐ | 655007208000000.0,2025-Q1,BS_LOANS_TO_CUSTOMERS,Loans to Customers,12,1,False,VNĐ,655007208000000.0,,,,,
TCB_balance_sheet_doc,71,2025-Q1 | BS_PROVISION_LOANS_TO_CUSTOMERS |   ‣ Provision Loans to Customers | 14 | 2 | False | VNĐ | -8685658000000.0,2025-Q1,BS_PROVISION_LOANS_TO_CUSTOMERS,  ‣ Provision Loans to Customers,14,2,False,VNĐ,-8685658000000.0,,,,,
TCB_balance_sheet_doc,74,2025-Q1 | BS_PLACEMENTS_AND_BORROWINGS_FROM_CREDIT_INSTITUTIONS |   ‣ Placements and Borrowings from Credit Institutions | 51 | 2 | False | VNĐ | 135313705000000.0,2025-Q1,BS_PLACEMENTS_AND_BORROWINGS_FROM_CREDIT_INSTITUTIONS,  ‣ Placements and Borrowings from Credit Institutions,51,2,False,VNĐ,135313705000000.0,,,,,
TCB_balance_sheet_doc,75,2025-Q1 | BS_CUSTOMER_DEPOSITS |   ‣ Customer Deposits | 54 | 2 | False | VNĐ | 531583052000000.0,2025-Q1,BS_CUSTOMER_DEPOSITS,  ‣ Customer Deposits,54,2,False,VNĐ,531583052000000.0,,,,,
TCB_balance_sheet_doc,81,2024-Q4 | BS_PLACEMENTS_AND_LOANS_TO_CREDIT_INSTITUTIONS | Placements and Loans to Credit Institutions | 4 | 1 | False | VNĐ | 84590474000000.0,2024-Q4,BS_PLACEMENTS_AND_LOANS_TO_CREDIT_INSTITUTIONS,Placements and Loans to Credit Institutions,4,1,False,VNĐ,84590474000000.0,,,,,
TCB_balance_sheet_doc,83,2024-Q4 | BS_LOANS_TO_CUSTOMERS | Loans to Customers | 12 | 1 | False | VNĐ | 623634271000000.0,2024-Q4,BS_LOANS_TO_CUSTOMERS,Loans to Customers,12,1,False,VNĐ,623634271000000.0,,,,,
TCB_balance_sheet_doc,84,2024-Q4 | BS_PROVISION_LOANS_TO_CUSTOMERS |   ‣ Provision Loans to Customers | 14 | 2 | False | VNĐ | -8090693000000.0,2024-Q4,BS_PROVISION_LOANS_TO_CUSTOMERS,  ‣ Provision Loans to Customers,14,2,False,VNĐ,-8090693000000.0,,,,,
TCB_balance_sheet_doc,87,2024-Q4 | BS_PLACEMENTS_AND_BORROWINGS_FROM_CREDIT_INSTITUTIONS |   ‣ Placements and Borrowings from Credit Institutions | 51 | 2 | False | VNĐ | 132239088000000.0,2024-Q4,BS_PLACEMENTS_AND_BORROWINGS_FROM_CREDIT_INSTITUTIONS,  ‣ Placements and Borrowings from Credit Institutions,51,2,False,VNĐ,132239088000000.0,,,,,
TCB_balance_sheet_doc,88,2024-Q4 | BS_CUSTOMER_DEPOSITS |   ‣ Customer Deposits | 54 | 2 | False | VNĐ | 533392350000000.0,2024-Q4,BS_CUSTOMER_DEPOSITS,  ‣ Customer Deposits,54,2,False,VNĐ,533392350000000.0,,,,,
TCB_balance_sheet_doc,94,2024-Q3 | BS_PLACEMENTS_AND_LOANS_TO_CREDIT_INSTITUTIONS | Placements and Loans to Credit Institutions | 4 | 1 | False | VNĐ | 90014293000000.0,2024-Q3,BS_PLACEMENTS_AND_LOANS_TO_CREDIT_INSTITUTIONS,Placements and Loans to Credit Institutions,4,1,False,VNĐ,90014293000000.0,,,,,
TCB_balance_sheet_doc,96,2024-Q3 | BS_LOANS_TO_CUSTOMERS | Loans to Customers | 12 | 1 | False | VNĐ | 617924570000000.0,2024-Q3,BS_LOANS_TO_CUSTOMERS,Loans to Customers,12,1,False,VNĐ,617924570000000.0,,,,,
TCB_balance_sheet_doc,97,2024-Q3 | BS_PROVISION_LOANS_TO_CUSTOMERS |   ‣ Provision Loans to Customers | 14 | 2 | False | VNĐ | -8366207000000.0,2024-Q3,BS_PROVISION_LOANS_TO_CUSTOMERS,  ‣ Provision Loans to Customers,14,2,False,VNĐ,-8366207000000.0,,,,,
TCB_balance_sheet_doc,100,2024-Q3 | BS_PLACEMENTS_AND_BORROWINGS_FROM_CREDIT_INSTITUTIONS |   ‣ Placements and Borrowings from Credit Institutions | 51 | 2 | False | VNĐ | 138462274000000.0,2024-Q3,BS_PLACEMENTS_AND_BORROWINGS_FROM_CREDIT_INSTITUTIONS,  ‣ Placements and Borrowings from Credit Institutions,51,2,False,VNĐ,138462274000000.0,,,,,
TCB_balance_sheet_doc,101,2024-Q3 | BS_CUSTOMER_DEPOSITS |   ‣ Customer Deposits | 54 | 2 | False | VNĐ | 494954017000000.0,2024-Q3,BS_CUSTOMER_DEPOSITS,  ‣ Customer Deposits,54,2,False,VNĐ,494954017000000.0,,,,,
TCB_balance_sheet_doc,107,2024-Q2 | BS_PLACEMENTS_AND_LOANS_TO_CREDIT_INSTITUTIONS | Placements and Loans to Credit Institutions | 4 | 1 | False | VNĐ | 88903726000000.0,2024-Q2,BS_PLACEMENTS_AND_LOANS_TO_CREDIT_INSTITUTIONS,Placements and Loans to Credit Institutions,4,1,False,VNĐ,88903726000000.0,,,,,
TCB_balance_sheet_doc,109,2024-Q2 | BS_LOANS_TO_CUSTOMERS | Loans to Customers | 12 | 1 | False | VNĐ | 584713478000000.0,2024-Q2,BS_LOANS_TO_CUSTOMERS,Loans to Customers,12,1,False,VNĐ,584713478000000.0,,,,,
TCB_balance_sheet_doc,110,2024-Q2 | BS_PROVISION_LOANS_TO_CUSTOMERS |   ‣ Provision Loans to Customers | 14 | 2 | False | VNĐ | -7369793000000.0,2024-Q2,BS_PROVISION_LOANS_TO_CUSTOMERS,  ‣ Provision Loans to Customers,14,2,False,VNĐ,-7369793000000.0,,,,,
TCB_balance_sheet_doc,113,2024-Q2 | BS_PLACEMENTS_AND_BORROWINGS_FROM_CREDIT_INSTITUTIONS |   ‣ Placements and Borrowings from Credit Institutions | 51 | 2 | False | VNĐ | 154612416000000.0,2024-Q2,BS_PLACEMENTS_AND_BORROWINGS_FROM_CREDIT_INSTITUTIONS,  ‣ Placements and Borrowings from Credit Institutions,51,2,False,VNĐ,154612416000000.0,,,,,
TCB_balance_sheet_doc,114,2024-Q2 | BS_CUSTOMER_DEPOSITS |   ‣ Customer Deposits | 54 | 2 | False | VNĐ | 481860239000000.0,2024-Q2,BS_CUSTOMER_DEPOSITS,  ‣ Customer Deposits,54,2,False,VNĐ,481860239000000.0,,,,,
TCB_balance_sheet_doc,120,2024-Q1 | BS_PLACEMENTS_AND_LOANS_TO_CREDIT_INSTITUTIONS | Placements and Loans to Credit Institutions | 4 | 1 | False | VNĐ | 89074540000000.0,2024-Q1,BS_PLACEMENTS_AND_LOANS_TO_CREDIT_INSTITUTIONS,Placements and Loans to Credit Institutions,4,1,False,VNĐ,89074540000000.0,,,,,
TCB_balance_sheet_doc,122,2024-Q1 | BS_LOANS_TO_CUSTOMERS | Loans to Customers | 12 | 1 | False | VNĐ | 552577121000000.0,2024-Q1,BS_LOANS_TO_CUSTOMERS,Loans to Customers,12,1,False,VNĐ,552577121000000.0,,,,,
TCB_balance_sheet_doc,123,2024-Q1 | BS_PROVISION_LOANS_TO_CUSTOMERS |   ‣ Provision Loans to Customers | 14 | 2 | False | VNĐ | -6699764000000.0,2024-Q1,BS_PROVISION_LOANS_TO_CUSTOMERS,  ‣ Provision Loans to Customers,14,2,False,VNĐ,-6699764000000.0,,,,,
TCB_balance_sheet_doc,126,2024-Q1 | BS_PLACEMENTS_AND_BORROWINGS_FROM_CREDIT_INSTITUTIONS |   ‣ Placements and Borrowings from Credit Institutions | 51 | 2 | False | VNĐ | 172892747000000.0,2024-Q1,BS_PLACEMENTS_AND_BORROWINGS_FROM_CREDIT_INSTITUTIONS,  ‣ Placements and Borrowings from Credit Institutions,51,2,False,VNĐ,172892747000000.0,,,,,
TCB_balance_sheet_doc,127,2024-Q1 | BS_CUSTOMER_DEPOSITS |   ‣ Customer Deposits | 54 | 2 | False | VNĐ | 458040690000000.0,2024-Q1,BS_CUSTOMER_DEPOSITS,  ‣ Customer Deposits,54,2,False,VNĐ,458040690000000.0,,,,,
TCB_balance_sheet_doc,133,2023-Q4 | BS_PLACEMENTS_AND_LOANS_TO_CREDIT_INSTITUTIONS | Placements and Loans to Credit Institutions | 4 | 1 | False | VNĐ | 104072320000000.0,2023-Q4,BS_PLACEMENTS_AND_LOANS_TO_CREDIT_INSTITUTIONS,Placements and Loans to Credit Institutions,4,1,False,VNĐ,104072320000000.0,,,,,
TCB_balance_sheet_doc,135,2023-Q4 | BS_LOANS_TO_CUSTOMERS | Loans to Customers | 12 | 1 | False | VNĐ | 512513672000000.0,2023-Q4,BS_LOANS_TO_CUSTOMERS,Loans to Customers,12,1,False,VNĐ,512513672000000.0,,,,,
TCB_balance_sheet_doc,136,2023-Q4 | BS_PROVISION_LOANS_TO_CUSTOMERS |   ‣ Provision Loans to Customers | 14 | 2 | False | VNĐ | -6127896000000.0,2023-Q4,BS_PROVISION_LOANS_TO_CUSTOMERS,  ‣ Provision Loans to Customers,14,2,False,VNĐ,-6127896000000.0,,,,,
TCB_balance_sheet_doc,139,2023-Q4 | BS_PLACEMENTS_AND_BORROWINGS_FROM_CREDIT_INSTITUTIONS |   ‣ Placements and Borrowings from Credit Institutions | 51 | 2 | False | VNĐ | 153173002000000.0,2023-Q4,BS_PLACEMENTS_AND_BORROWINGS_FROM_CREDIT_INSTITUTIONS,  ‣ Placements and Borrowings from Credit Institutions,51,2,False,VNĐ,153173002000000.0,,,,,
TCB_balance_sheet_doc,140,2023-Q4 | BS_CUSTOMER_DEPOSITS |   ‣ Customer Deposits | 54 | 2 | False | VNĐ | 454660779000000.0,2023-Q4,BS_CUSTOMER_DEPOSITS,  ‣ Customer Deposits,54,2,False,VNĐ,454660779000000.0,,,,,
TCB_balance_sheet_doc,146,2023-Q3 | BS_PLACEMENTS_AND_LOANS_TO_CREDIT_INSTITUTIONS | Placements and Loans to Credit Institutions | 4 | 1 | False | VNĐ | 69386021000000.0,2023-Q3,BS_PLACEMENTS_AND_LOANS_TO_CREDIT_INSTITUTIONS,Placements and Loans to Credit Institutions,4,1,False,VNĐ,69386021000000.0,,,,,
TCB_balance_sheet_doc,148,2023-Q3 | BS_LOANS_TO_CUSTOMERS | Loans to Customers | 12 | 1 | False | VNĐ | 469588515000000.0,2023-Q3,BS_LOANS_TO_CUSTOMERS,Loans to Customers,12,1,False,VNĐ,469588515000000.0,,,,,
TCB_balance_sheet_doc,149,2023-Q3 | BS_PROVISION_LOANS_TO_CUSTOMERS |   ‣ Provision Loans to Customers | 14 | 2 | False | VNĐ | -6017074000000.0,2023-Q3,BS_PROVISION_LOANS_TO_CUSTOMERS,  ‣ Provision Loans to Customers,14,2,False,VNĐ,-6017074000000.0,,,,,
TCB_balance_sheet_doc,152,2023-Q3 | BS_PLACEMENTS_AND_BORROWINGS_FROM_CREDIT_INSTITUTIONS |   ‣ Placements and Borrowings from Credit Institutions | 51 | 2 | False | VNĐ | 159262494000000.0,2023-Q3,BS_PLACEMENTS_AND_BORROWINGS_FROM_CREDIT_INSTITUTIONS,  ‣ Placements and Borrowings from Credit Institutions,51,2,False,VNĐ,159262494000000.0,,,,,
TCB_balance_sheet_doc,153,2023-Q3 | BS_CUSTOMER_DEPOSITS |   ‣ Customer Deposits | 54 | 2 | False | VNĐ | 409044572000000.0,2023-Q3,BS_CUSTOMER_DEPOSITS,  ‣ Customer Deposits,54,2,False,VNĐ,409044572000000.0,,,,,
TCB_balance_sheet_doc,159,2023-Q2 | BS_PLACEMENTS_AND_LOANS_TO_CREDIT_INSTITUTIONS | Placements and Loans to Credit Institutions | 4 | 1 | False | VNĐ | 71193282000000.0,2023-Q2,BS_PLACEMENTS_AND_LOANS_TO_CREDIT_INSTITUTIONS,Placements and Loans to Credit Institutions,4,1,False,VNĐ,71193282000000.0,,,,,
TCB_balance_sheet_doc,161,2023-Q2 | BS_LOANS_TO_CUSTOMERS | Loans to Customers | 12 | 1 | False | VNĐ | 460753044000000.0,2023-Q2,BS_LOANS_TO_CUSTOMERS,Loans to Customers,12,1,False,VNĐ,460753044000000.0,,,,,
TCB_balance_sheet_doc,162,2023-Q2 | BS_PROVISION_LOANS_TO_CUSTOMERS |   ‣ Provision Loans to Customers | 14 | 2 | False | VNĐ | -5793173000000.0,2023-Q2,BS_PROVISION_LOANS_TO_CUSTOMERS,  ‣ Provision Loans to Customers,14,2,False,VNĐ,-5793173000000.0,,,,,
TCB_balance_sheet_doc,165,2023-Q2 | BS_PLACEMENTS_AND_BORROWINGS_FROM_CREDIT_INSTITUTIONS |   ‣ Placements and Borrowings from Credit Institutions | 51 | 2 | False | VNĐ | 153625650000000.0,2023-Q2,BS_PLACEMENTS_AND_BORROWINGS_FROM_CREDIT_INSTITUTIONS,  ‣ Placements and Borrowings from Credit Institutions,51,2,False,VNĐ,153625650000000.0,,,,,
TCB_balance_sheet_doc,166,2023-Q2 | BS_CUSTOMER_DEPOSITS |   ‣ Customer Deposits | 54 | 2 | False | VNĐ | 381946519000000.0,2023-Q2,BS_CUSTOMER_DEPOSITS,  ‣ Customer Deposits,54,2,False,VNĐ,381946519000000.0,,,,,
TCB_balance_sheet_doc,172,2023-Q1 | BS_PLACEMENTS_AND_LOANS_TO_CREDIT_INSTITUTIONS | Placements and Loans to Credit Institutions | 4 | 1 | False | VNĐ | 66839068000000.0,2023-Q1,BS_PLACEMENTS_AND_LOANS_TO_CREDIT_INSTITUTIONS,Placements and Loans to Credit Institutions,4,1,False,VNĐ,66839068000000.0,,,,,
TCB_balance_sheet_doc,174,2023-Q1 | BS_LOANS_TO_CUSTOMERS | Loans to Customers | 12 | 1 | False | VNĐ | 460145233000000.0,2023-Q1,BS_LOANS_TO_CUSTOMERS,Loans to Customers,12,1,False,VNĐ,460145233000000.0,,,,,
TCB_balance_sheet_doc,175,2023-Q1 | BS_PROVISION_LOANS_TO_CUSTOMERS |   ‣ Provision Loans to Customers | 14 | 2 | False | VNĐ | -5280112000000.0,2023-Q1,BS_PROVISION_LOANS_TO_CUSTOMERS,  ‣ Provision Loans to Customers,14,2,False,VNĐ,-5280112000000.0,,,,,
TCB_balance_sheet_doc,178,2023-Q1 | BS_PLACEMENTS_AND_BORROWINGS_FROM_CREDIT_INSTITUTIONS |   ‣ Placements and Borrowings from Credit Institutions | 51 | 2 | False | VNĐ | 151194118000000.0,2023-Q1,BS_PLACEMENTS_AND_BORROWINGS_FROM_CREDIT_INSTITUTIONS,  ‣ Placements and Borrowings from Credit Institutions,51,2,False,VNĐ,151194118000000.0,,,,,
TCB_balance_sheet_doc,179,2023-Q1 | BS_CUSTOMER_DEPOSITS |   ‣ Customer Deposits | 54 | 2 | False | VNĐ | 387297891000000.0,2023-Q1,BS_CUSTOMER_DEPOSITS,  ‣ Customer Deposits,54,2,False,VNĐ,387297891000000.0,,,,,
TCB_balance_sheet_doc,185,2022-Q4 | BS_PLACEMENTS_AND_LOANS_TO_CREDIT_INSTITUTIONS | Placements and Loans to Credit Institutions | 4 | 1 | False | VNĐ | 82873754000000.0,2022-Q4,BS_PLACEMENTS_AND_LOANS_TO_CREDIT_INSTITUTIONS,Placements and Loans to Credit Institutions,4,1,False,VNĐ,82873754000000.0,,,,,
TCB_balance_sheet_doc,187,2022-Q4 | BS_LOANS_TO_CUSTOMERS | Loans to Customers | 12 | 1 | False | VNĐ | 415752256000000.0,2022-Q4,BS_LOANS_TO_CUSTOMERS,Loans to Customers,12,1,False,VNĐ,415752256000000.0,,,,,
TCB_balance_sheet_doc,188,2022-Q4 | BS_PROVISION_LOANS_TO_CUSTOMERS |   ‣ Provision Loans to Customers | 14 | 2 | False | VNĐ | -4771449000000.0,2022-Q4,BS_PROVISION_LOANS_TO_CUSTOMERS,  ‣ Provision Loans to Customers,14,2,False,VNĐ,-4771449000000.0,,,,,
TCB_balance_sheet_doc,191,2022-Q4 | BS_PLACEMENTS_AND_BORROWINGS_FROM_CREDIT_INSTITUTIONS |   ‣ Placements and Borrowings from Credit Institutions | 51 | 2 | False | VNĐ | 167562969000000.0,2022-Q4,BS_PLACEMENTS_AND_BORROWINGS_FROM_CREDIT_INSTITUTIONS,  ‣ Placements and Borrowings from Credit Institutions,51,2,False,VNĐ,167562969000000.0,,,,,
TCB_balance_sheet_doc,192,2022-Q4 | BS_CUSTOMER_DEPOSITS |   ‣ Customer Deposits | 54 | 2 | False | VNĐ | 358403785000000.0,2022-Q4,BS_CUSTOMER_DEPOSITS,  ‣ Customer Deposits,54,2,False,VNĐ,358403785000000.0,,,,,
TCB_balance_sheet_doc,198,2022-Q3 | BS_PLACEMENTS_AND_LOANS_TO_CREDIT_INSTITUTIONS | Placements and Loans to Credit Institutions | 4 | 1 | False | VNĐ | 72296806000000.0,2022-Q3,BS_PLACEMENTS_AND_LOANS_TO_CREDIT_INSTITUTIONS,Placements and Loans to Credit Institutions,4,1,False,VNĐ,72296806000000.0,,,,,
TCB_balance_sheet_doc,200,2022-Q3 | BS_LOANS_TO_CUSTOMERS | Loans to Customers | 12 | 1 | False | VNĐ | 406148421000000.0,2022-Q3,BS_LOANS_TO_CUSTOMERS,Loans to Customers,12,1,False,VNĐ,406148421000000.0,,,,,
TCB_balance_sheet_doc,201,2022-Q3 | BS_PROVISION_LOANS_TO_CUSTOMERS |   ‣ Provision Loans to Customers | 14 | 2 | False | VNĐ | -4397433000000.0,2022-Q3,BS_PROVISION_LOANS_TO_CUSTOMERS,  ‣ Provision Loans to Customers,14,2,False,VNĐ,-4397433000000.0,,,,,
TCB_balance_sheet_doc,204,2022-Q3 | BS_PLACEMENTS_AND_BORROWINGS_FROM_CREDIT_INSTITUTIONS |   ‣ Placements and Borrowings from Credit Institutions | 51 | 2 | False | VNĐ | 179152388000000.0,2022-Q3,BS_PLACEMENTS_AND_BORROWINGS_FROM_CREDIT_INSTITUTIONS,  ‣ Placements and Borrowings from Credit Institutions,51,2,False,VNĐ,179152388000000.0,,,,,
TCB_balance_sheet_doc,205,2022-Q3 | BS_CUSTOMER_DEPOSITS |   ‣ Customer Deposits | 54 | 2 | False | VNĐ | 318918817000000.0,2022-Q3,BS_CUSTOMER_DEPOSITS,  ‣ Customer Deposits,54,2,False,VNĐ,318918817000000.0,,,,,
TCB_balance_sheet_doc,211,2022-Q2 | BS_PLACEMENTS_AND_LOANS_TO_CREDIT_INSTITUTIONS | Placements and Loans to Credit Institutions | 4 | 1 | False | VNĐ | 72130842000000.0,2022-Q2,BS_PLACEMENTS_AND_LOANS_TO_CREDIT_INSTITUTIONS,Placements and Loans to Credit Institutions,4,1,False,VNĐ,72130842000000.0,,,,,
TCB_balance_sheet_doc,213,2022-Q2 | BS_LOANS_TO_CUSTOMERS | Loans to Customers | 12 | 1 | False | VNĐ | 387775129000000.0,2022-Q2,BS_LOANS_TO_CUSTOMERS,Loans to Customers,12,1,False,VNĐ,387775129000000.0,,,,,
TCB_balance_sheet_doc,214,2022-Q2 | BS_PROVISION_LOANS_TO_CUSTOMERS |   ‣ Provision Loans to Customers | 14 | 2 | False | VNĐ | -4048673000000.0,2022-Q2,BS_PROVISION_LOANS_TO_CUSTOMERS,  ‣ Provision Loans to Customers,14,2,False,VNĐ,-4048673000000.0,,,,,
TCB_balance_sheet_doc,217,2022-Q2 | BS_PLACEMENTS_AND_BORROWINGS_FROM_CREDIT_INSTITUTIONS |   ‣ Placements and Borrowings from Credit Institutions | 51 | 2 | False | VNĐ | 141200864000000.0,2022-Q2,BS_PLACEMENTS_AND_BORROWINGS_FROM_CREDIT_INSTITUTIONS,  ‣ Placements and Borrowings from Credit Institutions,51,2,False,VNĐ,141200864000000.0,,,,,
TCB_balance_sheet_doc,218,2022-Q2 | BS_CUSTOMER_DEPOSITS |   ‣ Customer Deposits | 54 | 2 | False | VNĐ | 321633599000000.0,2022-Q2,BS_CUSTOMER_DEPOSITS,  ‣ Customer Deposits,54,2,False,VNĐ,321633599000000.0,,,,,
TCB_balance_sheet_doc,224,2022-Q1 | BS_PLACEMENTS_AND_LOANS_TO_CREDIT_INSTITUTIONS | Placements and Loans to Credit Institutions | 4 | 1 | False | VNĐ | 72530371000000.0,2022-Q1,BS_PLACEMENTS_AND_LOANS_TO_CREDIT_INSTITUTIONS,Placements and Loans to Credit Institutions,4,1,False,VNĐ,72530371000000.0,,,,,
TCB_balance_sheet_doc,226,2022-Q1 | BS_LOANS_TO_CUSTOMERS | Loans to Customers | 12 | 1 | False | VNĐ | 361815215000000.0,2022-Q1,BS_LOANS_TO_CUSTOMERS,Loans to Customers,12,1,False,VNĐ,361815215000000.0,,,,,
TCB_balance_sheet_doc,227,2022-Q1 | BS_PROVISION_LOANS_TO_CUSTOMERS |   ‣ Provision Loans to Customers | 14 | 2 | False | VNĐ | -3927421000000.0,2022-Q1,BS_PROVISION_LOANS_TO_CUSTOMERS,  ‣ Provision Loans to Customers,14,2,False,VNĐ,-3927421000000.0,,,,,
TCB_balance_sheet_doc,230,2022-Q1 | BS_PLACEMENTS_AND_BORROWINGS_FROM_CREDIT_INSTITUTIONS |   ‣ Placements and Borrowings from Credit Institutions | 51 | 2 | False | VNĐ | 137998875000000.0,2022-Q1,BS_PLACEMENTS_AND_BORROWINGS_FROM_CREDIT_INSTITUTIONS,  ‣ Placements and Borrowings from Credit Institutions,51,2,False,VNĐ,137998875000000.0,,,,,
TCB_balance_sheet_doc,231,2022-Q1 | BS_CUSTOMER_DEPOSITS |   ‣ Customer Deposits | 54 | 2 | False | VNĐ | 328914024000000.0,2022-Q1,BS_CUSTOMER_DEPOSITS,  ‣ Customer Deposits,54,2,False,VNĐ,328914024000000.0,,,,,
TCB_balance_sheet_doc,237,2021-Q4 | BS_PLACEMENTS_AND_LOANS_TO_CREDIT_INSTITUTIONS | Placements and Loans to Credit Institutions | 4 | 1 | False | VNĐ | 70584154000000.0,2021-Q4,BS_PLACEMENTS_AND_LOANS_TO_CREDIT_INSTITUTIONS,Placements and Loans to Credit Institutions,4,1,False,VNĐ,70584154000000.0,,,,,
TCB_balance_sheet_doc,239,2021-Q4 | BS_LOANS_TO_CUSTOMERS | Loans to Customers | 12 | 1 | False | VNĐ | 343605581000000.0,2021-Q4,BS_LOANS_TO_CUSTOMERS,Loans to Customers,12,1,False,VNĐ,343605581000000.0,,,,,
TCB_balance_sheet_doc,240,2021-Q4 | BS_PROVISION_LOANS_TO_CUSTOMERS |   ‣ Provision Loans to Customers | 14 | 2 | False | VNĐ | -3735663000000.0,2021-Q4,BS_PROVISION_LOANS_TO_CUSTOMERS,  ‣ Provision Loans to Customers,14,2,False,VNĐ,-3735663000000.0,,,,,
TCB_balance_sheet_doc,243,2021-Q4 | BS_PLACEMENTS_AND_BORROWINGS_FROM_CREDIT_INSTITUTIONS |   ‣ Placements and Borrowings from Credit Institutions | 51 | 2 | False | VNĐ | 112458691000000.0,2021-Q4,BS_PLACEMENTS_AND_BORROWINGS_FROM_CREDIT_INSTITUTIONS,  ‣ Placements and Borrowings from Credit Institutions,51,2,False,VNĐ,112458691000000.0,,,,,
TCB_balance_sheet_doc,244,2021-Q4 | BS_CUSTOMER_DEPOSITS |   ‣ Customer Deposits | 54 | 2 | False | VNĐ | 314752525000000.0,2021-Q4,BS_CUSTOMER_DEPOSITS,  ‣ Customer Deposits,54,2,False,VNĐ,314752525000000.0,,,,,
TCB_balance_sheet_doc,250,2021-Q3 | BS_PLACEMENTS_AND_LOANS_TO_CREDIT_INSTITUTIONS | Placements and Loans to Credit Institutions | 4 | 1 | False | VNĐ | 77627953000000.0,2021-Q3,BS_PLACEMENTS_AND_LOANS_TO_CREDIT_INSTITUTIONS,Placements and Loans to Credit Institutions,4,1,False,VNĐ,77627953000000.0,,,,,
TCB_balance_sheet_doc,252,2021-Q3 | BS_LOANS_TO_CUSTOMERS | Loans to Customers | 12 | 1 | False | VNĐ | 317668922000000.0,2021-Q3,BS_LOANS_TO_CUSTOMERS,Loans to Customers,12,1,False,VNĐ,317668922000000.0,,,,,
TCB_balance_sheet_doc,253,2021-Q3 | BS_PROVISION_LOANS_TO_CUSTOMERS |   ‣ Provision Loans to Customers | 14 | 2 | False | VNĐ | -3373094000000.0,2021-Q3,BS_PROVISION_LOANS_TO_CUSTOMERS,  ‣ Provision Loans to Customers,14,2,False,VNĐ,-3373094000000.0,,,,,
TCB_balance_sheet_doc,256,2021-Q3 | BS_PLACEMENTS_AND_BORROWINGS_FROM_CREDIT_INSTITUTIONS |   ‣ Placements and Borrowings from Credit Institutions | 51 | 2 | False | VNĐ | 90348281000000.0,2021-Q3,BS_PLACEMENTS_AND_BORROWINGS_FROM_CREDIT_INSTITUTIONS,  ‣ Placements and Borrowings from Credit Institutions,51,2,False,VNĐ,90348281000000.0,,,,,
TCB_balance_sheet_doc,257,2021-Q3 | BS_CUSTOMER_DEPOSITS |   ‣ Customer Deposits | 54 | 2 | False | VNĐ | 316376047000000.0,2021-Q3,BS_CUSTOMER_DEPOSITS,  ‣ Customer Deposits,54,2,False,VNĐ,316376047000000.0,,,,,
TCB_balance_sheet_doc,263,2021-Q2 | BS_PLACEMENTS_AND_LOANS_TO_CREDIT_INSTITUTIONS | Placements and Loans to Credit Institutions | 4 | 1 | False | VNĐ | 52084900000000.0,2021-Q2,BS_PLACEMENTS_AND_LOANS_TO_CREDIT_INSTITUTIONS,Placements and Loans to Credit Institutions,4,1,False,VNĐ,52084900000000.0,,,,,
TCB_balance_sheet_doc,265,2021-Q2 | BS_LOANS_TO_CUSTOMERS | Loans to Customers | 12 | 1 | False | VNĐ | 310617819000000.0,2021-Q2,BS_LOANS_TO_CUSTOMERS,Loans to Customers,12,1,False,VNĐ,310617819000000.0,,,,,
TCB_balance_sheet_doc,266,2021-Q2 | BS_PROVISION_LOANS_TO_CUSTOMERS |   ‣ Provision Loans to Customers | 14 | 2 | False | VNĐ | -2896172000000.0,2021-Q2,BS_PROVISION_LOANS_TO_CUSTOMERS,  ‣ Provision Loans to Customers,14,2,False,VNĐ,-2896172000000.0,,,,,
TCB_balance_sheet_doc,269,2021-Q2 | BS_PLACEMENTS_AND_BORROWINGS_FROM_CREDIT_INSTITUTIONS |   ‣ Placements and Borrowings from Credit Institutions | 51 | 2 | False | VNĐ | 90642175000000.0,2021-Q2,BS_PLACEMENTS_AND_BORROWINGS_FROM_CREDIT_INSTITUTIONS,  ‣ Placements and Borrowings from Credit Institutions,51,2,False,VNĐ,90642175000000.0,,,,,
TCB_balance_sheet_doc,270,2021-Q2 | BS_CUSTOMER_DEPOSITS |   ‣ Customer Deposits | 54 | 2 | False | VNĐ | 289334731000000.0,2021-Q2,BS_CUSTOMER_DEPOSITS,  ‣ Customer Deposits,54,2,False,VNĐ,289334731000000.0,,,,,
TCB_balance_sheet_doc,276,2021-Q1 | BS_PLACEMENTS_AND_LOANS_TO_CREDIT_INSTITUTIONS | Placements and Loans to Credit Institutions | 4 | 1 | False | VNĐ | 38361058000000.0,2021-Q1,BS_PLACEMENTS_AND_LOANS_TO_CREDIT_INSTITUTIONS,Placements and Loans to Credit Institutions,4,1,False,VNĐ,38361058000000.0,,,,,
TCB_balance_sheet_doc,278,2021-Q1 | BS_LOANS_TO_CUSTOMERS | Loans to Customers | 12 | 1 | False | VNĐ | 293799393000000.0,2021-Q1,BS_LOANS_TO_CUSTOMERS,Loans to Customers,12,1,False,VNĐ,293799393000000.0,,,,,
TCB_balance_sheet_doc,279,2021-Q1 | BS_PROVISION_LOANS_TO_CUSTOMERS |   ‣ Provision Loans to Customers | 14 | 2 | False | VNĐ | -2490820000000.0,2021-Q1,BS_PROVISION_LOANS_TO_CUSTOMERS,  ‣ Provision Loans to Customers,14,2,False,VNĐ,-2490820000000.0,,,,,
TCB_balance_sheet_doc,282,2021-Q1 | BS_PLACEMENTS_AND_BORROWINGS_FROM_CREDIT_INSTITUTIONS |   ‣ Placements and Borrowings from Credit Institutions | 51 | 2 | False | VNĐ | 59018848000000.0,2021-Q1,BS_PLACEMENTS_AND_BORROWINGS_FROM_CREDIT_INSTITUTIONS,  ‣ Placements and Borrowings from Credit Institutions,51,2,False,VNĐ,59018848000000.0,,,,,
TCB_balance_sheet_doc,283,2021-Q1 | BS_CUSTOMER_DEPOSITS |   ‣ Customer Deposits | 54 | 2 | False | VNĐ | 287445926000000.0,2021-Q1,BS_CUSTOMER_DEPOSITS,  ‣ Customer Deposits,54,2,False,VNĐ,287445926000000.0,,,,,
TCB_balance_sheet_doc,289,2020-Q4 | BS_PLACEMENTS_AND_LOANS_TO_CREDIT_INSTITUTIONS | Placements and Loans to Credit Institutions | 4 | 1 | False | VNĐ | 28994954000000.0,2020-Q4,BS_PLACEMENTS_AND_LOANS_TO_CREDIT_INSTITUTIONS,Placements and Loans to Credit Institutions,4,1,False,VNĐ,28994954000000.0,,,,,
TCB_balance_sheet_doc,291,2020-Q4 | BS_LOANS_TO_CUSTOMERS | Loans to Customers | 12 | 1 | False | VNĐ | 275310367000000.0,2020-Q4,BS_LOANS_TO_CUSTOMERS,Loans to Customers,12,1,False,VNĐ,275310367000000.0,,,,,
TCB_balance_sheet_doc,292,2020-Q4 | BS_PROVISION_LOANS_TO_CUSTOMERS |   ‣ Provision Loans to Customers | 14 | 2 | False | VNĐ | -2214248000000.0,2020-Q4,BS_PROVISION_LOANS_TO_CUSTOMERS,  ‣ Provision Loans to Customers,14,2,False,VNĐ,-2214248000000.0,,,,,
TCB_balance_sheet_doc,295,2020-Q4 | BS_PLACEMENTS_AND_BORROWINGS_FROM_CREDIT_INSTITUTIONS |   ‣ Placements and Borrowings from Credit Institutions | 51 | 2 | False | VNĐ | 47484812000000.0,2020-Q4,BS_PLACEMENTS_AND_BORROWINGS_FROM_CREDIT_INSTITUTIONS,  ‣ Placements and Borrowings from Credit Institutions,51,2,False,VNĐ,47484812000000.0,,,,,
TCB_balance_sheet_doc,296,2020-Q4 | BS_CUSTOMER_DEPOSITS |   ‣ Customer Deposits | 54 | 2 | False | VNĐ | 277458651000000.0,2020-Q4,BS_CUSTOMER_DEPOSITS,  ‣ Customer Deposits,54,2,False,VNĐ,277458651000000.0,,,,,
TCB_balance_sheet_doc,302,2020-Q3 | BS_PLACEMENTS_AND_LOANS_TO_CREDIT_INSTITUTIONS | Placements and Loans to Credit Institutions | 4 | 1 | False | VNĐ | 26597264000000.0,2020-Q3,BS_PLACEMENTS_AND_LOANS_TO_CREDIT_INSTITUTIONS,Placements and Loans to Credit Institutions,4,1,False,VNĐ,26597264000000.0,,,,,
TCB_balance_sheet_doc,304,2020-Q3 | BS_LOANS_TO_CUSTOMERS | Loans to Customers | 12 | 1 | False | VNĐ | 228667892000000.0,2020-Q3,BS_LOANS_TO_CUSTOMERS,Loans to Customers,12,1,False,VNĐ,228667892000000.0,,,,,
TCB_balance_sheet_doc,305,2020-Q3 | BS_PROVISION_LOANS_TO_CUSTOMERS |   ‣ Provision Loans to Customers | 14 | 2 | False | VNĐ | -2047814000000.0,2020-Q3,BS_PROVISION_LOANS_TO_CUSTOMERS,  ‣ Provision Loans to Customers,14,2,False,VNĐ,-2047814000000.0,,,,,
TCB_balance_sheet_doc,308,2020-Q3 | BS_PLACEMENTS_AND_BORROWINGS_FROM_CREDIT_INSTITUTIONS |   ‣ Placements and Borrowings from Credit Institutions | 51 | 2 | False | VNĐ | 42459349000000.0,2020-Q3,BS_PLACEMENTS_AND_BORROWINGS_FROM_CREDIT_INSTITUTIONS,  ‣ Placements and Borrowings from Credit Institutions,51,2,False,VNĐ,42459349000000.0,,,,,
TCB_balance_sheet_doc,309,2020-Q3 | BS_CUSTOMER_DEPOSITS |   ‣ Customer Deposits | 54 | 2 | False | VNĐ | 252572479000000.0,2020-Q3,BS_CUSTOMER_DEPOSITS,  ‣ Customer Deposits,54,2,False,VNĐ,252572479000000.0,,,,,
TCB_balance_sheet_doc,315,2020-Q2 | BS_PLACEMENTS_AND_LOANS_TO_CREDIT_INSTITUTIONS | Placements and Loans to Credit Institutions | 4 | 1 | False | VNĐ | 45284968000000.0,2020-Q2,BS_PLACEMENTS_AND_LOANS_TO_CREDIT_INSTITUTIONS,Placements and Loans to Credit Institutions,4,1,False,VNĐ,45284968000000.0,,,,,
TCB_balance_sheet_doc,317,2020-Q2 | BS_LOANS_TO_CUSTOMERS | Loans to Customers | 12 | 1 | False | VNĐ | 229385470000000.0,2020-Q2,BS_LOANS_TO_CUSTOMERS,Loans to Customers,12,1,False,VNĐ,229385470000000.0,,,,,
TCB_balance_sheet_doc,318,2020-Q2 | BS_PROVISION_LOANS_TO_CUSTOMERS |   ‣ Provision Loans to Customers | 14 | 2 | False | VNĐ | -2280317000000.0,2020-Q2,BS_PROVISION_LOANS_TO_CUSTOMERS,  ‣ Provision Loans to Customers,14,2,False,VNĐ,-2280317000000.0,,,,,
TCB_balance_sheet_doc,321,2020-Q2 | BS_PLACEMENTS_AND_BORROWINGS_FROM_CREDIT_INSTITUTIONS |   ‣ Placements and Borrowings from Credit Institutions | 51 | 2 | False | VNĐ | 43577620000000.0,2020-Q2,BS_PLACEMENTS_AND_BORROWINGS_FROM_CREDIT_INSTITUTIONS,  ‣ Placements and Borrowings from Credit Institutions,51,2,False,VNĐ,43577620000000.0,,,,,
TCB_balance_sheet_doc,322,2020-Q2 | BS_CUSTOMER_DEPOSITS |   ‣ Customer Deposits | 54 | 2 | False | VNĐ | 249857269000000.0,2020-Q2,BS_CUSTOMER_DEPOSITS,  ‣ Customer Deposits,54,2,False,VNĐ,249857269000000.0,,,,,
TCB_balance_sheet_doc,328,2020-Q1 | BS_PLACEMENTS_AND_LOANS_TO_CREDIT_INSTITUTIONS | Placements and Loans to Credit Institutions | 4 | 1 | False | VNĐ | 30990383000000.0,2020-Q1,BS_PLACEMENTS_AND_LOANS_TO_CREDIT_INSTITUTIONS,Placements and Loans to Credit Institutions,4,1,False,VNĐ,30990383000000.0,,,,,
TCB_balance_sheet_doc,330,2020-Q1 | BS_LOANS_TO_CUSTOMERS | Loans to Customers | 12 | 1 | False | VNĐ | 229037642000000.0,2020-Q1,BS_LOANS_TO_CUSTOMERS,Loans to Customers,12,1,False,VNĐ,229037642000000.0,,,,,
TCB_balance_sheet_doc,331,2020-Q1 | BS_PROVISION_LOANS_TO_CUSTOMERS |   ‣ Provision Loans to Customers | 14 | 2 | False | VNĐ | -2983430000000.0,2020-Q1,BS_PROVISION_LOANS_TO_CUSTOMERS,  ‣ Provision Loans to Customers,14,2,False,VNĐ,-2983430000000.0,,,,,
TCB_balance_sheet_doc,334,2020-Q1 | BS_PLACEMENTS_AND_BORROWINGS_FROM_CREDIT_INSTITUTIONS |   ‣ Placements and Borrowings from Credit Institutions | 51 | 2 | False | VNĐ | 62925859000000.0,2020-Q1,BS_PLACEMENTS_AND_BORROWINGS_FROM_CREDIT_INSTITUTIONS,  ‣ Placements and Borrowings from Credit Institutions,51,2,False,VNĐ,62925859000000.0,,,,,
TCB_balance_sheet_doc,335,2020-Q1 | BS_CUSTOMER_DEPOSITS |   ‣ Customer Deposits | 54 | 2 | False | VNĐ | 235098792000000.0,2020-Q1,BS_CUSTOMER_DEPOSITS,  ‣ Customer Deposits,54,2,False,VNĐ,235098792000000.0,,,,,
TCB_balance_sheet_doc,341,2019-Q4 | BS_PLACEMENTS_AND_LOANS_TO_CREDIT_INSTITUTIONS | Placements and Loans to Credit Institutions | 4 | 1 | False | VNĐ | 47990224000000.0,2019-Q4,BS_PLACEMENTS_AND_LOANS_TO_CREDIT_INSTITUTIONS,Placements and Loans to Credit Institutions,4,1,False,VNĐ,47990224000000.0,,,,,
TCB_balance_sheet_doc,343,2019-Q4 | BS_LOANS_TO_CUSTOMERS | Loans to Customers | 12 | 1 | False | VNĐ | 227885283000000.0,2019-Q4,BS_LOANS_TO_CUSTOMERS,Loans to Customers,12,1,False,VNĐ,227885283000000.0,,,,,
TCB_balance_sheet_doc,344,2019-Q4 | BS_PROVISION_LOANS_TO_CUSTOMERS |   ‣ Provision Loans to Customers | 14 | 2 | False | VNĐ | -2916744000000.0,2019-Q4,BS_PROVISION_LOANS_TO_CUSTOMERS,  ‣ Provision Loans to Customers,14,2,False,VNĐ,-2916744000000.0,,,,,
TCB_balance_sheet_doc,347,2019-Q4 | BS_PLACEMENTS_AND_BORROWINGS_FROM_CREDIT_INSTITUTIONS |   ‣ Placements and Borrowings from Credit Institutions | 51 | 2 | False | VNĐ | 61266635000000.0,2019-Q4,BS_PLACEMENTS_AND_BORROWINGS_FROM_CREDIT_INSTITUTIONS,  ‣ Placements and Borrowings from Credit Institutions,51,2,False,VNĐ,61266635000000.0,,,,,
TCB_balance_sheet_doc,348,2019-Q4 | BS_CUSTOMER_DEPOSITS |   ‣ Customer Deposits | 54 | 2 | False | VNĐ | 231296761000000.0,2019-Q4,BS_CUSTOMER_DEPOSITS,  ‣ Customer Deposits,54,2,False,VNĐ,231296761000000.0,,,,,
TCB_balance_sheet_doc,354,2019-Q3 | BS_PLACEMENTS_AND_LOANS_TO_CREDIT_INSTITUTIONS | Placements and Loans to Credit Institutions | 4 | 1 | False | VNĐ | 43304052000000.0,2019-Q3,BS_PLACEMENTS_AND_LOANS_TO_CREDIT_INSTITUTIONS,Placements and Loans to Credit Institutions,4,1,False,VNĐ,43304052000000.0,,,,,
TCB_balance_sheet_doc,356,2019-Q3 | BS_LOANS_TO_CUSTOMERS | Loans to Customers | 12 | 1 | False | VNĐ | 202462011000000.0,2019-Q3,BS_LOANS_TO_CUSTOMERS,Loans to Customers,12,1,False,VNĐ,202462011000000.0,,,,,
TCB_balance_sheet_doc,357,2019-Q3 | BS_PROVISION_LOANS_TO_CUSTOMERS |   ‣ Provision Loans to Customers | 14 | 2 | False | VNĐ | -2855021000000.0,2019-Q3,BS_PROVISION_LOANS_TO_CUSTOMERS,  ‣ Provision Loans to Customers,14,2,False,VNĐ,-2855021000000.0,,,,,
TCB_balance_sheet_doc,360,2019-Q3 | BS_PLACEMENTS_AND_BORROWINGS_FROM_CREDIT_INSTITUTIONS |   ‣ Placements and Borrowings from Credit Institutions | 51 | 2 | False | VNĐ | 58857592000000.0,2019-Q3,BS_PLACEMENTS_AND_BORROWINGS_FROM_CREDIT_INSTITUTIONS,  ‣ Placements and Borrowings from Credit Institutions,51,2,False,VNĐ,58857592000000.0,,,,,
TCB_balance_sheet_doc,361,2019-Q3 | BS_CUSTOMER_DEPOSITS |   ‣ Customer Deposits | 54 | 2 | False | VNĐ | 218654681000000.0,2019-Q3,BS_CUSTOMER_DEPOSITS,  ‣ Customer Deposits,54,2,False,VNĐ,218654681000000.0,,,,,
TCB_balance_sheet_doc,367,2019-Q2 | BS_PLACEMENTS_AND_LOANS_TO_CREDIT_INSTITUTIONS | Placements and Loans to Credit Institutions | 4 | 1 | False | VNĐ | 42787014000000.0,2019-Q2,BS_PLACEMENTS_AND_LOANS_TO_CREDIT_INSTITUTIONS,Placements and Loans to Credit Institutions,4,1,False,VNĐ,42787014000000.0,,,,,
TCB_balance_sheet_doc,369,2019-Q2 | BS_LOANS_TO_CUSTOMERS | Loans to Customers | 12 | 1 | False | VNĐ | 182887287000000.0,2019-Q2,BS_LOANS_TO_CUSTOMERS,Loans to Customers,12,1,False,VNĐ,182887287000000.0,,,,,
TCB_balance_sheet_doc,370,2019-Q2 | BS_PROVISION_LOANS_TO_CUSTOMERS |   ‣ Provision Loans to Customers | 14 | 2 | False | VNĐ | -2544878000000.0,2019-Q2,BS_PROVISION_LOANS_TO_CUSTOMERS,  ‣ Provision Loans to Customers,14,2,False,VNĐ,-2544878000000.0,,,,,
TCB_balance_sheet_doc,373,2019-Q2 | BS_PLACEMENTS_AND_BORROWINGS_FROM_CREDIT_INSTITUTIONS |   ‣ Placements and Borrowings from Credit Institutions | 51 | 2 | False | VNĐ | 56962932000000.0,2019-Q2,BS_PLACEMENTS_AND_BORROWINGS_FROM_CREDIT_INSTITUTIONS,  ‣ Placements and Borrowings from Credit Institutions,51,2,False,VNĐ,56962932000000.0,,,,,
TCB_balance_sheet_doc,374,2019-Q2 | BS_CUSTOMER_DEPOSITS |   ‣ Customer Deposits | 54 | 2 | False | VNĐ | 220262623000000.0,2019-Q2,BS_CUSTOMER_DEPOSITS,  ‣ Customer Deposits,54,2,False,VNĐ,220262623000000.0,,,,,
TCB_balance_sheet_doc,380,2019-Q1 | BS_PLACEMENTS_AND_LOANS_TO_CREDIT_INSTITUTIONS | Placements and Loans to Credit Institutions | 4 | 1 | False | VNĐ | 45810418000000.0,2019-Q1,BS_PLACEMENTS_AND_LOANS_TO_CREDIT_INSTITUTIONS,Placements and Loans to Credit Institutions,4,1,False,VNĐ,45810418000000.0,,,,,
TCB_balance_sheet_doc,382,2019-Q1 | BS_LOANS_TO_CUSTOMERS | Loans to Customers | 12 | 1 | False | VNĐ | 161272479000000.0,2019-Q1,BS_LOANS_TO_CUSTOMERS,Loans to Customers,12,1,False,VNĐ,161272479000000.0,,,,,
TCB_balance_sheet_doc,383,2019-Q1 | BS_PROVISION_LOANS_TO_CUSTOMERS |   ‣ Provision Loans to Customers | 14 | 2 | False | VNĐ | -2562956000000.0,2019-Q1,BS_PROVISION_LOANS_TO_CUSTOMERS,  ‣ Provision Loans to Customers,14,2,False,VNĐ,-2562956000000.0,,,,,
TCB_balance_sheet_doc,386,2019-Q1 | BS_PLACEMENTS_AND_BORROWINGS_FROM_CREDIT_INSTITUTIONS |   ‣ Placements and Borrowings from Credit Institutions | 51 | 2 | False | VNĐ | 38642789000000.0,2019-Q1,BS_PLACEMENTS_AND_BORROWINGS_FROM_CREDIT_INSTITUTIONS,  ‣ Placements and Borrowings from Credit Institutions,51,2,False,VNĐ,38642789000000.0,,,,,
TCB_balance_sheet_doc,387,2019-Q1 | BS_CUSTOMER_DEPOSITS |   ‣ Customer Deposits | 54 | 2 | False | VNĐ | 207978332000000.0,2019-Q1,BS_CUSTOMER_DEPOSITS,  ‣ Customer Deposits,54,2,False,VNĐ,207978332000000.0,,,,,
TCB_balance_sheet_doc,393,2018-Q4 | BS_PLACEMENTS_AND_LOANS_TO_CREDIT_INSTITUTIONS | Placements and Loans to Credit Institutions | 4 | 1 | False | VNĐ | 35616169000000.0,2018-Q4,BS_PLACEMENTS_AND_LOANS_TO_CREDIT_INSTITUTIONS,Placements and Loans to Credit Institutions,4,1,False,VNĐ,35616169000000.0,,,,,
TCB_balance_sheet_doc,395,2018-Q4 | BS_LOANS_TO_CUSTOMERS | Loans to Customers | 12 | 1 | False | VNĐ | 157556934000000.0,2018-Q4,BS_LOANS_TO_CUSTOMERS,Loans to Customers,12,1,False,VNĐ,157556934000000.0,,,,,
TCB_balance_sheet_doc,396,2018-Q4 | BS_PROVISION_LOANS_TO_CUSTOMERS |   ‣ Provision Loans to Customers | 14 | 2 | False | VNĐ | -2385114000000.0,2018-Q4,BS_PROVISION_LOANS_TO_CUSTOMERS,  ‣ Provision Loans to Customers,14,2,False,VNĐ,-2385114000000.0,,,,,
TCB_balance_sheet_doc,399,2018-Q4 | BS_PLACEMENTS_AND_BORROWINGS_FROM_CREDIT_INSTITUTIONS |   ‣ Placements and Borrowings from Credit Institutions | 51 | 2 | False | VNĐ | 36425560000000.0,2018-Q4,BS_PLACEMENTS_AND_BORROWINGS_FROM_CREDIT_INSTITUTIONS,  ‣ Placements and Borrowings from Credit Institutions,51,2,False,VNĐ,36425560000000.0,,,,,
TCB_balance_sheet_doc,400,2018-Q4 | BS_CUSTOMER_DEPOSITS |   ‣ Customer Deposits | 54 | 2 | False | VNĐ | 201471336000000.0,2018-Q4,BS_CUSTOMER_DEPOSITS,  ‣ Customer Deposits,54,2,False,VNĐ,201471336000000.0,,,,,
TCB_balance_sheet_doc,406,2018-Q3 | BS_PLACEMENTS_AND_LOANS_TO_CREDIT_INSTITUTIONS | Placements and Loans to Credit Institutions | 4 | 1 | False | VNĐ | 43737213000000.0,2018-Q3,BS_PLACEMENTS_AND_LOANS_TO_CREDIT_INSTITUTIONS,Placements and Loans to Credit Institutions,4,1,False,VNĐ,43737213000000.0,,,,,
TCB_balance_sheet_doc,408,2018-Q3 | BS_LOANS_TO_CUSTOMERS | Loans to Customers | 12 | 1 | False | VNĐ | 164282010000000.0,2018-Q3,BS_LOANS_TO_CUSTOMERS,Loans to Customers,12,1,False,VNĐ,164282010000000.0,,,,,
TCB_balance_sheet_doc,409,2018-Q3 | BS_PROVISION_LOANS_TO_CUSTOMERS |   ‣ Provision Loans to Customers | 14 | 2 | False | VNĐ | -2656840000000.0,2018-Q3,BS_PROVISION_LOANS_TO_CUSTOMERS,  ‣ Provision Loans to Customers,14,2,False,VNĐ,-2656840000000.0,,,,,
TCB_balance_sheet_doc,412,2018-Q3 | BS_PLACEMENTS_AND_BORROWINGS_FROM_CREDIT_INSTITUTIONS |   ‣ Placements and Borrowings from Credit Institutions | 51 | 2 | False | VNĐ | 39571425000000.0,2018-Q3,BS_PLACEMENTS_AND_BORROWINGS_FROM_CREDIT_INSTITUTIONS,  ‣ Placements and Borrowings from Credit Institutions,51,2,False,VNĐ,39571425000000.0,,,,,
TCB_balance_sheet_doc,413,2018-Q3 | BS_CUSTOMER_DEPOSITS |   ‣ Customer Deposits | 54 | 2 | False | VNĐ | 193583132000000.0,2018-Q3,BS_CUSTOMER_DEPOSITS,  ‣ Customer Deposits,54,2,False,VNĐ,193583132000000.0,,,,,
TCB_balance_sheet_doc,419,2018-Q2 | BS_PLACEMENTS_AND_LOANS_TO_CREDIT_INSTITUTIONS | Placements and Loans to Credit Institutions | 4 | 1 | False | VNĐ | 51321690000000.0,2018-Q2,BS_PLACEMENTS_AND_LOANS_TO_CREDIT_INSTITUTIONS,Placements and Loans to Credit Institutions,4,1,False,VNĐ,51321690000000.0,,,,,
TCB_balance_sheet_doc,421,2018-Q2 | BS_LOANS_TO_CUSTOMERS | Loans to Customers | 12 | 1 | False | VNĐ | 164180966000000.0,2018-Q2,BS_LOANS_TO_CUSTOMERS,Loans to Customers,12,1,False,VNĐ,164180966000000.0,,,,,
TCB_balance_sheet_doc,422,2018-Q2 | BS_PROVISION_LOANS_TO_CUSTOMERS |   ‣ Provision Loans to Customers | 14 | 2 | False | VNĐ | -2519455000000.0,2018-Q2,BS_PROVISION_LOANS_TO_CUSTOMERS,  ‣ Provision Loans to Customers,14,2,False,VNĐ,-2519455000000.0,,,,,
TCB_balance_sheet_doc,425,2018-Q2 | BS_PLACEMENTS_AND_BORROWINGS_FROM_CREDIT_INSTITUTIONS |   ‣ Placements and Borrowings from Credit Institutions | 51 | 2 | False | VNĐ | 37706302000000.0,2018-Q2,BS_PLACEMENTS_AND_BORROWINGS_FROM_CREDIT_INSTITUTIONS,  ‣ Placements and Borrowings from Credit Institutions,51,2,False,VNĐ,37706302000000.0,,,,,
TCB_balance_sheet_doc,426,2018-Q2 | BS_CUSTOMER_DEPOSITS |   ‣ Customer Deposits | 54 | 2 | False | VNĐ | 186283209000000.0,2018-Q2,BS_CUSTOMER_DEPOSITS,  ‣ Customer Deposits,54,2,False,VNĐ,186283209000000.0,,,,,
TCB_balance_sheet_doc,432,2018-Q1 | BS_PLACEMENTS_AND_LOANS_TO_CREDIT_INSTITUTIONS | Placements and Loans to Credit Institutions | 4 | 1 | False | VNĐ | 31985206000000.0,2018-Q1,BS_PLACEMENTS_AND_LOANS_TO_CREDIT_INSTITUTIONS,Placements and Loans to Credit Institutions,4,1,False,VNĐ,31985206000000.0,,,,,
TCB_balance_sheet_doc,434,2018-Q1 | BS_LOANS_TO_CUSTOMERS | Loans to Customers | 12 | 1 | False | VNĐ | 161610608000000.0,2018-Q1,BS_LOANS_TO_CUSTOMERS,Loans to Customers,12,1,False,VNĐ,161610608000000.0,,,,,
TCB_balance_sheet_doc,435,2018-Q1 | BS_PROVISION_LOANS_TO_CUSTOMERS |   ‣ Provision Loans to Customers | 14 | 2 | False | VNĐ | -2337746000000.0,2018-Q1,BS_PROVISION_LOANS_TO_CUSTOMERS,  ‣ Provision Loans to Customers,14,2,False,VNĐ,-2337746000000.0,,,,,
TCB_balance_sheet_doc,438,2018-Q1 | BS_PLACEMENTS_AND_BORROWINGS_FROM_CREDIT_INSTITUTIONS |   ‣ Placements and Borrowings from Credit Institutions | 51 | 2 | False | VNĐ | 25400971000000.0,2018-Q1,BS_PLACEMENTS_AND_BORROWINGS_FROM_CREDIT_INSTITUTIONS,  ‣ Placements and Borrowings from Credit Institutions,51,2,False,VNĐ,25400971000000.0,,,,,
TCB_balance_sheet_doc,439,2018-Q1 | BS_CUSTOMER_DEPOSITS |   ‣ Customer Deposits | 54 | 2 | False | VNĐ | 181390553000000.0,2018-Q1,BS_CUSTOMER_DEPOSITS,  ‣ Customer Deposits,54,2,False,VNĐ,181390553000000.0,,,,,
TCB_balance_sheet_min,2,2026-Q2 | BS_BALANCES_WITH_SBV | Tiền gửi tại Ngân hàng nhà nước Việt Nam | 3 | 1 | False | VNĐ | 95127975000000.0,2026-Q2,BS_BALANCES_WITH_SBV,Tiền gửi tại Ngân hàng nhà nước Việt Nam,3,1,False,VNĐ,95127975000000.0,,,,,
TCB_balance_sheet_min,3,2026-Q2 | BS_PLACEMENTS_AND_LOANS_TO_CREDIT_INSTITUTIONS | Tiền gửi tại các TCTD khác và cho vay các TCTD khác | 4 | 1 | False | VNĐ | 85416520000000.0,2026-Q2,BS_PLACEMENTS_AND_LOANS_TO_CREDIT_INSTITUTIONS,Tiền gửi tại các TCTD khác và cho vay các TCTD khác,4,1,False,VNĐ,85416520000000.0,,,,,
TCB_balance_sheet_min,4,2026-Q2 | BS_PLACEMENTS_WITH_CREDIT_INSTITUTIONS |   ‣ Tiền gửi tại các TCTD khác | 5 | 2 | False | VNĐ | 72701055000000.0,2026-Q2,BS_PLACEMENTS_WITH_CREDIT_INSTITUTIONS,  ‣ Tiền gửi tại các TCTD khác,5,2,False,VNĐ,72701055000000.0,,,,,
TCB_balance_sheet_min,5,2026-Q2 | BS_LOANS_TO_CREDIT_INSTITUTIONS |   ‣ Cho vay các TCTD khác | 6 | 2 | False | VNĐ | 12896615000000.0,2026-Q2,BS_LOANS_TO_CREDIT_INSTITUTIONS,  ‣ Cho vay các TCTD khác,6,2,False,VNĐ,12896615000000.0,,,,,
TCB_balance_sheet_min,11,2026-Q2 | BS_LOANS_TO_CUSTOMERS | Cho vay khách hàng | 12 | 1 | False | VNĐ | 835813283000000.0,2026-Q2,BS_LOANS_TO_CUSTOMERS,Cho vay khách hàng,12,1,False,VNĐ,835813283000000.0,,,,,
TCB_balance_sheet_min,12,2026-Q2 | BS_LOANS_TO_CUSTOMERS_GROSS |   ‣ Cho vay khách hàng | 13 | 2 | False | VNĐ | 847335568000000.0,2026-Q2,BS_LOANS_TO_CUSTOMERS_GROSS,  ‣ Cho vay khách hàng,13,2,False,VNĐ,847335568000000.0,,,,,
TCB_balance_sheet_min,13,2026-Q2 | BS_PROVISION_LOANS_TO_CUSTOMERS |   ‣ Dự phòng rủi ro cho vay khách hàng | 14 | 2 | False | VNĐ | -11522285000000.0,2026-Q2,BS_PROVISION_LOANS_TO_CUSTOMERS,  ‣ Dự phòng rủi ro cho vay khách hàng,14,2,False,VNĐ,-11522285000000.0,,,,,
TCB_balance_sheet_min,49,2026-Q2 | BS_PLACEMENTS_AND_BORROWINGS_FROM_CREDIT_INSTITUTIONS |   ‣ Tiền gửi và vay các Tổ chức tín dụng khác | 51 | 2 | False | VNĐ | 164739459000000.0,2026-Q2,BS_PLACEMENTS_AND_BORROWINGS_FROM_CREDIT_INSTITUTIONS,  ‣ Tiền gửi và vay các Tổ chức tín dụng khác,51,2,False,VNĐ,164739459000000.0,,,,,
TCB_balance_sheet_min,50,2026-Q2 | BS_PLACEMENTS_FROM_CREDIT_INSTITUTIONS |     • Tiền gửi của các tổ chức tín dụng khác | 52 | 3 | False | VNĐ | 90685022000000.0,2026-Q2,BS_PLACEMENTS_FROM_CREDIT_INSTITUTIONS,    • Tiền gửi của các tổ chức tín dụng khác,52,3,False,VNĐ,90685022000000.0,,,,,
TCB_balance_sheet_min,51,2026-Q2 | BS_BORROWINGS_FROM_CREDIT_INSTITUTIONS |     • Vay các tổ chức tín dụng khác | 53 | 3 | False | VNĐ | 74054437000000.0,2026-Q2,BS_BORROWINGS_FROM_CREDIT_INSTITUTIONS,    • Vay các tổ chức tín dụng khác,53,3,False,VNĐ,74054437000000.0,,,,,
TCB_balance_sheet_min,52,2026-Q2 | BS_CUSTOMER_DEPOSITS |   ‣ Tiền gửi của khách hàng | 54 | 2 | False | VNĐ | 662447730000000.0,2026-Q2,BS_CUSTOMER_DEPOSITS,  ‣ Tiền gửi của khách hàng,54,2,False,VNĐ,662447730000000.0,,,,,
TCB_balance_sheet_min,54,"2026-Q2 | BS_FUNDS_AND_ENTRUSTED_INVESTMENTS |   ‣ Vốn tài trợ, uỷ thác đầu tư của Chính phủ và các tổ chức tín dụng khác | 56 | 2 | False | VNĐ | 0.0",2026-Q2,BS_FUNDS_AND_ENTRUSTED_INVESTMENTS,"  ‣ Vốn tài trợ, uỷ thác đầu tư của Chính phủ và các tổ chức tín dụng khác",56,2,False,VNĐ,0.0,,,,,
TCB_balance_sheet_min,62,2026-Q2 | BS_CHARTER_CAPITAL_AND_FUNDS |   ‣ Vốn của tổ chức tín dụng | 64 | 2 | False | VNĐ | 82324295000000.0,2026-Q2,BS_CHARTER_CAPITAL_AND_FUNDS,  ‣ Vốn của tổ chức tín dụng,64,2,False,VNĐ,82324295000000.0,,,,,
TCB_balance_sheet_min,67,2026-Q2 | BS_RESERVES |   ‣ Quỹ của tổ chức tín dụng | 69 | 2 | False | VNĐ | 28659714000000.0,2026-Q2,BS_RESERVES,  ‣ Quỹ của tổ chức tín dụng,69,2,False,VNĐ,28659714000000.0,,,,,
TCB_balance_sheet_min,73,2026-Q2 | BS_LOAN_GUARANTEES |   ‣ Bảo lãnh vay vốn | 75 | 2 | True | VNĐ | nan,2026-Q2,BS_LOAN_GUARANTEES,  ‣ Bảo lãnh vay vốn,75,2,True,VNĐ,,,,,,
TCB_balance_sheet_min,79,2026-Q2 | BS_IRREVOCABLE_LOAN_COMMITMENTS |   ‣ Cam kết cho vay không huỷ ngang | 81 | 2 | True | VNĐ | 0.0,2026-Q2,BS_IRREVOCABLE_LOAN_COMMITMENTS,  ‣ Cam kết cho vay không huỷ ngang,81,2,True,VNĐ,0.0,,,,,
TCB_balance_sheet_min,85,2026-Q1 | BS_BALANCES_WITH_SBV | Tiền gửi tại Ngân hàng nhà nước Việt Nam | 3 | 1 | False | VNĐ | 93007358000000.0,2026-Q1,BS_BALANCES_WITH_SBV,Tiền gửi tại Ngân hàng nhà nước Việt Nam,3,1,False,VNĐ,93007358000000.0,,,,,
TCB_balance_sheet_min,86,2026-Q1 | BS_PLACEMENTS_AND_LOANS_TO_CREDIT_INSTITUTIONS | Tiền gửi tại các TCTD khác và cho vay các TCTD khác | 4 | 1 | False | VNĐ | 87777341000000.0,2026-Q1,BS_PLACEMENTS_AND_LOANS_TO_CREDIT_INSTITUTIONS,Tiền gửi tại các TCTD khác và cho vay các TCTD khác,4,1,False,VNĐ,87777341000000.0,,,,,
TCB_balance_sheet_min,87,2026-Q1 | BS_PLACEMENTS_WITH_CREDIT_INSTITUTIONS |   ‣ Tiền gửi tại các TCTD khác | 5 | 2 | False | VNĐ | 82639508000000.0,2026-Q1,BS_PLACEMENTS_WITH_CREDIT_INSTITUTIONS,  ‣ Tiền gửi tại các TCTD khác,5,2,False,VNĐ,82639508000000.0,,,,,
TCB_balance_sheet_min,88,2026-Q1 | BS_LOANS_TO_CREDIT_INSTITUTIONS |   ‣ Cho vay các TCTD khác | 6 | 2 | False | VNĐ | 5318983000000.0,2026-Q1,BS_LOANS_TO_CREDIT_INSTITUTIONS,  ‣ Cho vay các TCTD khác,6,2,False,VNĐ,5318983000000.0,,,,,
TCB_balance_sheet_min,94,2026-Q1 | BS_LOANS_TO_CUSTOMERS | Cho vay khách hàng | 12 | 1 | False | VNĐ | 785612530000000.0,2026-Q1,BS_LOANS_TO_CUSTOMERS,Cho vay khách hàng,12,1,False,VNĐ,785612530000000.0,,,,,
TCB_balance_sheet_min,95,2026-Q1 | BS_LOANS_TO_CUSTOMERS_GROSS |   ‣ Cho vay khách hàng | 13 | 2 | False | VNĐ | 796863951000000.0,2026-Q1,BS_LOANS_TO_CUSTOMERS_GROSS,  ‣ Cho vay khách hàng,13,2,False,VNĐ,796863951000000.0,,,,,
TCB_balance_sheet_min,96,2026-Q1 | BS_PROVISION_LOANS_TO_CUSTOMERS |   ‣ Dự phòng rủi ro cho vay khách hàng | 14 | 2 | False | VNĐ | -11251421000000.0,2026-Q1,BS_PROVISION_LOANS_TO_CUSTOMERS,  ‣ Dự phòng rủi ro cho vay khách hàng,14,2,False,VNĐ,-11251421000000.0,,,,,
TCB_balance_sheet_min,132,2026-Q1 | BS_PLACEMENTS_AND_BORROWINGS_FROM_CREDIT_INSTITUTIONS |   ‣ Tiền gửi và vay các Tổ chức tín dụng khác | 51 | 2 | False | VNĐ | 150267181000000.0,2026-Q1,BS_PLACEMENTS_AND_BORROWINGS_FROM_CREDIT_INSTITUTIONS,  ‣ Tiền gửi và vay các Tổ chức tín dụng khác,51,2,False,VNĐ,150267181000000.0,,,,,
TCB_balance_sheet_min,133,2026-Q1 | BS_PLACEMENTS_FROM_CREDIT_INSTITUTIONS |     • Tiền gửi của các tổ chức tín dụng khác | 52 | 3 | False | VNĐ | 86820944000000.0,2026-Q1,BS_PLACEMENTS_FROM_CREDIT_INSTITUTIONS,    • Tiền gửi của các tổ chức tín dụng khác,52,3,False,VNĐ,86820944000000.0,,,,,
TCB_balance_sheet_min,134,2026-Q1 | BS_BORROWINGS_FROM_CREDIT_INSTITUTIONS |     • Vay các tổ chức tín dụng khác | 53 | 3 | False | VNĐ | 63446237000000.0,2026-Q1,BS_BORROWINGS_FROM_CREDIT_INSTITUTIONS,    • Vay các tổ chức tín dụng khác,53,3,False,VNĐ,63446237000000.0,,,,,
TCB_balance_sheet_min,135,2026-Q1 | BS_CUSTOMER_DEPOSITS |   ‣ Tiền gửi của khách hàng | 54 | 2 | False | VNĐ | 599808238000000.0,2026-Q1,BS_CUSTOMER_DEPOSITS,  ‣ Tiền gửi của khách hàng,54,2,False,VNĐ,599808238000000.0,,,,,
TCB_balance_sheet_min,137,"2026-Q1 | BS_FUNDS_AND_ENTRUSTED_INVESTMENTS |   ‣ Vốn tài trợ, uỷ thác đầu tư của Chính phủ và các tổ chức tín dụng khác | 56 | 2 | False | VNĐ | 0.0",2026-Q1,BS_FUNDS_AND_ENTRUSTED_INVESTMENTS,"  ‣ Vốn tài trợ, uỷ thác đầu tư của Chính phủ và các tổ chức tín dụng khác",56,2,False,VNĐ,0.0,,,,,
TCB_balance_sheet_min,145,2026-Q1 | BS_CHARTER_CAPITAL_AND_FUNDS |   ‣ Vốn của tổ chức tín dụng | 64 | 2 | False | VNĐ | 78808792000000.0,2026-Q1,BS_CHARTER_CAPITAL_AND_FUNDS,  ‣ Vốn của tổ chức tín dụng,64,2,False,VNĐ,78808792000000.0,,,,,
TCB_balance_sheet_min,150,2026-Q1 | BS_RESERVES |   ‣ Quỹ của tổ chức tín dụng | 69 | 2 | False | VNĐ | 28651733000000.0,2026-Q1,BS_RESERVES,  ‣ Quỹ của tổ chức tín dụng,69,2,False,VNĐ,28651733000000.0,,,,,
TCB_balance_sheet_min,156,2026-Q1 | BS_LOAN_GUARANTEES |   ‣ Bảo lãnh vay vốn | 75 | 2 | True | VNĐ | nan,2026-Q1,BS_LOAN_GUARANTEES,  ‣ Bảo lãnh vay vốn,75,2,True,VNĐ,,,,,,
TCB_balance_sheet_min,162,2026-Q1 | BS_IRREVOCABLE_LOAN_COMMITMENTS |   ‣ Cam kết cho vay không huỷ ngang | 81 | 2 | True | VNĐ | 0.0,2026-Q1,BS_IRREVOCABLE_LOAN_COMMITMENTS,  ‣ Cam kết cho vay không huỷ ngang,81,2,True,VNĐ,0.0,,,,,
TCB_balance_sheet_min,168,2025-Q4 | BS_BALANCES_WITH_SBV | Tiền gửi tại Ngân hàng nhà nước Việt Nam | 3 | 1 | False | VNĐ | 82162772000000.0,2025-Q4,BS_BALANCES_WITH_SBV,Tiền gửi tại Ngân hàng nhà nước Việt Nam,3,1,False,VNĐ,82162772000000.0,,,,,
TCB_balance_sheet_min,169,2025-Q4 | BS_PLACEMENTS_AND_LOANS_TO_CREDIT_INSTITUTIONS | Tiền gửi tại các TCTD khác và cho vay các TCTD khác | 4 | 1 | False | VNĐ | 114958312000000.0,2025-Q4,BS_PLACEMENTS_AND_LOANS_TO_CREDIT_INSTITUTIONS,Tiền gửi tại các TCTD khác và cho vay các TCTD khác,4,1,False,VNĐ,114958312000000.0,,,,,
TCB_balance_sheet_min,170,2025-Q4 | BS_PLACEMENTS_WITH_CREDIT_INSTITUTIONS |   ‣ Tiền gửi tại các TCTD khác | 5 | 2 | False | VNĐ | 108143393000000.0,2025-Q4,BS_PLACEMENTS_WITH_CREDIT_INSTITUTIONS,  ‣ Tiền gửi tại các TCTD khác,5,2,False,VNĐ,108143393000000.0,,,,,
TCB_balance_sheet_min,171,2025-Q4 | BS_LOANS_TO_CREDIT_INSTITUTIONS |   ‣ Cho vay các TCTD khác | 6 | 2 | False | VNĐ | 6996069000000.0,2025-Q4,BS_LOANS_TO_CREDIT_INSTITUTIONS,  ‣ Cho vay các TCTD khác,6,2,False,VNĐ,6996069000000.0,,,,,
TCB_balance_sheet_min,177,2025-Q4 | BS_LOANS_TO_CUSTOMERS | Cho vay khách hàng | 12 | 1 | False | VNĐ | 757118751000000.0,2025-Q4,BS_LOANS_TO_CUSTOMERS,Cho vay khách hàng,12,1,False,VNĐ,757118751000000.0,,,,,
TCB_balance_sheet_min,178,2025-Q4 | BS_LOANS_TO_CUSTOMERS_GROSS |   ‣ Cho vay khách hàng | 13 | 2 | False | VNĐ | 767617129000000.0,2025-Q4,BS_LOANS_TO_CUSTOMERS_GROSS,  ‣ Cho vay khách hàng,13,2,False,VNĐ,767617129000000.0,,,,,
TCB_balance_sheet_min,179,2025-Q4 | BS_PROVISION_LOANS_TO_CUSTOMERS |   ‣ Dự phòng rủi ro cho vay khách hàng | 14 | 2 | False | VNĐ | -10498378000000.0,2025-Q4,BS_PROVISION_LOANS_TO_CUSTOMERS,  ‣ Dự phòng rủi ro cho vay khách hàng,14,2,False,VNĐ,-10498378000000.0,,,,,
TCB_balance_sheet_min,215,2025-Q4 | BS_PLACEMENTS_AND_BORROWINGS_FROM_CREDIT_INSTITUTIONS |   ‣ Tiền gửi và vay các Tổ chức tín dụng khác | 51 | 2 | False | VNĐ | 144982976000000.0,2025-Q4,BS_PLACEMENTS_AND_BORROWINGS_FROM_CREDIT_INSTITUTIONS,  ‣ Tiền gửi và vay các Tổ chức tín dụng khác,51,2,False,VNĐ,144982976000000.0,,,,,
TCB_balance_sheet_min,216,2025-Q4 | BS_PLACEMENTS_FROM_CREDIT_INSTITUTIONS |     • Tiền gửi của các tổ chức tín dụng khác | 52 | 3 | False | VNĐ | 83014313000000.0,2025-Q4,BS_PLACEMENTS_FROM_CREDIT_INSTITUTIONS,    • Tiền gửi của các tổ chức tín dụng khác,52,3,False,VNĐ,83014313000000.0,,,,,
TCB_balance_sheet_min,217,2025-Q4 | BS_BORROWINGS_FROM_CREDIT_INSTITUTIONS |     • Vay các tổ chức tín dụng khác | 53 | 3 | False | VNĐ | 61968663000000.0,2025-Q4,BS_BORROWINGS_FROM_CREDIT_INSTITUTIONS,    • Vay các tổ chức tín dụng khác,53,3,False,VNĐ,61968663000000.0,,,,,
TCB_balance_sheet_min,218,2025-Q4 | BS_CUSTOMER_DEPOSITS |   ‣ Tiền gửi của khách hàng | 54 | 2 | False | VNĐ | 618911535000000.0,2025-Q4,BS_CUSTOMER_DEPOSITS,  ‣ Tiền gửi của khách hàng,54,2,False,VNĐ,618911535000000.0,,,,,
TCB_balance_sheet_min,220,"2025-Q4 | BS_FUNDS_AND_ENTRUSTED_INVESTMENTS |   ‣ Vốn tài trợ, uỷ thác đầu tư của Chính phủ và các tổ chức tín dụng khác | 56 | 2 | False | VNĐ | 0.0",2025-Q4,BS_FUNDS_AND_ENTRUSTED_INVESTMENTS,"  ‣ Vốn tài trợ, uỷ thác đầu tư của Chính phủ và các tổ chức tín dụng khác",56,2,False,VNĐ,0.0,,,,,
TCB_balance_sheet_min,228,2025-Q4 | BS_CHARTER_CAPITAL_AND_FUNDS |   ‣ Vốn của tổ chức tín dụng | 64 | 2 | False | VNĐ | 78626366000000.0,2025-Q4,BS_CHARTER_CAPITAL_AND_FUNDS,  ‣ Vốn của tổ chức tín dụng,64,2,False,VNĐ,78626366000000.0,,,,,
TCB_balance_sheet_min,233,2025-Q4 | BS_RESERVES |   ‣ Quỹ của tổ chức tín dụng | 69 | 2 | False | VNĐ | 28644562000000.0,2025-Q4,BS_RESERVES,  ‣ Quỹ của tổ chức tín dụng,69,2,False,VNĐ,28644562000000.0,,,,,
TCB_balance_sheet_min,239,2025-Q4 | BS_LOAN_GUARANTEES |   ‣ Bảo lãnh vay vốn | 75 | 2 | True | VNĐ | nan,2025-Q4,BS_LOAN_GUARANTEES,  ‣ Bảo lãnh vay vốn,75,2,True,VNĐ,,,,,,
TCB_balance_sheet_min,245,2025-Q4 | BS_IRREVOCABLE_LOAN_COMMITMENTS |   ‣ Cam kết cho vay không huỷ ngang | 81 | 2 | True | VNĐ | 0.0,2025-Q4,BS_IRREVOCABLE_LOAN_COMMITMENTS,  ‣ Cam kết cho vay không huỷ ngang,81,2,True,VNĐ,0.0,,,,,
TCB_balance_sheet_min,251,2025-Q3 | BS_BALANCES_WITH_SBV | Tiền gửi tại Ngân hàng nhà nước Việt Nam | 3 | 1 | False | VNĐ | 77586460000000.0,2025-Q3,BS_BALANCES_WITH_SBV,Tiền gửi tại Ngân hàng nhà nước Việt Nam,3,1,False,VNĐ,77586460000000.0,,,,,
TCB_balance_sheet_min,252,2025-Q3 | BS_PLACEMENTS_AND_LOANS_TO_CREDIT_INSTITUTIONS | Tiền gửi tại các TCTD khác và cho vay các TCTD khác | 4 | 1 | False | VNĐ | 92999089000000.0,2025-Q3,BS_PLACEMENTS_AND_LOANS_TO_CREDIT_INSTITUTIONS,Tiền gửi tại các TCTD khác và cho vay các TCTD khác,4,1,False,VNĐ,92999089000000.0,,,,,
TCB_balance_sheet_min,253,2025-Q3 | BS_PLACEMENTS_WITH_CREDIT_INSTITUTIONS |   ‣ Tiền gửi tại các TCTD khác | 5 | 2 | False | VNĐ | 78704346000000.0,2025-Q3,BS_PLACEMENTS_WITH_CREDIT_INSTITUTIONS,  ‣ Tiền gửi tại các TCTD khác,5,2,False,VNĐ,78704346000000.0,,,,,
TCB_balance_sheet_min,254,2025-Q3 | BS_LOANS_TO_CREDIT_INSTITUTIONS |   ‣ Cho vay các TCTD khác | 6 | 2 | False | VNĐ | 14475893000000.0,2025-Q3,BS_LOANS_TO_CREDIT_INSTITUTIONS,  ‣ Cho vay các TCTD khác,6,2,False,VNĐ,14475893000000.0,,,,,
TCB_balance_sheet_min,260,2025-Q3 | BS_LOANS_TO_CUSTOMERS | Cho vay khách hàng | 12 | 1 | False | VNĐ | 756078003000000.0,2025-Q3,BS_LOANS_TO_CUSTOMERS,Cho vay khách hàng,12,1,False,VNĐ,756078003000000.0,,,,,
TCB_balance_sheet_min,261,2025-Q3 | BS_LOANS_TO_CUSTOMERS_GROSS |   ‣ Cho vay khách hàng | 13 | 2 | False | VNĐ | 766709929000000.0,2025-Q3,BS_LOANS_TO_CUSTOMERS_GROSS,  ‣ Cho vay khách hàng,13,2,False,VNĐ,766709929000000.0,,,,,
TCB_balance_sheet_min,262,2025-Q3 | BS_PROVISION_LOANS_TO_CUSTOMERS |   ‣ Dự phòng rủi ro cho vay khách hàng | 14 | 2 | False | VNĐ | -10631926000000.0,2025-Q3,BS_PROVISION_LOANS_TO_CUSTOMERS,  ‣ Dự phòng rủi ro cho vay khách hàng,14,2,False,VNĐ,-10631926000000.0,,,,,
TCB_balance_sheet_min,298,2025-Q3 | BS_PLACEMENTS_AND_BORROWINGS_FROM_CREDIT_INSTITUTIONS |   ‣ Tiền gửi và vay các Tổ chức tín dụng khác | 51 | 2 | False | VNĐ | 146643879000000.0,2025-Q3,BS_PLACEMENTS_AND_BORROWINGS_FROM_CREDIT_INSTITUTIONS,  ‣ Tiền gửi và vay các Tổ chức tín dụng khác,51,2,False,VNĐ,146643879000000.0,,,,,
TCB_balance_sheet_min,299,2025-Q3 | BS_PLACEMENTS_FROM_CREDIT_INSTITUTIONS |     • Tiền gửi của các tổ chức tín dụng khác | 52 | 3 | False | VNĐ | 93471217000000.0,2025-Q3,BS_PLACEMENTS_FROM_CREDIT_INSTITUTIONS,    • Tiền gửi của các tổ chức tín dụng khác,52,3,False,VNĐ,93471217000000.0,,,,,
TCB_balance_sheet_min,300,2025-Q3 | BS_BORROWINGS_FROM_CREDIT_INSTITUTIONS |     • Vay các tổ chức tín dụng khác | 53 | 3 | False | VNĐ | 53172662000000.0,2025-Q3,BS_BORROWINGS_FROM_CREDIT_INSTITUTIONS,    • Vay các tổ chức tín dụng khác,53,3,False,VNĐ,53172662000000.0,,,,,
TCB_balance_sheet_min,301,2025-Q3 | BS_CUSTOMER_DEPOSITS |   ‣ Tiền gửi của khách hàng | 54 | 2 | False | VNĐ | 595086941000000.0,2025-Q3,BS_CUSTOMER_DEPOSITS,  ‣ Tiền gửi của khách hàng,54,2,False,VNĐ,595086941000000.0,,,,,
TCB_balance_sheet_min,303,"2025-Q3 | BS_FUNDS_AND_ENTRUSTED_INVESTMENTS |   ‣ Vốn tài trợ, uỷ thác đầu tư của Chính phủ và các tổ chức tín dụng khác | 56 | 2 | False | VNĐ | 0.0",2025-Q3,BS_FUNDS_AND_ENTRUSTED_INVESTMENTS,"  ‣ Vốn tài trợ, uỷ thác đầu tư của Chính phủ và các tổ chức tín dụng khác",56,2,False,VNĐ,0.0,,,,,
TCB_balance_sheet_min,311,2025-Q3 | BS_CHARTER_CAPITAL_AND_FUNDS |   ‣ Vốn của tổ chức tín dụng | 64 | 2 | False | VNĐ | 78412544000000.0,2025-Q3,BS_CHARTER_CAPITAL_AND_FUNDS,  ‣ Vốn của tổ chức tín dụng,64,2,False,VNĐ,78412544000000.0,,,,,
TCB_balance_sheet_min,316,2025-Q3 | BS_RESERVES |   ‣ Quỹ của tổ chức tín dụng | 69 | 2 | False | VNĐ | 24786549000000.0,2025-Q3,BS_RESERVES,  ‣ Quỹ của tổ chức tín dụng,69,2,False,VNĐ,24786549000000.0,,,,,
TCB_balance_sheet_min,322,2025-Q3 | BS_LOAN_GUARANTEES |   ‣ Bảo lãnh vay vốn | 75 | 2 | True | VNĐ | nan,2025-Q3,BS_LOAN_GUARANTEES,  ‣ Bảo lãnh vay vốn,75,2,True,VNĐ,,,,,,
TCB_balance_sheet_min,328,2025-Q3 | BS_IRREVOCABLE_LOAN_COMMITMENTS |   ‣ Cam kết cho vay không huỷ ngang | 81 | 2 | True | VNĐ | 0.0,2025-Q3,BS_IRREVOCABLE_LOAN_COMMITMENTS,  ‣ Cam kết cho vay không huỷ ngang,81,2,True,VNĐ,0.0,,,,,
TCB_balance_sheet_min,334,2025-Q2 | BS_BALANCES_WITH_SBV | Tiền gửi tại Ngân hàng nhà nước Việt Nam | 3 | 1 | False | VNĐ | 48485657000000.0,2025-Q2,BS_BALANCES_WITH_SBV,Tiền gửi tại Ngân hàng nhà nước Việt Nam,3,1,False,VNĐ,48485657000000.0,,,,,
TCB_balance_sheet_min,335,2025-Q2 | BS_PLACEMENTS_AND_LOANS_TO_CREDIT_INSTITUTIONS | Tiền gửi tại các TCTD khác và cho vay các TCTD khác | 4 | 1 | False | VNĐ | 80845693000000.0,2025-Q2,BS_PLACEMENTS_AND_LOANS_TO_CREDIT_INSTITUTIONS,Tiền gửi tại các TCTD khác và cho vay các TCTD khác,4,1,False,VNĐ,80845693000000.0,,,,,
TCB_balance_sheet_min,336,2025-Q2 | BS_PLACEMENTS_WITH_CREDIT_INSTITUTIONS |   ‣ Tiền gửi tại các TCTD khác | 5 | 2 | False | VNĐ | 71979339000000.0,2025-Q2,BS_PLACEMENTS_WITH_CREDIT_INSTITUTIONS,  ‣ Tiền gửi tại các TCTD khác,5,2,False,VNĐ,71979339000000.0,,,,,
TCB_balance_sheet_min,337,2025-Q2 | BS_LOANS_TO_CREDIT_INSTITUTIONS |   ‣ Cho vay các TCTD khác | 6 | 2 | False | VNĐ | 9047504000000.0,2025-Q2,BS_LOANS_TO_CREDIT_INSTITUTIONS,  ‣ Cho vay các TCTD khác,6,2,False,VNĐ,9047504000000.0,,,,,
TCB_balance_sheet_min,343,2025-Q2 | BS_LOANS_TO_CUSTOMERS | Cho vay khách hàng | 12 | 1 | False | VNĐ | 700801926000000.0,2025-Q2,BS_LOANS_TO_CUSTOMERS,Cho vay khách hàng,12,1,False,VNĐ,700801926000000.0,,,,,
TCB_balance_sheet_min,344,2025-Q2 | BS_LOANS_TO_CUSTOMERS_GROSS |   ‣ Cho vay khách hàng | 13 | 2 | False | VNĐ | 710313010000000.0,2025-Q2,BS_LOANS_TO_CUSTOMERS_GROSS,  ‣ Cho vay khách hàng,13,2,False,VNĐ,710313010000000.0,,,,,
TCB_balance_sheet_min,345,2025-Q2 | BS_PROVISION_LOANS_TO_CUSTOMERS |   ‣ Dự phòng rủi ro cho vay khách hàng | 14 | 2 | False | VNĐ | -9511084000000.0,2025-Q2,BS_PROVISION_LOANS_TO_CUSTOMERS,  ‣ Dự phòng rủi ro cho vay khách hàng,14,2,False,VNĐ,-9511084000000.0,,,,,
TCB_balance_sheet_min,382,2025-Q2 | BS_PLACEMENTS_AND_BORROWINGS_FROM_CREDIT_INSTITUTIONS |   ‣ Tiền gửi và vay các Tổ chức tín dụng khác | 51 | 2 | False | VNĐ | 137064303000000.0,2025-Q2,BS_PLACEMENTS_AND_BORROWINGS_FROM_CREDIT_INSTITUTIONS,  ‣ Tiền gửi và vay các Tổ chức tín dụng khác,51,2,False,VNĐ,137064303000000.0,,,,,
TCB_balance_sheet_min,383,2025-Q2 | BS_PLACEMENTS_FROM_CREDIT_INSTITUTIONS |     • Tiền gửi của các tổ chức tín dụng khác | 52 | 3 | False | VNĐ | 91640536000000.0,2025-Q2,BS_PLACEMENTS_FROM_CREDIT_INSTITUTIONS,    • Tiền gửi của các tổ chức tín dụng khác,52,3,False,VNĐ,91640536000000.0,,,,,
TCB_balance_sheet_min,384,2025-Q2 | BS_BORROWINGS_FROM_CREDIT_INSTITUTIONS |     • Vay các tổ chức tín dụng khác | 53 | 3 | False | VNĐ | 45423767000000.0,2025-Q2,BS_BORROWINGS_FROM_CREDIT_INSTITUTIONS,    • Vay các tổ chức tín dụng khác,53,3,False,VNĐ,45423767000000.0,,,,,
TCB_balance_sheet_min,385,2025-Q2 | BS_CUSTOMER_DEPOSITS |   ‣ Tiền gửi của khách hàng | 54 | 2 | False | VNĐ | 545078843000000.0,2025-Q2,BS_CUSTOMER_DEPOSITS,  ‣ Tiền gửi của khách hàng,54,2,False,VNĐ,545078843000000.0,,,,,
TCB_balance_sheet_min,387,"2025-Q2 | BS_FUNDS_AND_ENTRUSTED_INVESTMENTS |   ‣ Vốn tài trợ, uỷ thác đầu tư của Chính phủ và các tổ chức tín dụng khác | 56 | 2 | False | VNĐ | 0.0",2025-Q2,BS_FUNDS_AND_ENTRUSTED_INVESTMENTS,"  ‣ Vốn tài trợ, uỷ thác đầu tư của Chính phủ và các tổ chức tín dụng khác",56,2,False,VNĐ,0.0,,,,,
TCB_balance_sheet_min,395,2025-Q2 | BS_CHARTER_CAPITAL_AND_FUNDS |   ‣ Vốn của tổ chức tín dụng | 64 | 2 | False | VNĐ | 78412544000000.0,2025-Q2,BS_CHARTER_CAPITAL_AND_FUNDS,  ‣ Vốn của tổ chức tín dụng,64,2,False,VNĐ,78412544000000.0,,,,,
TCB_balance_sheet_min,400,2025-Q2 | BS_RESERVES |   ‣ Quỹ của tổ chức tín dụng | 69 | 2 | False | VNĐ | 24786836000000.0,2025-Q2,BS_RESERVES,  ‣ Quỹ của tổ chức tín dụng,69,2,False,VNĐ,24786836000000.0,,,,,
TCB_balance_sheet_min,406,2025-Q2 | BS_LOAN_GUARANTEES |   ‣ Bảo lãnh vay vốn | 75 | 2 | True | VNĐ | nan,2025-Q2,BS_LOAN_GUARANTEES,  ‣ Bảo lãnh vay vốn,75,2,True,VNĐ,,,,,,
TCB_balance_sheet_min,412,2025-Q2 | BS_IRREVOCABLE_LOAN_COMMITMENTS |   ‣ Cam kết cho vay không huỷ ngang | 81 | 2 | True | VNĐ | 0.0,2025-Q2,BS_IRREVOCABLE_LOAN_COMMITMENTS,  ‣ Cam kết cho vay không huỷ ngang,81,2,True,VNĐ,0.0,,,,,
TCB_balance_sheet_min,418,2025-Q1 | BS_BALANCES_WITH_SBV | Tiền gửi tại Ngân hàng nhà nước Việt Nam | 3 | 1 | False | VNĐ | 62698992000000.0,2025-Q1,BS_BALANCES_WITH_SBV,Tiền gửi tại Ngân hàng nhà nước Việt Nam,3,1,False,VNĐ,62698992000000.0,,,,,
TCB_balance_sheet_min,419,2025-Q1 | BS_PLACEMENTS_AND_LOANS_TO_CREDIT_INSTITUTIONS | Tiền gửi tại các TCTD khác và cho vay các TCTD khác | 4 | 1 | False | VNĐ | 81883430000000.0,2025-Q1,BS_PLACEMENTS_AND_LOANS_TO_CREDIT_INSTITUTIONS,Tiền gửi tại các TCTD khác và cho vay các TCTD khác,4,1,False,VNĐ,81883430000000.0,,,,,
TCB_balance_sheet_min,420,2025-Q1 | BS_PLACEMENTS_WITH_CREDIT_INSTITUTIONS |   ‣ Tiền gửi tại các TCTD khác | 5 | 2 | False | VNĐ | 72397423000000.0,2025-Q1,BS_PLACEMENTS_WITH_CREDIT_INSTITUTIONS,  ‣ Tiền gửi tại các TCTD khác,5,2,False,VNĐ,72397423000000.0,,,,,
TCB_balance_sheet_min,421,2025-Q1 | BS_LOANS_TO_CREDIT_INSTITUTIONS |   ‣ Cho vay các TCTD khác | 6 | 2 | False | VNĐ | 9667157000000.0,2025-Q1,BS_LOANS_TO_CREDIT_INSTITUTIONS,  ‣ Cho vay các TCTD khác,6,2,False,VNĐ,9667157000000.0,,,,,
TCB_balance_sheet_min,427,2025-Q1 | BS_LOANS_TO_CUSTOMERS | Cho vay khách hàng | 12 | 1 | False | VNĐ | 655007208000000.0,2025-Q1,BS_LOANS_TO_CUSTOMERS,Cho vay khách hàng,12,1,False,VNĐ,655007208000000.0,,,,,
TCB_balance_sheet_min,428,2025-Q1 | BS_LOANS_TO_CUSTOMERS_GROSS |   ‣ Cho vay khách hàng | 13 | 2 | False | VNĐ | 663692866000000.0,2025-Q1,BS_LOANS_TO_CUSTOMERS_GROSS,  ‣ Cho vay khách hàng,13,2,False,VNĐ,663692866000000.0,,,,,
TCB_balance_sheet_min,429,2025-Q1 | BS_PROVISION_LOANS_TO_CUSTOMERS |   ‣ Dự phòng rủi ro cho vay khách hàng | 14 | 2 | False | VNĐ | -8685658000000.0,2025-Q1,BS_PROVISION_LOANS_TO_CUSTOMERS,  ‣ Dự phòng rủi ro cho vay khách hàng,14,2,False,VNĐ,-8685658000000.0,,,,,
TCB_balance_sheet_min,466,2025-Q1 | BS_PLACEMENTS_AND_BORROWINGS_FROM_CREDIT_INSTITUTIONS |   ‣ Tiền gửi và vay các Tổ chức tín dụng khác | 51 | 2 | False | VNĐ | 135313705000000.0,2025-Q1,BS_PLACEMENTS_AND_BORROWINGS_FROM_CREDIT_INSTITUTIONS,  ‣ Tiền gửi và vay các Tổ chức tín dụng khác,51,2,False,VNĐ,135313705000000.0,,,,,
TCB_balance_sheet_min,467,2025-Q1 | BS_PLACEMENTS_FROM_CREDIT_INSTITUTIONS |     • Tiền gửi của các tổ chức tín dụng khác | 52 | 3 | False | VNĐ | 81331394000000.0,2025-Q1,BS_PLACEMENTS_FROM_CREDIT_INSTITUTIONS,    • Tiền gửi của các tổ chức tín dụng khác,52,3,False,VNĐ,81331394000000.0,,,,,
TCB_balance_sheet_min,468,2025-Q1 | BS_BORROWINGS_FROM_CREDIT_INSTITUTIONS |     • Vay các tổ chức tín dụng khác | 53 | 3 | False | VNĐ | 53982311000000.0,2025-Q1,BS_BORROWINGS_FROM_CREDIT_INSTITUTIONS,    • Vay các tổ chức tín dụng khác,53,3,False,VNĐ,53982311000000.0,,,,,
TCB_balance_sheet_min,469,2025-Q1 | BS_CUSTOMER_DEPOSITS |   ‣ Tiền gửi của khách hàng | 54 | 2 | False | VNĐ | 531583052000000.0,2025-Q1,BS_CUSTOMER_DEPOSITS,  ‣ Tiền gửi của khách hàng,54,2,False,VNĐ,531583052000000.0,,,,,
TCB_balance_sheet_min,471,"2025-Q1 | BS_FUNDS_AND_ENTRUSTED_INVESTMENTS |   ‣ Vốn tài trợ, uỷ thác đầu tư của Chính phủ và các tổ chức tín dụng khác | 56 | 2 | False | VNĐ | 0.0",2025-Q1,BS_FUNDS_AND_ENTRUSTED_INVESTMENTS,"  ‣ Vốn tài trợ, uỷ thác đầu tư của Chính phủ và các tổ chức tín dụng khác",56,2,False,VNĐ,0.0,,,,,
TCB_balance_sheet_min,479,2025-Q1 | BS_CHARTER_CAPITAL_AND_FUNDS |   ‣ Vốn của tổ chức tín dụng | 64 | 2 | False | VNĐ | 78412544000000.0,2025-Q1,BS_CHARTER_CAPITAL_AND_FUNDS,  ‣ Vốn của tổ chức tín dụng,64,2,False,VNĐ,78412544000000.0,,,,,
TCB_balance_sheet_min,484,2025-Q1 | BS_RESERVES |   ‣ Quỹ của tổ chức tín dụng | 69 | 2 | False | VNĐ | 24786838000000.0,2025-Q1,BS_RESERVES,  ‣ Quỹ của tổ chức tín dụng,69,2,False,VNĐ,24786838000000.0,,,,,
TCB_balance_sheet_min,490,2025-Q1 | BS_LOAN_GUARANTEES |   ‣ Bảo lãnh vay vốn | 75 | 2 | True | VNĐ | nan,2025-Q1,BS_LOAN_GUARANTEES,  ‣ Bảo lãnh vay vốn,75,2,True,VNĐ,,,,,,
TCB_balance_sheet_min,496,2025-Q1 | BS_IRREVOCABLE_LOAN_COMMITMENTS |   ‣ Cam kết cho vay không huỷ ngang | 81 | 2 | True | VNĐ | 0.0,2025-Q1,BS_IRREVOCABLE_LOAN_COMMITMENTS,  ‣ Cam kết cho vay không huỷ ngang,81,2,True,VNĐ,0.0,,,,,
TCB_balance_sheet_min,502,2024-Q4 | BS_BALANCES_WITH_SBV | Tiền gửi tại Ngân hàng nhà nước Việt Nam | 3 | 1 | False | VNĐ | 54353153000000.0,2024-Q4,BS_BALANCES_WITH_SBV,Tiền gửi tại Ngân hàng nhà nước Việt Nam,3,1,False,VNĐ,54353153000000.0,,,,,
TCB_balance_sheet_min,503,2024-Q4 | BS_PLACEMENTS_AND_LOANS_TO_CREDIT_INSTITUTIONS | Tiền gửi tại các TCTD khác và cho vay các TCTD khác | 4 | 1 | False | VNĐ | 84590474000000.0,2024-Q4,BS_PLACEMENTS_AND_LOANS_TO_CREDIT_INSTITUTIONS,Tiền gửi tại các TCTD khác và cho vay các TCTD khác,4,1,False,VNĐ,84590474000000.0,,,,,
TCB_balance_sheet_min,504,2024-Q4 | BS_PLACEMENTS_WITH_CREDIT_INSTITUTIONS |   ‣ Tiền gửi tại các TCTD khác | 5 | 2 | False | VNĐ | 74887085000000.0,2024-Q4,BS_PLACEMENTS_WITH_CREDIT_INSTITUTIONS,  ‣ Tiền gửi tại các TCTD khác,5,2,False,VNĐ,74887085000000.0,,,,,
TCB_balance_sheet_min,505,2024-Q4 | BS_LOANS_TO_CREDIT_INSTITUTIONS |   ‣ Cho vay các TCTD khác | 6 | 2 | False | VNĐ | 9884539000000.0,2024-Q4,BS_LOANS_TO_CREDIT_INSTITUTIONS,  ‣ Cho vay các TCTD khác,6,2,False,VNĐ,9884539000000.0,,,,,
TCB_balance_sheet_min,511,2024-Q4 | BS_LOANS_TO_CUSTOMERS | Cho vay khách hàng | 12 | 1 | False | VNĐ | 623634271000000.0,2024-Q4,BS_LOANS_TO_CUSTOMERS,Cho vay khách hàng,12,1,False,VNĐ,623634271000000.0,,,,,
TCB_balance_sheet_min,512,2024-Q4 | BS_LOANS_TO_CUSTOMERS_GROSS |   ‣ Cho vay khách hàng | 13 | 2 | False | VNĐ | 631724964000000.0,2024-Q4,BS_LOANS_TO_CUSTOMERS_GROSS,  ‣ Cho vay khách hàng,13,2,False,VNĐ,631724964000000.0,,,,,
TCB_balance_sheet_min,513,2024-Q4 | BS_PROVISION_LOANS_TO_CUSTOMERS |   ‣ Dự phòng rủi ro cho vay khách hàng | 14 | 2 | False | VNĐ | -8090693000000.0,2024-Q4,BS_PROVISION_LOANS_TO_CUSTOMERS,  ‣ Dự phòng rủi ro cho vay khách hàng,14,2,False,VNĐ,-8090693000000.0,,,,,
TCB_balance_sheet_min,550,2024-Q4 | BS_PLACEMENTS_AND_BORROWINGS_FROM_CREDIT_INSTITUTIONS |   ‣ Tiền gửi và vay các Tổ chức tín dụng khác | 51 | 2 | False | VNĐ | 132239088000000.0,2024-Q4,BS_PLACEMENTS_AND_BORROWINGS_FROM_CREDIT_INSTITUTIONS,  ‣ Tiền gửi và vay các Tổ chức tín dụng khác,51,2,False,VNĐ,132239088000000.0,,,,,
TCB_balance_sheet_min,551,2024-Q4 | BS_PLACEMENTS_FROM_CREDIT_INSTITUTIONS |     • Tiền gửi của các tổ chức tín dụng khác | 52 | 3 | False | VNĐ | 72210834000000.0,2024-Q4,BS_PLACEMENTS_FROM_CREDIT_INSTITUTIONS,    • Tiền gửi của các tổ chức tín dụng khác,52,3,False,VNĐ,72210834000000.0,,,,,
TCB_balance_sheet_min,552,2024-Q4 | BS_BORROWINGS_FROM_CREDIT_INSTITUTIONS |     • Vay các tổ chức tín dụng khác | 53 | 3 | False | VNĐ | 60028254000000.0,2024-Q4,BS_BORROWINGS_FROM_CREDIT_INSTITUTIONS,    • Vay các tổ chức tín dụng khác,53,3,False,VNĐ,60028254000000.0,,,,,
TCB_balance_sheet_min,553,2024-Q4 | BS_CUSTOMER_DEPOSITS |   ‣ Tiền gửi của khách hàng | 54 | 2 | False | VNĐ | 533392350000000.0,2024-Q4,BS_CUSTOMER_DEPOSITS,  ‣ Tiền gửi của khách hàng,54,2,False,VNĐ,533392350000000.0,,,,,
TCB_balance_sheet_min,555,"2024-Q4 | BS_FUNDS_AND_ENTRUSTED_INVESTMENTS |   ‣ Vốn tài trợ, uỷ thác đầu tư của Chính phủ và các tổ chức tín dụng khác | 56 | 2 | False | VNĐ | 0.0",2024-Q4,BS_FUNDS_AND_ENTRUSTED_INVESTMENTS,"  ‣ Vốn tài trợ, uỷ thác đầu tư của Chính phủ và các tổ chức tín dụng khác",56,2,False,VNĐ,0.0,,,,,
TCB_balance_sheet_min,563,2024-Q4 | BS_CHARTER_CAPITAL_AND_FUNDS |   ‣ Vốn của tổ chức tín dụng | 64 | 2 | False | VNĐ | 78412544000000.0,2024-Q4,BS_CHARTER_CAPITAL_AND_FUNDS,  ‣ Vốn của tổ chức tín dụng,64,2,False,VNĐ,78412544000000.0,,,,,
TCB_balance_sheet_min,568,2024-Q4 | BS_RESERVES |   ‣ Quỹ của tổ chức tín dụng | 69 | 2 | False | VNĐ | 24787305000000.0,2024-Q4,BS_RESERVES,  ‣ Quỹ của tổ chức tín dụng,69,2,False,VNĐ,24787305000000.0,,,,,
TCB_balance_sheet_min,574,2024-Q4 | BS_LOAN_GUARANTEES |   ‣ Bảo lãnh vay vốn | 75 | 2 | True | VNĐ | nan,2024-Q4,BS_LOAN_GUARANTEES,  ‣ Bảo lãnh vay vốn,75,2,True,VNĐ,,,,,,
TCB_balance_sheet_min,580,2024-Q4 | BS_IRREVOCABLE_LOAN_COMMITMENTS |   ‣ Cam kết cho vay không huỷ ngang | 81 | 2 | True | VNĐ | 0.0,2024-Q4,BS_IRREVOCABLE_LOAN_COMMITMENTS,  ‣ Cam kết cho vay không huỷ ngang,81,2,True,VNĐ,0.0,,,,,
TCB_balance_sheet_min,586,2024-Q3 | BS_BALANCES_WITH_SBV | Tiền gửi tại Ngân hàng nhà nước Việt Nam | 3 | 1 | False | VNĐ | 40614749000000.0,2024-Q3,BS_BALANCES_WITH_SBV,Tiền gửi tại Ngân hàng nhà nước Việt Nam,3,1,False,VNĐ,40614749000000.0,,,,,
TCB_balance_sheet_min,587,2024-Q3 | BS_PLACEMENTS_AND_LOANS_TO_CREDIT_INSTITUTIONS | Tiền gửi tại các TCTD khác và cho vay các TCTD khác | 4 | 1 | False | VNĐ | 90014293000000.0,2024-Q3,BS_PLACEMENTS_AND_LOANS_TO_CREDIT_INSTITUTIONS,Tiền gửi tại các TCTD khác và cho vay các TCTD khác,4,1,False,VNĐ,90014293000000.0,,,,,
TCB_balance_sheet_min,588,2024-Q3 | BS_PLACEMENTS_WITH_CREDIT_INSTITUTIONS |   ‣ Tiền gửi tại các TCTD khác | 5 | 2 | False | VNĐ | 80586687000000.0,2024-Q3,BS_PLACEMENTS_WITH_CREDIT_INSTITUTIONS,  ‣ Tiền gửi tại các TCTD khác,5,2,False,VNĐ,80586687000000.0,,,,,
TCB_balance_sheet_min,589,2024-Q3 | BS_LOANS_TO_CREDIT_INSTITUTIONS |   ‣ Cho vay các TCTD khác | 6 | 2 | False | VNĐ | 9607946000000.0,2024-Q3,BS_LOANS_TO_CREDIT_INSTITUTIONS,  ‣ Cho vay các TCTD khác,6,2,False,VNĐ,9607946000000.0,,,,,
TCB_balance_sheet_min,595,2024-Q3 | BS_LOANS_TO_CUSTOMERS | Cho vay khách hàng | 12 | 1 | False | VNĐ | 617924570000000.0,2024-Q3,BS_LOANS_TO_CUSTOMERS,Cho vay khách hàng,12,1,False,VNĐ,617924570000000.0,,,,,
TCB_balance_sheet_min,596,2024-Q3 | BS_LOANS_TO_CUSTOMERS_GROSS |   ‣ Cho vay khách hàng | 13 | 2 | False | VNĐ | 626290777000000.0,2024-Q3,BS_LOANS_TO_CUSTOMERS_GROSS,  ‣ Cho vay khách hàng,13,2,False,VNĐ,626290777000000.0,,,,,
TCB_balance_sheet_min,597,2024-Q3 | BS_PROVISION_LOANS_TO_CUSTOMERS |   ‣ Dự phòng rủi ro cho vay khách hàng | 14 | 2 | False | VNĐ | -8366207000000.0,2024-Q3,BS_PROVISION_LOANS_TO_CUSTOMERS,  ‣ Dự phòng rủi ro cho vay khách hàng,14,2,False,VNĐ,-8366207000000.0,,,,,
TCB_balance_sheet_min,634,2024-Q3 | BS_PLACEMENTS_AND_BORROWINGS_FROM_CREDIT_INSTITUTIONS |   ‣ Tiền gửi và vay các Tổ chức tín dụng khác | 51 | 2 | False | VNĐ | 138462274000000.0,2024-Q3,BS_PLACEMENTS_AND_BORROWINGS_FROM_CREDIT_INSTITUTIONS,  ‣ Tiền gửi và vay các Tổ chức tín dụng khác,51,2,False,VNĐ,138462274000000.0,,,,,
TCB_balance_sheet_min,635,2024-Q3 | BS_PLACEMENTS_FROM_CREDIT_INSTITUTIONS |     • Tiền gửi của các tổ chức tín dụng khác | 52 | 3 | False | VNĐ | 70584329000000.0,2024-Q3,BS_PLACEMENTS_FROM_CREDIT_INSTITUTIONS,    • Tiền gửi của các tổ chức tín dụng khác,52,3,False,VNĐ,70584329000000.0,,,,,
TCB_balance_sheet_min,636,2024-Q3 | BS_BORROWINGS_FROM_CREDIT_INSTITUTIONS |     • Vay các tổ chức tín dụng khác | 53 | 3 | False | VNĐ | 67877945000000.0,2024-Q3,BS_BORROWINGS_FROM_CREDIT_INSTITUTIONS,    • Vay các tổ chức tín dụng khác,53,3,False,VNĐ,67877945000000.0,,,,,
TCB_balance_sheet_min,637,2024-Q3 | BS_CUSTOMER_DEPOSITS |   ‣ Tiền gửi của khách hàng | 54 | 2 | False | VNĐ | 494954017000000.0,2024-Q3,BS_CUSTOMER_DEPOSITS,  ‣ Tiền gửi của khách hàng,54,2,False,VNĐ,494954017000000.0,,,,,
TCB_balance_sheet_min,639,"2024-Q3 | BS_FUNDS_AND_ENTRUSTED_INVESTMENTS |   ‣ Vốn tài trợ, uỷ thác đầu tư của Chính phủ và các tổ chức tín dụng khác | 56 | 2 | False | VNĐ | 0.0",2024-Q3,BS_FUNDS_AND_ENTRUSTED_INVESTMENTS,"  ‣ Vốn tài trợ, uỷ thác đầu tư của Chính phủ và các tổ chức tín dụng khác",56,2,False,VNĐ,0.0,,,,,
TCB_balance_sheet_min,647,2024-Q3 | BS_CHARTER_CAPITAL_AND_FUNDS |   ‣ Vốn của tổ chức tín dụng | 64 | 2 | False | VNĐ | 71006213000000.0,2024-Q3,BS_CHARTER_CAPITAL_AND_FUNDS,  ‣ Vốn của tổ chức tín dụng,64,2,False,VNĐ,71006213000000.0,,,,,
TCB_balance_sheet_min,652,2024-Q3 | BS_RESERVES |   ‣ Quỹ của tổ chức tín dụng | 69 | 2 | False | VNĐ | 20845050000000.0,2024-Q3,BS_RESERVES,  ‣ Quỹ của tổ chức tín dụng,69,2,False,VNĐ,20845050000000.0,,,,,
TCB_balance_sheet_min,658,2024-Q3 | BS_LOAN_GUARANTEES |   ‣ Bảo lãnh vay vốn | 75 | 2 | True | VNĐ | nan,2024-Q3,BS_LOAN_GUARANTEES,  ‣ Bảo lãnh vay vốn,75,2,True,VNĐ,,,,,,
TCB_balance_sheet_min,664,2024-Q3 | BS_IRREVOCABLE_LOAN_COMMITMENTS |   ‣ Cam kết cho vay không huỷ ngang | 81 | 2 | True | VNĐ | 0.0,2024-Q3,BS_IRREVOCABLE_LOAN_COMMITMENTS,  ‣ Cam kết cho vay không huỷ ngang,81,2,True,VNĐ,0.0,,,,,
TCB_balance_sheet_min,670,2024-Q2 | BS_BALANCES_WITH_SBV | Tiền gửi tại Ngân hàng nhà nước Việt Nam | 3 | 1 | False | VNĐ | 28055094000000.0,2024-Q2,BS_BALANCES_WITH_SBV,Tiền gửi tại Ngân hàng nhà nước Việt Nam,3,1,False,VNĐ,28055094000000.0,,,,,
TCB_balance_sheet_min,671,2024-Q2 | BS_PLACEMENTS_AND_LOANS_TO_CREDIT_INSTITUTIONS | Tiền gửi tại các TCTD khác và cho vay các TCTD khác | 4 | 1 | False | VNĐ | 88903726000000.0,2024-Q2,BS_PLACEMENTS_AND_LOANS_TO_CREDIT_INSTITUTIONS,Tiền gửi tại các TCTD khác và cho vay các TCTD khác,4,1,False,VNĐ,88903726000000.0,,,,,
TCB_balance_sheet_min,672,2024-Q2 | BS_PLACEMENTS_WITH_CREDIT_INSTITUTIONS |   ‣ Tiền gửi tại các TCTD khác | 5 | 2 | False | VNĐ | 77099429000000.0,2024-Q2,BS_PLACEMENTS_WITH_CREDIT_INSTITUTIONS,  ‣ Tiền gửi tại các TCTD khác,5,2,False,VNĐ,77099429000000.0,,,,,
TCB_balance_sheet_min,673,2024-Q2 | BS_LOANS_TO_CREDIT_INSTITUTIONS |   ‣ Cho vay các TCTD khác | 6 | 2 | False | VNĐ | 11909794000000.0,2024-Q2,BS_LOANS_TO_CREDIT_INSTITUTIONS,  ‣ Cho vay các TCTD khác,6,2,False,VNĐ,11909794000000.0,,,,,
TCB_balance_sheet_min,679,2024-Q2 | BS_LOANS_TO_CUSTOMERS | Cho vay khách hàng | 12 | 1 | False | VNĐ | 584713478000000.0,2024-Q2,BS_LOANS_TO_CUSTOMERS,Cho vay khách hàng,12,1,False,VNĐ,584713478000000.0,,,,,
TCB_balance_sheet_min,680,2024-Q2 | BS_LOANS_TO_CUSTOMERS_GROSS |   ‣ Cho vay khách hàng | 13 | 2 | False | VNĐ | 592083271000000.0,2024-Q2,BS_LOANS_TO_CUSTOMERS_GROSS,  ‣ Cho vay khách hàng,13,2,False,VNĐ,592083271000000.0,,,,,
TCB_balance_sheet_min,681,2024-Q2 | BS_PROVISION_LOANS_TO_CUSTOMERS |   ‣ Dự phòng rủi ro cho vay khách hàng | 14 | 2 | False | VNĐ | -7369793000000.0,2024-Q2,BS_PROVISION_LOANS_TO_CUSTOMERS,  ‣ Dự phòng rủi ro cho vay khách hàng,14,2,False,VNĐ,-7369793000000.0,,,,,
TCB_balance_sheet_min,718,2024-Q2 | BS_PLACEMENTS_AND_BORROWINGS_FROM_CREDIT_INSTITUTIONS |   ‣ Tiền gửi và vay các Tổ chức tín dụng khác | 51 | 2 | False | VNĐ | 154612416000000.0,2024-Q2,BS_PLACEMENTS_AND_BORROWINGS_FROM_CREDIT_INSTITUTIONS,  ‣ Tiền gửi và vay các Tổ chức tín dụng khác,51,2,False,VNĐ,154612416000000.0,,,,,
TCB_balance_sheet_min,719,2024-Q2 | BS_PLACEMENTS_FROM_CREDIT_INSTITUTIONS |     • Tiền gửi của các tổ chức tín dụng khác | 52 | 3 | False | VNĐ | 60471427000000.0,2024-Q2,BS_PLACEMENTS_FROM_CREDIT_INSTITUTIONS,    • Tiền gửi của các tổ chức tín dụng khác,52,3,False,VNĐ,60471427000000.0,,,,,
TCB_balance_sheet_min,720,2024-Q2 | BS_BORROWINGS_FROM_CREDIT_INSTITUTIONS |     • Vay các tổ chức tín dụng khác | 53 | 3 | False | VNĐ | 94140989000000.0,2024-Q2,BS_BORROWINGS_FROM_CREDIT_INSTITUTIONS,    • Vay các tổ chức tín dụng khác,53,3,False,VNĐ,94140989000000.0,,,,,
TCB_balance_sheet_min,721,2024-Q2 | BS_CUSTOMER_DEPOSITS |   ‣ Tiền gửi của khách hàng | 54 | 2 | False | VNĐ | 481860239000000.0,2024-Q2,BS_CUSTOMER_DEPOSITS,  ‣ Tiền gửi của khách hàng,54,2,False,VNĐ,481860239000000.0,,,,,
TCB_balance_sheet_min,723,"2024-Q2 | BS_FUNDS_AND_ENTRUSTED_INVESTMENTS |   ‣ Vốn tài trợ, uỷ thác đầu tư của Chính phủ và các tổ chức tín dụng khác | 56 | 2 | False | VNĐ | 0.0",2024-Q2,BS_FUNDS_AND_ENTRUSTED_INVESTMENTS,"  ‣ Vốn tài trợ, uỷ thác đầu tư của Chính phủ và các tổ chức tín dụng khác",56,2,False,VNĐ,0.0,,,,,
TCB_balance_sheet_min,731,2024-Q2 | BS_CHARTER_CAPITAL_AND_FUNDS |   ‣ Vốn của tổ chức tín dụng | 64 | 2 | False | VNĐ | 71006213000000.0,2024-Q2,BS_CHARTER_CAPITAL_AND_FUNDS,  ‣ Vốn của tổ chức tín dụng,64,2,False,VNĐ,71006213000000.0,,,,,
TCB_balance_sheet_min,736,2024-Q2 | BS_RESERVES |   ‣ Quỹ của tổ chức tín dụng | 69 | 2 | False | VNĐ | 20845440000000.0,2024-Q2,BS_RESERVES,  ‣ Quỹ của tổ chức tín dụng,69,2,False,VNĐ,20845440000000.0,,,,,
TCB_balance_sheet_min,742,2024-Q2 | BS_LOAN_GUARANTEES |   ‣ Bảo lãnh vay vốn | 75 | 2 | True | VNĐ | nan,2024-Q2,BS_LOAN_GUARANTEES,  ‣ Bảo lãnh vay vốn,75,2,True,VNĐ,,,,,,
TCB_balance_sheet_min,748,2024-Q2 | BS_IRREVOCABLE_LOAN_COMMITMENTS |   ‣ Cam kết cho vay không huỷ ngang | 81 | 2 | True | VNĐ | 0.0,2024-Q2,BS_IRREVOCABLE_LOAN_COMMITMENTS,  ‣ Cam kết cho vay không huỷ ngang,81,2,True,VNĐ,0.0,,,,,
TCB_balance_sheet_min,754,2024-Q1 | BS_BALANCES_WITH_SBV | Tiền gửi tại Ngân hàng nhà nước Việt Nam | 3 | 1 | False | VNĐ | 13587719000000.0,2024-Q1,BS_BALANCES_WITH_SBV,Tiền gửi tại Ngân hàng nhà nước Việt Nam,3,1,False,VNĐ,13587719000000.0,,,,,
TCB_balance_sheet_min,755,2024-Q1 | BS_PLACEMENTS_AND_LOANS_TO_CREDIT_INSTITUTIONS | Tiền gửi tại các TCTD khác và cho vay các TCTD khác | 4 | 1 | False | VNĐ | 89074540000000.0,2024-Q1,BS_PLACEMENTS_AND_LOANS_TO_CREDIT_INSTITUTIONS,Tiền gửi tại các TCTD khác và cho vay các TCTD khác,4,1,False,VNĐ,89074540000000.0,,,,,
TCB_balance_sheet_min,756,2024-Q1 | BS_PLACEMENTS_WITH_CREDIT_INSTITUTIONS |   ‣ Tiền gửi tại các TCTD khác | 5 | 2 | False | VNĐ | 72791538000000.0,2024-Q1,BS_PLACEMENTS_WITH_CREDIT_INSTITUTIONS,  ‣ Tiền gửi tại các TCTD khác,5,2,False,VNĐ,72791538000000.0,,,,,
TCB_balance_sheet_min,757,2024-Q1 | BS_LOANS_TO_CREDIT_INSTITUTIONS |   ‣ Cho vay các TCTD khác | 6 | 2 | False | VNĐ | 16384102000000.0,2024-Q1,BS_LOANS_TO_CREDIT_INSTITUTIONS,  ‣ Cho vay các TCTD khác,6,2,False,VNĐ,16384102000000.0,,,,,
TCB_balance_sheet_min,763,2024-Q1 | BS_LOANS_TO_CUSTOMERS | Cho vay khách hàng | 12 | 1 | False | VNĐ | 552577121000000.0,2024-Q1,BS_LOANS_TO_CUSTOMERS,Cho vay khách hàng,12,1,False,VNĐ,552577121000000.0,,,,,
TCB_balance_sheet_min,764,2024-Q1 | BS_LOANS_TO_CUSTOMERS_GROSS |   ‣ Cho vay khách hàng | 13 | 2 | False | VNĐ | 559276885000000.0,2024-Q1,BS_LOANS_TO_CUSTOMERS_GROSS,  ‣ Cho vay khách hàng,13,2,False,VNĐ,559276885000000.0,,,,,
TCB_balance_sheet_min,765,2024-Q1 | BS_PROVISION_LOANS_TO_CUSTOMERS |   ‣ Dự phòng rủi ro cho vay khách hàng | 14 | 2 | False | VNĐ | -6699764000000.0,2024-Q1,BS_PROVISION_LOANS_TO_CUSTOMERS,  ‣ Dự phòng rủi ro cho vay khách hàng,14,2,False,VNĐ,-6699764000000.0,,,,,
TCB_balance_sheet_min,802,2024-Q1 | BS_PLACEMENTS_AND_BORROWINGS_FROM_CREDIT_INSTITUTIONS |   ‣ Tiền gửi và vay các Tổ chức tín dụng khác | 51 | 2 | False | VNĐ | 172892747000000.0,2024-Q1,BS_PLACEMENTS_AND_BORROWINGS_FROM_CREDIT_INSTITUTIONS,  ‣ Tiền gửi và vay các Tổ chức tín dụng khác,51,2,False,VNĐ,172892747000000.0,,,,,
TCB_balance_sheet_min,803,2024-Q1 | BS_PLACEMENTS_FROM_CREDIT_INSTITUTIONS |     • Tiền gửi của các tổ chức tín dụng khác | 52 | 3 | False | VNĐ | 76496756000000.0,2024-Q1,BS_PLACEMENTS_FROM_CREDIT_INSTITUTIONS,    • Tiền gửi của các tổ chức tín dụng khác,52,3,False,VNĐ,76496756000000.0,,,,,
TCB_balance_sheet_min,804,2024-Q1 | BS_BORROWINGS_FROM_CREDIT_INSTITUTIONS |     • Vay các tổ chức tín dụng khác | 53 | 3 | False | VNĐ | 96395991000000.0,2024-Q1,BS_BORROWINGS_FROM_CREDIT_INSTITUTIONS,    • Vay các tổ chức tín dụng khác,53,3,False,VNĐ,96395991000000.0,,,,,
TCB_balance_sheet_min,805,2024-Q1 | BS_CUSTOMER_DEPOSITS |   ‣ Tiền gửi của khách hàng | 54 | 2 | False | VNĐ | 458040690000000.0,2024-Q1,BS_CUSTOMER_DEPOSITS,  ‣ Tiền gửi của khách hàng,54,2,False,VNĐ,458040690000000.0,,,,,
TCB_balance_sheet_min,807,"2024-Q1 | BS_FUNDS_AND_ENTRUSTED_INVESTMENTS |   ‣ Vốn tài trợ, uỷ thác đầu tư của Chính phủ và các tổ chức tín dụng khác | 56 | 2 | False | VNĐ | 0.0",2024-Q1,BS_FUNDS_AND_ENTRUSTED_INVESTMENTS,"  ‣ Vốn tài trợ, uỷ thác đầu tư của Chính phủ và các tổ chức tín dụng khác",56,2,False,VNĐ,0.0,,,,,
TCB_balance_sheet_min,815,2024-Q1 | BS_CHARTER_CAPITAL_AND_FUNDS |   ‣ Vốn của tổ chức tín dụng | 64 | 2 | False | VNĐ | 36257461000000.0,2024-Q1,BS_CHARTER_CAPITAL_AND_FUNDS,  ‣ Vốn của tổ chức tín dụng,64,2,False,VNĐ,36257461000000.0,,,,,
TCB_balance_sheet_min,820,2024-Q1 | BS_RESERVES |   ‣ Quỹ của tổ chức tín dụng | 69 | 2 | False | VNĐ | 45028418000000.0,2024-Q1,BS_RESERVES,  ‣ Quỹ của tổ chức tín dụng,69,2,False,VNĐ,45028418000000.0,,,,,
TCB_balance_sheet_min,826,2024-Q1 | BS_LOAN_GUARANTEES |   ‣ Bảo lãnh vay vốn | 75 | 2 | True | VNĐ | nan,2024-Q1,BS_LOAN_GUARANTEES,  ‣ Bảo lãnh vay vốn,75,2,True,VNĐ,,,,,,
TCB_balance_sheet_min,832,2024-Q1 | BS_IRREVOCABLE_LOAN_COMMITMENTS |   ‣ Cam kết cho vay không huỷ ngang | 81 | 2 | True | VNĐ | 0.0,2024-Q1,BS_IRREVOCABLE_LOAN_COMMITMENTS,  ‣ Cam kết cho vay không huỷ ngang,81,2,True,VNĐ,0.0,,,,,
TCB_balance_sheet_min,838,2023-Q4 | BS_BALANCES_WITH_SBV | Tiền gửi tại Ngân hàng nhà nước Việt Nam | 3 | 1 | False | VNĐ | 27140592000000.0,2023-Q4,BS_BALANCES_WITH_SBV,Tiền gửi tại Ngân hàng nhà nước Việt Nam,3,1,False,VNĐ,27140592000000.0,,,,,
TCB_balance_sheet_min,839,2023-Q4 | BS_PLACEMENTS_AND_LOANS_TO_CREDIT_INSTITUTIONS | Tiền gửi tại các TCTD khác và cho vay các TCTD khác | 4 | 1 | False | VNĐ | 104072320000000.0,2023-Q4,BS_PLACEMENTS_AND_LOANS_TO_CREDIT_INSTITUTIONS,Tiền gửi tại các TCTD khác và cho vay các TCTD khác,4,1,False,VNĐ,104072320000000.0,,,,,
TCB_balance_sheet_min,840,2023-Q4 | BS_PLACEMENTS_WITH_CREDIT_INSTITUTIONS |   ‣ Tiền gửi tại các TCTD khác | 5 | 2 | False | VNĐ | 80126897000000.0,2023-Q4,BS_PLACEMENTS_WITH_CREDIT_INSTITUTIONS,  ‣ Tiền gửi tại các TCTD khác,5,2,False,VNĐ,80126897000000.0,,,,,
TCB_balance_sheet_min,841,2023-Q4 | BS_LOANS_TO_CREDIT_INSTITUTIONS |   ‣ Cho vay các TCTD khác | 6 | 2 | False | VNĐ | 24046523000000.0,2023-Q4,BS_LOANS_TO_CREDIT_INSTITUTIONS,  ‣ Cho vay các TCTD khác,6,2,False,VNĐ,24046523000000.0,,,,,
TCB_balance_sheet_min,847,2023-Q4 | BS_LOANS_TO_CUSTOMERS | Cho vay khách hàng | 12 | 1 | False | VNĐ | 512513672000000.0,2023-Q4,BS_LOANS_TO_CUSTOMERS,Cho vay khách hàng,12,1,False,VNĐ,512513672000000.0,,,,,
TCB_balance_sheet_min,848,2023-Q4 | BS_LOANS_TO_CUSTOMERS_GROSS |   ‣ Cho vay khách hàng | 13 | 2 | False | VNĐ | 518641568000000.0,2023-Q4,BS_LOANS_TO_CUSTOMERS_GROSS,  ‣ Cho vay khách hàng,13,2,False,VNĐ,518641568000000.0,,,,,
TCB_balance_sheet_min,849,2023-Q4 | BS_PROVISION_LOANS_TO_CUSTOMERS |   ‣ Dự phòng rủi ro cho vay khách hàng | 14 | 2 | False | VNĐ | -6127896000000.0,2023-Q4,BS_PROVISION_LOANS_TO_CUSTOMERS,  ‣ Dự phòng rủi ro cho vay khách hàng,14,2,False,VNĐ,-6127896000000.0,,,,,
TCB_balance_sheet_min,886,2023-Q4 | BS_PLACEMENTS_AND_BORROWINGS_FROM_CREDIT_INSTITUTIONS |   ‣ Tiền gửi và vay các Tổ chức tín dụng khác | 51 | 2 | False | VNĐ | 153173002000000.0,2023-Q4,BS_PLACEMENTS_AND_BORROWINGS_FROM_CREDIT_INSTITUTIONS,  ‣ Tiền gửi và vay các Tổ chức tín dụng khác,51,2,False,VNĐ,153173002000000.0,,,,,
TCB_balance_sheet_min,887,2023-Q4 | BS_PLACEMENTS_FROM_CREDIT_INSTITUTIONS |     • Tiền gửi của các tổ chức tín dụng khác | 52 | 3 | False | VNĐ | 50619678000000.0,2023-Q4,BS_PLACEMENTS_FROM_CREDIT_INSTITUTIONS,    • Tiền gửi của các tổ chức tín dụng khác,52,3,False,VNĐ,50619678000000.0,,,,,
TCB_balance_sheet_min,888,2023-Q4 | BS_BORROWINGS_FROM_CREDIT_INSTITUTIONS |     • Vay các tổ chức tín dụng khác | 53 | 3 | False | VNĐ | 102553324000000.0,2023-Q4,BS_BORROWINGS_FROM_CREDIT_INSTITUTIONS,    • Vay các tổ chức tín dụng khác,53,3,False,VNĐ,102553324000000.0,,,,,
TCB_balance_sheet_min,889,2023-Q4 | BS_CUSTOMER_DEPOSITS |   ‣ Tiền gửi của khách hàng | 54 | 2 | False | VNĐ | 454660779000000.0,2023-Q4,BS_CUSTOMER_DEPOSITS,  ‣ Tiền gửi của khách hàng,54,2,False,VNĐ,454660779000000.0,,,,,
TCB_balance_sheet_min,891,"2023-Q4 | BS_FUNDS_AND_ENTRUSTED_INVESTMENTS |   ‣ Vốn tài trợ, uỷ thác đầu tư của Chính phủ và các tổ chức tín dụng khác | 56 | 2 | False | VNĐ | 0.0",2023-Q4,BS_FUNDS_AND_ENTRUSTED_INVESTMENTS,"  ‣ Vốn tài trợ, uỷ thác đầu tư của Chính phủ và các tổ chức tín dụng khác",56,2,False,VNĐ,0.0,,,,,
TCB_balance_sheet_min,899,2023-Q4 | BS_CHARTER_CAPITAL_AND_FUNDS |   ‣ Vốn của tổ chức tín dụng | 64 | 2 | False | VNĐ | 36257461000000.0,2023-Q4,BS_CHARTER_CAPITAL_AND_FUNDS,  ‣ Vốn của tổ chức tín dụng,64,2,False,VNĐ,36257461000000.0,,,,,
TCB_balance_sheet_min,904,2023-Q4 | BS_RESERVES |   ‣ Quỹ của tổ chức tín dụng | 69 | 2 | False | VNĐ | 45028627000000.0,2023-Q4,BS_RESERVES,  ‣ Quỹ của tổ chức tín dụng,69,2,False,VNĐ,45028627000000.0,,,,,
TCB_balance_sheet_min,910,2023-Q4 | BS_LOAN_GUARANTEES |   ‣ Bảo lãnh vay vốn | 75 | 2 | True | VNĐ | nan,2023-Q4,BS_LOAN_GUARANTEES,  ‣ Bảo lãnh vay vốn,75,2,True,VNĐ,,,,,,
TCB_balance_sheet_min,916,2023-Q4 | BS_IRREVOCABLE_LOAN_COMMITMENTS |   ‣ Cam kết cho vay không huỷ ngang | 81 | 2 | True | VNĐ | 0.0,2023-Q4,BS_IRREVOCABLE_LOAN_COMMITMENTS,  ‣ Cam kết cho vay không huỷ ngang,81,2,True,VNĐ,0.0,,,,,
TCB_balance_sheet_min,922,2023-Q3 | BS_BALANCES_WITH_SBV | Tiền gửi tại Ngân hàng nhà nước Việt Nam | 3 | 1 | False | VNĐ | 27428542000000.0,2023-Q3,BS_BALANCES_WITH_SBV,Tiền gửi tại Ngân hàng nhà nước Việt Nam,3,1,False,VNĐ,27428542000000.0,,,,,
TCB_balance_sheet_min,923,2023-Q3 | BS_PLACEMENTS_AND_LOANS_TO_CREDIT_INSTITUTIONS | Tiền gửi tại các TCTD khác và cho vay các TCTD khác | 4 | 1 | False | VNĐ | 69386021000000.0,2023-Q3,BS_PLACEMENTS_AND_LOANS_TO_CREDIT_INSTITUTIONS,Tiền gửi tại các TCTD khác và cho vay các TCTD khác,4,1,False,VNĐ,69386021000000.0,,,,,
TCB_balance_sheet_min,924,2023-Q3 | BS_PLACEMENTS_WITH_CREDIT_INSTITUTIONS |   ‣ Tiền gửi tại các TCTD khác | 5 | 2 | False | VNĐ | 63434279000000.0,2023-Q3,BS_PLACEMENTS_WITH_CREDIT_INSTITUTIONS,  ‣ Tiền gửi tại các TCTD khác,5,2,False,VNĐ,63434279000000.0,,,,,
TCB_balance_sheet_min,925,2023-Q3 | BS_LOANS_TO_CREDIT_INSTITUTIONS |   ‣ Cho vay các TCTD khác | 6 | 2 | False | VNĐ | 6052842000000.0,2023-Q3,BS_LOANS_TO_CREDIT_INSTITUTIONS,  ‣ Cho vay các TCTD khác,6,2,False,VNĐ,6052842000000.0,,,,,
TCB_balance_sheet_min,931,2023-Q3 | BS_LOANS_TO_CUSTOMERS | Cho vay khách hàng | 12 | 1 | False | VNĐ | 469588515000000.0,2023-Q3,BS_LOANS_TO_CUSTOMERS,Cho vay khách hàng,12,1,False,VNĐ,469588515000000.0,,,,,
TCB_balance_sheet_min,932,2023-Q3 | BS_LOANS_TO_CUSTOMERS_GROSS |   ‣ Cho vay khách hàng | 13 | 2 | False | VNĐ | 475605589000000.0,2023-Q3,BS_LOANS_TO_CUSTOMERS_GROSS,  ‣ Cho vay khách hàng,13,2,False,VNĐ,475605589000000.0,,,,,
TCB_balance_sheet_min,933,2023-Q3 | BS_PROVISION_LOANS_TO_CUSTOMERS |   ‣ Dự phòng rủi ro cho vay khách hàng | 14 | 2 | False | VNĐ | -6017074000000.0,2023-Q3,BS_PROVISION_LOANS_TO_CUSTOMERS,  ‣ Dự phòng rủi ro cho vay khách hàng,14,2,False,VNĐ,-6017074000000.0,,,,,
TCB_balance_sheet_min,970,2023-Q3 | BS_PLACEMENTS_AND_BORROWINGS_FROM_CREDIT_INSTITUTIONS |   ‣ Tiền gửi và vay các Tổ chức tín dụng khác | 51 | 2 | False | VNĐ | 159262494000000.0,2023-Q3,BS_PLACEMENTS_AND_BORROWINGS_FROM_CREDIT_INSTITUTIONS,  ‣ Tiền gửi và vay các Tổ chức tín dụng khác,51,2,False,VNĐ,159262494000000.0,,,,,
TCB_balance_sheet_min,971,2023-Q3 | BS_PLACEMENTS_FROM_CREDIT_INSTITUTIONS |     • Tiền gửi của các tổ chức tín dụng khác | 52 | 3 | False | VNĐ | 57582142000000.0,2023-Q3,BS_PLACEMENTS_FROM_CREDIT_INSTITUTIONS,    • Tiền gửi của các tổ chức tín dụng khác,52,3,False,VNĐ,57582142000000.0,,,,,
TCB_balance_sheet_min,972,2023-Q3 | BS_BORROWINGS_FROM_CREDIT_INSTITUTIONS |     • Vay các tổ chức tín dụng khác | 53 | 3 | False | VNĐ | 101680352000000.0,2023-Q3,BS_BORROWINGS_FROM_CREDIT_INSTITUTIONS,    • Vay các tổ chức tín dụng khác,53,3,False,VNĐ,101680352000000.0,,,,,
TCB_balance_sheet_min,973,2023-Q3 | BS_CUSTOMER_DEPOSITS |   ‣ Tiền gửi của khách hàng | 54 | 2 | False | VNĐ | 409044572000000.0,2023-Q3,BS_CUSTOMER_DEPOSITS,  ‣ Tiền gửi của khách hàng,54,2,False,VNĐ,409044572000000.0,,,,,
TCB_balance_sheet_min,975,"2023-Q3 | BS_FUNDS_AND_ENTRUSTED_INVESTMENTS |   ‣ Vốn tài trợ, uỷ thác đầu tư của Chính phủ và các tổ chức tín dụng khác | 56 | 2 | False | VNĐ | 0.0",2023-Q3,BS_FUNDS_AND_ENTRUSTED_INVESTMENTS,"  ‣ Vốn tài trợ, uỷ thác đầu tư của Chính phủ và các tổ chức tín dụng khác",56,2,False,VNĐ,0.0,,,,,
TCB_balance_sheet_min,983,2023-Q3 | BS_CHARTER_CAPITAL_AND_FUNDS |   ‣ Vốn của tổ chức tín dụng | 64 | 2 | False | VNĐ | 36204797000000.0,2023-Q3,BS_CHARTER_CAPITAL_AND_FUNDS,  ‣ Vốn của tổ chức tín dụng,64,2,False,VNĐ,36204797000000.0,,,,,
TCB_balance_sheet_min,988,2023-Q3 | BS_RESERVES |   ‣ Quỹ của tổ chức tín dụng | 69 | 2 | False | VNĐ | 43386280000000.0,2023-Q3,BS_RESERVES,  ‣ Quỹ của tổ chức tín dụng,69,2,False,VNĐ,43386280000000.0,,,,,
TCB_balance_sheet_min,994,2023-Q3 | BS_LOAN_GUARANTEES |   ‣ Bảo lãnh vay vốn | 75 | 2 | True | VNĐ | nan,2023-Q3,BS_LOAN_GUARANTEES,  ‣ Bảo lãnh vay vốn,75,2,True,VNĐ,,,,,,
TCB_balance_sheet_min,1000,2023-Q3 | BS_IRREVOCABLE_LOAN_COMMITMENTS |   ‣ Cam kết cho vay không huỷ ngang | 81 | 2 | True | VNĐ | 0.0,2023-Q3,BS_IRREVOCABLE_LOAN_COMMITMENTS,  ‣ Cam kết cho vay không huỷ ngang,81,2,True,VNĐ,0.0,,,,,
TCB_balance_sheet_min,1006,2023-Q2 | BS_BALANCES_WITH_SBV | Tiền gửi tại Ngân hàng nhà nước Việt Nam | 3 | 1 | False | VNĐ | 7860356000000.0,2023-Q2,BS_BALANCES_WITH_SBV,Tiền gửi tại Ngân hàng nhà nước Việt Nam,3,1,False,VNĐ,7860356000000.0,,,,,
TCB_balance_sheet_min,1007,2023-Q2 | BS_PLACEMENTS_AND_LOANS_TO_CREDIT_INSTITUTIONS | Tiền gửi tại các TCTD khác và cho vay các TCTD khác | 4 | 1 | False | VNĐ | 71193282000000.0,2023-Q2,BS_PLACEMENTS_AND_LOANS_TO_CREDIT_INSTITUTIONS,Tiền gửi tại các TCTD khác và cho vay các TCTD khác,4,1,False,VNĐ,71193282000000.0,,,,,
TCB_balance_sheet_min,1008,2023-Q2 | BS_PLACEMENTS_WITH_CREDIT_INSTITUTIONS |   ‣ Tiền gửi tại các TCTD khác | 5 | 2 | False | VNĐ | 63214943000000.0,2023-Q2,BS_PLACEMENTS_WITH_CREDIT_INSTITUTIONS,  ‣ Tiền gửi tại các TCTD khác,5,2,False,VNĐ,63214943000000.0,,,,,
TCB_balance_sheet_min,1009,2023-Q2 | BS_LOANS_TO_CREDIT_INSTITUTIONS |   ‣ Cho vay các TCTD khác | 6 | 2 | False | VNĐ | 8079439000000.0,2023-Q2,BS_LOANS_TO_CREDIT_INSTITUTIONS,  ‣ Cho vay các TCTD khác,6,2,False,VNĐ,8079439000000.0,,,,,
TCB_balance_sheet_min,1015,2023-Q2 | BS_LOANS_TO_CUSTOMERS | Cho vay khách hàng | 12 | 1 | False | VNĐ | 460753044000000.0,2023-Q2,BS_LOANS_TO_CUSTOMERS,Cho vay khách hàng,12,1,False,VNĐ,460753044000000.0,,,,,
TCB_balance_sheet_min,1016,2023-Q2 | BS_LOANS_TO_CUSTOMERS_GROSS |   ‣ Cho vay khách hàng | 13 | 2 | False | VNĐ | 466546217000000.0,2023-Q2,BS_LOANS_TO_CUSTOMERS_GROSS,  ‣ Cho vay khách hàng,13,2,False,VNĐ,466546217000000.0,,,,,
TCB_balance_sheet_min,1017,2023-Q2 | BS_PROVISION_LOANS_TO_CUSTOMERS |   ‣ Dự phòng rủi ro cho vay khách hàng | 14 | 2 | False | VNĐ | -5793173000000.0,2023-Q2,BS_PROVISION_LOANS_TO_CUSTOMERS,  ‣ Dự phòng rủi ro cho vay khách hàng,14,2,False,VNĐ,-5793173000000.0,,,,,
TCB_balance_sheet_min,1054,2023-Q2 | BS_PLACEMENTS_AND_BORROWINGS_FROM_CREDIT_INSTITUTIONS |   ‣ Tiền gửi và vay các Tổ chức tín dụng khác | 51 | 2 | False | VNĐ | 153625650000000.0,2023-Q2,BS_PLACEMENTS_AND_BORROWINGS_FROM_CREDIT_INSTITUTIONS,  ‣ Tiền gửi và vay các Tổ chức tín dụng khác,51,2,False,VNĐ,153625650000000.0,,,,,
TCB_balance_sheet_min,1055,2023-Q2 | BS_PLACEMENTS_FROM_CREDIT_INSTITUTIONS |     • Tiền gửi của các tổ chức tín dụng khác | 52 | 3 | False | VNĐ | 49594400000000.0,2023-Q2,BS_PLACEMENTS_FROM_CREDIT_INSTITUTIONS,    • Tiền gửi của các tổ chức tín dụng khác,52,3,False,VNĐ,49594400000000.0,,,,,
TCB_balance_sheet_min,1056,2023-Q2 | BS_BORROWINGS_FROM_CREDIT_INSTITUTIONS |     • Vay các tổ chức tín dụng khác | 53 | 3 | False | VNĐ | 104031250000000.0,2023-Q2,BS_BORROWINGS_FROM_CREDIT_INSTITUTIONS,    • Vay các tổ chức tín dụng khác,53,3,False,VNĐ,104031250000000.0,,,,,
TCB_balance_sheet_min,1057,2023-Q2 | BS_CUSTOMER_DEPOSITS |   ‣ Tiền gửi của khách hàng | 54 | 2 | False | VNĐ | 381946519000000.0,2023-Q2,BS_CUSTOMER_DEPOSITS,  ‣ Tiền gửi của khách hàng,54,2,False,VNĐ,381946519000000.0,,,,,
TCB_balance_sheet_min,1059,"2023-Q2 | BS_FUNDS_AND_ENTRUSTED_INVESTMENTS |   ‣ Vốn tài trợ, uỷ thác đầu tư của Chính phủ và các tổ chức tín dụng khác | 56 | 2 | False | VNĐ | 0.0",2023-Q2,BS_FUNDS_AND_ENTRUSTED_INVESTMENTS,"  ‣ Vốn tài trợ, uỷ thác đầu tư của Chính phủ và các tổ chức tín dụng khác",56,2,False,VNĐ,0.0,,,,,
TCB_balance_sheet_min,1067,2023-Q2 | BS_CHARTER_CAPITAL_AND_FUNDS |   ‣ Vốn của tổ chức tín dụng | 64 | 2 | False | VNĐ | 36204797000000.0,2023-Q2,BS_CHARTER_CAPITAL_AND_FUNDS,  ‣ Vốn của tổ chức tín dụng,64,2,False,VNĐ,36204797000000.0,,,,,
TCB_balance_sheet_min,1072,2023-Q2 | BS_RESERVES |   ‣ Quỹ của tổ chức tín dụng | 69 | 2 | False | VNĐ | 43386686000000.0,2023-Q2,BS_RESERVES,  ‣ Quỹ của tổ chức tín dụng,69,2,False,VNĐ,43386686000000.0,,,,,
TCB_balance_sheet_min,1078,2023-Q2 | BS_LOAN_GUARANTEES |   ‣ Bảo lãnh vay vốn | 75 | 2 | True | VNĐ | nan,2023-Q2,BS_LOAN_GUARANTEES,  ‣ Bảo lãnh vay vốn,75,2,True,VNĐ,,,,,,
TCB_balance_sheet_min,1084,2023-Q2 | BS_IRREVOCABLE_LOAN_COMMITMENTS |   ‣ Cam kết cho vay không huỷ ngang | 81 | 2 | True | VNĐ | 0.0,2023-Q2,BS_IRREVOCABLE_LOAN_COMMITMENTS,  ‣ Cam kết cho vay không huỷ ngang,81,2,True,VNĐ,0.0,,,,,
TCB_balance_sheet_min,1090,2023-Q1 | BS_BALANCES_WITH_SBV | Tiền gửi tại Ngân hàng nhà nước Việt Nam | 3 | 1 | False | VNĐ | 15834434000000.0,2023-Q1,BS_BALANCES_WITH_SBV,Tiền gửi tại Ngân hàng nhà nước Việt Nam,3,1,False,VNĐ,15834434000000.0,,,,,
TCB_balance_sheet_min,1091,2023-Q1 | BS_PLACEMENTS_AND_LOANS_TO_CREDIT_INSTITUTIONS | Tiền gửi tại các TCTD khác và cho vay các TCTD khác | 4 | 1 | False | VNĐ | 66839068000000.0,2023-Q1,BS_PLACEMENTS_AND_LOANS_TO_CREDIT_INSTITUTIONS,Tiền gửi tại các TCTD khác và cho vay các TCTD khác,4,1,False,VNĐ,66839068000000.0,,,,,
TCB_balance_sheet_min,1092,2023-Q1 | BS_PLACEMENTS_WITH_CREDIT_INSTITUTIONS |   ‣ Tiền gửi tại các TCTD khác | 5 | 2 | False | VNĐ | 56674680000000.0,2023-Q1,BS_PLACEMENTS_WITH_CREDIT_INSTITUTIONS,  ‣ Tiền gửi tại các TCTD khác,5,2,False,VNĐ,56674680000000.0,,,,,
TCB_balance_sheet_min,1093,2023-Q1 | BS_LOANS_TO_CREDIT_INSTITUTIONS |   ‣ Cho vay các TCTD khác | 6 | 2 | False | VNĐ | 10265488000000.0,2023-Q1,BS_LOANS_TO_CREDIT_INSTITUTIONS,  ‣ Cho vay các TCTD khác,6,2,False,VNĐ,10265488000000.0,,,,,
TCB_balance_sheet_min,1099,2023-Q1 | BS_LOANS_TO_CUSTOMERS | Cho vay khách hàng | 12 | 1 | False | VNĐ | 460145233000000.0,2023-Q1,BS_LOANS_TO_CUSTOMERS,Cho vay khách hàng,12,1,False,VNĐ,460145233000000.0,,,,,
TCB_balance_sheet_min,1100,2023-Q1 | BS_LOANS_TO_CUSTOMERS_GROSS |   ‣ Cho vay khách hàng | 13 | 2 | False | VNĐ | 465425345000000.0,2023-Q1,BS_LOANS_TO_CUSTOMERS_GROSS,  ‣ Cho vay khách hàng,13,2,False,VNĐ,465425345000000.0,,,,,
TCB_balance_sheet_min,1101,2023-Q1 | BS_PROVISION_LOANS_TO_CUSTOMERS |   ‣ Dự phòng rủi ro cho vay khách hàng | 14 | 2 | False | VNĐ | -5280112000000.0,2023-Q1,BS_PROVISION_LOANS_TO_CUSTOMERS,  ‣ Dự phòng rủi ro cho vay khách hàng,14,2,False,VNĐ,-5280112000000.0,,,,,
TCB_balance_sheet_min,1138,2023-Q1 | BS_PLACEMENTS_AND_BORROWINGS_FROM_CREDIT_INSTITUTIONS |   ‣ Tiền gửi và vay các Tổ chức tín dụng khác | 51 | 2 | False | VNĐ | 151194118000000.0,2023-Q1,BS_PLACEMENTS_AND_BORROWINGS_FROM_CREDIT_INSTITUTIONS,  ‣ Tiền gửi và vay các Tổ chức tín dụng khác,51,2,False,VNĐ,151194118000000.0,,,,,
TCB_balance_sheet_min,1139,2023-Q1 | BS_PLACEMENTS_FROM_CREDIT_INSTITUTIONS |     • Tiền gửi của các tổ chức tín dụng khác | 52 | 3 | False | VNĐ | 47939774000000.0,2023-Q1,BS_PLACEMENTS_FROM_CREDIT_INSTITUTIONS,    • Tiền gửi của các tổ chức tín dụng khác,52,3,False,VNĐ,47939774000000.0,,,,,
TCB_balance_sheet_min,1140,2023-Q1 | BS_BORROWINGS_FROM_CREDIT_INSTITUTIONS |     • Vay các tổ chức tín dụng khác | 53 | 3 | False | VNĐ | 103254344000000.0,2023-Q1,BS_BORROWINGS_FROM_CREDIT_INSTITUTIONS,    • Vay các tổ chức tín dụng khác,53,3,False,VNĐ,103254344000000.0,,,,,
TCB_balance_sheet_min,1141,2023-Q1 | BS_CUSTOMER_DEPOSITS |   ‣ Tiền gửi của khách hàng | 54 | 2 | False | VNĐ | 387297891000000.0,2023-Q1,BS_CUSTOMER_DEPOSITS,  ‣ Tiền gửi của khách hàng,54,2,False,VNĐ,387297891000000.0,,,,,
TCB_balance_sheet_min,1143,"2023-Q1 | BS_FUNDS_AND_ENTRUSTED_INVESTMENTS |   ‣ Vốn tài trợ, uỷ thác đầu tư của Chính phủ và các tổ chức tín dụng khác | 56 | 2 | False | VNĐ | 0.0",2023-Q1,BS_FUNDS_AND_ENTRUSTED_INVESTMENTS,"  ‣ Vốn tài trợ, uỷ thác đầu tư của Chính phủ và các tổ chức tín dụng khác",56,2,False,VNĐ,0.0,,,,,
TCB_balance_sheet_min,1151,2023-Q1 | BS_CHARTER_CAPITAL_AND_FUNDS |   ‣ Vốn của tổ chức tín dụng | 64 | 2 | False | VNĐ | 36204797000000.0,2023-Q1,BS_CHARTER_CAPITAL_AND_FUNDS,  ‣ Vốn của tổ chức tín dụng,64,2,False,VNĐ,36204797000000.0,,,,,
TCB_balance_sheet_min,1156,2023-Q1 | BS_RESERVES |   ‣ Quỹ của tổ chức tín dụng | 69 | 2 | False | VNĐ | 11606679000000.0,2023-Q1,BS_RESERVES,  ‣ Quỹ của tổ chức tín dụng,69,2,False,VNĐ,11606679000000.0,,,,,
TCB_balance_sheet_min,1162,2023-Q1 | BS_LOAN_GUARANTEES |   ‣ Bảo lãnh vay vốn | 75 | 2 | True | VNĐ | nan,2023-Q1,BS_LOAN_GUARANTEES,  ‣ Bảo lãnh vay vốn,75,2,True,VNĐ,,,,,,
TCB_balance_sheet_min,1168,2023-Q1 | BS_IRREVOCABLE_LOAN_COMMITMENTS |   ‣ Cam kết cho vay không huỷ ngang | 81 | 2 | True | VNĐ | 0.0,2023-Q1,BS_IRREVOCABLE_LOAN_COMMITMENTS,  ‣ Cam kết cho vay không huỷ ngang,81,2,True,VNĐ,0.0,,,,,
TCB_balance_sheet_min,1174,2022-Q4 | BS_BALANCES_WITH_SBV | Tiền gửi tại Ngân hàng nhà nước Việt Nam | 3 | 1 | False | VNĐ | 11475590000000.0,2022-Q4,BS_BALANCES_WITH_SBV,Tiền gửi tại Ngân hàng nhà nước Việt Nam,3,1,False,VNĐ,11475590000000.0,,,,,
TCB_balance_sheet_min,1175,2022-Q4 | BS_PLACEMENTS_AND_LOANS_TO_CREDIT_INSTITUTIONS | Tiền gửi tại các TCTD khác và cho vay các TCTD khác | 4 | 1 | False | VNĐ | 82873754000000.0,2022-Q4,BS_PLACEMENTS_AND_LOANS_TO_CREDIT_INSTITUTIONS,Tiền gửi tại các TCTD khác và cho vay các TCTD khác,4,1,False,VNĐ,82873754000000.0,,,,,
TCB_balance_sheet_min,1176,2022-Q4 | BS_PLACEMENTS_WITH_CREDIT_INSTITUTIONS |   ‣ Tiền gửi tại các TCTD khác | 5 | 2 | False | VNĐ | 69925143000000.0,2022-Q4,BS_PLACEMENTS_WITH_CREDIT_INSTITUTIONS,  ‣ Tiền gửi tại các TCTD khác,5,2,False,VNĐ,69925143000000.0,,,,,
TCB_balance_sheet_min,1177,2022-Q4 | BS_LOANS_TO_CREDIT_INSTITUTIONS |   ‣ Cho vay các TCTD khác | 6 | 2 | False | VNĐ | 13049711000000.0,2022-Q4,BS_LOANS_TO_CREDIT_INSTITUTIONS,  ‣ Cho vay các TCTD khác,6,2,False,VNĐ,13049711000000.0,,,,,
TCB_balance_sheet_min,1183,2022-Q4 | BS_LOANS_TO_CUSTOMERS | Cho vay khách hàng | 12 | 1 | False | VNĐ | 415752256000000.0,2022-Q4,BS_LOANS_TO_CUSTOMERS,Cho vay khách hàng,12,1,False,VNĐ,415752256000000.0,,,,,
TCB_balance_sheet_min,1184,2022-Q4 | BS_LOANS_TO_CUSTOMERS_GROSS |   ‣ Cho vay khách hàng | 13 | 2 | False | VNĐ | 420523705000000.0,2022-Q4,BS_LOANS_TO_CUSTOMERS_GROSS,  ‣ Cho vay khách hàng,13,2,False,VNĐ,420523705000000.0,,,,,
TCB_balance_sheet_min,1185,2022-Q4 | BS_PROVISION_LOANS_TO_CUSTOMERS |   ‣ Dự phòng rủi ro cho vay khách hàng | 14 | 2 | False | VNĐ | -4771449000000.0,2022-Q4,BS_PROVISION_LOANS_TO_CUSTOMERS,  ‣ Dự phòng rủi ro cho vay khách hàng,14,2,False,VNĐ,-4771449000000.0,,,,,
TCB_balance_sheet_min,1222,2022-Q4 | BS_PLACEMENTS_AND_BORROWINGS_FROM_CREDIT_INSTITUTIONS |   ‣ Tiền gửi và vay các Tổ chức tín dụng khác | 51 | 2 | False | VNĐ | 167562969000000.0,2022-Q4,BS_PLACEMENTS_AND_BORROWINGS_FROM_CREDIT_INSTITUTIONS,  ‣ Tiền gửi và vay các Tổ chức tín dụng khác,51,2,False,VNĐ,167562969000000.0,,,,,
TCB_balance_sheet_min,1223,2022-Q4 | BS_PLACEMENTS_FROM_CREDIT_INSTITUTIONS |     • Tiền gửi của các tổ chức tín dụng khác | 52 | 3 | False | VNĐ | 61293738000000.0,2022-Q4,BS_PLACEMENTS_FROM_CREDIT_INSTITUTIONS,    • Tiền gửi của các tổ chức tín dụng khác,52,3,False,VNĐ,61293738000000.0,,,,,
TCB_balance_sheet_min,1224,2022-Q4 | BS_BORROWINGS_FROM_CREDIT_INSTITUTIONS |     • Vay các tổ chức tín dụng khác | 53 | 3 | False | VNĐ | 106269231000000.0,2022-Q4,BS_BORROWINGS_FROM_CREDIT_INSTITUTIONS,    • Vay các tổ chức tín dụng khác,53,3,False,VNĐ,106269231000000.0,,,,,
TCB_balance_sheet_min,1225,2022-Q4 | BS_CUSTOMER_DEPOSITS |   ‣ Tiền gửi của khách hàng | 54 | 2 | False | VNĐ | 358403785000000.0,2022-Q4,BS_CUSTOMER_DEPOSITS,  ‣ Tiền gửi của khách hàng,54,2,False,VNĐ,358403785000000.0,,,,,
TCB_balance_sheet_min,1227,"2022-Q4 | BS_FUNDS_AND_ENTRUSTED_INVESTMENTS |   ‣ Vốn tài trợ, uỷ thác đầu tư của Chính phủ và các tổ chức tín dụng khác | 56 | 2 | False | VNĐ | 0.0",2022-Q4,BS_FUNDS_AND_ENTRUSTED_INVESTMENTS,"  ‣ Vốn tài trợ, uỷ thác đầu tư của Chính phủ và các tổ chức tín dụng khác",56,2,False,VNĐ,0.0,,,,,
TCB_balance_sheet_min,1235,2022-Q4 | BS_CHARTER_CAPITAL_AND_FUNDS |   ‣ Vốn của tổ chức tín dụng | 64 | 2 | False | VNĐ | 36204797000000.0,2022-Q4,BS_CHARTER_CAPITAL_AND_FUNDS,  ‣ Vốn của tổ chức tín dụng,64,2,False,VNĐ,36204797000000.0,,,,,
TCB_balance_sheet_min,1240,2022-Q4 | BS_RESERVES |   ‣ Quỹ của tổ chức tín dụng | 69 | 2 | False | VNĐ | 11608569000000.0,2022-Q4,BS_RESERVES,  ‣ Quỹ của tổ chức tín dụng,69,2,False,VNĐ,11608569000000.0,,,,,
TCB_balance_sheet_min,1246,2022-Q4 | BS_LOAN_GUARANTEES |   ‣ Bảo lãnh vay vốn | 75 | 2 | True | VNĐ | nan,2022-Q4,BS_LOAN_GUARANTEES,  ‣ Bảo lãnh vay vốn,75,2,True,VNĐ,,,,,,
TCB_balance_sheet_min,1252,2022-Q4 | BS_IRREVOCABLE_LOAN_COMMITMENTS |   ‣ Cam kết cho vay không huỷ ngang | 81 | 2 | True | VNĐ | 0.0,2022-Q4,BS_IRREVOCABLE_LOAN_COMMITMENTS,  ‣ Cam kết cho vay không huỷ ngang,81,2,True,VNĐ,0.0,,,,,
TCB_balance_sheet_min,1258,2022-Q3 | BS_BALANCES_WITH_SBV | Tiền gửi tại Ngân hàng nhà nước Việt Nam | 3 | 1 | False | VNĐ | 4708805000000.0,2022-Q3,BS_BALANCES_WITH_SBV,Tiền gửi tại Ngân hàng nhà nước Việt Nam,3,1,False,VNĐ,4708805000000.0,,,,,
TCB_balance_sheet_min,1259,2022-Q3 | BS_PLACEMENTS_AND_LOANS_TO_CREDIT_INSTITUTIONS | Tiền gửi tại các TCTD khác và cho vay các TCTD khác | 4 | 1 | False | VNĐ | 72296806000000.0,2022-Q3,BS_PLACEMENTS_AND_LOANS_TO_CREDIT_INSTITUTIONS,Tiền gửi tại các TCTD khác và cho vay các TCTD khác,4,1,False,VNĐ,72296806000000.0,,,,,
TCB_balance_sheet_min,1260,2022-Q3 | BS_PLACEMENTS_WITH_CREDIT_INSTITUTIONS |   ‣ Tiền gửi tại các TCTD khác | 5 | 2 | False | VNĐ | 65183275000000.0,2022-Q3,BS_PLACEMENTS_WITH_CREDIT_INSTITUTIONS,  ‣ Tiền gửi tại các TCTD khác,5,2,False,VNĐ,65183275000000.0,,,,,
TCB_balance_sheet_min,1261,2022-Q3 | BS_LOANS_TO_CREDIT_INSTITUTIONS |   ‣ Cho vay các TCTD khác | 6 | 2 | False | VNĐ | 7214631000000.0,2022-Q3,BS_LOANS_TO_CREDIT_INSTITUTIONS,  ‣ Cho vay các TCTD khác,6,2,False,VNĐ,7214631000000.0,,,,,
TCB_balance_sheet_min,1267,2022-Q3 | BS_LOANS_TO_CUSTOMERS | Cho vay khách hàng | 12 | 1 | False | VNĐ | 406148421000000.0,2022-Q3,BS_LOANS_TO_CUSTOMERS,Cho vay khách hàng,12,1,False,VNĐ,406148421000000.0,,,,,
TCB_balance_sheet_min,1268,2022-Q3 | BS_LOANS_TO_CUSTOMERS_GROSS |   ‣ Cho vay khách hàng | 13 | 2 | False | VNĐ | 410545854000000.0,2022-Q3,BS_LOANS_TO_CUSTOMERS_GROSS,  ‣ Cho vay khách hàng,13,2,False,VNĐ,410545854000000.0,,,,,
TCB_balance_sheet_min,1269,2022-Q3 | BS_PROVISION_LOANS_TO_CUSTOMERS |   ‣ Dự phòng rủi ro cho vay khách hàng | 14 | 2 | False | VNĐ | -4397433000000.0,2022-Q3,BS_PROVISION_LOANS_TO_CUSTOMERS,  ‣ Dự phòng rủi ro cho vay khách hàng,14,2,False,VNĐ,-4397433000000.0,,,,,
TCB_balance_sheet_min,1306,2022-Q3 | BS_PLACEMENTS_AND_BORROWINGS_FROM_CREDIT_INSTITUTIONS |   ‣ Tiền gửi và vay các Tổ chức tín dụng khác | 51 | 2 | False | VNĐ | 179152388000000.0,2022-Q3,BS_PLACEMENTS_AND_BORROWINGS_FROM_CREDIT_INSTITUTIONS,  ‣ Tiền gửi và vay các Tổ chức tín dụng khác,51,2,False,VNĐ,179152388000000.0,,,,,
TCB_balance_sheet_min,1307,2022-Q3 | BS_PLACEMENTS_FROM_CREDIT_INSTITUTIONS |     • Tiền gửi của các tổ chức tín dụng khác | 52 | 3 | False | VNĐ | 68284029000000.0,2022-Q3,BS_PLACEMENTS_FROM_CREDIT_INSTITUTIONS,    • Tiền gửi của các tổ chức tín dụng khác,52,3,False,VNĐ,68284029000000.0,,,,,
TCB_balance_sheet_min,1308,2022-Q3 | BS_BORROWINGS_FROM_CREDIT_INSTITUTIONS |     • Vay các tổ chức tín dụng khác | 53 | 3 | False | VNĐ | 110868359000000.0,2022-Q3,BS_BORROWINGS_FROM_CREDIT_INSTITUTIONS,    • Vay các tổ chức tín dụng khác,53,3,False,VNĐ,110868359000000.0,,,,,
TCB_balance_sheet_min,1309,2022-Q3 | BS_CUSTOMER_DEPOSITS |   ‣ Tiền gửi của khách hàng | 54 | 2 | False | VNĐ | 318918817000000.0,2022-Q3,BS_CUSTOMER_DEPOSITS,  ‣ Tiền gửi của khách hàng,54,2,False,VNĐ,318918817000000.0,,,,,
TCB_balance_sheet_min,1311,"2022-Q3 | BS_FUNDS_AND_ENTRUSTED_INVESTMENTS |   ‣ Vốn tài trợ, uỷ thác đầu tư của Chính phủ và các tổ chức tín dụng khác | 56 | 2 | False | VNĐ | 0.0",2022-Q3,BS_FUNDS_AND_ENTRUSTED_INVESTMENTS,"  ‣ Vốn tài trợ, uỷ thác đầu tư của Chính phủ và các tổ chức tín dụng khác",56,2,False,VNĐ,0.0,,,,,
TCB_balance_sheet_min,1319,2022-Q3 | BS_CHARTER_CAPITAL_AND_FUNDS |   ‣ Vốn của tổ chức tín dụng | 64 | 2 | False | VNĐ | 35648805000000.0,2022-Q3,BS_CHARTER_CAPITAL_AND_FUNDS,  ‣ Vốn của tổ chức tín dụng,64,2,False,VNĐ,35648805000000.0,,,,,
TCB_balance_sheet_min,1324,2022-Q3 | BS_RESERVES |   ‣ Quỹ của tổ chức tín dụng | 69 | 2 | False | VNĐ | 9151450000000.0,2022-Q3,BS_RESERVES,  ‣ Quỹ của tổ chức tín dụng,69,2,False,VNĐ,9151450000000.0,,,,,
TCB_balance_sheet_min,1330,2022-Q3 | BS_LOAN_GUARANTEES |   ‣ Bảo lãnh vay vốn | 75 | 2 | True | VNĐ | nan,2022-Q3,BS_LOAN_GUARANTEES,  ‣ Bảo lãnh vay vốn,75,2,True,VNĐ,,,,,,
TCB_balance_sheet_min,1336,2022-Q3 | BS_IRREVOCABLE_LOAN_COMMITMENTS |   ‣ Cam kết cho vay không huỷ ngang | 81 | 2 | True | VNĐ | 0.0,2022-Q3,BS_IRREVOCABLE_LOAN_COMMITMENTS,  ‣ Cam kết cho vay không huỷ ngang,81,2,True,VNĐ,0.0,,,,,
TCB_balance_sheet_min,1342,2022-Q2 | BS_BALANCES_WITH_SBV | Tiền gửi tại Ngân hàng nhà nước Việt Nam | 3 | 1 | False | VNĐ | 4813822000000.0,2022-Q2,BS_BALANCES_WITH_SBV,Tiền gửi tại Ngân hàng nhà nước Việt Nam,3,1,False,VNĐ,4813822000000.0,,,,,
TCB_balance_sheet_min,1343,2022-Q2 | BS_PLACEMENTS_AND_LOANS_TO_CREDIT_INSTITUTIONS | Tiền gửi tại các TCTD khác và cho vay các TCTD khác | 4 | 1 | False | VNĐ | 72130842000000.0,2022-Q2,BS_PLACEMENTS_AND_LOANS_TO_CREDIT_INSTITUTIONS,Tiền gửi tại các TCTD khác và cho vay các TCTD khác,4,1,False,VNĐ,72130842000000.0,,,,,
TCB_balance_sheet_min,1344,2022-Q2 | BS_PLACEMENTS_WITH_CREDIT_INSTITUTIONS |   ‣ Tiền gửi tại các TCTD khác | 5 | 2 | False | VNĐ | 57270411000000.0,2022-Q2,BS_PLACEMENTS_WITH_CREDIT_INSTITUTIONS,  ‣ Tiền gửi tại các TCTD khác,5,2,False,VNĐ,57270411000000.0,,,,,
TCB_balance_sheet_min,1345,2022-Q2 | BS_LOANS_TO_CREDIT_INSTITUTIONS |   ‣ Cho vay các TCTD khác | 6 | 2 | False | VNĐ | 14961531000000.0,2022-Q2,BS_LOANS_TO_CREDIT_INSTITUTIONS,  ‣ Cho vay các TCTD khác,6,2,False,VNĐ,14961531000000.0,,,,,
TCB_balance_sheet_min,1351,2022-Q2 | BS_LOANS_TO_CUSTOMERS | Cho vay khách hàng | 12 | 1 | False | VNĐ | 387775129000000.0,2022-Q2,BS_LOANS_TO_CUSTOMERS,Cho vay khách hàng,12,1,False,VNĐ,387775129000000.0,,,,,
TCB_balance_sheet_min,1352,2022-Q2 | BS_LOANS_TO_CUSTOMERS_GROSS |   ‣ Cho vay khách hàng | 13 | 2 | False | VNĐ | 391823802000000.0,2022-Q2,BS_LOANS_TO_CUSTOMERS_GROSS,  ‣ Cho vay khách hàng,13,2,False,VNĐ,391823802000000.0,,,,,
TCB_balance_sheet_min,1353,2022-Q2 | BS_PROVISION_LOANS_TO_CUSTOMERS |   ‣ Dự phòng rủi ro cho vay khách hàng | 14 | 2 | False | VNĐ | -4048673000000.0,2022-Q2,BS_PROVISION_LOANS_TO_CUSTOMERS,  ‣ Dự phòng rủi ro cho vay khách hàng,14,2,False,VNĐ,-4048673000000.0,,,,,
TCB_balance_sheet_min,1390,2022-Q2 | BS_PLACEMENTS_AND_BORROWINGS_FROM_CREDIT_INSTITUTIONS |   ‣ Tiền gửi và vay các Tổ chức tín dụng khác | 51 | 2 | False | VNĐ | 141200864000000.0,2022-Q2,BS_PLACEMENTS_AND_BORROWINGS_FROM_CREDIT_INSTITUTIONS,  ‣ Tiền gửi và vay các Tổ chức tín dụng khác,51,2,False,VNĐ,141200864000000.0,,,,,
TCB_balance_sheet_min,1391,2022-Q2 | BS_PLACEMENTS_FROM_CREDIT_INSTITUTIONS |     • Tiền gửi của các tổ chức tín dụng khác | 52 | 3 | False | VNĐ | 57307332000000.0,2022-Q2,BS_PLACEMENTS_FROM_CREDIT_INSTITUTIONS,    • Tiền gửi của các tổ chức tín dụng khác,52,3,False,VNĐ,57307332000000.0,,,,,
TCB_balance_sheet_min,1392,2022-Q2 | BS_BORROWINGS_FROM_CREDIT_INSTITUTIONS |     • Vay các tổ chức tín dụng khác | 53 | 3 | False | VNĐ | 83893532000000.0,2022-Q2,BS_BORROWINGS_FROM_CREDIT_INSTITUTIONS,    • Vay các tổ chức tín dụng khác,53,3,False,VNĐ,83893532000000.0,,,,,
TCB_balance_sheet_min,1393,2022-Q2 | BS_CUSTOMER_DEPOSITS |   ‣ Tiền gửi của khách hàng | 54 | 2 | False | VNĐ | 321633599000000.0,2022-Q2,BS_CUSTOMER_DEPOSITS,  ‣ Tiền gửi của khách hàng,54,2,False,VNĐ,321633599000000.0,,,,,
TCB_balance_sheet_min,1395,"2022-Q2 | BS_FUNDS_AND_ENTRUSTED_INVESTMENTS |   ‣ Vốn tài trợ, uỷ thác đầu tư của Chính phủ và các tổ chức tín dụng khác | 56 | 2 | False | VNĐ | 0.0",2022-Q2,BS_FUNDS_AND_ENTRUSTED_INVESTMENTS,"  ‣ Vốn tài trợ, uỷ thác đầu tư của Chính phủ và các tổ chức tín dụng khác",56,2,False,VNĐ,0.0,,,,,
TCB_balance_sheet_min,1403,2022-Q2 | BS_CHARTER_CAPITAL_AND_FUNDS |   ‣ Vốn của tổ chức tín dụng | 64 | 2 | False | VNĐ | 35585622000000.0,2022-Q2,BS_CHARTER_CAPITAL_AND_FUNDS,  ‣ Vốn của tổ chức tín dụng,64,2,False,VNĐ,35585622000000.0,,,,,
TCB_balance_sheet_min,1408,2022-Q2 | BS_RESERVES |   ‣ Quỹ của tổ chức tín dụng | 69 | 2 | False | VNĐ | 9151551000000.0,2022-Q2,BS_RESERVES,  ‣ Quỹ của tổ chức tín dụng,69,2,False,VNĐ,9151551000000.0,,,,,
TCB_balance_sheet_min,1414,2022-Q2 | BS_LOAN_GUARANTEES |   ‣ Bảo lãnh vay vốn | 75 | 2 | True | VNĐ | nan,2022-Q2,BS_LOAN_GUARANTEES,  ‣ Bảo lãnh vay vốn,75,2,True,VNĐ,,,,,,
TCB_balance_sheet_min,1420,2022-Q2 | BS_IRREVOCABLE_LOAN_COMMITMENTS |   ‣ Cam kết cho vay không huỷ ngang | 81 | 2 | True | VNĐ | 0.0,2022-Q2,BS_IRREVOCABLE_LOAN_COMMITMENTS,  ‣ Cam kết cho vay không huỷ ngang,81,2,True,VNĐ,0.0,,,,,
TCB_balance_sheet_min,1426,2022-Q1 | BS_BALANCES_WITH_SBV | Tiền gửi tại Ngân hàng nhà nước Việt Nam | 3 | 1 | False | VNĐ | 8999152000000.0,2022-Q1,BS_BALANCES_WITH_SBV,Tiền gửi tại Ngân hàng nhà nước Việt Nam,3,1,False,VNĐ,8999152000000.0,,,,,
TCB_balance_sheet_min,1427,2022-Q1 | BS_PLACEMENTS_AND_LOANS_TO_CREDIT_INSTITUTIONS | Tiền gửi tại các TCTD khác và cho vay các TCTD khác | 4 | 1 | False | VNĐ | 72530371000000.0,2022-Q1,BS_PLACEMENTS_AND_LOANS_TO_CREDIT_INSTITUTIONS,Tiền gửi tại các TCTD khác và cho vay các TCTD khác,4,1,False,VNĐ,72530371000000.0,,,,,
TCB_balance_sheet_min,1428,2022-Q1 | BS_PLACEMENTS_WITH_CREDIT_INSTITUTIONS |   ‣ Tiền gửi tại các TCTD khác | 5 | 2 | False | VNĐ | 58125835000000.0,2022-Q1,BS_PLACEMENTS_WITH_CREDIT_INSTITUTIONS,  ‣ Tiền gửi tại các TCTD khác,5,2,False,VNĐ,58125835000000.0,,,,,
TCB_balance_sheet_min,1429,2022-Q1 | BS_LOANS_TO_CREDIT_INSTITUTIONS |   ‣ Cho vay các TCTD khác | 6 | 2 | False | VNĐ | 14404536000000.0,2022-Q1,BS_LOANS_TO_CREDIT_INSTITUTIONS,  ‣ Cho vay các TCTD khác,6,2,False,VNĐ,14404536000000.0,,,,,
TCB_balance_sheet_min,1435,2022-Q1 | BS_LOANS_TO_CUSTOMERS | Cho vay khách hàng | 12 | 1 | False | VNĐ | 361815215000000.0,2022-Q1,BS_LOANS_TO_CUSTOMERS,Cho vay khách hàng,12,1,False,VNĐ,361815215000000.0,,,,,
TCB_balance_sheet_min,1436,2022-Q1 | BS_LOANS_TO_CUSTOMERS_GROSS |   ‣ Cho vay khách hàng | 13 | 2 | False | VNĐ | 365742636000000.0,2022-Q1,BS_LOANS_TO_CUSTOMERS_GROSS,  ‣ Cho vay khách hàng,13,2,False,VNĐ,365742636000000.0,,,,,
TCB_balance_sheet_min,1437,2022-Q1 | BS_PROVISION_LOANS_TO_CUSTOMERS |   ‣ Dự phòng rủi ro cho vay khách hàng | 14 | 2 | False | VNĐ | -3927421000000.0,2022-Q1,BS_PROVISION_LOANS_TO_CUSTOMERS,  ‣ Dự phòng rủi ro cho vay khách hàng,14,2,False,VNĐ,-3927421000000.0,,,,,
TCB_balance_sheet_min,1474,2022-Q1 | BS_PLACEMENTS_AND_BORROWINGS_FROM_CREDIT_INSTITUTIONS |   ‣ Tiền gửi và vay các Tổ chức tín dụng khác | 51 | 2 | False | VNĐ | 137998875000000.0,2022-Q1,BS_PLACEMENTS_AND_BORROWINGS_FROM_CREDIT_INSTITUTIONS,  ‣ Tiền gửi và vay các Tổ chức tín dụng khác,51,2,False,VNĐ,137998875000000.0,,,,,
TCB_balance_sheet_min,1475,2022-Q1 | BS_PLACEMENTS_FROM_CREDIT_INSTITUTIONS |     • Tiền gửi của các tổ chức tín dụng khác | 52 | 3 | False | VNĐ | 60349404000000.0,2022-Q1,BS_PLACEMENTS_FROM_CREDIT_INSTITUTIONS,    • Tiền gửi của các tổ chức tín dụng khác,52,3,False,VNĐ,60349404000000.0,,,,,
TCB_balance_sheet_min,1476,2022-Q1 | BS_BORROWINGS_FROM_CREDIT_INSTITUTIONS |     • Vay các tổ chức tín dụng khác | 53 | 3 | False | VNĐ | 77649471000000.0,2022-Q1,BS_BORROWINGS_FROM_CREDIT_INSTITUTIONS,    • Vay các tổ chức tín dụng khác,53,3,False,VNĐ,77649471000000.0,,,,,
TCB_balance_sheet_min,1477,2022-Q1 | BS_CUSTOMER_DEPOSITS |   ‣ Tiền gửi của khách hàng | 54 | 2 | False | VNĐ | 328914024000000.0,2022-Q1,BS_CUSTOMER_DEPOSITS,  ‣ Tiền gửi của khách hàng,54,2,False,VNĐ,328914024000000.0,,,,,
TCB_balance_sheet_min,1479,"2022-Q1 | BS_FUNDS_AND_ENTRUSTED_INVESTMENTS |   ‣ Vốn tài trợ, uỷ thác đầu tư của Chính phủ và các tổ chức tín dụng khác | 56 | 2 | False | VNĐ | 0.0",2022-Q1,BS_FUNDS_AND_ENTRUSTED_INVESTMENTS,"  ‣ Vốn tài trợ, uỷ thác đầu tư của Chính phủ và các tổ chức tín dụng khác",56,2,False,VNĐ,0.0,,,,,
TCB_balance_sheet_min,1487,2022-Q1 | BS_CHARTER_CAPITAL_AND_FUNDS |   ‣ Vốn của tổ chức tín dụng | 64 | 2 | False | VNĐ | 35585622000000.0,2022-Q1,BS_CHARTER_CAPITAL_AND_FUNDS,  ‣ Vốn của tổ chức tín dụng,64,2,False,VNĐ,35585622000000.0,,,,,
TCB_balance_sheet_min,1492,2022-Q1 | BS_RESERVES |   ‣ Quỹ của tổ chức tín dụng | 69 | 2 | False | VNĐ | 9155659000000.0,2022-Q1,BS_RESERVES,  ‣ Quỹ của tổ chức tín dụng,69,2,False,VNĐ,9155659000000.0,,,,,
TCB_balance_sheet_min,1498,2022-Q1 | BS_LOAN_GUARANTEES |   ‣ Bảo lãnh vay vốn | 75 | 2 | True | VNĐ | nan,2022-Q1,BS_LOAN_GUARANTEES,  ‣ Bảo lãnh vay vốn,75,2,True,VNĐ,,,,,,
TCB_balance_sheet_min,1504,2022-Q1 | BS_IRREVOCABLE_LOAN_COMMITMENTS |   ‣ Cam kết cho vay không huỷ ngang | 81 | 2 | True | VNĐ | 0.0,2022-Q1,BS_IRREVOCABLE_LOAN_COMMITMENTS,  ‣ Cam kết cho vay không huỷ ngang,81,2,True,VNĐ,0.0,,,,,
TCB_balance_sheet_min,1510,2021-Q4 | BS_BALANCES_WITH_SBV | Tiền gửi tại Ngân hàng nhà nước Việt Nam | 3 | 1 | False | VNĐ | 4908529000000.0,2021-Q4,BS_BALANCES_WITH_SBV,Tiền gửi tại Ngân hàng nhà nước Việt Nam,3,1,False,VNĐ,4908529000000.0,,,,,
TCB_balance_sheet_min,1511,2021-Q4 | BS_PLACEMENTS_AND_LOANS_TO_CREDIT_INSTITUTIONS | Tiền gửi tại các TCTD khác và cho vay các TCTD khác | 4 | 1 | False | VNĐ | 70584154000000.0,2021-Q4,BS_PLACEMENTS_AND_LOANS_TO_CREDIT_INSTITUTIONS,Tiền gửi tại các TCTD khác và cho vay các TCTD khác,4,1,False,VNĐ,70584154000000.0,,,,,
TCB_balance_sheet_min,1512,2021-Q4 | BS_PLACEMENTS_WITH_CREDIT_INSTITUTIONS |   ‣ Tiền gửi tại các TCTD khác | 5 | 2 | False | VNĐ | 39519623000000.0,2021-Q4,BS_PLACEMENTS_WITH_CREDIT_INSTITUTIONS,  ‣ Tiền gửi tại các TCTD khác,5,2,False,VNĐ,39519623000000.0,,,,,
TCB_balance_sheet_min,1513,2021-Q4 | BS_LOANS_TO_CREDIT_INSTITUTIONS |   ‣ Cho vay các TCTD khác | 6 | 2 | False | VNĐ | 31064531000000.0,2021-Q4,BS_LOANS_TO_CREDIT_INSTITUTIONS,  ‣ Cho vay các TCTD khác,6,2,False,VNĐ,31064531000000.0,,,,,
TCB_balance_sheet_min,1519,2021-Q4 | BS_LOANS_TO_CUSTOMERS | Cho vay khách hàng | 12 | 1 | False | VNĐ | 343605581000000.0,2021-Q4,BS_LOANS_TO_CUSTOMERS,Cho vay khách hàng,12,1,False,VNĐ,343605581000000.0,,,,,
TCB_balance_sheet_min,1520,2021-Q4 | BS_LOANS_TO_CUSTOMERS_GROSS |   ‣ Cho vay khách hàng | 13 | 2 | False | VNĐ | 347341244000000.0,2021-Q4,BS_LOANS_TO_CUSTOMERS_GROSS,  ‣ Cho vay khách hàng,13,2,False,VNĐ,347341244000000.0,,,,,
TCB_balance_sheet_min,1521,2021-Q4 | BS_PROVISION_LOANS_TO_CUSTOMERS |   ‣ Dự phòng rủi ro cho vay khách hàng | 14 | 2 | False | VNĐ | -3735663000000.0,2021-Q4,BS_PROVISION_LOANS_TO_CUSTOMERS,  ‣ Dự phòng rủi ro cho vay khách hàng,14,2,False,VNĐ,-3735663000000.0,,,,,
TCB_balance_sheet_min,1558,2021-Q4 | BS_PLACEMENTS_AND_BORROWINGS_FROM_CREDIT_INSTITUTIONS |   ‣ Tiền gửi và vay các Tổ chức tín dụng khác | 51 | 2 | False | VNĐ | 112458691000000.0,2021-Q4,BS_PLACEMENTS_AND_BORROWINGS_FROM_CREDIT_INSTITUTIONS,  ‣ Tiền gửi và vay các Tổ chức tín dụng khác,51,2,False,VNĐ,112458691000000.0,,,,,
TCB_balance_sheet_min,1559,2021-Q4 | BS_PLACEMENTS_FROM_CREDIT_INSTITUTIONS |     • Tiền gửi của các tổ chức tín dụng khác | 52 | 3 | False | VNĐ | 45606142000000.0,2021-Q4,BS_PLACEMENTS_FROM_CREDIT_INSTITUTIONS,    • Tiền gửi của các tổ chức tín dụng khác,52,3,False,VNĐ,45606142000000.0,,,,,
TCB_balance_sheet_min,1560,2021-Q4 | BS_BORROWINGS_FROM_CREDIT_INSTITUTIONS |     • Vay các tổ chức tín dụng khác | 53 | 3 | False | VNĐ | 66852549000000.0,2021-Q4,BS_BORROWINGS_FROM_CREDIT_INSTITUTIONS,    • Vay các tổ chức tín dụng khác,53,3,False,VNĐ,66852549000000.0,,,,,
TCB_balance_sheet_min,1561,2021-Q4 | BS_CUSTOMER_DEPOSITS |   ‣ Tiền gửi của khách hàng | 54 | 2 | False | VNĐ | 314752525000000.0,2021-Q4,BS_CUSTOMER_DEPOSITS,  ‣ Tiền gửi của khách hàng,54,2,False,VNĐ,314752525000000.0,,,,,
TCB_balance_sheet_min,1563,"2021-Q4 | BS_FUNDS_AND_ENTRUSTED_INVESTMENTS |   ‣ Vốn tài trợ, uỷ thác đầu tư của Chính phủ và các tổ chức tín dụng khác | 56 | 2 | False | VNĐ | 0.0",2021-Q4,BS_FUNDS_AND_ENTRUSTED_INVESTMENTS,"  ‣ Vốn tài trợ, uỷ thác đầu tư của Chính phủ và các tổ chức tín dụng khác",56,2,False,VNĐ,0.0,,,,,
TCB_balance_sheet_min,1571,2021-Q4 | BS_CHARTER_CAPITAL_AND_FUNDS |   ‣ Vốn của tổ chức tín dụng | 64 | 2 | False | VNĐ | 35585622000000.0,2021-Q4,BS_CHARTER_CAPITAL_AND_FUNDS,  ‣ Vốn của tổ chức tín dụng,64,2,False,VNĐ,35585622000000.0,,,,,
TCB_balance_sheet_min,1576,2021-Q4 | BS_RESERVES |   ‣ Quỹ của tổ chức tín dụng | 69 | 2 | False | VNĐ | 9155896000000.0,2021-Q4,BS_RESERVES,  ‣ Quỹ của tổ chức tín dụng,69,2,False,VNĐ,9155896000000.0,,,,,
TCB_balance_sheet_min,1582,2021-Q4 | BS_LOAN_GUARANTEES |   ‣ Bảo lãnh vay vốn | 75 | 2 | True | VNĐ | nan,2021-Q4,BS_LOAN_GUARANTEES,  ‣ Bảo lãnh vay vốn,75,2,True,VNĐ,,,,,,
TCB_balance_sheet_min,1588,2021-Q4 | BS_IRREVOCABLE_LOAN_COMMITMENTS |   ‣ Cam kết cho vay không huỷ ngang | 81 | 2 | True | VNĐ | 0.0,2021-Q4,BS_IRREVOCABLE_LOAN_COMMITMENTS,  ‣ Cam kết cho vay không huỷ ngang,81,2,True,VNĐ,0.0,,,,,
TCB_balance_sheet_min,1594,2021-Q3 | BS_BALANCES_WITH_SBV | Tiền gửi tại Ngân hàng nhà nước Việt Nam | 3 | 1 | False | VNĐ | 3395192000000.0,2021-Q3,BS_BALANCES_WITH_SBV,Tiền gửi tại Ngân hàng nhà nước Việt Nam,3,1,False,VNĐ,3395192000000.0,,,,,
TCB_balance_sheet_min,1595,2021-Q3 | BS_PLACEMENTS_AND_LOANS_TO_CREDIT_INSTITUTIONS | Tiền gửi tại các TCTD khác và cho vay các TCTD khác | 4 | 1 | False | VNĐ | 77627953000000.0,2021-Q3,BS_PLACEMENTS_AND_LOANS_TO_CREDIT_INSTITUTIONS,Tiền gửi tại các TCTD khác và cho vay các TCTD khác,4,1,False,VNĐ,77627953000000.0,,,,,
TCB_balance_sheet_min,1596,2021-Q3 | BS_PLACEMENTS_WITH_CREDIT_INSTITUTIONS |   ‣ Tiền gửi tại các TCTD khác | 5 | 2 | False | VNĐ | 51058282000000.0,2021-Q3,BS_PLACEMENTS_WITH_CREDIT_INSTITUTIONS,  ‣ Tiền gửi tại các TCTD khác,5,2,False,VNĐ,51058282000000.0,,,,,
TCB_balance_sheet_min,1597,2021-Q3 | BS_LOANS_TO_CREDIT_INSTITUTIONS |   ‣ Cho vay các TCTD khác | 6 | 2 | False | VNĐ | 26569671000000.0,2021-Q3,BS_LOANS_TO_CREDIT_INSTITUTIONS,  ‣ Cho vay các TCTD khác,6,2,False,VNĐ,26569671000000.0,,,,,
TCB_balance_sheet_min,1603,2021-Q3 | BS_LOANS_TO_CUSTOMERS | Cho vay khách hàng | 12 | 1 | False | VNĐ | 317668922000000.0,2021-Q3,BS_LOANS_TO_CUSTOMERS,Cho vay khách hàng,12,1,False,VNĐ,317668922000000.0,,,,,
TCB_balance_sheet_min,1604,2021-Q3 | BS_LOANS_TO_CUSTOMERS_GROSS |   ‣ Cho vay khách hàng | 13 | 2 | False | VNĐ | 321042016000000.0,2021-Q3,BS_LOANS_TO_CUSTOMERS_GROSS,  ‣ Cho vay khách hàng,13,2,False,VNĐ,321042016000000.0,,,,,
TCB_balance_sheet_min,1605,2021-Q3 | BS_PROVISION_LOANS_TO_CUSTOMERS |   ‣ Dự phòng rủi ro cho vay khách hàng | 14 | 2 | False | VNĐ | -3373094000000.0,2021-Q3,BS_PROVISION_LOANS_TO_CUSTOMERS,  ‣ Dự phòng rủi ro cho vay khách hàng,14,2,False,VNĐ,-3373094000000.0,,,,,
TCB_balance_sheet_min,1642,2021-Q3 | BS_PLACEMENTS_AND_BORROWINGS_FROM_CREDIT_INSTITUTIONS |   ‣ Tiền gửi và vay các Tổ chức tín dụng khác | 51 | 2 | False | VNĐ | 90348281000000.0,2021-Q3,BS_PLACEMENTS_AND_BORROWINGS_FROM_CREDIT_INSTITUTIONS,  ‣ Tiền gửi và vay các Tổ chức tín dụng khác,51,2,False,VNĐ,90348281000000.0,,,,,
TCB_balance_sheet_min,1643,2021-Q3 | BS_PLACEMENTS_FROM_CREDIT_INSTITUTIONS |     • Tiền gửi của các tổ chức tín dụng khác | 52 | 3 | False | VNĐ | 31078825000000.0,2021-Q3,BS_PLACEMENTS_FROM_CREDIT_INSTITUTIONS,    • Tiền gửi của các tổ chức tín dụng khác,52,3,False,VNĐ,31078825000000.0,,,,,
TCB_balance_sheet_min,1644,2021-Q3 | BS_BORROWINGS_FROM_CREDIT_INSTITUTIONS |     • Vay các tổ chức tín dụng khác | 53 | 3 | False | VNĐ | 59269456000000.0,2021-Q3,BS_BORROWINGS_FROM_CREDIT_INSTITUTIONS,    • Vay các tổ chức tín dụng khác,53,3,False,VNĐ,59269456000000.0,,,,,
TCB_balance_sheet_min,1645,2021-Q3 | BS_CUSTOMER_DEPOSITS |   ‣ Tiền gửi của khách hàng | 54 | 2 | False | VNĐ | 316376047000000.0,2021-Q3,BS_CUSTOMER_DEPOSITS,  ‣ Tiền gửi của khách hàng,54,2,False,VNĐ,316376047000000.0,,,,,
TCB_balance_sheet_min,1647,"2021-Q3 | BS_FUNDS_AND_ENTRUSTED_INVESTMENTS |   ‣ Vốn tài trợ, uỷ thác đầu tư của Chính phủ và các tổ chức tín dụng khác | 56 | 2 | False | VNĐ | 0.0",2021-Q3,BS_FUNDS_AND_ENTRUSTED_INVESTMENTS,"  ‣ Vốn tài trợ, uỷ thác đầu tư của Chính phủ và các tổ chức tín dụng khác",56,2,False,VNĐ,0.0,,,,,
TCB_balance_sheet_min,1655,2021-Q3 | BS_CHARTER_CAPITAL_AND_FUNDS |   ‣ Vốn của tổ chức tín dụng | 64 | 2 | False | VNĐ | 35585622000000.0,2021-Q3,BS_CHARTER_CAPITAL_AND_FUNDS,  ‣ Vốn của tổ chức tín dụng,64,2,False,VNĐ,35585622000000.0,,,,,
TCB_balance_sheet_min,1660,2021-Q3 | BS_RESERVES |   ‣ Quỹ của tổ chức tín dụng | 69 | 2 | False | VNĐ | 6784301000000.0,2021-Q3,BS_RESERVES,  ‣ Quỹ của tổ chức tín dụng,69,2,False,VNĐ,6784301000000.0,,,,,
TCB_balance_sheet_min,1666,2021-Q3 | BS_LOAN_GUARANTEES |   ‣ Bảo lãnh vay vốn | 75 | 2 | True | VNĐ | nan,2021-Q3,BS_LOAN_GUARANTEES,  ‣ Bảo lãnh vay vốn,75,2,True,VNĐ,,,,,,
TCB_balance_sheet_min,1672,2021-Q3 | BS_IRREVOCABLE_LOAN_COMMITMENTS |   ‣ Cam kết cho vay không huỷ ngang | 81 | 2 | True | VNĐ | 0.0,2021-Q3,BS_IRREVOCABLE_LOAN_COMMITMENTS,  ‣ Cam kết cho vay không huỷ ngang,81,2,True,VNĐ,0.0,,,,,
TCB_balance_sheet_min,1678,2021-Q2 | BS_BALANCES_WITH_SBV | Tiền gửi tại Ngân hàng nhà nước Việt Nam | 3 | 1 | False | VNĐ | 4404948000000.0,2021-Q2,BS_BALANCES_WITH_SBV,Tiền gửi tại Ngân hàng nhà nước Việt Nam,3,1,False,VNĐ,4404948000000.0,,,,,
TCB_balance_sheet_min,1679,2021-Q2 | BS_PLACEMENTS_AND_LOANS_TO_CREDIT_INSTITUTIONS | Tiền gửi tại các TCTD khác và cho vay các TCTD khác | 4 | 1 | False | VNĐ | 52084900000000.0,2021-Q2,BS_PLACEMENTS_AND_LOANS_TO_CREDIT_INSTITUTIONS,Tiền gửi tại các TCTD khác và cho vay các TCTD khác,4,1,False,VNĐ,52084900000000.0,,,,,
TCB_balance_sheet_min,1680,2021-Q2 | BS_PLACEMENTS_WITH_CREDIT_INSTITUTIONS |   ‣ Tiền gửi tại các TCTD khác | 5 | 2 | False | VNĐ | 31309624000000.0,2021-Q2,BS_PLACEMENTS_WITH_CREDIT_INSTITUTIONS,  ‣ Tiền gửi tại các TCTD khác,5,2,False,VNĐ,31309624000000.0,,,,,
TCB_balance_sheet_min,1681,2021-Q2 | BS_LOANS_TO_CREDIT_INSTITUTIONS |   ‣ Cho vay các TCTD khác | 6 | 2 | False | VNĐ | 20775276000000.0,2021-Q2,BS_LOANS_TO_CREDIT_INSTITUTIONS,  ‣ Cho vay các TCTD khác,6,2,False,VNĐ,20775276000000.0,,,,,
TCB_balance_sheet_min,1687,2021-Q2 | BS_LOANS_TO_CUSTOMERS | Cho vay khách hàng | 12 | 1 | False | VNĐ | 310617819000000.0,2021-Q2,BS_LOANS_TO_CUSTOMERS,Cho vay khách hàng,12,1,False,VNĐ,310617819000000.0,,,,,
TCB_balance_sheet_min,1688,2021-Q2 | BS_LOANS_TO_CUSTOMERS_GROSS |   ‣ Cho vay khách hàng | 13 | 2 | False | VNĐ | 313513991000000.0,2021-Q2,BS_LOANS_TO_CUSTOMERS_GROSS,  ‣ Cho vay khách hàng,13,2,False,VNĐ,313513991000000.0,,,,,
TCB_balance_sheet_min,1689,2021-Q2 | BS_PROVISION_LOANS_TO_CUSTOMERS |   ‣ Dự phòng rủi ro cho vay khách hàng | 14 | 2 | False | VNĐ | -2896172000000.0,2021-Q2,BS_PROVISION_LOANS_TO_CUSTOMERS,  ‣ Dự phòng rủi ro cho vay khách hàng,14,2,False,VNĐ,-2896172000000.0,,,,,
TCB_balance_sheet_min,1726,2021-Q2 | BS_PLACEMENTS_AND_BORROWINGS_FROM_CREDIT_INSTITUTIONS |   ‣ Tiền gửi và vay các Tổ chức tín dụng khác | 51 | 2 | False | VNĐ | 90642175000000.0,2021-Q2,BS_PLACEMENTS_AND_BORROWINGS_FROM_CREDIT_INSTITUTIONS,  ‣ Tiền gửi và vay các Tổ chức tín dụng khác,51,2,False,VNĐ,90642175000000.0,,,,,
TCB_balance_sheet_min,1727,2021-Q2 | BS_PLACEMENTS_FROM_CREDIT_INSTITUTIONS |     • Tiền gửi của các tổ chức tín dụng khác | 52 | 3 | False | VNĐ | 43861247000000.0,2021-Q2,BS_PLACEMENTS_FROM_CREDIT_INSTITUTIONS,    • Tiền gửi của các tổ chức tín dụng khác,52,3,False,VNĐ,43861247000000.0,,,,,
TCB_balance_sheet_min,1728,2021-Q2 | BS_BORROWINGS_FROM_CREDIT_INSTITUTIONS |     • Vay các tổ chức tín dụng khác | 53 | 3 | False | VNĐ | 46780928000000.0,2021-Q2,BS_BORROWINGS_FROM_CREDIT_INSTITUTIONS,    • Vay các tổ chức tín dụng khác,53,3,False,VNĐ,46780928000000.0,,,,,
TCB_balance_sheet_min,1729,2021-Q2 | BS_CUSTOMER_DEPOSITS |   ‣ Tiền gửi của khách hàng | 54 | 2 | False | VNĐ | 289334731000000.0,2021-Q2,BS_CUSTOMER_DEPOSITS,  ‣ Tiền gửi của khách hàng,54,2,False,VNĐ,289334731000000.0,,,,,
TCB_balance_sheet_min,1731,"2021-Q2 | BS_FUNDS_AND_ENTRUSTED_INVESTMENTS |   ‣ Vốn tài trợ, uỷ thác đầu tư của Chính phủ và các tổ chức tín dụng khác | 56 | 2 | False | VNĐ | 0.0",2021-Q2,BS_FUNDS_AND_ENTRUSTED_INVESTMENTS,"  ‣ Vốn tài trợ, uỷ thác đầu tư của Chính phủ và các tổ chức tín dụng khác",56,2,False,VNĐ,0.0,,,,,
TCB_balance_sheet_min,1739,2021-Q2 | BS_CHARTER_CAPITAL_AND_FUNDS |   ‣ Vốn của tổ chức tín dụng | 64 | 2 | False | VNĐ | 35525569000000.0,2021-Q2,BS_CHARTER_CAPITAL_AND_FUNDS,  ‣ Vốn của tổ chức tín dụng,64,2,False,VNĐ,35525569000000.0,,,,,
TCB_balance_sheet_min,1744,2021-Q2 | BS_RESERVES |   ‣ Quỹ của tổ chức tín dụng | 69 | 2 | False | VNĐ | 6789525000000.0,2021-Q2,BS_RESERVES,  ‣ Quỹ của tổ chức tín dụng,69,2,False,VNĐ,6789525000000.0,,,,,
TCB_balance_sheet_min,1750,2021-Q2 | BS_LOAN_GUARANTEES |   ‣ Bảo lãnh vay vốn | 75 | 2 | True | VNĐ | nan,2021-Q2,BS_LOAN_GUARANTEES,  ‣ Bảo lãnh vay vốn,75,2,True,VNĐ,,,,,,
TCB_balance_sheet_min,1756,2021-Q2 | BS_IRREVOCABLE_LOAN_COMMITMENTS |   ‣ Cam kết cho vay không huỷ ngang | 81 | 2 | True | VNĐ | 0.0,2021-Q2,BS_IRREVOCABLE_LOAN_COMMITMENTS,  ‣ Cam kết cho vay không huỷ ngang,81,2,True,VNĐ,0.0,,,,,
TCB_balance_sheet_min,1762,2021-Q1 | BS_BALANCES_WITH_SBV | Tiền gửi tại Ngân hàng nhà nước Việt Nam | 3 | 1 | False | VNĐ | 1764015000000.0,2021-Q1,BS_BALANCES_WITH_SBV,Tiền gửi tại Ngân hàng nhà nước Việt Nam,3,1,False,VNĐ,1764015000000.0,,,,,
TCB_balance_sheet_min,1763,2021-Q1 | BS_PLACEMENTS_AND_LOANS_TO_CREDIT_INSTITUTIONS | Tiền gửi tại các TCTD khác và cho vay các TCTD khác | 4 | 1 | False | VNĐ | 38361058000000.0,2021-Q1,BS_PLACEMENTS_AND_LOANS_TO_CREDIT_INSTITUTIONS,Tiền gửi tại các TCTD khác và cho vay các TCTD khác,4,1,False,VNĐ,38361058000000.0,,,,,
TCB_balance_sheet_min,1764,2021-Q1 | BS_PLACEMENTS_WITH_CREDIT_INSTITUTIONS |   ‣ Tiền gửi tại các TCTD khác | 5 | 2 | False | VNĐ | 22454030000000.0,2021-Q1,BS_PLACEMENTS_WITH_CREDIT_INSTITUTIONS,  ‣ Tiền gửi tại các TCTD khác,5,2,False,VNĐ,22454030000000.0,,,,,
TCB_balance_sheet_min,1765,2021-Q1 | BS_LOANS_TO_CREDIT_INSTITUTIONS |   ‣ Cho vay các TCTD khác | 6 | 2 | False | VNĐ | 15907028000000.0,2021-Q1,BS_LOANS_TO_CREDIT_INSTITUTIONS,  ‣ Cho vay các TCTD khác,6,2,False,VNĐ,15907028000000.0,,,,,
TCB_balance_sheet_min,1771,2021-Q1 | BS_LOANS_TO_CUSTOMERS | Cho vay khách hàng | 12 | 1 | False | VNĐ | 293799393000000.0,2021-Q1,BS_LOANS_TO_CUSTOMERS,Cho vay khách hàng,12,1,False,VNĐ,293799393000000.0,,,,,
TCB_balance_sheet_min,1772,2021-Q1 | BS_LOANS_TO_CUSTOMERS_GROSS |   ‣ Cho vay khách hàng | 13 | 2 | False | VNĐ | 296290213000000.0,2021-Q1,BS_LOANS_TO_CUSTOMERS_GROSS,  ‣ Cho vay khách hàng,13,2,False,VNĐ,296290213000000.0,,,,,
TCB_balance_sheet_min,1773,2021-Q1 | BS_PROVISION_LOANS_TO_CUSTOMERS |   ‣ Dự phòng rủi ro cho vay khách hàng | 14 | 2 | False | VNĐ | -2490820000000.0,2021-Q1,BS_PROVISION_LOANS_TO_CUSTOMERS,  ‣ Dự phòng rủi ro cho vay khách hàng,14,2,False,VNĐ,-2490820000000.0,,,,,
TCB_balance_sheet_min,1810,2021-Q1 | BS_PLACEMENTS_AND_BORROWINGS_FROM_CREDIT_INSTITUTIONS |   ‣ Tiền gửi và vay các Tổ chức tín dụng khác | 51 | 2 | False | VNĐ | 59018848000000.0,2021-Q1,BS_PLACEMENTS_AND_BORROWINGS_FROM_CREDIT_INSTITUTIONS,  ‣ Tiền gửi và vay các Tổ chức tín dụng khác,51,2,False,VNĐ,59018848000000.0,,,,,
TCB_balance_sheet_min,1811,2021-Q1 | BS_PLACEMENTS_FROM_CREDIT_INSTITUTIONS |     • Tiền gửi của các tổ chức tín dụng khác | 52 | 3 | False | VNĐ | 24609538000000.0,2021-Q1,BS_PLACEMENTS_FROM_CREDIT_INSTITUTIONS,    • Tiền gửi của các tổ chức tín dụng khác,52,3,False,VNĐ,24609538000000.0,,,,,
TCB_balance_sheet_min,1812,2021-Q1 | BS_BORROWINGS_FROM_CREDIT_INSTITUTIONS |     • Vay các tổ chức tín dụng khác | 53 | 3 | False | VNĐ | 34409310000000.0,2021-Q1,BS_BORROWINGS_FROM_CREDIT_INSTITUTIONS,    • Vay các tổ chức tín dụng khác,53,3,False,VNĐ,34409310000000.0,,,,,
TCB_balance_sheet_min,1813,2021-Q1 | BS_CUSTOMER_DEPOSITS |   ‣ Tiền gửi của khách hàng | 54 | 2 | False | VNĐ | 287445926000000.0,2021-Q1,BS_CUSTOMER_DEPOSITS,  ‣ Tiền gửi của khách hàng,54,2,False,VNĐ,287445926000000.0,,,,,
TCB_balance_sheet_min,1815,"2021-Q1 | BS_FUNDS_AND_ENTRUSTED_INVESTMENTS |   ‣ Vốn tài trợ, uỷ thác đầu tư của Chính phủ và các tổ chức tín dụng khác | 56 | 2 | False | VNĐ | 0.0",2021-Q1,BS_FUNDS_AND_ENTRUSTED_INVESTMENTS,"  ‣ Vốn tài trợ, uỷ thác đầu tư của Chính phủ và các tổ chức tín dụng khác",56,2,False,VNĐ,0.0,,,,,
TCB_balance_sheet_min,1823,2021-Q1 | BS_CHARTER_CAPITAL_AND_FUNDS |   ‣ Vốn của tổ chức tín dụng | 64 | 2 | False | VNĐ | 35525569000000.0,2021-Q1,BS_CHARTER_CAPITAL_AND_FUNDS,  ‣ Vốn của tổ chức tín dụng,64,2,False,VNĐ,35525569000000.0,,,,,
TCB_balance_sheet_min,1828,2021-Q1 | BS_RESERVES |   ‣ Quỹ của tổ chức tín dụng | 69 | 2 | False | VNĐ | 6789602000000.0,2021-Q1,BS_RESERVES,  ‣ Quỹ của tổ chức tín dụng,69,2,False,VNĐ,6789602000000.0,,,,,
TCB_balance_sheet_min,1834,2021-Q1 | BS_LOAN_GUARANTEES |   ‣ Bảo lãnh vay vốn | 75 | 2 | True | VNĐ | nan,2021-Q1,BS_LOAN_GUARANTEES,  ‣ Bảo lãnh vay vốn,75,2,True,VNĐ,,,,,,
TCB_balance_sheet_min,1840,2021-Q1 | BS_IRREVOCABLE_LOAN_COMMITMENTS |   ‣ Cam kết cho vay không huỷ ngang | 81 | 2 | True | VNĐ | 0.0,2021-Q1,BS_IRREVOCABLE_LOAN_COMMITMENTS,  ‣ Cam kết cho vay không huỷ ngang,81,2,True,VNĐ,0.0,,,,,
TCB_balance_sheet_min,1846,2020-Q4 | BS_BALANCES_WITH_SBV | Tiền gửi tại Ngân hàng nhà nước Việt Nam | 3 | 1 | False | VNĐ | 10253324000000.0,2020-Q4,BS_BALANCES_WITH_SBV,Tiền gửi tại Ngân hàng nhà nước Việt Nam,3,1,False,VNĐ,10253324000000.0,,,,,
TCB_balance_sheet_min,1847,2020-Q4 | BS_PLACEMENTS_AND_LOANS_TO_CREDIT_INSTITUTIONS | Tiền gửi tại các TCTD khác và cho vay các TCTD khác | 4 | 1 | False | VNĐ | 28994954000000.0,2020-Q4,BS_PLACEMENTS_AND_LOANS_TO_CREDIT_INSTITUTIONS,Tiền gửi tại các TCTD khác và cho vay các TCTD khác,4,1,False,VNĐ,28994954000000.0,,,,,
TCB_balance_sheet_min,1848,2020-Q4 | BS_PLACEMENTS_WITH_CREDIT_INSTITUTIONS |   ‣ Tiền gửi tại các TCTD khác | 5 | 2 | False | VNĐ | 21112630000000.0,2020-Q4,BS_PLACEMENTS_WITH_CREDIT_INSTITUTIONS,  ‣ Tiền gửi tại các TCTD khác,5,2,False,VNĐ,21112630000000.0,,,,,
TCB_balance_sheet_min,1849,2020-Q4 | BS_LOANS_TO_CREDIT_INSTITUTIONS |   ‣ Cho vay các TCTD khác | 6 | 2 | False | VNĐ | 7882324000000.0,2020-Q4,BS_LOANS_TO_CREDIT_INSTITUTIONS,  ‣ Cho vay các TCTD khác,6,2,False,VNĐ,7882324000000.0,,,,,
TCB_balance_sheet_min,1855,2020-Q4 | BS_LOANS_TO_CUSTOMERS | Cho vay khách hàng | 12 | 1 | False | VNĐ | 275310367000000.0,2020-Q4,BS_LOANS_TO_CUSTOMERS,Cho vay khách hàng,12,1,False,VNĐ,275310367000000.0,,,,,
TCB_balance_sheet_min,1856,2020-Q4 | BS_LOANS_TO_CUSTOMERS_GROSS |   ‣ Cho vay khách hàng | 13 | 2 | False | VNĐ | 277524615000000.0,2020-Q4,BS_LOANS_TO_CUSTOMERS_GROSS,  ‣ Cho vay khách hàng,13,2,False,VNĐ,277524615000000.0,,,,,
TCB_balance_sheet_min,1857,2020-Q4 | BS_PROVISION_LOANS_TO_CUSTOMERS |   ‣ Dự phòng rủi ro cho vay khách hàng | 14 | 2 | False | VNĐ | -2214248000000.0,2020-Q4,BS_PROVISION_LOANS_TO_CUSTOMERS,  ‣ Dự phòng rủi ro cho vay khách hàng,14,2,False,VNĐ,-2214248000000.0,,,,,
TCB_balance_sheet_min,1894,2020-Q4 | BS_PLACEMENTS_AND_BORROWINGS_FROM_CREDIT_INSTITUTIONS |   ‣ Tiền gửi và vay các Tổ chức tín dụng khác | 51 | 2 | False | VNĐ | 47484812000000.0,2020-Q4,BS_PLACEMENTS_AND_BORROWINGS_FROM_CREDIT_INSTITUTIONS,  ‣ Tiền gửi và vay các Tổ chức tín dụng khác,51,2,False,VNĐ,47484812000000.0,,,,,
TCB_balance_sheet_min,1895,2020-Q4 | BS_PLACEMENTS_FROM_CREDIT_INSTITUTIONS |     • Tiền gửi của các tổ chức tín dụng khác | 52 | 3 | False | VNĐ | 21232089000000.0,2020-Q4,BS_PLACEMENTS_FROM_CREDIT_INSTITUTIONS,    • Tiền gửi của các tổ chức tín dụng khác,52,3,False,VNĐ,21232089000000.0,,,,,
TCB_balance_sheet_min,1896,2020-Q4 | BS_BORROWINGS_FROM_CREDIT_INSTITUTIONS |     • Vay các tổ chức tín dụng khác | 53 | 3 | False | VNĐ | 26252723000000.0,2020-Q4,BS_BORROWINGS_FROM_CREDIT_INSTITUTIONS,    • Vay các tổ chức tín dụng khác,53,3,False,VNĐ,26252723000000.0,,,,,
TCB_balance_sheet_min,1897,2020-Q4 | BS_CUSTOMER_DEPOSITS |   ‣ Tiền gửi của khách hàng | 54 | 2 | False | VNĐ | 277458651000000.0,2020-Q4,BS_CUSTOMER_DEPOSITS,  ‣ Tiền gửi của khách hàng,54,2,False,VNĐ,277458651000000.0,,,,,
TCB_balance_sheet_min,1899,"2020-Q4 | BS_FUNDS_AND_ENTRUSTED_INVESTMENTS |   ‣ Vốn tài trợ, uỷ thác đầu tư của Chính phủ và các tổ chức tín dụng khác | 56 | 2 | False | VNĐ | 0.0",2020-Q4,BS_FUNDS_AND_ENTRUSTED_INVESTMENTS,"  ‣ Vốn tài trợ, uỷ thác đầu tư của Chính phủ và các tổ chức tín dụng khác",56,2,False,VNĐ,0.0,,,,,
TCB_balance_sheet_min,1907,2020-Q4 | BS_CHARTER_CAPITAL_AND_FUNDS |   ‣ Vốn của tổ chức tín dụng | 64 | 2 | False | VNĐ | 35525569000000.0,2020-Q4,BS_CHARTER_CAPITAL_AND_FUNDS,  ‣ Vốn của tổ chức tín dụng,64,2,False,VNĐ,35525569000000.0,,,,,
TCB_balance_sheet_min,1912,2020-Q4 | BS_RESERVES |   ‣ Quỹ của tổ chức tín dụng | 69 | 2 | False | VNĐ | 6789643000000.0,2020-Q4,BS_RESERVES,  ‣ Quỹ của tổ chức tín dụng,69,2,False,VNĐ,6789643000000.0,,,,,
TCB_balance_sheet_min,1918,2020-Q4 | BS_LOAN_GUARANTEES |   ‣ Bảo lãnh vay vốn | 75 | 2 | True | VNĐ | nan,2020-Q4,BS_LOAN_GUARANTEES,  ‣ Bảo lãnh vay vốn,75,2,True,VNĐ,,,,,,
TCB_balance_sheet_min,1924,2020-Q4 | BS_IRREVOCABLE_LOAN_COMMITMENTS |   ‣ Cam kết cho vay không huỷ ngang | 81 | 2 | True | VNĐ | 0.0,2020-Q4,BS_IRREVOCABLE_LOAN_COMMITMENTS,  ‣ Cam kết cho vay không huỷ ngang,81,2,True,VNĐ,0.0,,,,,
TCB_balance_sheet_min,1930,2020-Q3 | BS_BALANCES_WITH_SBV | Tiền gửi tại Ngân hàng nhà nước Việt Nam | 3 | 1 | False | VNĐ | 9728941000000.0,2020-Q3,BS_BALANCES_WITH_SBV,Tiền gửi tại Ngân hàng nhà nước Việt Nam,3,1,False,VNĐ,9728941000000.0,,,,,
TCB_balance_sheet_min,1931,2020-Q3 | BS_PLACEMENTS_AND_LOANS_TO_CREDIT_INSTITUTIONS | Tiền gửi tại các TCTD khác và cho vay các TCTD khác | 4 | 1 | False | VNĐ | 26597264000000.0,2020-Q3,BS_PLACEMENTS_AND_LOANS_TO_CREDIT_INSTITUTIONS,Tiền gửi tại các TCTD khác và cho vay các TCTD khác,4,1,False,VNĐ,26597264000000.0,,,,,
TCB_balance_sheet_min,1932,2020-Q3 | BS_PLACEMENTS_WITH_CREDIT_INSTITUTIONS |   ‣ Tiền gửi tại các TCTD khác | 5 | 2 | False | VNĐ | 22303474000000.0,2020-Q3,BS_PLACEMENTS_WITH_CREDIT_INSTITUTIONS,  ‣ Tiền gửi tại các TCTD khác,5,2,False,VNĐ,22303474000000.0,,,,,
TCB_balance_sheet_min,1933,2020-Q3 | BS_LOANS_TO_CREDIT_INSTITUTIONS |   ‣ Cho vay các TCTD khác | 6 | 2 | False | VNĐ | 4293790000000.0,2020-Q3,BS_LOANS_TO_CREDIT_INSTITUTIONS,  ‣ Cho vay các TCTD khác,6,2,False,VNĐ,4293790000000.0,,,,,
TCB_balance_sheet_min,1939,2020-Q3 | BS_LOANS_TO_CUSTOMERS | Cho vay khách hàng | 12 | 1 | False | VNĐ | 228667892000000.0,2020-Q3,BS_LOANS_TO_CUSTOMERS,Cho vay khách hàng,12,1,False,VNĐ,228667892000000.0,,,,,
TCB_balance_sheet_min,1940,2020-Q3 | BS_LOANS_TO_CUSTOMERS_GROSS |   ‣ Cho vay khách hàng | 13 | 2 | False | VNĐ | 230715706000000.0,2020-Q3,BS_LOANS_TO_CUSTOMERS_GROSS,  ‣ Cho vay khách hàng,13,2,False,VNĐ,230715706000000.0,,,,,
TCB_balance_sheet_min,1941,2020-Q3 | BS_PROVISION_LOANS_TO_CUSTOMERS |   ‣ Dự phòng rủi ro cho vay khách hàng | 14 | 2 | False | VNĐ | -2047814000000.0,2020-Q3,BS_PROVISION_LOANS_TO_CUSTOMERS,  ‣ Dự phòng rủi ro cho vay khách hàng,14,2,False,VNĐ,-2047814000000.0,,,,,
TCB_balance_sheet_min,1978,2020-Q3 | BS_PLACEMENTS_AND_BORROWINGS_FROM_CREDIT_INSTITUTIONS |   ‣ Tiền gửi và vay các Tổ chức tín dụng khác | 51 | 2 | False | VNĐ | 42459349000000.0,2020-Q3,BS_PLACEMENTS_AND_BORROWINGS_FROM_CREDIT_INSTITUTIONS,  ‣ Tiền gửi và vay các Tổ chức tín dụng khác,51,2,False,VNĐ,42459349000000.0,,,,,
TCB_balance_sheet_min,1979,2020-Q3 | BS_PLACEMENTS_FROM_CREDIT_INSTITUTIONS |     • Tiền gửi của các tổ chức tín dụng khác | 52 | 3 | False | VNĐ | 16856490000000.0,2020-Q3,BS_PLACEMENTS_FROM_CREDIT_INSTITUTIONS,    • Tiền gửi của các tổ chức tín dụng khác,52,3,False,VNĐ,16856490000000.0,,,,,
TCB_balance_sheet_min,1980,2020-Q3 | BS_BORROWINGS_FROM_CREDIT_INSTITUTIONS |     • Vay các tổ chức tín dụng khác | 53 | 3 | False | VNĐ | 25602859000000.0,2020-Q3,BS_BORROWINGS_FROM_CREDIT_INSTITUTIONS,    • Vay các tổ chức tín dụng khác,53,3,False,VNĐ,25602859000000.0,,,,,
TCB_balance_sheet_min,1981,2020-Q3 | BS_CUSTOMER_DEPOSITS |   ‣ Tiền gửi của khách hàng | 54 | 2 | False | VNĐ | 252572479000000.0,2020-Q3,BS_CUSTOMER_DEPOSITS,  ‣ Tiền gửi của khách hàng,54,2,False,VNĐ,252572479000000.0,,,,,
TCB_balance_sheet_min,1983,"2020-Q3 | BS_FUNDS_AND_ENTRUSTED_INVESTMENTS |   ‣ Vốn tài trợ, uỷ thác đầu tư của Chính phủ và các tổ chức tín dụng khác | 56 | 2 | False | VNĐ | 0.0",2020-Q3,BS_FUNDS_AND_ENTRUSTED_INVESTMENTS,"  ‣ Vốn tài trợ, uỷ thác đầu tư của Chính phủ và các tổ chức tín dụng khác",56,2,False,VNĐ,0.0,,,,,
TCB_balance_sheet_min,1991,2020-Q3 | BS_CHARTER_CAPITAL_AND_FUNDS |   ‣ Vốn của tổ chức tín dụng | 64 | 2 | False | VNĐ | 35477962000000.0,2020-Q3,BS_CHARTER_CAPITAL_AND_FUNDS,  ‣ Vốn của tổ chức tín dụng,64,2,False,VNĐ,35477962000000.0,,,,,
TCB_balance_sheet_min,1996,2020-Q3 | BS_RESERVES |   ‣ Quỹ của tổ chức tín dụng | 69 | 2 | False | VNĐ | 5172187000000.0,2020-Q3,BS_RESERVES,  ‣ Quỹ của tổ chức tín dụng,69,2,False,VNĐ,5172187000000.0,,,,,
TCB_balance_sheet_min,2002,2020-Q3 | BS_LOAN_GUARANTEES |   ‣ Bảo lãnh vay vốn | 75 | 2 | True | VNĐ | nan,2020-Q3,BS_LOAN_GUARANTEES,  ‣ Bảo lãnh vay vốn,75,2,True,VNĐ,,,,,,
TCB_balance_sheet_min,2008,2020-Q3 | BS_IRREVOCABLE_LOAN_COMMITMENTS |   ‣ Cam kết cho vay không huỷ ngang | 81 | 2 | True | VNĐ | 0.0,2020-Q3,BS_IRREVOCABLE_LOAN_COMMITMENTS,  ‣ Cam kết cho vay không huỷ ngang,81,2,True,VNĐ,0.0,,,,,
TCB_balance_sheet_min,2014,2020-Q2 | BS_BALANCES_WITH_SBV | Tiền gửi tại Ngân hàng nhà nước Việt Nam | 3 | 1 | False | VNĐ | 8844670000000.0,2020-Q2,BS_BALANCES_WITH_SBV,Tiền gửi tại Ngân hàng nhà nước Việt Nam,3,1,False,VNĐ,8844670000000.0,,,,,
TCB_balance_sheet_min,2015,2020-Q2 | BS_PLACEMENTS_AND_LOANS_TO_CREDIT_INSTITUTIONS | Tiền gửi tại các TCTD khác và cho vay các TCTD khác | 4 | 1 | False | VNĐ | 45284968000000.0,2020-Q2,BS_PLACEMENTS_AND_LOANS_TO_CREDIT_INSTITUTIONS,Tiền gửi tại các TCTD khác và cho vay các TCTD khác,4,1,False,VNĐ,45284968000000.0,,,,,
TCB_balance_sheet_min,2016,2020-Q2 | BS_PLACEMENTS_WITH_CREDIT_INSTITUTIONS |   ‣ Tiền gửi tại các TCTD khác | 5 | 2 | False | VNĐ | 36014074000000.0,2020-Q2,BS_PLACEMENTS_WITH_CREDIT_INSTITUTIONS,  ‣ Tiền gửi tại các TCTD khác,5,2,False,VNĐ,36014074000000.0,,,,,
TCB_balance_sheet_min,2017,2020-Q2 | BS_LOANS_TO_CREDIT_INSTITUTIONS |   ‣ Cho vay các TCTD khác | 6 | 2 | False | VNĐ | 9270894000000.0,2020-Q2,BS_LOANS_TO_CREDIT_INSTITUTIONS,  ‣ Cho vay các TCTD khác,6,2,False,VNĐ,9270894000000.0,,,,,
TCB_balance_sheet_min,2023,2020-Q2 | BS_LOANS_TO_CUSTOMERS | Cho vay khách hàng | 12 | 1 | False | VNĐ | 229385470000000.0,2020-Q2,BS_LOANS_TO_CUSTOMERS,Cho vay khách hàng,12,1,False,VNĐ,229385470000000.0,,,,,
TCB_balance_sheet_min,2024,2020-Q2 | BS_LOANS_TO_CUSTOMERS_GROSS |   ‣ Cho vay khách hàng | 13 | 2 | False | VNĐ | 231665787000000.0,2020-Q2,BS_LOANS_TO_CUSTOMERS_GROSS,  ‣ Cho vay khách hàng,13,2,False,VNĐ,231665787000000.0,,,,,
TCB_balance_sheet_min,2025,2020-Q2 | BS_PROVISION_LOANS_TO_CUSTOMERS |   ‣ Dự phòng rủi ro cho vay khách hàng | 14 | 2 | False | VNĐ | -2280317000000.0,2020-Q2,BS_PROVISION_LOANS_TO_CUSTOMERS,  ‣ Dự phòng rủi ro cho vay khách hàng,14,2,False,VNĐ,-2280317000000.0,,,,,
TCB_balance_sheet_min,2062,2020-Q2 | BS_PLACEMENTS_AND_BORROWINGS_FROM_CREDIT_INSTITUTIONS |   ‣ Tiền gửi và vay các Tổ chức tín dụng khác | 51 | 2 | False | VNĐ | 43577620000000.0,2020-Q2,BS_PLACEMENTS_AND_BORROWINGS_FROM_CREDIT_INSTITUTIONS,  ‣ Tiền gửi và vay các Tổ chức tín dụng khác,51,2,False,VNĐ,43577620000000.0,,,,,
TCB_balance_sheet_min,2063,2020-Q2 | BS_PLACEMENTS_FROM_CREDIT_INSTITUTIONS |     • Tiền gửi của các tổ chức tín dụng khác | 52 | 3 | False | VNĐ | 16726745000000.0,2020-Q2,BS_PLACEMENTS_FROM_CREDIT_INSTITUTIONS,    • Tiền gửi của các tổ chức tín dụng khác,52,3,False,VNĐ,16726745000000.0,,,,,
TCB_balance_sheet_min,2064,2020-Q2 | BS_BORROWINGS_FROM_CREDIT_INSTITUTIONS |     • Vay các tổ chức tín dụng khác | 53 | 3 | False | VNĐ | 26850875000000.0,2020-Q2,BS_BORROWINGS_FROM_CREDIT_INSTITUTIONS,    • Vay các tổ chức tín dụng khác,53,3,False,VNĐ,26850875000000.0,,,,,
TCB_balance_sheet_min,2065,2020-Q2 | BS_CUSTOMER_DEPOSITS |   ‣ Tiền gửi của khách hàng | 54 | 2 | False | VNĐ | 249857269000000.0,2020-Q2,BS_CUSTOMER_DEPOSITS,  ‣ Tiền gửi của khách hàng,54,2,False,VNĐ,249857269000000.0,,,,,
TCB_balance_sheet_min,2067,"2020-Q2 | BS_FUNDS_AND_ENTRUSTED_INVESTMENTS |   ‣ Vốn tài trợ, uỷ thác đầu tư của Chính phủ và các tổ chức tín dụng khác | 56 | 2 | False | VNĐ | 0.0",2020-Q2,BS_FUNDS_AND_ENTRUSTED_INVESTMENTS,"  ‣ Vốn tài trợ, uỷ thác đầu tư của Chính phủ và các tổ chức tín dụng khác",56,2,False,VNĐ,0.0,,,,,
TCB_balance_sheet_min,2075,2020-Q2 | BS_CHARTER_CAPITAL_AND_FUNDS |   ‣ Vốn của tổ chức tín dụng | 64 | 2 | False | VNĐ | 35477962000000.0,2020-Q2,BS_CHARTER_CAPITAL_AND_FUNDS,  ‣ Vốn của tổ chức tín dụng,64,2,False,VNĐ,35477962000000.0,,,,,
TCB_balance_sheet_min,2080,2020-Q2 | BS_RESERVES |   ‣ Quỹ của tổ chức tín dụng | 69 | 2 | False | VNĐ | 5172660000000.0,2020-Q2,BS_RESERVES,  ‣ Quỹ của tổ chức tín dụng,69,2,False,VNĐ,5172660000000.0,,,,,
TCB_balance_sheet_min,2086,2020-Q2 | BS_LOAN_GUARANTEES |   ‣ Bảo lãnh vay vốn | 75 | 2 | True | VNĐ | nan,2020-Q2,BS_LOAN_GUARANTEES,  ‣ Bảo lãnh vay vốn,75,2,True,VNĐ,,,,,,
TCB_balance_sheet_min,2092,2020-Q2 | BS_IRREVOCABLE_LOAN_COMMITMENTS |   ‣ Cam kết cho vay không huỷ ngang | 81 | 2 | True | VNĐ | 0.0,2020-Q2,BS_IRREVOCABLE_LOAN_COMMITMENTS,  ‣ Cam kết cho vay không huỷ ngang,81,2,True,VNĐ,0.0,,,,,
TCB_balance_sheet_min,2098,2020-Q1 | BS_BALANCES_WITH_SBV | Tiền gửi tại Ngân hàng nhà nước Việt Nam | 3 | 1 | False | VNĐ | 5284207000000.0,2020-Q1,BS_BALANCES_WITH_SBV,Tiền gửi tại Ngân hàng nhà nước Việt Nam,3,1,False,VNĐ,5284207000000.0,,,,,
TCB_balance_sheet_min,2099,2020-Q1 | BS_PLACEMENTS_AND_LOANS_TO_CREDIT_INSTITUTIONS | Tiền gửi tại các TCTD khác và cho vay các TCTD khác | 4 | 1 | False | VNĐ | 30990383000000.0,2020-Q1,BS_PLACEMENTS_AND_LOANS_TO_CREDIT_INSTITUTIONS,Tiền gửi tại các TCTD khác và cho vay các TCTD khác,4,1,False,VNĐ,30990383000000.0,,,,,
TCB_balance_sheet_min,2100,2020-Q1 | BS_PLACEMENTS_WITH_CREDIT_INSTITUTIONS |   ‣ Tiền gửi tại các TCTD khác | 5 | 2 | False | VNĐ | 26563973000000.0,2020-Q1,BS_PLACEMENTS_WITH_CREDIT_INSTITUTIONS,  ‣ Tiền gửi tại các TCTD khác,5,2,False,VNĐ,26563973000000.0,,,,,
TCB_balance_sheet_min,2101,2020-Q1 | BS_LOANS_TO_CREDIT_INSTITUTIONS |   ‣ Cho vay các TCTD khác | 6 | 2 | False | VNĐ | 4426410000000.0,2020-Q1,BS_LOANS_TO_CREDIT_INSTITUTIONS,  ‣ Cho vay các TCTD khác,6,2,False,VNĐ,4426410000000.0,,,,,
TCB_balance_sheet_min,2107,2020-Q1 | BS_LOANS_TO_CUSTOMERS | Cho vay khách hàng | 12 | 1 | False | VNĐ | 229037642000000.0,2020-Q1,BS_LOANS_TO_CUSTOMERS,Cho vay khách hàng,12,1,False,VNĐ,229037642000000.0,,,,,
TCB_balance_sheet_min,2108,2020-Q1 | BS_LOANS_TO_CUSTOMERS_GROSS |   ‣ Cho vay khách hàng | 13 | 2 | False | VNĐ | 232021072000000.0,2020-Q1,BS_LOANS_TO_CUSTOMERS_GROSS,  ‣ Cho vay khách hàng,13,2,False,VNĐ,232021072000000.0,,,,,
TCB_balance_sheet_min,2109,2020-Q1 | BS_PROVISION_LOANS_TO_CUSTOMERS |   ‣ Dự phòng rủi ro cho vay khách hàng | 14 | 2 | False | VNĐ | -2983430000000.0,2020-Q1,BS_PROVISION_LOANS_TO_CUSTOMERS,  ‣ Dự phòng rủi ro cho vay khách hàng,14,2,False,VNĐ,-2983430000000.0,,,,,
TCB_balance_sheet_min,2146,2020-Q1 | BS_PLACEMENTS_AND_BORROWINGS_FROM_CREDIT_INSTITUTIONS |   ‣ Tiền gửi và vay các Tổ chức tín dụng khác | 51 | 2 | False | VNĐ | 62925859000000.0,2020-Q1,BS_PLACEMENTS_AND_BORROWINGS_FROM_CREDIT_INSTITUTIONS,  ‣ Tiền gửi và vay các Tổ chức tín dụng khác,51,2,False,VNĐ,62925859000000.0,,,,,
TCB_balance_sheet_min,2147,2020-Q1 | BS_PLACEMENTS_FROM_CREDIT_INSTITUTIONS |     • Tiền gửi của các tổ chức tín dụng khác | 52 | 3 | False | VNĐ | 36325273000000.0,2020-Q1,BS_PLACEMENTS_FROM_CREDIT_INSTITUTIONS,    • Tiền gửi của các tổ chức tín dụng khác,52,3,False,VNĐ,36325273000000.0,,,,,
TCB_balance_sheet_min,2148,2020-Q1 | BS_BORROWINGS_FROM_CREDIT_INSTITUTIONS |     • Vay các tổ chức tín dụng khác | 53 | 3 | False | VNĐ | 26600586000000.0,2020-Q1,BS_BORROWINGS_FROM_CREDIT_INSTITUTIONS,    • Vay các tổ chức tín dụng khác,53,3,False,VNĐ,26600586000000.0,,,,,
TCB_balance_sheet_min,2149,2020-Q1 | BS_CUSTOMER_DEPOSITS |   ‣ Tiền gửi của khách hàng | 54 | 2 | False | VNĐ | 235098792000000.0,2020-Q1,BS_CUSTOMER_DEPOSITS,  ‣ Tiền gửi của khách hàng,54,2,False,VNĐ,235098792000000.0,,,,,
TCB_balance_sheet_min,2151,"2020-Q1 | BS_FUNDS_AND_ENTRUSTED_INVESTMENTS |   ‣ Vốn tài trợ, uỷ thác đầu tư của Chính phủ và các tổ chức tín dụng khác | 56 | 2 | False | VNĐ | 0.0",2020-Q1,BS_FUNDS_AND_ENTRUSTED_INVESTMENTS,"  ‣ Vốn tài trợ, uỷ thác đầu tư của Chính phủ và các tổ chức tín dụng khác",56,2,False,VNĐ,0.0,,,,,
TCB_balance_sheet_min,2159,2020-Q1 | BS_CHARTER_CAPITAL_AND_FUNDS |   ‣ Vốn của tổ chức tín dụng | 64 | 2 | False | VNĐ | 35477962000000.0,2020-Q1,BS_CHARTER_CAPITAL_AND_FUNDS,  ‣ Vốn của tổ chức tín dụng,64,2,False,VNĐ,35477962000000.0,,,,,
TCB_balance_sheet_min,2164,2020-Q1 | BS_RESERVES |   ‣ Quỹ của tổ chức tín dụng | 69 | 2 | False | VNĐ | 5172679000000.0,2020-Q1,BS_RESERVES,  ‣ Quỹ của tổ chức tín dụng,69,2,False,VNĐ,5172679000000.0,,,,,
TCB_balance_sheet_min,2170,2020-Q1 | BS_LOAN_GUARANTEES |   ‣ Bảo lãnh vay vốn | 75 | 2 | True | VNĐ | nan,2020-Q1,BS_LOAN_GUARANTEES,  ‣ Bảo lãnh vay vốn,75,2,True,VNĐ,,,,,,
TCB_balance_sheet_min,2176,2020-Q1 | BS_IRREVOCABLE_LOAN_COMMITMENTS |   ‣ Cam kết cho vay không huỷ ngang | 81 | 2 | True | VNĐ | 0.0,2020-Q1,BS_IRREVOCABLE_LOAN_COMMITMENTS,  ‣ Cam kết cho vay không huỷ ngang,81,2,True,VNĐ,0.0,,,,,
TCB_balance_sheet_min,2182,2019-Q4 | BS_BALANCES_WITH_SBV | Tiền gửi tại Ngân hàng nhà nước Việt Nam | 3 | 1 | False | VNĐ | 3192256000000.0,2019-Q4,BS_BALANCES_WITH_SBV,Tiền gửi tại Ngân hàng nhà nước Việt Nam,3,1,False,VNĐ,3192256000000.0,,,,,
TCB_balance_sheet_min,2183,2019-Q4 | BS_PLACEMENTS_AND_LOANS_TO_CREDIT_INSTITUTIONS | Tiền gửi tại các TCTD khác và cho vay các TCTD khác | 4 | 1 | False | VNĐ | 47990224000000.0,2019-Q4,BS_PLACEMENTS_AND_LOANS_TO_CREDIT_INSTITUTIONS,Tiền gửi tại các TCTD khác và cho vay các TCTD khác,4,1,False,VNĐ,47990224000000.0,,,,,
TCB_balance_sheet_min,2184,2019-Q4 | BS_PLACEMENTS_WITH_CREDIT_INSTITUTIONS |   ‣ Tiền gửi tại các TCTD khác | 5 | 2 | False | VNĐ | 38596420000000.0,2019-Q4,BS_PLACEMENTS_WITH_CREDIT_INSTITUTIONS,  ‣ Tiền gửi tại các TCTD khác,5,2,False,VNĐ,38596420000000.0,,,,,
TCB_balance_sheet_min,2185,2019-Q4 | BS_LOANS_TO_CREDIT_INSTITUTIONS |   ‣ Cho vay các TCTD khác | 6 | 2 | False | VNĐ | 9393804000000.0,2019-Q4,BS_LOANS_TO_CREDIT_INSTITUTIONS,  ‣ Cho vay các TCTD khác,6,2,False,VNĐ,9393804000000.0,,,,,
TCB_balance_sheet_min,2191,2019-Q4 | BS_LOANS_TO_CUSTOMERS | Cho vay khách hàng | 12 | 1 | False | VNĐ | 227885283000000.0,2019-Q4,BS_LOANS_TO_CUSTOMERS,Cho vay khách hàng,12,1,False,VNĐ,227885283000000.0,,,,,
TCB_balance_sheet_min,2192,2019-Q4 | BS_LOANS_TO_CUSTOMERS_GROSS |   ‣ Cho vay khách hàng | 13 | 2 | False | VNĐ | 230802027000000.0,2019-Q4,BS_LOANS_TO_CUSTOMERS_GROSS,  ‣ Cho vay khách hàng,13,2,False,VNĐ,230802027000000.0,,,,,
TCB_balance_sheet_min,2193,2019-Q4 | BS_PROVISION_LOANS_TO_CUSTOMERS |   ‣ Dự phòng rủi ro cho vay khách hàng | 14 | 2 | False | VNĐ | -2916744000000.0,2019-Q4,BS_PROVISION_LOANS_TO_CUSTOMERS,  ‣ Dự phòng rủi ro cho vay khách hàng,14,2,False,VNĐ,-2916744000000.0,,,,,
TCB_balance_sheet_min,2230,2019-Q4 | BS_PLACEMENTS_AND_BORROWINGS_FROM_CREDIT_INSTITUTIONS |   ‣ Tiền gửi và vay các Tổ chức tín dụng khác | 51 | 2 | False | VNĐ | 61266635000000.0,2019-Q4,BS_PLACEMENTS_AND_BORROWINGS_FROM_CREDIT_INSTITUTIONS,  ‣ Tiền gửi và vay các Tổ chức tín dụng khác,51,2,False,VNĐ,61266635000000.0,,,,,
TCB_balance_sheet_min,2231,2019-Q4 | BS_PLACEMENTS_FROM_CREDIT_INSTITUTIONS |     • Tiền gửi của các tổ chức tín dụng khác | 52 | 3 | False | VNĐ | 38632337000000.0,2019-Q4,BS_PLACEMENTS_FROM_CREDIT_INSTITUTIONS,    • Tiền gửi của các tổ chức tín dụng khác,52,3,False,VNĐ,38632337000000.0,,,,,
TCB_balance_sheet_min,2232,2019-Q4 | BS_BORROWINGS_FROM_CREDIT_INSTITUTIONS |     • Vay các tổ chức tín dụng khác | 53 | 3 | False | VNĐ | 22634298000000.0,2019-Q4,BS_BORROWINGS_FROM_CREDIT_INSTITUTIONS,    • Vay các tổ chức tín dụng khác,53,3,False,VNĐ,22634298000000.0,,,,,
TCB_balance_sheet_min,2233,2019-Q4 | BS_CUSTOMER_DEPOSITS |   ‣ Tiền gửi của khách hàng | 54 | 2 | False | VNĐ | 231296761000000.0,2019-Q4,BS_CUSTOMER_DEPOSITS,  ‣ Tiền gửi của khách hàng,54,2,False,VNĐ,231296761000000.0,,,,,
TCB_balance_sheet_min,2235,"2019-Q4 | BS_FUNDS_AND_ENTRUSTED_INVESTMENTS |   ‣ Vốn tài trợ, uỷ thác đầu tư của Chính phủ và các tổ chức tín dụng khác | 56 | 2 | False | VNĐ | 0.0",2019-Q4,BS_FUNDS_AND_ENTRUSTED_INVESTMENTS,"  ‣ Vốn tài trợ, uỷ thác đầu tư của Chính phủ và các tổ chức tín dụng khác",56,2,False,VNĐ,0.0,,,,,
TCB_balance_sheet_min,2243,2019-Q4 | BS_CHARTER_CAPITAL_AND_FUNDS |   ‣ Vốn của tổ chức tín dụng | 64 | 2 | False | VNĐ | 35477967000000.0,2019-Q4,BS_CHARTER_CAPITAL_AND_FUNDS,  ‣ Vốn của tổ chức tín dụng,64,2,False,VNĐ,35477967000000.0,,,,,
TCB_balance_sheet_min,2248,2019-Q4 | BS_RESERVES |   ‣ Quỹ của tổ chức tín dụng | 69 | 2 | False | VNĐ | 5172684000000.0,2019-Q4,BS_RESERVES,  ‣ Quỹ của tổ chức tín dụng,69,2,False,VNĐ,5172684000000.0,,,,,
TCB_balance_sheet_min,2254,2019-Q4 | BS_LOAN_GUARANTEES |   ‣ Bảo lãnh vay vốn | 75 | 2 | True | VNĐ | nan,2019-Q4,BS_LOAN_GUARANTEES,  ‣ Bảo lãnh vay vốn,75,2,True,VNĐ,,,,,,
TCB_balance_sheet_min,2260,2019-Q4 | BS_IRREVOCABLE_LOAN_COMMITMENTS |   ‣ Cam kết cho vay không huỷ ngang | 81 | 2 | True | VNĐ | 0.0,2019-Q4,BS_IRREVOCABLE_LOAN_COMMITMENTS,  ‣ Cam kết cho vay không huỷ ngang,81,2,True,VNĐ,0.0,,,,,
TCB_balance_sheet_min,2266,2019-Q3 | BS_BALANCES_WITH_SBV | Tiền gửi tại Ngân hàng nhà nước Việt Nam | 3 | 1 | False | VNĐ | 6563740000000.0,2019-Q3,BS_BALANCES_WITH_SBV,Tiền gửi tại Ngân hàng nhà nước Việt Nam,3,1,False,VNĐ,6563740000000.0,,,,,
TCB_balance_sheet_min,2267,2019-Q3 | BS_PLACEMENTS_AND_LOANS_TO_CREDIT_INSTITUTIONS | Tiền gửi tại các TCTD khác và cho vay các TCTD khác | 4 | 1 | False | VNĐ | 43304052000000.0,2019-Q3,BS_PLACEMENTS_AND_LOANS_TO_CREDIT_INSTITUTIONS,Tiền gửi tại các TCTD khác và cho vay các TCTD khác,4,1,False,VNĐ,43304052000000.0,,,,,
TCB_balance_sheet_min,2268,2019-Q3 | BS_PLACEMENTS_WITH_CREDIT_INSTITUTIONS |   ‣ Tiền gửi tại các TCTD khác | 5 | 2 | False | VNĐ | 28819944000000.0,2019-Q3,BS_PLACEMENTS_WITH_CREDIT_INSTITUTIONS,  ‣ Tiền gửi tại các TCTD khác,5,2,False,VNĐ,28819944000000.0,,,,,
TCB_balance_sheet_min,2269,2019-Q3 | BS_LOANS_TO_CREDIT_INSTITUTIONS |   ‣ Cho vay các TCTD khác | 6 | 2 | False | VNĐ | 14484108000000.0,2019-Q3,BS_LOANS_TO_CREDIT_INSTITUTIONS,  ‣ Cho vay các TCTD khác,6,2,False,VNĐ,14484108000000.0,,,,,
TCB_balance_sheet_min,2275,2019-Q3 | BS_LOANS_TO_CUSTOMERS | Cho vay khách hàng | 12 | 1 | False | VNĐ | 202462011000000.0,2019-Q3,BS_LOANS_TO_CUSTOMERS,Cho vay khách hàng,12,1,False,VNĐ,202462011000000.0,,,,,
TCB_balance_sheet_min,2276,2019-Q3 | BS_LOANS_TO_CUSTOMERS_GROSS |   ‣ Cho vay khách hàng | 13 | 2 | False | VNĐ | 205317032000000.0,2019-Q3,BS_LOANS_TO_CUSTOMERS_GROSS,  ‣ Cho vay khách hàng,13,2,False,VNĐ,205317032000000.0,,,,,
TCB_balance_sheet_min,2277,2019-Q3 | BS_PROVISION_LOANS_TO_CUSTOMERS |   ‣ Dự phòng rủi ro cho vay khách hàng | 14 | 2 | False | VNĐ | -2855021000000.0,2019-Q3,BS_PROVISION_LOANS_TO_CUSTOMERS,  ‣ Dự phòng rủi ro cho vay khách hàng,14,2,False,VNĐ,-2855021000000.0,,,,,
TCB_balance_sheet_min,2314,2019-Q3 | BS_PLACEMENTS_AND_BORROWINGS_FROM_CREDIT_INSTITUTIONS |   ‣ Tiền gửi và vay các Tổ chức tín dụng khác | 51 | 2 | False | VNĐ | 58857592000000.0,2019-Q3,BS_PLACEMENTS_AND_BORROWINGS_FROM_CREDIT_INSTITUTIONS,  ‣ Tiền gửi và vay các Tổ chức tín dụng khác,51,2,False,VNĐ,58857592000000.0,,,,,
TCB_balance_sheet_min,2315,2019-Q3 | BS_PLACEMENTS_FROM_CREDIT_INSTITUTIONS |     • Tiền gửi của các tổ chức tín dụng khác | 52 | 3 | False | VNĐ | 48419226000000.0,2019-Q3,BS_PLACEMENTS_FROM_CREDIT_INSTITUTIONS,    • Tiền gửi của các tổ chức tín dụng khác,52,3,False,VNĐ,48419226000000.0,,,,,
TCB_balance_sheet_min,2316,2019-Q3 | BS_BORROWINGS_FROM_CREDIT_INSTITUTIONS |     • Vay các tổ chức tín dụng khác | 53 | 3 | False | VNĐ | 10438366000000.0,2019-Q3,BS_BORROWINGS_FROM_CREDIT_INSTITUTIONS,    • Vay các tổ chức tín dụng khác,53,3,False,VNĐ,10438366000000.0,,,,,
TCB_balance_sheet_min,2317,2019-Q3 | BS_CUSTOMER_DEPOSITS |   ‣ Tiền gửi của khách hàng | 54 | 2 | False | VNĐ | 218654681000000.0,2019-Q3,BS_CUSTOMER_DEPOSITS,  ‣ Tiền gửi của khách hàng,54,2,False,VNĐ,218654681000000.0,,,,,
TCB_balance_sheet_min,2319,"2019-Q3 | BS_FUNDS_AND_ENTRUSTED_INVESTMENTS |   ‣ Vốn tài trợ, uỷ thác đầu tư của Chính phủ và các tổ chức tín dụng khác | 56 | 2 | False | VNĐ | 0.0",2019-Q3,BS_FUNDS_AND_ENTRUSTED_INVESTMENTS,"  ‣ Vốn tài trợ, uỷ thác đầu tư của Chính phủ và các tổ chức tín dụng khác",56,2,False,VNĐ,0.0,,,,,
TCB_balance_sheet_min,2327,2019-Q3 | BS_CHARTER_CAPITAL_AND_FUNDS |   ‣ Vốn của tổ chức tín dụng | 64 | 2 | False | VNĐ | 35442539000000.0,2019-Q3,BS_CHARTER_CAPITAL_AND_FUNDS,  ‣ Vốn của tổ chức tín dụng,64,2,False,VNĐ,35442539000000.0,,,,,
TCB_balance_sheet_min,2332,2019-Q3 | BS_RESERVES |   ‣ Quỹ của tổ chức tín dụng | 69 | 2 | False | VNĐ | 3858169000000.0,2019-Q3,BS_RESERVES,  ‣ Quỹ của tổ chức tín dụng,69,2,False,VNĐ,3858169000000.0,,,,,
TCB_balance_sheet_min,2338,2019-Q3 | BS_LOAN_GUARANTEES |   ‣ Bảo lãnh vay vốn | 75 | 2 | True | VNĐ | nan,2019-Q3,BS_LOAN_GUARANTEES,  ‣ Bảo lãnh vay vốn,75,2,True,VNĐ,,,,,,
TCB_balance_sheet_min,2344,2019-Q3 | BS_IRREVOCABLE_LOAN_COMMITMENTS |   ‣ Cam kết cho vay không huỷ ngang | 81 | 2 | True | VNĐ | 0.0,2019-Q3,BS_IRREVOCABLE_LOAN_COMMITMENTS,  ‣ Cam kết cho vay không huỷ ngang,81,2,True,VNĐ,0.0,,,,,
TCB_balance_sheet_min,2350,2019-Q2 | BS_BALANCES_WITH_SBV | Tiền gửi tại Ngân hàng nhà nước Việt Nam | 3 | 1 | False | VNĐ | 9326009000000.0,2019-Q2,BS_BALANCES_WITH_SBV,Tiền gửi tại Ngân hàng nhà nước Việt Nam,3,1,False,VNĐ,9326009000000.0,,,,,
TCB_balance_sheet_min,2351,2019-Q2 | BS_PLACEMENTS_AND_LOANS_TO_CREDIT_INSTITUTIONS | Tiền gửi tại các TCTD khác và cho vay các TCTD khác | 4 | 1 | False | VNĐ | 42787014000000.0,2019-Q2,BS_PLACEMENTS_AND_LOANS_TO_CREDIT_INSTITUTIONS,Tiền gửi tại các TCTD khác và cho vay các TCTD khác,4,1,False,VNĐ,42787014000000.0,,,,,
TCB_balance_sheet_min,2352,2019-Q2 | BS_PLACEMENTS_WITH_CREDIT_INSTITUTIONS |   ‣ Tiền gửi tại các TCTD khác | 5 | 2 | False | VNĐ | 33025844000000.0,2019-Q2,BS_PLACEMENTS_WITH_CREDIT_INSTITUTIONS,  ‣ Tiền gửi tại các TCTD khác,5,2,False,VNĐ,33025844000000.0,,,,,
TCB_balance_sheet_min,2353,2019-Q2 | BS_LOANS_TO_CREDIT_INSTITUTIONS |   ‣ Cho vay các TCTD khác | 6 | 2 | False | VNĐ | 9761170000000.0,2019-Q2,BS_LOANS_TO_CREDIT_INSTITUTIONS,  ‣ Cho vay các TCTD khác,6,2,False,VNĐ,9761170000000.0,,,,,
TCB_balance_sheet_min,2359,2019-Q2 | BS_LOANS_TO_CUSTOMERS | Cho vay khách hàng | 12 | 1 | False | VNĐ | 182887287000000.0,2019-Q2,BS_LOANS_TO_CUSTOMERS,Cho vay khách hàng,12,1,False,VNĐ,182887287000000.0,,,,,
TCB_balance_sheet_min,2360,2019-Q2 | BS_LOANS_TO_CUSTOMERS_GROSS |   ‣ Cho vay khách hàng | 13 | 2 | False | VNĐ | 185432165000000.0,2019-Q2,BS_LOANS_TO_CUSTOMERS_GROSS,  ‣ Cho vay khách hàng,13,2,False,VNĐ,185432165000000.0,,,,,
TCB_balance_sheet_min,2361,2019-Q2 | BS_PROVISION_LOANS_TO_CUSTOMERS |   ‣ Dự phòng rủi ro cho vay khách hàng | 14 | 2 | False | VNĐ | -2544878000000.0,2019-Q2,BS_PROVISION_LOANS_TO_CUSTOMERS,  ‣ Dự phòng rủi ro cho vay khách hàng,14,2,False,VNĐ,-2544878000000.0,,,,,
TCB_balance_sheet_min,2398,2019-Q2 | BS_PLACEMENTS_AND_BORROWINGS_FROM_CREDIT_INSTITUTIONS |   ‣ Tiền gửi và vay các Tổ chức tín dụng khác | 51 | 2 | False | VNĐ | 56962932000000.0,2019-Q2,BS_PLACEMENTS_AND_BORROWINGS_FROM_CREDIT_INSTITUTIONS,  ‣ Tiền gửi và vay các Tổ chức tín dụng khác,51,2,False,VNĐ,56962932000000.0,,,,,
TCB_balance_sheet_min,2399,2019-Q2 | BS_PLACEMENTS_FROM_CREDIT_INSTITUTIONS |     • Tiền gửi của các tổ chức tín dụng khác | 52 | 3 | False | VNĐ | 47002639000000.0,2019-Q2,BS_PLACEMENTS_FROM_CREDIT_INSTITUTIONS,    • Tiền gửi của các tổ chức tín dụng khác,52,3,False,VNĐ,47002639000000.0,,,,,
TCB_balance_sheet_min,2400,2019-Q2 | BS_BORROWINGS_FROM_CREDIT_INSTITUTIONS |     • Vay các tổ chức tín dụng khác | 53 | 3 | False | VNĐ | 9960293000000.0,2019-Q2,BS_BORROWINGS_FROM_CREDIT_INSTITUTIONS,    • Vay các tổ chức tín dụng khác,53,3,False,VNĐ,9960293000000.0,,,,,
TCB_balance_sheet_min,2401,2019-Q2 | BS_CUSTOMER_DEPOSITS |   ‣ Tiền gửi của khách hàng | 54 | 2 | False | VNĐ | 220262623000000.0,2019-Q2,BS_CUSTOMER_DEPOSITS,  ‣ Tiền gửi của khách hàng,54,2,False,VNĐ,220262623000000.0,,,,,
TCB_balance_sheet_min,2403,"2019-Q2 | BS_FUNDS_AND_ENTRUSTED_INVESTMENTS |   ‣ Vốn tài trợ, uỷ thác đầu tư của Chính phủ và các tổ chức tín dụng khác | 56 | 2 | False | VNĐ | 0.0",2019-Q2,BS_FUNDS_AND_ENTRUSTED_INVESTMENTS,"  ‣ Vốn tài trợ, uỷ thác đầu tư của Chính phủ và các tổ chức tín dụng khác",56,2,False,VNĐ,0.0,,,,,
TCB_balance_sheet_min,2411,2019-Q2 | BS_CHARTER_CAPITAL_AND_FUNDS |   ‣ Vốn của tổ chức tín dụng | 64 | 2 | False | VNĐ | 35442539000000.0,2019-Q2,BS_CHARTER_CAPITAL_AND_FUNDS,  ‣ Vốn của tổ chức tín dụng,64,2,False,VNĐ,35442539000000.0,,,,,
TCB_balance_sheet_min,2416,2019-Q2 | BS_RESERVES |   ‣ Quỹ của tổ chức tín dụng | 69 | 2 | False | VNĐ | 3865777000000.0,2019-Q2,BS_RESERVES,  ‣ Quỹ của tổ chức tín dụng,69,2,False,VNĐ,3865777000000.0,,,,,
TCB_balance_sheet_min,2422,2019-Q2 | BS_LOAN_GUARANTEES |   ‣ Bảo lãnh vay vốn | 75 | 2 | True | VNĐ | nan,2019-Q2,BS_LOAN_GUARANTEES,  ‣ Bảo lãnh vay vốn,75,2,True,VNĐ,,,,,,
TCB_balance_sheet_min,2428,2019-Q2 | BS_IRREVOCABLE_LOAN_COMMITMENTS |   ‣ Cam kết cho vay không huỷ ngang | 81 | 2 | True | VNĐ | 0.0,2019-Q2,BS_IRREVOCABLE_LOAN_COMMITMENTS,  ‣ Cam kết cho vay không huỷ ngang,81,2,True,VNĐ,0.0,,,,,
TCB_balance_sheet_min,2434,2019-Q1 | BS_BALANCES_WITH_SBV | Tiền gửi tại Ngân hàng nhà nước Việt Nam | 3 | 1 | False | VNĐ | 5329967000000.0,2019-Q1,BS_BALANCES_WITH_SBV,Tiền gửi tại Ngân hàng nhà nước Việt Nam,3,1,False,VNĐ,5329967000000.0,,,,,
TCB_balance_sheet_min,2435,2019-Q1 | BS_PLACEMENTS_AND_LOANS_TO_CREDIT_INSTITUTIONS | Tiền gửi tại các TCTD khác và cho vay các TCTD khác | 4 | 1 | False | VNĐ | 45810418000000.0,2019-Q1,BS_PLACEMENTS_AND_LOANS_TO_CREDIT_INSTITUTIONS,Tiền gửi tại các TCTD khác và cho vay các TCTD khác,4,1,False,VNĐ,45810418000000.0,,,,,
TCB_balance_sheet_min,2436,2019-Q1 | BS_PLACEMENTS_WITH_CREDIT_INSTITUTIONS |   ‣ Tiền gửi tại các TCTD khác | 5 | 2 | False | VNĐ | 33454163000000.0,2019-Q1,BS_PLACEMENTS_WITH_CREDIT_INSTITUTIONS,  ‣ Tiền gửi tại các TCTD khác,5,2,False,VNĐ,33454163000000.0,,,,,
TCB_balance_sheet_min,2437,2019-Q1 | BS_LOANS_TO_CREDIT_INSTITUTIONS |   ‣ Cho vay các TCTD khác | 6 | 2 | False | VNĐ | 12356255000000.0,2019-Q1,BS_LOANS_TO_CREDIT_INSTITUTIONS,  ‣ Cho vay các TCTD khác,6,2,False,VNĐ,12356255000000.0,,,,,
TCB_balance_sheet_min,2443,2019-Q1 | BS_LOANS_TO_CUSTOMERS | Cho vay khách hàng | 12 | 1 | False | VNĐ | 161272479000000.0,2019-Q1,BS_LOANS_TO_CUSTOMERS,Cho vay khách hàng,12,1,False,VNĐ,161272479000000.0,,,,,
TCB_balance_sheet_min,2444,2019-Q1 | BS_LOANS_TO_CUSTOMERS_GROSS |   ‣ Cho vay khách hàng | 13 | 2 | False | VNĐ | 163835435000000.0,2019-Q1,BS_LOANS_TO_CUSTOMERS_GROSS,  ‣ Cho vay khách hàng,13,2,False,VNĐ,163835435000000.0,,,,,
TCB_balance_sheet_min,2445,2019-Q1 | BS_PROVISION_LOANS_TO_CUSTOMERS |   ‣ Dự phòng rủi ro cho vay khách hàng | 14 | 2 | False | VNĐ | -2562956000000.0,2019-Q1,BS_PROVISION_LOANS_TO_CUSTOMERS,  ‣ Dự phòng rủi ro cho vay khách hàng,14,2,False,VNĐ,-2562956000000.0,,,,,
TCB_balance_sheet_min,2482,2019-Q1 | BS_PLACEMENTS_AND_BORROWINGS_FROM_CREDIT_INSTITUTIONS |   ‣ Tiền gửi và vay các Tổ chức tín dụng khác | 51 | 2 | False | VNĐ | 38642789000000.0,2019-Q1,BS_PLACEMENTS_AND_BORROWINGS_FROM_CREDIT_INSTITUTIONS,  ‣ Tiền gửi và vay các Tổ chức tín dụng khác,51,2,False,VNĐ,38642789000000.0,,,,,
TCB_balance_sheet_min,2483,2019-Q1 | BS_PLACEMENTS_FROM_CREDIT_INSTITUTIONS |     • Tiền gửi của các tổ chức tín dụng khác | 52 | 3 | False | VNĐ | 31158647000000.0,2019-Q1,BS_PLACEMENTS_FROM_CREDIT_INSTITUTIONS,    • Tiền gửi của các tổ chức tín dụng khác,52,3,False,VNĐ,31158647000000.0,,,,,
TCB_balance_sheet_min,2484,2019-Q1 | BS_BORROWINGS_FROM_CREDIT_INSTITUTIONS |     • Vay các tổ chức tín dụng khác | 53 | 3 | False | VNĐ | 7484142000000.0,2019-Q1,BS_BORROWINGS_FROM_CREDIT_INSTITUTIONS,    • Vay các tổ chức tín dụng khác,53,3,False,VNĐ,7484142000000.0,,,,,
TCB_balance_sheet_min,2485,2019-Q1 | BS_CUSTOMER_DEPOSITS |   ‣ Tiền gửi của khách hàng | 54 | 2 | False | VNĐ | 207978332000000.0,2019-Q1,BS_CUSTOMER_DEPOSITS,  ‣ Tiền gửi của khách hàng,54,2,False,VNĐ,207978332000000.0,,,,,
TCB_balance_sheet_min,2487,"2019-Q1 | BS_FUNDS_AND_ENTRUSTED_INVESTMENTS |   ‣ Vốn tài trợ, uỷ thác đầu tư của Chính phủ và các tổ chức tín dụng khác | 56 | 2 | False | VNĐ | 0.0",2019-Q1,BS_FUNDS_AND_ENTRUSTED_INVESTMENTS,"  ‣ Vốn tài trợ, uỷ thác đầu tư của Chính phủ và các tổ chức tín dụng khác",56,2,False,VNĐ,0.0,,,,,
TCB_balance_sheet_min,2495,2019-Q1 | BS_CHARTER_CAPITAL_AND_FUNDS |   ‣ Vốn của tổ chức tín dụng | 64 | 2 | False | VNĐ | 35442539000000.0,2019-Q1,BS_CHARTER_CAPITAL_AND_FUNDS,  ‣ Vốn của tổ chức tín dụng,64,2,False,VNĐ,35442539000000.0,,,,,
TCB_balance_sheet_min,2500,2019-Q1 | BS_RESERVES |   ‣ Quỹ của tổ chức tín dụng | 69 | 2 | False | VNĐ | 3867819000000.0,2019-Q1,BS_RESERVES,  ‣ Quỹ của tổ chức tín dụng,69,2,False,VNĐ,3867819000000.0,,,,,
TCB_balance_sheet_min,2506,2019-Q1 | BS_LOAN_GUARANTEES |   ‣ Bảo lãnh vay vốn | 75 | 2 | True | VNĐ | nan,2019-Q1,BS_LOAN_GUARANTEES,  ‣ Bảo lãnh vay vốn,75,2,True,VNĐ,,,,,,
TCB_balance_sheet_min,2512,2019-Q1 | BS_IRREVOCABLE_LOAN_COMMITMENTS |   ‣ Cam kết cho vay không huỷ ngang | 81 | 2 | True | VNĐ | 0.0,2019-Q1,BS_IRREVOCABLE_LOAN_COMMITMENTS,  ‣ Cam kết cho vay không huỷ ngang,81,2,True,VNĐ,0.0,,,,,
TCB_balance_sheet_min,2518,2018-Q4 | BS_BALANCES_WITH_SBV | Tiền gửi tại Ngân hàng nhà nước Việt Nam | 3 | 1 | False | VNĐ | 10555483000000.0,2018-Q4,BS_BALANCES_WITH_SBV,Tiền gửi tại Ngân hàng nhà nước Việt Nam,3,1,False,VNĐ,10555483000000.0,,,,,
TCB_balance_sheet_min,2519,2018-Q4 | BS_PLACEMENTS_AND_LOANS_TO_CREDIT_INSTITUTIONS | Tiền gửi tại các TCTD khác và cho vay các TCTD khác | 4 | 1 | False | VNĐ | 35616169000000.0,2018-Q4,BS_PLACEMENTS_AND_LOANS_TO_CREDIT_INSTITUTIONS,Tiền gửi tại các TCTD khác và cho vay các TCTD khác,4,1,False,VNĐ,35616169000000.0,,,,,
TCB_balance_sheet_min,2520,2018-Q4 | BS_PLACEMENTS_WITH_CREDIT_INSTITUTIONS |   ‣ Tiền gửi tại các TCTD khác | 5 | 2 | False | VNĐ | 24226318000000.0,2018-Q4,BS_PLACEMENTS_WITH_CREDIT_INSTITUTIONS,  ‣ Tiền gửi tại các TCTD khác,5,2,False,VNĐ,24226318000000.0,,,,,
TCB_balance_sheet_min,2521,2018-Q4 | BS_LOANS_TO_CREDIT_INSTITUTIONS |   ‣ Cho vay các TCTD khác | 6 | 2 | False | VNĐ | 11389851000000.0,2018-Q4,BS_LOANS_TO_CREDIT_INSTITUTIONS,  ‣ Cho vay các TCTD khác,6,2,False,VNĐ,11389851000000.0,,,,,
TCB_balance_sheet_min,2527,2018-Q4 | BS_LOANS_TO_CUSTOMERS | Cho vay khách hàng | 12 | 1 | False | VNĐ | 157556934000000.0,2018-Q4,BS_LOANS_TO_CUSTOMERS,Cho vay khách hàng,12,1,False,VNĐ,157556934000000.0,,,,,
TCB_balance_sheet_min,2528,2018-Q4 | BS_LOANS_TO_CUSTOMERS_GROSS |   ‣ Cho vay khách hàng | 13 | 2 | False | VNĐ | 159942048000000.0,2018-Q4,BS_LOANS_TO_CUSTOMERS_GROSS,  ‣ Cho vay khách hàng,13,2,False,VNĐ,159942048000000.0,,,,,
TCB_balance_sheet_min,2529,2018-Q4 | BS_PROVISION_LOANS_TO_CUSTOMERS |   ‣ Dự phòng rủi ro cho vay khách hàng | 14 | 2 | False | VNĐ | -2385114000000.0,2018-Q4,BS_PROVISION_LOANS_TO_CUSTOMERS,  ‣ Dự phòng rủi ro cho vay khách hàng,14,2,False,VNĐ,-2385114000000.0,,,,,
TCB_balance_sheet_min,2566,2018-Q4 | BS_PLACEMENTS_AND_BORROWINGS_FROM_CREDIT_INSTITUTIONS |   ‣ Tiền gửi và vay các Tổ chức tín dụng khác | 51 | 2 | False | VNĐ | 36425560000000.0,2018-Q4,BS_PLACEMENTS_AND_BORROWINGS_FROM_CREDIT_INSTITUTIONS,  ‣ Tiền gửi và vay các Tổ chức tín dụng khác,51,2,False,VNĐ,36425560000000.0,,,,,
TCB_balance_sheet_min,2567,2018-Q4 | BS_PLACEMENTS_FROM_CREDIT_INSTITUTIONS |     • Tiền gửi của các tổ chức tín dụng khác | 52 | 3 | False | VNĐ | 28973455000000.0,2018-Q4,BS_PLACEMENTS_FROM_CREDIT_INSTITUTIONS,    • Tiền gửi của các tổ chức tín dụng khác,52,3,False,VNĐ,28973455000000.0,,,,,
TCB_balance_sheet_min,2568,2018-Q4 | BS_BORROWINGS_FROM_CREDIT_INSTITUTIONS |     • Vay các tổ chức tín dụng khác | 53 | 3 | False | VNĐ | 7452105000000.0,2018-Q4,BS_BORROWINGS_FROM_CREDIT_INSTITUTIONS,    • Vay các tổ chức tín dụng khác,53,3,False,VNĐ,7452105000000.0,,,,,
TCB_balance_sheet_min,2569,2018-Q4 | BS_CUSTOMER_DEPOSITS |   ‣ Tiền gửi của khách hàng | 54 | 2 | False | VNĐ | 201471336000000.0,2018-Q4,BS_CUSTOMER_DEPOSITS,  ‣ Tiền gửi của khách hàng,54,2,False,VNĐ,201471336000000.0,,,,,
TCB_balance_sheet_min,2571,"2018-Q4 | BS_FUNDS_AND_ENTRUSTED_INVESTMENTS |   ‣ Vốn tài trợ, uỷ thác đầu tư của Chính phủ và các tổ chức tín dụng khác | 56 | 2 | False | VNĐ | 0.0",2018-Q4,BS_FUNDS_AND_ENTRUSTED_INVESTMENTS,"  ‣ Vốn tài trợ, uỷ thác đầu tư của Chính phủ và các tổ chức tín dụng khác",56,2,False,VNĐ,0.0,,,,,
TCB_balance_sheet_min,2579,2018-Q4 | BS_CHARTER_CAPITAL_AND_FUNDS |   ‣ Vốn của tổ chức tín dụng | 64 | 2 | False | VNĐ | 35442539000000.0,2018-Q4,BS_CHARTER_CAPITAL_AND_FUNDS,  ‣ Vốn của tổ chức tín dụng,64,2,False,VNĐ,35442539000000.0,,,,,
TCB_balance_sheet_min,2584,2018-Q4 | BS_RESERVES |   ‣ Quỹ của tổ chức tín dụng | 69 | 2 | False | VNĐ | 3867846000000.0,2018-Q4,BS_RESERVES,  ‣ Quỹ của tổ chức tín dụng,69,2,False,VNĐ,3867846000000.0,,,,,
TCB_balance_sheet_min,2590,2018-Q4 | BS_LOAN_GUARANTEES |   ‣ Bảo lãnh vay vốn | 75 | 2 | True | VNĐ | nan,2018-Q4,BS_LOAN_GUARANTEES,  ‣ Bảo lãnh vay vốn,75,2,True,VNĐ,,,,,,
TCB_balance_sheet_min,2596,2018-Q4 | BS_IRREVOCABLE_LOAN_COMMITMENTS |   ‣ Cam kết cho vay không huỷ ngang | 81 | 2 | True | VNĐ | 0.0,2018-Q4,BS_IRREVOCABLE_LOAN_COMMITMENTS,  ‣ Cam kết cho vay không huỷ ngang,81,2,True,VNĐ,0.0,,,,,
TCB_balance_sheet_min,2602,2018-Q3 | BS_BALANCES_WITH_SBV | Tiền gửi tại Ngân hàng nhà nước Việt Nam | 3 | 1 | False | VNĐ | 5582643000000.0,2018-Q3,BS_BALANCES_WITH_SBV,Tiền gửi tại Ngân hàng nhà nước Việt Nam,3,1,False,VNĐ,5582643000000.0,,,,,
TCB_balance_sheet_min,2603,2018-Q3 | BS_PLACEMENTS_AND_LOANS_TO_CREDIT_INSTITUTIONS | Tiền gửi tại các TCTD khác và cho vay các TCTD khác | 4 | 1 | False | VNĐ | 43737213000000.0,2018-Q3,BS_PLACEMENTS_AND_LOANS_TO_CREDIT_INSTITUTIONS,Tiền gửi tại các TCTD khác và cho vay các TCTD khác,4,1,False,VNĐ,43737213000000.0,,,,,
TCB_balance_sheet_min,2604,2018-Q3 | BS_PLACEMENTS_WITH_CREDIT_INSTITUTIONS |   ‣ Tiền gửi tại các TCTD khác | 5 | 2 | False | VNĐ | 27666716000000.0,2018-Q3,BS_PLACEMENTS_WITH_CREDIT_INSTITUTIONS,  ‣ Tiền gửi tại các TCTD khác,5,2,False,VNĐ,27666716000000.0,,,,,
TCB_balance_sheet_min,2605,2018-Q3 | BS_LOANS_TO_CREDIT_INSTITUTIONS |   ‣ Cho vay các TCTD khác | 6 | 2 | False | VNĐ | 16070497000000.0,2018-Q3,BS_LOANS_TO_CREDIT_INSTITUTIONS,  ‣ Cho vay các TCTD khác,6,2,False,VNĐ,16070497000000.0,,,,,
TCB_balance_sheet_min,2611,2018-Q3 | BS_LOANS_TO_CUSTOMERS | Cho vay khách hàng | 12 | 1 | False | VNĐ | 164282010000000.0,2018-Q3,BS_LOANS_TO_CUSTOMERS,Cho vay khách hàng,12,1,False,VNĐ,164282010000000.0,,,,,
TCB_balance_sheet_min,2612,2018-Q3 | BS_LOANS_TO_CUSTOMERS_GROSS |   ‣ Cho vay khách hàng | 13 | 2 | False | VNĐ | 166938850000000.0,2018-Q3,BS_LOANS_TO_CUSTOMERS_GROSS,  ‣ Cho vay khách hàng,13,2,False,VNĐ,166938850000000.0,,,,,
TCB_balance_sheet_min,2613,2018-Q3 | BS_PROVISION_LOANS_TO_CUSTOMERS |   ‣ Dự phòng rủi ro cho vay khách hàng | 14 | 2 | False | VNĐ | -2656840000000.0,2018-Q3,BS_PROVISION_LOANS_TO_CUSTOMERS,  ‣ Dự phòng rủi ro cho vay khách hàng,14,2,False,VNĐ,-2656840000000.0,,,,,
TCB_balance_sheet_min,2650,2018-Q3 | BS_PLACEMENTS_AND_BORROWINGS_FROM_CREDIT_INSTITUTIONS |   ‣ Tiền gửi và vay các Tổ chức tín dụng khác | 51 | 2 | False | VNĐ | 39571425000000.0,2018-Q3,BS_PLACEMENTS_AND_BORROWINGS_FROM_CREDIT_INSTITUTIONS,  ‣ Tiền gửi và vay các Tổ chức tín dụng khác,51,2,False,VNĐ,39571425000000.0,,,,,
TCB_balance_sheet_min,2651,2018-Q3 | BS_PLACEMENTS_FROM_CREDIT_INSTITUTIONS |     • Tiền gửi của các tổ chức tín dụng khác | 52 | 3 | False | VNĐ | 29388541000000.0,2018-Q3,BS_PLACEMENTS_FROM_CREDIT_INSTITUTIONS,    • Tiền gửi của các tổ chức tín dụng khác,52,3,False,VNĐ,29388541000000.0,,,,,
TCB_balance_sheet_min,2652,2018-Q3 | BS_BORROWINGS_FROM_CREDIT_INSTITUTIONS |     • Vay các tổ chức tín dụng khác | 53 | 3 | False | VNĐ | 10182884000000.0,2018-Q3,BS_BORROWINGS_FROM_CREDIT_INSTITUTIONS,    • Vay các tổ chức tín dụng khác,53,3,False,VNĐ,10182884000000.0,,,,,
TCB_balance_sheet_min,2653,2018-Q3 | BS_CUSTOMER_DEPOSITS |   ‣ Tiền gửi của khách hàng | 54 | 2 | False | VNĐ | 193583132000000.0,2018-Q3,BS_CUSTOMER_DEPOSITS,  ‣ Tiền gửi của khách hàng,54,2,False,VNĐ,193583132000000.0,,,,,
TCB_balance_sheet_min,2655,"2018-Q3 | BS_FUNDS_AND_ENTRUSTED_INVESTMENTS |   ‣ Vốn tài trợ, uỷ thác đầu tư của Chính phủ và các tổ chức tín dụng khác | 56 | 2 | False | VNĐ | 0.0",2018-Q3,BS_FUNDS_AND_ENTRUSTED_INVESTMENTS,"  ‣ Vốn tài trợ, uỷ thác đầu tư của Chính phủ và các tổ chức tín dụng khác",56,2,False,VNĐ,0.0,,,,,
TCB_balance_sheet_min,2663,2018-Q3 | BS_CHARTER_CAPITAL_AND_FUNDS |   ‣ Vốn của tổ chức tín dụng | 64 | 2 | False | VNĐ | 35442869000000.0,2018-Q3,BS_CHARTER_CAPITAL_AND_FUNDS,  ‣ Vốn của tổ chức tín dụng,64,2,False,VNĐ,35442869000000.0,,,,,
TCB_balance_sheet_min,2668,2018-Q3 | BS_RESERVES |   ‣ Quỹ của tổ chức tín dụng | 69 | 2 | False | VNĐ | 2650914000000.0,2018-Q3,BS_RESERVES,  ‣ Quỹ của tổ chức tín dụng,69,2,False,VNĐ,2650914000000.0,,,,,
TCB_balance_sheet_min,2674,2018-Q3 | BS_LOAN_GUARANTEES |   ‣ Bảo lãnh vay vốn | 75 | 2 | True | VNĐ | nan,2018-Q3,BS_LOAN_GUARANTEES,  ‣ Bảo lãnh vay vốn,75,2,True,VNĐ,,,,,,
TCB_balance_sheet_min,2680,2018-Q3 | BS_IRREVOCABLE_LOAN_COMMITMENTS |   ‣ Cam kết cho vay không huỷ ngang | 81 | 2 | True | VNĐ | 0.0,2018-Q3,BS_IRREVOCABLE_LOAN_COMMITMENTS,  ‣ Cam kết cho vay không huỷ ngang,81,2,True,VNĐ,0.0,,,,,
TCB_balance_sheet_min,2686,2018-Q2 | BS_BALANCES_WITH_SBV | Tiền gửi tại Ngân hàng nhà nước Việt Nam | 3 | 1 | False | VNĐ | 3211552000000.0,2018-Q2,BS_BALANCES_WITH_SBV,Tiền gửi tại Ngân hàng nhà nước Việt Nam,3,1,False,VNĐ,3211552000000.0,,,,,
TCB_balance_sheet_min,2687,2018-Q2 | BS_PLACEMENTS_AND_LOANS_TO_CREDIT_INSTITUTIONS | Tiền gửi tại các TCTD khác và cho vay các TCTD khác | 4 | 1 | False | VNĐ | 51321690000000.0,2018-Q2,BS_PLACEMENTS_AND_LOANS_TO_CREDIT_INSTITUTIONS,Tiền gửi tại các TCTD khác và cho vay các TCTD khác,4,1,False,VNĐ,51321690000000.0,,,,,
TCB_balance_sheet_min,2688,2018-Q2 | BS_PLACEMENTS_WITH_CREDIT_INSTITUTIONS |   ‣ Tiền gửi tại các TCTD khác | 5 | 2 | False | VNĐ | 37976299000000.0,2018-Q2,BS_PLACEMENTS_WITH_CREDIT_INSTITUTIONS,  ‣ Tiền gửi tại các TCTD khác,5,2,False,VNĐ,37976299000000.0,,,,,
TCB_balance_sheet_min,2689,2018-Q2 | BS_LOANS_TO_CREDIT_INSTITUTIONS |   ‣ Cho vay các TCTD khác | 6 | 2 | False | VNĐ | 13345391000000.0,2018-Q2,BS_LOANS_TO_CREDIT_INSTITUTIONS,  ‣ Cho vay các TCTD khác,6,2,False,VNĐ,13345391000000.0,,,,,
TCB_balance_sheet_min,2695,2018-Q2 | BS_LOANS_TO_CUSTOMERS | Cho vay khách hàng | 12 | 1 | False | VNĐ | 164180966000000.0,2018-Q2,BS_LOANS_TO_CUSTOMERS,Cho vay khách hàng,12,1,False,VNĐ,164180966000000.0,,,,,
TCB_balance_sheet_min,2696,2018-Q2 | BS_LOANS_TO_CUSTOMERS_GROSS |   ‣ Cho vay khách hàng | 13 | 2 | False | VNĐ | 166700421000000.0,2018-Q2,BS_LOANS_TO_CUSTOMERS_GROSS,  ‣ Cho vay khách hàng,13,2,False,VNĐ,166700421000000.0,,,,,
TCB_balance_sheet_min,2697,2018-Q2 | BS_PROVISION_LOANS_TO_CUSTOMERS |   ‣ Dự phòng rủi ro cho vay khách hàng | 14 | 2 | False | VNĐ | -2519455000000.0,2018-Q2,BS_PROVISION_LOANS_TO_CUSTOMERS,  ‣ Dự phòng rủi ro cho vay khách hàng,14,2,False,VNĐ,-2519455000000.0,,,,,
TCB_balance_sheet_min,2734,2018-Q2 | BS_PLACEMENTS_AND_BORROWINGS_FROM_CREDIT_INSTITUTIONS |   ‣ Tiền gửi và vay các Tổ chức tín dụng khác | 51 | 2 | False | VNĐ | 37706302000000.0,2018-Q2,BS_PLACEMENTS_AND_BORROWINGS_FROM_CREDIT_INSTITUTIONS,  ‣ Tiền gửi và vay các Tổ chức tín dụng khác,51,2,False,VNĐ,37706302000000.0,,,,,
TCB_balance_sheet_min,2735,2018-Q2 | BS_PLACEMENTS_FROM_CREDIT_INSTITUTIONS |     • Tiền gửi của các tổ chức tín dụng khác | 52 | 3 | False | VNĐ | 27935285000000.0,2018-Q2,BS_PLACEMENTS_FROM_CREDIT_INSTITUTIONS,    • Tiền gửi của các tổ chức tín dụng khác,52,3,False,VNĐ,27935285000000.0,,,,,
TCB_balance_sheet_min,2736,2018-Q2 | BS_BORROWINGS_FROM_CREDIT_INSTITUTIONS |     • Vay các tổ chức tín dụng khác | 53 | 3 | False | VNĐ | 9771017000000.0,2018-Q2,BS_BORROWINGS_FROM_CREDIT_INSTITUTIONS,    • Vay các tổ chức tín dụng khác,53,3,False,VNĐ,9771017000000.0,,,,,
TCB_balance_sheet_min,2737,2018-Q2 | BS_CUSTOMER_DEPOSITS |   ‣ Tiền gửi của khách hàng | 54 | 2 | False | VNĐ | 186283209000000.0,2018-Q2,BS_CUSTOMER_DEPOSITS,  ‣ Tiền gửi của khách hàng,54,2,False,VNĐ,186283209000000.0,,,,,
TCB_balance_sheet_min,2739,"2018-Q2 | BS_FUNDS_AND_ENTRUSTED_INVESTMENTS |   ‣ Vốn tài trợ, uỷ thác đầu tư của Chính phủ và các tổ chức tín dụng khác | 56 | 2 | False | VNĐ | 0.0",2018-Q2,BS_FUNDS_AND_ENTRUSTED_INVESTMENTS,"  ‣ Vốn tài trợ, uỷ thác đầu tư của Chính phủ và các tổ chức tín dụng khác",56,2,False,VNĐ,0.0,,,,,
TCB_balance_sheet_min,2747,2018-Q2 | BS_CHARTER_CAPITAL_AND_FUNDS |   ‣ Vốn của tổ chức tín dụng | 64 | 2 | False | VNĐ | 26126384000000.0,2018-Q2,BS_CHARTER_CAPITAL_AND_FUNDS,  ‣ Vốn của tổ chức tín dụng,64,2,False,VNĐ,26126384000000.0,,,,,
TCB_balance_sheet_min,2752,2018-Q2 | BS_RESERVES |   ‣ Quỹ của tổ chức tín dụng | 69 | 2 | False | VNĐ | 6147506000000.0,2018-Q2,BS_RESERVES,  ‣ Quỹ của tổ chức tín dụng,69,2,False,VNĐ,6147506000000.0,,,,,
TCB_balance_sheet_min,2758,2018-Q2 | BS_LOAN_GUARANTEES |   ‣ Bảo lãnh vay vốn | 75 | 2 | True | VNĐ | nan,2018-Q2,BS_LOAN_GUARANTEES,  ‣ Bảo lãnh vay vốn,75,2,True,VNĐ,,,,,,
TCB_balance_sheet_min,2764,2018-Q2 | BS_IRREVOCABLE_LOAN_COMMITMENTS |   ‣ Cam kết cho vay không huỷ ngang | 81 | 2 | True | VNĐ | 0.0,2018-Q2,BS_IRREVOCABLE_LOAN_COMMITMENTS,  ‣ Cam kết cho vay không huỷ ngang,81,2,True,VNĐ,0.0,,,,,
TCB_balance_sheet_min,2770,2018-Q1 | BS_BALANCES_WITH_SBV | Tiền gửi tại Ngân hàng nhà nước Việt Nam | 3 | 1 | False | VNĐ | 3523522000000.0,2018-Q1,BS_BALANCES_WITH_SBV,Tiền gửi tại Ngân hàng nhà nước Việt Nam,3,1,False,VNĐ,3523522000000.0,,,,,
TCB_balance_sheet_min,2771,2018-Q1 | BS_PLACEMENTS_AND_LOANS_TO_CREDIT_INSTITUTIONS | Tiền gửi tại các TCTD khác và cho vay các TCTD khác | 4 | 1 | False | VNĐ | 31985206000000.0,2018-Q1,BS_PLACEMENTS_AND_LOANS_TO_CREDIT_INSTITUTIONS,Tiền gửi tại các TCTD khác và cho vay các TCTD khác,4,1,False,VNĐ,31985206000000.0,,,,,
TCB_balance_sheet_min,2772,2018-Q1 | BS_PLACEMENTS_WITH_CREDIT_INSTITUTIONS |   ‣ Tiền gửi tại các TCTD khác | 5 | 2 | False | VNĐ | 16917804000000.0,2018-Q1,BS_PLACEMENTS_WITH_CREDIT_INSTITUTIONS,  ‣ Tiền gửi tại các TCTD khác,5,2,False,VNĐ,16917804000000.0,,,,,
TCB_balance_sheet_min,2773,2018-Q1 | BS_LOANS_TO_CREDIT_INSTITUTIONS |   ‣ Cho vay các TCTD khác | 6 | 2 | False | VNĐ | 15067402000000.0,2018-Q1,BS_LOANS_TO_CREDIT_INSTITUTIONS,  ‣ Cho vay các TCTD khác,6,2,False,VNĐ,15067402000000.0,,,,,
TCB_balance_sheet_min,2779,2018-Q1 | BS_LOANS_TO_CUSTOMERS | Cho vay khách hàng | 12 | 1 | False | VNĐ | 161610608000000.0,2018-Q1,BS_LOANS_TO_CUSTOMERS,Cho vay khách hàng,12,1,False,VNĐ,161610608000000.0,,,,,
TCB_balance_sheet_min,2780,2018-Q1 | BS_LOANS_TO_CUSTOMERS_GROSS |   ‣ Cho vay khách hàng | 13 | 2 | False | VNĐ | 163948354000000.0,2018-Q1,BS_LOANS_TO_CUSTOMERS_GROSS,  ‣ Cho vay khách hàng,13,2,False,VNĐ,163948354000000.0,,,,,
TCB_balance_sheet_min,2781,2018-Q1 | BS_PROVISION_LOANS_TO_CUSTOMERS |   ‣ Dự phòng rủi ro cho vay khách hàng | 14 | 2 | False | VNĐ | -2337746000000.0,2018-Q1,BS_PROVISION_LOANS_TO_CUSTOMERS,  ‣ Dự phòng rủi ro cho vay khách hàng,14,2,False,VNĐ,-2337746000000.0,,,,,
TCB_balance_sheet_min,2818,2018-Q1 | BS_PLACEMENTS_AND_BORROWINGS_FROM_CREDIT_INSTITUTIONS |   ‣ Tiền gửi và vay các Tổ chức tín dụng khác | 51 | 2 | False | VNĐ | 25400971000000.0,2018-Q1,BS_PLACEMENTS_AND_BORROWINGS_FROM_CREDIT_INSTITUTIONS,  ‣ Tiền gửi và vay các Tổ chức tín dụng khác,51,2,False,VNĐ,25400971000000.0,,,,,
TCB_balance_sheet_min,2819,2018-Q1 | BS_PLACEMENTS_FROM_CREDIT_INSTITUTIONS |     • Tiền gửi của các tổ chức tín dụng khác | 52 | 3 | False | VNĐ | 17873432000000.0,2018-Q1,BS_PLACEMENTS_FROM_CREDIT_INSTITUTIONS,    • Tiền gửi của các tổ chức tín dụng khác,52,3,False,VNĐ,17873432000000.0,,,,,
TCB_balance_sheet_min,2820,2018-Q1 | BS_BORROWINGS_FROM_CREDIT_INSTITUTIONS |     • Vay các tổ chức tín dụng khác | 53 | 3 | False | VNĐ | 7527539000000.0,2018-Q1,BS_BORROWINGS_FROM_CREDIT_INSTITUTIONS,    • Vay các tổ chức tín dụng khác,53,3,False,VNĐ,7527539000000.0,,,,,
TCB_balance_sheet_min,2821,2018-Q1 | BS_CUSTOMER_DEPOSITS |   ‣ Tiền gửi của khách hàng | 54 | 2 | False | VNĐ | 181390553000000.0,2018-Q1,BS_CUSTOMER_DEPOSITS,  ‣ Tiền gửi của khách hàng,54,2,False,VNĐ,181390553000000.0,,,,,
TCB_balance_sheet_min,2823,"2018-Q1 | BS_FUNDS_AND_ENTRUSTED_INVESTMENTS |   ‣ Vốn tài trợ, uỷ thác đầu tư của Chính phủ và các tổ chức tín dụng khác | 56 | 2 | False | VNĐ | 0.0",2018-Q1,BS_FUNDS_AND_ENTRUSTED_INVESTMENTS,"  ‣ Vốn tài trợ, uỷ thác đầu tư của Chính phủ và các tổ chức tín dụng khác",56,2,False,VNĐ,0.0,,,,,
TCB_balance_sheet_min,2831,2018-Q1 | BS_CHARTER_CAPITAL_AND_FUNDS |   ‣ Vốn của tổ chức tín dụng | 64 | 2 | False | VNĐ | 18408877000000.0,2018-Q1,BS_CHARTER_CAPITAL_AND_FUNDS,  ‣ Vốn của tổ chức tín dụng,64,2,False,VNĐ,18408877000000.0,,,,,
TCB_balance_sheet_min,2836,2018-Q1 | BS_RESERVES |   ‣ Quỹ của tổ chức tín dụng | 69 | 2 | False | VNĐ | 6147506000000.0,2018-Q1,BS_RESERVES,  ‣ Quỹ của tổ chức tín dụng,69,2,False,VNĐ,6147506000000.0,,,,,
TCB_balance_sheet_min,2842,2018-Q1 | BS_LOAN_GUARANTEES |   ‣ Bảo lãnh vay vốn | 75 | 2 | True | VNĐ | nan,2018-Q1,BS_LOAN_GUARANTEES,  ‣ Bảo lãnh vay vốn,75,2,True,VNĐ,,,,,,
TCB_balance_sheet_min,2848,2018-Q1 | BS_IRREVOCABLE_LOAN_COMMITMENTS |   ‣ Cam kết cho vay không huỷ ngang | 81 | 2 | True | VNĐ | 0.0,2018-Q1,BS_IRREVOCABLE_LOAN_COMMITMENTS,  ‣ Cam kết cho vay không huỷ ngang,81,2,True,VNĐ,0.0,,,,,
TCB_ratio_doc,6,2026-Q2 | RT_BANK_NIM |   ‣ Net Interest Margin (NIM) | 46 | 2 | % | 0.0363342376,2026-Q2,RT_BANK_NIM,  ‣ Net Interest Margin (NIM),46,2,,%,0.0363342376,,,,,
TCB_ratio_doc,9,2026-Q2 | RT_BANK_LDR |   ‣ Loan to Deposit Ratio (LDR) | 53 | 2 | % | 1.2790980022,2026-Q2,RT_BANK_LDR,  ‣ Loan to Deposit Ratio (LDR),53,2,,%,1.2790980022,,,,,
TCB_ratio_doc,10,2026-Q2 | RT_BANK_NPL |   ‣ Non Performing Loans Ratio (NPL) | 54 | 2 | % | 0.0108228503,2026-Q2,RT_BANK_NPL,  ‣ Non Performing Loans Ratio (NPL),54,2,,%,0.0108228503,,,,,
TCB_ratio_doc,19,2026-Q1 | RT_BANK_NIM |   ‣ Net Interest Margin (NIM) | 46 | 2 | % | 0.0366914486,2026-Q1,RT_BANK_NIM,  ‣ Net Interest Margin (NIM),46,2,,%,0.0366914486,,,,,
TCB_ratio_doc,22,2026-Q1 | RT_BANK_LDR |   ‣ Loan to Deposit Ratio (LDR) | 53 | 2 | % | 1.328531188,2026-Q1,RT_BANK_LDR,  ‣ Loan to Deposit Ratio (LDR),53,2,,%,1.328531188,,,,,
TCB_ratio_doc,23,2026-Q1 | RT_BANK_NPL |   ‣ Non Performing Loans Ratio (NPL) | 54 | 2 | % | 0.0109121852,2026-Q1,RT_BANK_NPL,  ‣ Non Performing Loans Ratio (NPL),54,2,,%,0.0109121852,,,,,
TCB_ratio_doc,32,2025-Q4 | RT_BANK_NIM |   ‣ Net Interest Margin (NIM) | 46 | 2 | % | 0.0375994307,2025-Q4,RT_BANK_NIM,  ‣ Net Interest Margin (NIM),46,2,,%,0.0375994307,,,,,
TCB_ratio_doc,35,2025-Q4 | RT_BANK_LDR |   ‣ Loan to Deposit Ratio (LDR) | 53 | 2 | % | 1.2402695468,2025-Q4,RT_BANK_LDR,  ‣ Loan to Deposit Ratio (LDR),53,2,,%,1.2402695468,,,,,
TCB_ratio_doc,36,2025-Q4 | RT_BANK_NPL |   ‣ Non Performing Loans Ratio (NPL) | 54 | 2 | % | 0.0106802919,2025-Q4,RT_BANK_NPL,  ‣ Non Performing Loans Ratio (NPL),54,2,,%,0.0106802919,,,,,
TCB_ratio_doc,45,2025-Q3 | RT_BANK_NIM |   ‣ Net Interest Margin (NIM) | 46 | 2 | % | 0.036748286,2025-Q3,RT_BANK_NIM,  ‣ Net Interest Margin (NIM),46,2,,%,0.036748286,,,,,
TCB_ratio_doc,48,2025-Q3 | RT_BANK_LDR |   ‣ Loan to Deposit Ratio (LDR) | 53 | 2 | % | 1.2883998558,2025-Q3,RT_BANK_LDR,  ‣ Loan to Deposit Ratio (LDR),53,2,,%,1.2883998558,,,,,
TCB_ratio_doc,49,2025-Q3 | RT_BANK_NPL |   ‣ Non Performing Loans Ratio (NPL) | 54 | 2 | % | 0.0116289807,2025-Q3,RT_BANK_NPL,  ‣ Non Performing Loans Ratio (NPL),54,2,,%,0.0116289807,,,,,
TCB_ratio_doc,58,2025-Q2 | RT_BANK_NIM |   ‣ Net Interest Margin (NIM) | 46 | 2 | % | 0.0378328289,2025-Q2,RT_BANK_NIM,  ‣ Net Interest Margin (NIM),46,2,,%,0.0378328289,,,,,
TCB_ratio_doc,61,2025-Q2 | RT_BANK_LDR |   ‣ Loan to Deposit Ratio (LDR) | 53 | 2 | % | 1.303138104,2025-Q2,RT_BANK_LDR,  ‣ Loan to Deposit Ratio (LDR),53,2,,%,1.303138104,,,,,
TCB_ratio_doc,62,2025-Q2 | RT_BANK_NPL |   ‣ Non Performing Loans Ratio (NPL) | 54 | 2 | % | 0.0125722701,2025-Q2,RT_BANK_NPL,  ‣ Non Performing Loans Ratio (NPL),54,2,,%,0.0125722701,,,,,
TCB_ratio_doc,71,2025-Q1 | RT_BANK_NIM |   ‣ Net Interest Margin (NIM) | 46 | 2 | % | 0.0399735196,2025-Q1,RT_BANK_NIM,  ‣ Net Interest Margin (NIM),46,2,,%,0.0399735196,,,,,
TCB_ratio_doc,74,2025-Q1 | RT_BANK_LDR |   ‣ Loan to Deposit Ratio (LDR) | 53 | 2 | % | 1.2485214935,2025-Q1,RT_BANK_LDR,  ‣ Loan to Deposit Ratio (LDR),53,2,,%,1.2485214935,,,,,
TCB_ratio_doc,75,2025-Q1 | RT_BANK_NPL |   ‣ Non Performing Loans Ratio (NPL) | 54 | 2 | % | 0.0117281839,2025-Q1,RT_BANK_NPL,  ‣ Non Performing Loans Ratio (NPL),54,2,,%,0.0117281839,,,,,
TCB_ratio_doc,84,2024-Q4 | RT_BANK_NIM |   ‣ Net Interest Margin (NIM) | 46 | 2 | % | 0.0424193307,2024-Q4,RT_BANK_NIM,  ‣ Net Interest Margin (NIM),46,2,,%,0.0424193307,,,,,
TCB_ratio_doc,87,2024-Q4 | RT_BANK_LDR |   ‣ Loan to Deposit Ratio (LDR) | 53 | 2 | % | 1.1843532514,2024-Q4,RT_BANK_LDR,  ‣ Loan to Deposit Ratio (LDR),53,2,,%,1.1843532514,,,,,
TCB_ratio_doc,88,2024-Q4 | RT_BANK_NPL |   ‣ Non Performing Loans Ratio (NPL) | 54 | 2 | % | 0.0112403346,2024-Q4,RT_BANK_NPL,  ‣ Non Performing Loans Ratio (NPL),54,2,,%,0.0112403346,,,,,
TCB_ratio_doc,97,2024-Q3 | RT_BANK_NIM |   ‣ Net Interest Margin (NIM) | 46 | 2 | % | 0.0427319024,2024-Q3,RT_BANK_NIM,  ‣ Net Interest Margin (NIM),46,2,,%,0.0427319024,,,,,
TCB_ratio_doc,100,2024-Q3 | RT_BANK_LDR |   ‣ Loan to Deposit Ratio (LDR) | 53 | 2 | % | 1.2653514377,2024-Q3,RT_BANK_LDR,  ‣ Loan to Deposit Ratio (LDR),53,2,,%,1.2653514377,,,,,
TCB_ratio_doc,101,2024-Q3 | RT_BANK_NPL |   ‣ Non Performing Loans Ratio (NPL) | 54 | 2 | % | 0.0129075412,2024-Q3,RT_BANK_NPL,  ‣ Non Performing Loans Ratio (NPL),54,2,,%,0.0129075412,,,,,
TCB_ratio_doc,110,2024-Q2 | RT_BANK_NIM |   ‣ Net Interest Margin (NIM) | 46 | 2 | % | 0.0428759579,2024-Q2,RT_BANK_NIM,  ‣ Net Interest Margin (NIM),46,2,,%,0.0428759579,,,,,
TCB_ratio_doc,113,2024-Q2 | RT_BANK_LDR |   ‣ Loan to Deposit Ratio (LDR) | 53 | 2 | % | 1.2287448166,2024-Q2,RT_BANK_LDR,  ‣ Loan to Deposit Ratio (LDR),53,2,,%,1.2287448166,,,,,
TCB_ratio_doc,114,2024-Q2 | RT_BANK_NPL |   ‣ Non Performing Loans Ratio (NPL) | 54 | 2 | % | 0.0123075019,2024-Q2,RT_BANK_NPL,  ‣ Non Performing Loans Ratio (NPL),54,2,,%,0.0123075019,,,,,
TCB_ratio_doc,123,2024-Q1 | RT_BANK_NIM |   ‣ Net Interest Margin (NIM) | 46 | 2 | % | 0.0409849949,2024-Q1,RT_BANK_NIM,  ‣ Net Interest Margin (NIM),46,2,,%,0.0409849949,,,,,
TCB_ratio_doc,126,2024-Q1 | RT_BANK_LDR |   ‣ Loan to Deposit Ratio (LDR) | 53 | 2 | % | 1.221020091,2024-Q1,RT_BANK_LDR,  ‣ Loan to Deposit Ratio (LDR),53,2,,%,1.221020091,,,,,
TCB_ratio_doc,127,2024-Q1 | RT_BANK_NPL |   ‣ Non Performing Loans Ratio (NPL) | 54 | 2 | % | 0.011294799,2024-Q1,RT_BANK_NPL,  ‣ Non Performing Loans Ratio (NPL),54,2,,%,0.011294799,,,,,
TCB_ratio_doc,136,2023-Q4 | RT_BANK_NIM |   ‣ Net Interest Margin (NIM) | 46 | 2 | % | 0.0403256975,2023-Q4,RT_BANK_NIM,  ‣ Net Interest Margin (NIM),46,2,,%,0.0403256975,,,,,
TCB_ratio_doc,139,2023-Q4 | RT_BANK_LDR |   ‣ Loan to Deposit Ratio (LDR) | 53 | 2 | % | 1.1407220327,2023-Q4,RT_BANK_LDR,  ‣ Loan to Deposit Ratio (LDR),53,2,,%,1.1407220327,,,,,
TCB_ratio_doc,140,2023-Q4 | RT_BANK_NPL |   ‣ Non Performing Loans Ratio (NPL) | 54 | 2 | % | 0.0115670308,2023-Q4,RT_BANK_NPL,  ‣ Non Performing Loans Ratio (NPL),54,2,,%,0.0115670308,,,,,
TCB_ratio_doc,149,2023-Q3 | RT_BANK_NIM |   ‣ Net Interest Margin (NIM) | 46 | 2 | % | 0.0412021869,2023-Q3,RT_BANK_NIM,  ‣ Net Interest Margin (NIM),46,2,,%,0.0412021869,,,,,
TCB_ratio_doc,152,2023-Q3 | RT_BANK_LDR |   ‣ Loan to Deposit Ratio (LDR) | 53 | 2 | % | 1.1627231396,2023-Q3,RT_BANK_LDR,  ‣ Loan to Deposit Ratio (LDR),53,2,,%,1.1627231396,,,,,
TCB_ratio_doc,153,2023-Q3 | RT_BANK_NPL |   ‣ Non Performing Loans Ratio (NPL) | 54 | 2 | % | 0.0135983389,2023-Q3,RT_BANK_NPL,  ‣ Non Performing Loans Ratio (NPL),54,2,,%,0.0135983389,,,,,
TCB_ratio_doc,162,2023-Q2 | RT_BANK_NIM |   ‣ Net Interest Margin (NIM) | 46 | 2 | % | 0.043358568,2023-Q2,RT_BANK_NIM,  ‣ Net Interest Margin (NIM),46,2,,%,0.043358568,,,,,
TCB_ratio_doc,165,2023-Q2 | RT_BANK_LDR |   ‣ Loan to Deposit Ratio (LDR) | 53 | 2 | % | 1.2214961881,2023-Q2,RT_BANK_LDR,  ‣ Loan to Deposit Ratio (LDR),53,2,,%,1.2214961881,,,,,
TCB_ratio_doc,166,2023-Q2 | RT_BANK_NPL |   ‣ Non Performing Loans Ratio (NPL) | 54 | 2 | % | 0.0107434501,2023-Q2,RT_BANK_NPL,  ‣ Non Performing Loans Ratio (NPL),54,2,,%,0.0107434501,,,,,
TCB_ratio_doc,175,2023-Q1 | RT_BANK_NIM |   ‣ Net Interest Margin (NIM) | 46 | 2 | % | 0.0473989189,2023-Q1,RT_BANK_NIM,  ‣ Net Interest Margin (NIM),46,2,,%,0.0473989189,,,,,
TCB_ratio_doc,178,2023-Q1 | RT_BANK_LDR |   ‣ Loan to Deposit Ratio (LDR) | 53 | 2 | % | 1.2017244499,2023-Q1,RT_BANK_LDR,  ‣ Loan to Deposit Ratio (LDR),53,2,,%,1.2017244499,,,,,
TCB_ratio_doc,179,2023-Q1 | RT_BANK_NPL |   ‣ Non Performing Loans Ratio (NPL) | 54 | 2 | % | 0.008478797,2023-Q1,RT_BANK_NPL,  ‣ Non Performing Loans Ratio (NPL),54,2,,%,0.008478797,,,,,
TCB_ratio_doc,188,2022-Q4 | RT_BANK_NIM |   ‣ Net Interest Margin (NIM) | 46 | 2 | % | 0.0531923979,2022-Q4,RT_BANK_NIM,  ‣ Net Interest Margin (NIM),46,2,,%,0.0531923979,,,,,
TCB_ratio_doc,191,2022-Q4 | RT_BANK_LDR |   ‣ Loan to Deposit Ratio (LDR) | 53 | 2 | % | 1.1733238392,2022-Q4,RT_BANK_LDR,  ‣ Loan to Deposit Ratio (LDR),53,2,,%,1.1733238392,,,,,
TCB_ratio_doc,192,2022-Q4 | RT_BANK_NPL |   ‣ Non Performing Loans Ratio (NPL) | 54 | 2 | % | 0.0072115197,2022-Q4,RT_BANK_NPL,  ‣ Non Performing Loans Ratio (NPL),54,2,,%,0.0072115197,,,,,
TCB_ratio_doc,201,2022-Q3 | RT_BANK_NIM |   ‣ Net Interest Margin (NIM) | 46 | 2 | % | 0.0547316868,2022-Q3,RT_BANK_NIM,  ‣ Net Interest Margin (NIM),46,2,,%,0.0547316868,,,,,
TCB_ratio_doc,204,2022-Q3 | RT_BANK_LDR |   ‣ Loan to Deposit Ratio (LDR) | 53 | 2 | % | 1.2873052078,2022-Q3,RT_BANK_LDR,  ‣ Loan to Deposit Ratio (LDR),53,2,,%,1.2873052078,,,,,
TCB_ratio_doc,205,2022-Q3 | RT_BANK_NPL |   ‣ Non Performing Loans Ratio (NPL) | 54 | 2 | % | 0.0064921153,2022-Q3,RT_BANK_NPL,  ‣ Non Performing Loans Ratio (NPL),54,2,,%,0.0064921153,,,,,
TCB_ratio_doc,214,2022-Q2 | RT_BANK_NIM |   ‣ Net Interest Margin (NIM) | 46 | 2 | % | 0.055630912,2022-Q2,RT_BANK_NIM,  ‣ Net Interest Margin (NIM),46,2,,%,0.055630912,,,,,
TCB_ratio_doc,217,2022-Q2 | RT_BANK_LDR |   ‣ Loan to Deposit Ratio (LDR) | 53 | 2 | % | 1.2182303193,2022-Q2,RT_BANK_LDR,  ‣ Loan to Deposit Ratio (LDR),53,2,,%,1.2182303193,,,,,
TCB_ratio_doc,218,2022-Q2 | RT_BANK_NPL |   ‣ Non Performing Loans Ratio (NPL) | 54 | 2 | % | 0.0060213953,2022-Q2,RT_BANK_NPL,  ‣ Non Performing Loans Ratio (NPL),54,2,,%,0.0060213953,,,,,
TCB_ratio_doc,227,2022-Q1 | RT_BANK_NIM |   ‣ Net Interest Margin (NIM) | 46 | 2 | % | 0.0579415057,2022-Q1,RT_BANK_NIM,  ‣ Net Interest Margin (NIM),46,2,,%,0.0579415057,,,,,
TCB_ratio_doc,230,2022-Q1 | RT_BANK_LDR |   ‣ Loan to Deposit Ratio (LDR) | 53 | 2 | % | 1.1035375935,2022-Q1,RT_BANK_LDR,  ‣ Loan to Deposit Ratio (LDR),53,2,,%,1.1035375935,,,,,
TCB_ratio_doc,231,2022-Q1 | RT_BANK_NPL |   ‣ Non Performing Loans Ratio (NPL) | 54 | 2 | % | 0.0066040934,2022-Q1,RT_BANK_NPL,  ‣ Non Performing Loans Ratio (NPL),54,2,,%,0.0066040934,,,,,
TCB_ratio_doc,240,2021-Q4 | RT_BANK_NIM |   ‣ Net Interest Margin (NIM) | 46 | 2 | % | 0.0560761342,2021-Q4,RT_BANK_NIM,  ‣ Net Interest Margin (NIM),46,2,,%,0.0560761342,,,,,
TCB_ratio_doc,243,2021-Q4 | RT_BANK_LDR |   ‣ Loan to Deposit Ratio (LDR) | 53 | 2 | % | 1.014748174,2021-Q4,RT_BANK_LDR,  ‣ Loan to Deposit Ratio (LDR),53,2,,%,1.014748174,,,,,
TCB_ratio_doc,244,2021-Q4 | RT_BANK_NPL |   ‣ Non Performing Loans Ratio (NPL) | 54 | 2 | % | 0.0056969895,2021-Q4,RT_BANK_NPL,  ‣ Non Performing Loans Ratio (NPL),54,2,,%,0.0056969895,,,,,
TCB_ratio_doc,253,2021-Q3 | RT_BANK_NIM |   ‣ Net Interest Margin (NIM) | 46 | 2 | % | 0.0560761342,2021-Q3,RT_BANK_NIM,  ‣ Net Interest Margin (NIM),46,2,,%,0.0560761342,,,,,
TCB_ratio_doc,256,2021-Q3 | RT_BANK_LDR |   ‣ Loan to Deposit Ratio (LDR) | 53 | 2 | % | 1.014748174,2021-Q3,RT_BANK_LDR,  ‣ Loan to Deposit Ratio (LDR),53,2,,%,1.014748174,,,,,
TCB_ratio_doc,257,2021-Q3 | RT_BANK_NPL |   ‣ Non Performing Loans Ratio (NPL) | 54 | 2 | % | 0.0056969895,2021-Q3,RT_BANK_NPL,  ‣ Non Performing Loans Ratio (NPL),54,2,,%,0.0056969895,,,,,
TCB_ratio_doc,266,2021-Q1 | RT_BANK_NIM |   ‣ Net Interest Margin (NIM) | 46 | 2 | % | 0.0536387018,2021-Q1,RT_BANK_NIM,  ‣ Net Interest Margin (NIM),46,2,,%,0.0536387018,,,,,
TCB_ratio_doc,269,2021-Q1 | RT_BANK_LDR |   ‣ Loan to Deposit Ratio (LDR) | 53 | 2 | % | 1.0307685244,2021-Q1,RT_BANK_LDR,  ‣ Loan to Deposit Ratio (LDR),53,2,,%,1.0307685244,,,,,
TCB_ratio_doc,270,2021-Q1 | RT_BANK_NPL |   ‣ Non Performing Loans Ratio (NPL) | 54 | 2 | % | 0.0038317972,2021-Q1,RT_BANK_NPL,  ‣ Non Performing Loans Ratio (NPL),54,2,,%,0.0038317972,,,,,
TCB_ratio_doc,279,2020-Q4 | RT_BANK_NIM |   ‣ Net Interest Margin (NIM) | 46 | 2 | % | 0.0500526601,2020-Q4,RT_BANK_NIM,  ‣ Net Interest Margin (NIM),46,2,,%,0.0500526601,,,,,
TCB_ratio_doc,282,2020-Q4 | RT_BANK_LDR |   ‣ Loan to Deposit Ratio (LDR) | 53 | 2 | % | 1.0002377435,2020-Q4,RT_BANK_LDR,  ‣ Loan to Deposit Ratio (LDR),53,2,,%,1.0002377435,,,,,
TCB_ratio_doc,283,2020-Q4 | RT_BANK_NPL |   ‣ Non Performing Loans Ratio (NPL) | 54 | 2 | % | 0.0046669446,2020-Q4,RT_BANK_NPL,  ‣ Non Performing Loans Ratio (NPL),54,2,,%,0.0046669446,,,,,
TCB_ratio_doc,292,2020-Q3 | RT_BANK_NIM |   ‣ Net Interest Margin (NIM) | 46 | 2 | % | 0.0484829445,2020-Q3,RT_BANK_NIM,  ‣ Net Interest Margin (NIM),46,2,,%,0.0484829445,,,,,
TCB_ratio_doc,295,2020-Q3 | RT_BANK_LDR |   ‣ Loan to Deposit Ratio (LDR) | 53 | 2 | % | 0.9134633627,2020-Q3,RT_BANK_LDR,  ‣ Loan to Deposit Ratio (LDR),53,2,,%,0.9134633627,,,,,
TCB_ratio_doc,296,2020-Q3 | RT_BANK_NPL |   ‣ Non Performing Loans Ratio (NPL) | 54 | 2 | % | 0.0059989414,2020-Q3,RT_BANK_NPL,  ‣ Non Performing Loans Ratio (NPL),54,2,,%,0.0059989414,,,,,
TCB_ratio_doc,305,2020-Q2 | RT_BANK_NIM |   ‣ Net Interest Margin (NIM) | 46 | 2 | % | 0.0449490621,2020-Q2,RT_BANK_NIM,  ‣ Net Interest Margin (NIM),46,2,,%,0.0449490621,,,,,
TCB_ratio_doc,308,2020-Q2 | RT_BANK_LDR |   ‣ Loan to Deposit Ratio (LDR) | 53 | 2 | % | 0.9271925045,2020-Q2,RT_BANK_LDR,  ‣ Loan to Deposit Ratio (LDR),53,2,,%,0.9271925045,,,,,
TCB_ratio_doc,309,2020-Q2 | RT_BANK_NPL |   ‣ Non Performing Loans Ratio (NPL) | 54 | 2 | % | 0.0090665913,2020-Q2,RT_BANK_NPL,  ‣ Non Performing Loans Ratio (NPL),54,2,,%,0.0090665913,,,,,
TCB_ratio_doc,318,2020-Q1 | RT_BANK_NIM |   ‣ Net Interest Margin (NIM) | 46 | 2 | % | 0.042960063,2020-Q1,RT_BANK_NIM,  ‣ Net Interest Margin (NIM),46,2,,%,0.042960063,,,,,
TCB_ratio_doc,321,2020-Q1 | RT_BANK_LDR |   ‣ Loan to Deposit Ratio (LDR) | 53 | 2 | % | 0.9869088226,2020-Q1,RT_BANK_LDR,  ‣ Loan to Deposit Ratio (LDR),53,2,,%,0.9869088226,,,,,
TCB_ratio_doc,322,2020-Q1 | RT_BANK_NPL |   ‣ Non Performing Loans Ratio (NPL) | 54 | 2 | % | 0.0109030313,2020-Q1,RT_BANK_NPL,  ‣ Non Performing Loans Ratio (NPL),54,2,,%,0.0109030313,,,,,
TCB_ratio_doc,331,2019-Q4 | RT_BANK_NIM |   ‣ Net Interest Margin (NIM) | 46 | 2 | % | 0.0445136474,2019-Q4,RT_BANK_NIM,  ‣ Net Interest Margin (NIM),46,2,,%,0.0445136474,,,,,
TCB_ratio_doc,334,2019-Q4 | RT_BANK_LDR |   ‣ Loan to Deposit Ratio (LDR) | 53 | 2 | % | 0.9978610422,2019-Q4,RT_BANK_LDR,  ‣ Loan to Deposit Ratio (LDR),53,2,,%,0.9978610422,,,,,
TCB_ratio_doc,335,2019-Q4 | RT_BANK_NPL |   ‣ Non Performing Loans Ratio (NPL) | 54 | 2 | % | 0.0133355675,2019-Q4,RT_BANK_NPL,  ‣ Non Performing Loans Ratio (NPL),54,2,,%,0.0133355675,,,,,
TCB_ratio_doc,344,2019-Q3 | RT_BANK_NIM |   ‣ Net Interest Margin (NIM) | 46 | 2 | % | 0.0411238457,2019-Q3,RT_BANK_NIM,  ‣ Net Interest Margin (NIM),46,2,,%,0.0411238457,,,,,
TCB_ratio_doc,347,2019-Q3 | RT_BANK_LDR |   ‣ Loan to Deposit Ratio (LDR) | 53 | 2 | % | 0.9390013105,2019-Q3,RT_BANK_LDR,  ‣ Loan to Deposit Ratio (LDR),53,2,,%,0.9390013105,,,,,
TCB_ratio_doc,348,2019-Q3 | RT_BANK_NPL |   ‣ Non Performing Loans Ratio (NPL) | 54 | 2 | % | 0.0180400815,2019-Q3,RT_BANK_NPL,  ‣ Non Performing Loans Ratio (NPL),54,2,,%,0.0180400815,,,,,
TCB_ratio_doc,357,2019-Q2 | RT_BANK_NIM |   ‣ Net Interest Margin (NIM) | 46 | 2 | % | 0.041237212,2019-Q2,RT_BANK_NIM,  ‣ Net Interest Margin (NIM),46,2,,%,0.041237212,,,,,
TCB_ratio_doc,360,2019-Q2 | RT_BANK_LDR |   ‣ Loan to Deposit Ratio (LDR) | 53 | 2 | % | 0.8418685044,2019-Q2,RT_BANK_LDR,  ‣ Loan to Deposit Ratio (LDR),53,2,,%,0.8418685044,,,,,
TCB_ratio_doc,361,2019-Q2 | RT_BANK_NPL |   ‣ Non Performing Loans Ratio (NPL) | 54 | 2 | % | 0.0178043868,2019-Q2,RT_BANK_NPL,  ‣ Non Performing Loans Ratio (NPL),54,2,,%,0.0178043868,,,,,
TCB_ratio_doc,370,2019-Q1 | RT_BANK_NIM |   ‣ Net Interest Margin (NIM) | 46 | 2 | % | 0.0413006792,2019-Q1,RT_BANK_NIM,  ‣ Net Interest Margin (NIM),46,2,,%,0.0413006792,,,,,
TCB_ratio_doc,373,2019-Q1 | RT_BANK_LDR |   ‣ Loan to Deposit Ratio (LDR) | 53 | 2 | % | 0.7877524232,2019-Q1,RT_BANK_LDR,  ‣ Loan to Deposit Ratio (LDR),53,2,,%,0.7877524232,,,,,
TCB_ratio_doc,374,2019-Q1 | RT_BANK_NPL |   ‣ Non Performing Loans Ratio (NPL) | 54 | 2 | % | 0.0178461576,2019-Q1,RT_BANK_NPL,  ‣ Non Performing Loans Ratio (NPL),54,2,,%,0.0178461576,,,,,
TCB_ratio_doc,383,2018-Q4 | RT_BANK_NIM |   ‣ Net Interest Margin (NIM) | 46 | 2 | % | 0.0412557504,2018-Q4,RT_BANK_NIM,  ‣ Net Interest Margin (NIM),46,2,,%,0.0412557504,,,,,
TCB_ratio_doc,386,2018-Q4 | RT_BANK_LDR |   ‣ Loan to Deposit Ratio (LDR) | 53 | 2 | % | 0.7940798284,2018-Q4,RT_BANK_LDR,  ‣ Loan to Deposit Ratio (LDR),53,2,,%,0.7940798284,,,,,
TCB_ratio_doc,387,2018-Q4 | RT_BANK_NPL |   ‣ Non Performing Loans Ratio (NPL) | 54 | 2 | % | 0.0175282151,2018-Q4,RT_BANK_NPL,  ‣ Non Performing Loans Ratio (NPL),54,2,,%,0.0175282151,,,,,
TCB_ratio_doc,396,2018-Q3 | RT_BANK_NIM |   ‣ Net Interest Margin (NIM) | 46 | 2 | % | 0.0401034196,2018-Q3,RT_BANK_NIM,  ‣ Net Interest Margin (NIM),46,2,,%,0.0401034196,,,,,
TCB_ratio_doc,399,2018-Q3 | RT_BANK_LDR |   ‣ Loan to Deposit Ratio (LDR) | 53 | 2 | % | 0.8623625844,2018-Q3,RT_BANK_LDR,  ‣ Loan to Deposit Ratio (LDR),53,2,,%,0.8623625844,,,,,
TCB_ratio_doc,400,2018-Q3 | RT_BANK_NPL |   ‣ Non Performing Loans Ratio (NPL) | 54 | 2 | % | 0.0205357591,2018-Q3,RT_BANK_NPL,  ‣ Non Performing Loans Ratio (NPL),54,2,,%,0.0205357591,,,,,
TCB_ratio_doc,409,2018-Q2 | RT_BANK_NIM |   ‣ Net Interest Margin (NIM) | 46 | 2 | % | 0.0388622995,2018-Q2,RT_BANK_NIM,  ‣ Net Interest Margin (NIM),46,2,,%,0.0388622995,,,,,
TCB_ratio_doc,412,2018-Q2 | RT_BANK_LDR |   ‣ Loan to Deposit Ratio (LDR) | 53 | 2 | % | 0.894876258,2018-Q2,RT_BANK_LDR,  ‣ Loan to Deposit Ratio (LDR),53,2,,%,0.894876258,,,,,
TCB_ratio_doc,413,2018-Q2 | RT_BANK_NPL |   ‣ Non Performing Loans Ratio (NPL) | 54 | 2 | % | 0.0203730559,2018-Q2,RT_BANK_NPL,  ‣ Non Performing Loans Ratio (NPL),54,2,,%,0.0203730559,,,,,
TCB_ratio_min,33,2026-Q2 | RT_ASSETS_CURRENT_DEPOSITS |   ‣ Tiền gửi không kỳ hạn | 34 | 2 | tỷ VNĐ | nan,2026-Q2,RT_ASSETS_CURRENT_DEPOSITS,  ‣ Tiền gửi không kỳ hạn,34,2,,tỷ VNĐ,,,,,,
TCB_ratio_min,34,2026-Q2 | RT_ASSETS_DEPOSITS_SPECIAL |   ‣ Tiền gửi chuyên dùng | 35 | 2 | tỷ VNĐ | nan,2026-Q2,RT_ASSETS_DEPOSITS_SPECIAL,  ‣ Tiền gửi chuyên dùng,35,2,,tỷ VNĐ,,,,,,
TCB_ratio_min,35,2026-Q2 | RT_ASSETS_DEPOSITS_CUSTOMERS |   ‣ Tiền gửi khách hàng | 36 | 2 | tỷ VNĐ | nan,2026-Q2,RT_ASSETS_DEPOSITS_CUSTOMERS,  ‣ Tiền gửi khách hàng,36,2,,tỷ VNĐ,,,,,,
TCB_ratio_min,36,2026-Q2 | RT_ASSETS_MARGIN_DEPOSITS |   ‣ Tiền gửi ký quỹ | 37 | 2 | tỷ VNĐ | nan,2026-Q2,RT_ASSETS_MARGIN_DEPOSITS,  ‣ Tiền gửi ký quỹ,37,2,,tỷ VNĐ,,,,,,
TCB_ratio_min,39,2026-Q2 | RT_LEV_LOAN_EQUITY |   ‣ Vay ngắn và dài hạn trên vốn chủ sở hữu | 40 | 2 | lần | 0.0,2026-Q2,RT_LEV_LOAN_EQUITY,  ‣ Vay ngắn và dài hạn trên vốn chủ sở hữu,40,2,,lần,0.0,,,,,
TCB_ratio_min,45,2026-Q2 | RT_BANK_NIM |   ‣ Biên lãi thuần | 46 | 2 | % | 0.0363342376,2026-Q2,RT_BANK_NIM,  ‣ Biên lãi thuần,46,2,,%,0.0363342376,,,,,
TCB_ratio_min,50,2026-Q2 | RT_BANK_LOAN_GROWTH |   ‣ Tăng trưởng tín dụng | 51 | 2 | % | 0.0633378093,2026-Q2,RT_BANK_LOAN_GROWTH,  ‣ Tăng trưởng tín dụng,51,2,,%,0.0633378093,,,,,
TCB_ratio_min,51,2026-Q2 | RT_BANK_DEPOSIT_GROWTH |   ‣ Tăng trưởng huy động | 52 | 2 | % | 0.1044325303,2026-Q2,RT_BANK_DEPOSIT_GROWTH,  ‣ Tăng trưởng huy động,52,2,,%,0.1044325303,,,,,
TCB_ratio_min,52,2026-Q2 | RT_BANK_LDR |   ‣ Tỷ lệ cấp tín dụng trên huy động | 53 | 2 | % | 1.2790980022,2026-Q2,RT_BANK_LDR,  ‣ Tỷ lệ cấp tín dụng trên huy động,53,2,,%,1.2790980022,,,,,
TCB_ratio_min,55,2026-Q2 | RT_BANK_PROVISION_TO_LOANS |   ‣ Tỷ lệ dự phòng trên dư nợ | 56 | 2 | % | -0.0049126536,2026-Q2,RT_BANK_PROVISION_TO_LOANS,  ‣ Tỷ lệ dự phòng trên dư nợ,56,2,,%,-0.0049126536,,,,,
TCB_ratio_min,57,2026-Q2 | RT_BANK_CASA |   ‣ Tỷ lệ tiền gửi không kỳ hạn | 58 | 2 | % | 0.3502048667,2026-Q2,RT_BANK_CASA,  ‣ Tỷ lệ tiền gửi không kỳ hạn,58,2,,%,0.3502048667,,,,,
TCB_ratio_min,58,2026-Q2 | RT_BANK_EQUITY_TO_LOANS |   ‣ Vốn chủ / Dư nợ cho vay | 59 | 2 | % | 0.2230487627,2026-Q2,RT_BANK_EQUITY_TO_LOANS,  ‣ Vốn chủ / Dư nợ cho vay,59,2,,%,0.2230487627,,,,,
TCB_ratio_min,59,2026-Q2 | RT_BANK_LLR_TO_LOANS |   ‣ Dự phòng rủi ro / Dư nợ cho vay | 60 | 2 | % | 0.0135982549,2026-Q2,RT_BANK_LLR_TO_LOANS,  ‣ Dự phòng rủi ro / Dư nợ cho vay,60,2,,%,0.0135982549,,,,,
TCB_ratio_min,93,2026-Q1 | RT_ASSETS_CURRENT_DEPOSITS |   ‣ Tiền gửi không kỳ hạn | 34 | 2 | tỷ VNĐ | nan,2026-Q1,RT_ASSETS_CURRENT_DEPOSITS,  ‣ Tiền gửi không kỳ hạn,34,2,,tỷ VNĐ,,,,,,
TCB_ratio_min,94,2026-Q1 | RT_ASSETS_DEPOSITS_SPECIAL |   ‣ Tiền gửi chuyên dùng | 35 | 2 | tỷ VNĐ | nan,2026-Q1,RT_ASSETS_DEPOSITS_SPECIAL,  ‣ Tiền gửi chuyên dùng,35,2,,tỷ VNĐ,,,,,,
TCB_ratio_min,95,2026-Q1 | RT_ASSETS_DEPOSITS_CUSTOMERS |   ‣ Tiền gửi khách hàng | 36 | 2 | tỷ VNĐ | nan,2026-Q1,RT_ASSETS_DEPOSITS_CUSTOMERS,  ‣ Tiền gửi khách hàng,36,2,,tỷ VNĐ,,,,,,
TCB_ratio_min,96,2026-Q1 | RT_ASSETS_MARGIN_DEPOSITS |   ‣ Tiền gửi ký quỹ | 37 | 2 | tỷ VNĐ | nan,2026-Q1,RT_ASSETS_MARGIN_DEPOSITS,  ‣ Tiền gửi ký quỹ,37,2,,tỷ VNĐ,,,,,,
TCB_ratio_min,99,2026-Q1 | RT_LEV_LOAN_EQUITY |   ‣ Vay ngắn và dài hạn trên vốn chủ sở hữu | 40 | 2 | lần | 0.0,2026-Q1,RT_LEV_LOAN_EQUITY,  ‣ Vay ngắn và dài hạn trên vốn chủ sở hữu,40,2,,lần,0.0,,,,,
TCB_ratio_min,105,2026-Q1 | RT_BANK_NIM |   ‣ Biên lãi thuần | 46 | 2 | % | 0.0366914486,2026-Q1,RT_BANK_NIM,  ‣ Biên lãi thuần,46,2,,%,0.0366914486,,,,,
TCB_ratio_min,110,2026-Q1 | RT_BANK_LOAN_GROWTH |   ‣ Tăng trưởng tín dụng | 51 | 2 | % | 0.0381007939,2026-Q1,RT_BANK_LOAN_GROWTH,  ‣ Tăng trưởng tín dụng,51,2,,%,0.0381007939,,,,,
TCB_ratio_min,111,2026-Q1 | RT_BANK_DEPOSIT_GROWTH |   ‣ Tăng trưởng huy động | 52 | 2 | % | -0.0308659573,2026-Q1,RT_BANK_DEPOSIT_GROWTH,  ‣ Tăng trưởng huy động,52,2,,%,-0.0308659573,,,,,
TCB_ratio_min,112,2026-Q1 | RT_BANK_LDR |   ‣ Tỷ lệ cấp tín dụng trên huy động | 53 | 2 | % | 1.328531188,2026-Q1,RT_BANK_LDR,  ‣ Tỷ lệ cấp tín dụng trên huy động,53,2,,%,1.328531188,,,,,
TCB_ratio_min,115,2026-Q1 | RT_BANK_PROVISION_TO_LOANS |   ‣ Tỷ lệ dự phòng trên dư nợ | 56 | 2 | % | -0.0056102007,2026-Q1,RT_BANK_PROVISION_TO_LOANS,  ‣ Tỷ lệ dự phòng trên dư nợ,56,2,,%,-0.0056102007,,,,,
TCB_ratio_min,117,2026-Q1 | RT_BANK_CASA |   ‣ Tỷ lệ tiền gửi không kỳ hạn | 58 | 2 | % | 0.3264645775,2026-Q1,RT_BANK_CASA,  ‣ Tỷ lệ tiền gửi không kỳ hạn,58,2,,%,0.3264645775,,,,,
TCB_ratio_min,118,2026-Q1 | RT_BANK_EQUITY_TO_LOANS |   ‣ Vốn chủ / Dư nợ cho vay | 59 | 2 | % | 0.2342718262,2026-Q1,RT_BANK_EQUITY_TO_LOANS,  ‣ Vốn chủ / Dư nợ cho vay,59,2,,%,0.2342718262,,,,,
TCB_ratio_min,119,2026-Q1 | RT_BANK_LLR_TO_LOANS |   ‣ Dự phòng rủi ro / Dư nợ cho vay | 60 | 2 | % | 0.014119626,2026-Q1,RT_BANK_LLR_TO_LOANS,  ‣ Dự phòng rủi ro / Dư nợ cho vay,60,2,,%,0.014119626,,,,,
TCB_ratio_min,153,2025-Q4 | RT_ASSETS_CURRENT_DEPOSITS |   ‣ Tiền gửi không kỳ hạn | 34 | 2 | tỷ VNĐ | nan,2025-Q4,RT_ASSETS_CURRENT_DEPOSITS,  ‣ Tiền gửi không kỳ hạn,34,2,,tỷ VNĐ,,,,,,
TCB_ratio_min,154,2025-Q4 | RT_ASSETS_DEPOSITS_SPECIAL |   ‣ Tiền gửi chuyên dùng | 35 | 2 | tỷ VNĐ | nan,2025-Q4,RT_ASSETS_DEPOSITS_SPECIAL,  ‣ Tiền gửi chuyên dùng,35,2,,tỷ VNĐ,,,,,,
TCB_ratio_min,155,2025-Q4 | RT_ASSETS_DEPOSITS_CUSTOMERS |   ‣ Tiền gửi khách hàng | 36 | 2 | tỷ VNĐ | nan,2025-Q4,RT_ASSETS_DEPOSITS_CUSTOMERS,  ‣ Tiền gửi khách hàng,36,2,,tỷ VNĐ,,,,,,
TCB_ratio_min,156,2025-Q4 | RT_ASSETS_MARGIN_DEPOSITS |   ‣ Tiền gửi ký quỹ | 37 | 2 | tỷ VNĐ | nan,2025-Q4,RT_ASSETS_MARGIN_DEPOSITS,  ‣ Tiền gửi ký quỹ,37,2,,tỷ VNĐ,,,,,,
TCB_ratio_min,159,2025-Q4 | RT_LEV_LOAN_EQUITY |   ‣ Vay ngắn và dài hạn trên vốn chủ sở hữu | 40 | 2 | lần | 0.0,2025-Q4,RT_LEV_LOAN_EQUITY,  ‣ Vay ngắn và dài hạn trên vốn chủ sở hữu,40,2,,lần,0.0,,,,,
TCB_ratio_min,165,2025-Q4 | RT_BANK_NIM |   ‣ Biên lãi thuần | 46 | 2 | % | 0.0375994307,2025-Q4,RT_BANK_NIM,  ‣ Biên lãi thuần,46,2,,%,0.0375994307,,,,,
TCB_ratio_min,170,2025-Q4 | RT_BANK_LOAN_GROWTH |   ‣ Tăng trưởng tín dụng | 51 | 2 | % | 0.215112862,2025-Q4,RT_BANK_LOAN_GROWTH,  ‣ Tăng trưởng tín dụng,51,2,,%,0.215112862,,,,,
TCB_ratio_min,171,2025-Q4 | RT_BANK_DEPOSIT_GROWTH |   ‣ Tăng trưởng huy động | 52 | 2 | % | 0.1603307303,2025-Q4,RT_BANK_DEPOSIT_GROWTH,  ‣ Tăng trưởng huy động,52,2,,%,0.1603307303,,,,,
TCB_ratio_min,172,2025-Q4 | RT_BANK_LDR |   ‣ Tỷ lệ cấp tín dụng trên huy động | 53 | 2 | % | 1.2402695468,2025-Q4,RT_BANK_LDR,  ‣ Tỷ lệ cấp tín dụng trên huy động,53,2,,%,1.2402695468,,,,,
TCB_ratio_min,175,2025-Q4 | RT_BANK_PROVISION_TO_LOANS |   ‣ Tỷ lệ dự phòng trên dư nợ | 56 | 2 | % | -0.0063181477,2025-Q4,RT_BANK_PROVISION_TO_LOANS,  ‣ Tỷ lệ dự phòng trên dư nợ,56,2,,%,-0.0063181477,,,,,
TCB_ratio_min,177,2025-Q4 | RT_BANK_CASA |   ‣ Tỷ lệ tiền gửi không kỳ hạn | 58 | 2 | % | 0.3587434188,2025-Q4,RT_BANK_CASA,  ‣ Tỷ lệ tiền gửi không kỳ hạn,58,2,,%,0.3587434188,,,,,
TCB_ratio_min,178,2025-Q4 | RT_BANK_EQUITY_TO_LOANS |   ‣ Vốn chủ / Dư nợ cho vay | 59 | 2 | % | 0.2338424134,2025-Q4,RT_BANK_EQUITY_TO_LOANS,  ‣ Vốn chủ / Dư nợ cho vay,59,2,,%,0.2338424134,,,,,
TCB_ratio_min,179,2025-Q4 | RT_BANK_LLR_TO_LOANS |   ‣ Dự phòng rủi ro / Dư nợ cho vay | 60 | 2 | % | 0.0136765812,2025-Q4,RT_BANK_LLR_TO_LOANS,  ‣ Dự phòng rủi ro / Dư nợ cho vay,60,2,,%,0.0136765812,,,,,
TCB_ratio_min,213,2025-Q3 | RT_ASSETS_CURRENT_DEPOSITS |   ‣ Tiền gửi không kỳ hạn | 34 | 2 | tỷ VNĐ | nan,2025-Q3,RT_ASSETS_CURRENT_DEPOSITS,  ‣ Tiền gửi không kỳ hạn,34,2,,tỷ VNĐ,,,,,,
TCB_ratio_min,214,2025-Q3 | RT_ASSETS_DEPOSITS_SPECIAL |   ‣ Tiền gửi chuyên dùng | 35 | 2 | tỷ VNĐ | nan,2025-Q3,RT_ASSETS_DEPOSITS_SPECIAL,  ‣ Tiền gửi chuyên dùng,35,2,,tỷ VNĐ,,,,,,
TCB_ratio_min,215,2025-Q3 | RT_ASSETS_DEPOSITS_CUSTOMERS |   ‣ Tiền gửi khách hàng | 36 | 2 | tỷ VNĐ | nan,2025-Q3,RT_ASSETS_DEPOSITS_CUSTOMERS,  ‣ Tiền gửi khách hàng,36,2,,tỷ VNĐ,,,,,,
TCB_ratio_min,216,2025-Q3 | RT_ASSETS_MARGIN_DEPOSITS |   ‣ Tiền gửi ký quỹ | 37 | 2 | tỷ VNĐ | nan,2025-Q3,RT_ASSETS_MARGIN_DEPOSITS,  ‣ Tiền gửi ký quỹ,37,2,,tỷ VNĐ,,,,,,
TCB_ratio_min,219,2025-Q3 | RT_LEV_LOAN_EQUITY |   ‣ Vay ngắn và dài hạn trên vốn chủ sở hữu | 40 | 2 | lần | 0.0,2025-Q3,RT_LEV_LOAN_EQUITY,  ‣ Vay ngắn và dài hạn trên vốn chủ sở hữu,40,2,,lần,0.0,,,,,
TCB_ratio_min,225,2025-Q3 | RT_BANK_NIM |   ‣ Biên lãi thuần | 46 | 2 | % | 0.036748286,2025-Q3,RT_BANK_NIM,  ‣ Biên lãi thuần,46,2,,%,0.036748286,,,,,
TCB_ratio_min,230,2025-Q3 | RT_BANK_LOAN_GROWTH |   ‣ Tăng trưởng tín dụng | 51 | 2 | % | 0.0793972773,2025-Q3,RT_BANK_LOAN_GROWTH,  ‣ Tăng trưởng tín dụng,51,2,,%,0.0793972773,,,,,
TCB_ratio_min,231,2025-Q3 | RT_BANK_DEPOSIT_GROWTH |   ‣ Tăng trưởng huy động | 52 | 2 | % | 0.0917447056,2025-Q3,RT_BANK_DEPOSIT_GROWTH,  ‣ Tăng trưởng huy động,52,2,,%,0.0917447056,,,,,
TCB_ratio_min,232,2025-Q3 | RT_BANK_LDR |   ‣ Tỷ lệ cấp tín dụng trên huy động | 53 | 2 | % | 1.2883998558,2025-Q3,RT_BANK_LDR,  ‣ Tỷ lệ cấp tín dụng trên huy động,53,2,,%,1.2883998558,,,,,
TCB_ratio_min,235,2025-Q3 | RT_BANK_PROVISION_TO_LOANS |   ‣ Tỷ lệ dự phòng trên dư nợ | 56 | 2 | % | -0.0053684177,2025-Q3,RT_BANK_PROVISION_TO_LOANS,  ‣ Tỷ lệ dự phòng trên dư nợ,56,2,,%,-0.0053684177,,,,,
TCB_ratio_min,237,2025-Q3 | RT_BANK_CASA |   ‣ Tỷ lệ tiền gửi không kỳ hạn | 58 | 2 | % | 0.3835453331,2025-Q3,RT_BANK_CASA,  ‣ Tỷ lệ tiền gửi không kỳ hạn,58,2,,%,0.3835453331,,,,,
TCB_ratio_min,238,2025-Q3 | RT_BANK_EQUITY_TO_LOANS |   ‣ Vốn chủ / Dư nợ cho vay | 59 | 2 | % | 0.234026698,2025-Q3,RT_BANK_EQUITY_TO_LOANS,  ‣ Vốn chủ / Dư nợ cho vay,59,2,,%,0.234026698,,,,,
TCB_ratio_min,239,2025-Q3 | RT_BANK_LLR_TO_LOANS |   ‣ Dự phòng rủi ro / Dư nợ cho vay | 60 | 2 | % | 0.0138669471,2025-Q3,RT_BANK_LLR_TO_LOANS,  ‣ Dự phòng rủi ro / Dư nợ cho vay,60,2,,%,0.0138669471,,,,,
TCB_ratio_min,273,2025-Q2 | RT_ASSETS_CURRENT_DEPOSITS |   ‣ Tiền gửi không kỳ hạn | 34 | 2 | tỷ VNĐ | nan,2025-Q2,RT_ASSETS_CURRENT_DEPOSITS,  ‣ Tiền gửi không kỳ hạn,34,2,,tỷ VNĐ,,,,,,
TCB_ratio_min,274,2025-Q2 | RT_ASSETS_DEPOSITS_SPECIAL |   ‣ Tiền gửi chuyên dùng | 35 | 2 | tỷ VNĐ | nan,2025-Q2,RT_ASSETS_DEPOSITS_SPECIAL,  ‣ Tiền gửi chuyên dùng,35,2,,tỷ VNĐ,,,,,,
TCB_ratio_min,275,2025-Q2 | RT_ASSETS_DEPOSITS_CUSTOMERS |   ‣ Tiền gửi khách hàng | 36 | 2 | tỷ VNĐ | nan,2025-Q2,RT_ASSETS_DEPOSITS_CUSTOMERS,  ‣ Tiền gửi khách hàng,36,2,,tỷ VNĐ,,,,,,
TCB_ratio_min,276,2025-Q2 | RT_ASSETS_MARGIN_DEPOSITS |   ‣ Tiền gửi ký quỹ | 37 | 2 | tỷ VNĐ | nan,2025-Q2,RT_ASSETS_MARGIN_DEPOSITS,  ‣ Tiền gửi ký quỹ,37,2,,tỷ VNĐ,,,,,,
TCB_ratio_min,279,2025-Q2 | RT_LEV_LOAN_EQUITY |   ‣ Vay ngắn và dài hạn trên vốn chủ sở hữu | 40 | 2 | lần | 0.0,2025-Q2,RT_LEV_LOAN_EQUITY,  ‣ Vay ngắn và dài hạn trên vốn chủ sở hữu,40,2,,lần,0.0,,,,,
TCB_ratio_min,285,2025-Q2 | RT_BANK_NIM |   ‣ Biên lãi thuần | 46 | 2 | % | 0.0378328289,2025-Q2,RT_BANK_NIM,  ‣ Biên lãi thuần,46,2,,%,0.0378328289,,,,,
TCB_ratio_min,290,2025-Q2 | RT_BANK_LOAN_GROWTH |   ‣ Tăng trưởng tín dụng | 51 | 2 | % | 0.0702435515,2025-Q2,RT_BANK_LOAN_GROWTH,  ‣ Tăng trưởng tín dụng,51,2,,%,0.0702435515,,,,,
TCB_ratio_min,291,2025-Q2 | RT_BANK_DEPOSIT_GROWTH |   ‣ Tăng trưởng huy động | 52 | 2 | % | 0.0253879256,2025-Q2,RT_BANK_DEPOSIT_GROWTH,  ‣ Tăng trưởng huy động,52,2,,%,0.0253879256,,,,,
TCB_ratio_min,292,2025-Q2 | RT_BANK_LDR |   ‣ Tỷ lệ cấp tín dụng trên huy động | 53 | 2 | % | 1.303138104,2025-Q2,RT_BANK_LDR,  ‣ Tỷ lệ cấp tín dụng trên huy động,53,2,,%,1.303138104,,,,,
TCB_ratio_min,295,2025-Q2 | RT_BANK_PROVISION_TO_LOANS |   ‣ Tỷ lệ dự phòng trên dư nợ | 56 | 2 | % | -0.0050621378,2025-Q2,RT_BANK_PROVISION_TO_LOANS,  ‣ Tỷ lệ dự phòng trên dư nợ,56,2,,%,-0.0050621378,,,,,
TCB_ratio_min,297,2025-Q2 | RT_BANK_CASA |   ‣ Tỷ lệ tiền gửi không kỳ hạn | 58 | 2 | % | 0.3639425242,2025-Q2,RT_BANK_CASA,  ‣ Tỷ lệ tiền gửi không kỳ hạn,58,2,,%,0.3639425242,,,,,
TCB_ratio_min,298,2025-Q2 | RT_BANK_EQUITY_TO_LOANS |   ‣ Vốn chủ / Dư nợ cho vay | 59 | 2 | % | 0.2278252358,2025-Q2,RT_BANK_EQUITY_TO_LOANS,  ‣ Vốn chủ / Dư nợ cho vay,59,2,,%,0.2278252358,,,,,
TCB_ratio_min,299,2025-Q2 | RT_BANK_LLR_TO_LOANS |   ‣ Dự phòng rủi ro / Dư nợ cho vay | 60 | 2 | % | 0.0133899899,2025-Q2,RT_BANK_LLR_TO_LOANS,  ‣ Dự phòng rủi ro / Dư nợ cho vay,60,2,,%,0.0133899899,,,,,
TCB_ratio_min,333,2025-Q1 | RT_ASSETS_CURRENT_DEPOSITS |   ‣ Tiền gửi không kỳ hạn | 34 | 2 | tỷ VNĐ | nan,2025-Q1,RT_ASSETS_CURRENT_DEPOSITS,  ‣ Tiền gửi không kỳ hạn,34,2,,tỷ VNĐ,,,,,,
TCB_ratio_min,334,2025-Q1 | RT_ASSETS_DEPOSITS_SPECIAL |   ‣ Tiền gửi chuyên dùng | 35 | 2 | tỷ VNĐ | nan,2025-Q1,RT_ASSETS_DEPOSITS_SPECIAL,  ‣ Tiền gửi chuyên dùng,35,2,,tỷ VNĐ,,,,,,
TCB_ratio_min,335,2025-Q1 | RT_ASSETS_DEPOSITS_CUSTOMERS |   ‣ Tiền gửi khách hàng | 36 | 2 | tỷ VNĐ | nan,2025-Q1,RT_ASSETS_DEPOSITS_CUSTOMERS,  ‣ Tiền gửi khách hàng,36,2,,tỷ VNĐ,,,,,,
TCB_ratio_min,336,2025-Q1 | RT_ASSETS_MARGIN_DEPOSITS |   ‣ Tiền gửi ký quỹ | 37 | 2 | tỷ VNĐ | nan,2025-Q1,RT_ASSETS_MARGIN_DEPOSITS,  ‣ Tiền gửi ký quỹ,37,2,,tỷ VNĐ,,,,,,
TCB_ratio_min,339,2025-Q1 | RT_LEV_LOAN_EQUITY |   ‣ Vay ngắn và dài hạn trên vốn chủ sở hữu | 40 | 2 | lần | 0.0,2025-Q1,RT_LEV_LOAN_EQUITY,  ‣ Vay ngắn và dài hạn trên vốn chủ sở hữu,40,2,,lần,0.0,,,,,
TCB_ratio_min,345,2025-Q1 | RT_BANK_NIM |   ‣ Biên lãi thuần | 46 | 2 | % | 0.0399735196,2025-Q1,RT_BANK_NIM,  ‣ Biên lãi thuần,46,2,,%,0.0399735196,,,,,
TCB_ratio_min,350,2025-Q1 | RT_BANK_LOAN_GROWTH |   ‣ Tăng trưởng tín dụng | 51 | 2 | % | 0.0506041455,2025-Q1,RT_BANK_LOAN_GROWTH,  ‣ Tăng trưởng tín dụng,51,2,,%,0.0506041455,,,,,
TCB_ratio_min,351,2025-Q1 | RT_BANK_DEPOSIT_GROWTH |   ‣ Tăng trưởng huy động | 52 | 2 | % | -0.0033920584,2025-Q1,RT_BANK_DEPOSIT_GROWTH,  ‣ Tăng trưởng huy động,52,2,,%,-0.0033920584,,,,,
TCB_ratio_min,352,2025-Q1 | RT_BANK_LDR |   ‣ Tỷ lệ cấp tín dụng trên huy động | 53 | 2 | % | 1.2485214935,2025-Q1,RT_BANK_LDR,  ‣ Tỷ lệ cấp tín dụng trên huy động,53,2,,%,1.2485214935,,,,,
TCB_ratio_min,355,2025-Q1 | RT_BANK_PROVISION_TO_LOANS |   ‣ Tỷ lệ dự phòng trên dư nợ | 56 | 2 | % | -0.0063034288,2025-Q1,RT_BANK_PROVISION_TO_LOANS,  ‣ Tỷ lệ dự phòng trên dư nợ,56,2,,%,-0.0063034288,,,,,
TCB_ratio_min,357,2025-Q1 | RT_BANK_CASA |   ‣ Tỷ lệ tiền gửi không kỳ hạn | 58 | 2 | % | 0.3505991045,2025-Q1,RT_BANK_CASA,  ‣ Tỷ lệ tiền gửi không kỳ hạn,58,2,,%,0.3505991045,,,,,
TCB_ratio_min,358,2025-Q1 | RT_BANK_EQUITY_TO_LOANS |   ‣ Vốn chủ / Dư nợ cho vay | 59 | 2 | % | 0.2319637183,2025-Q1,RT_BANK_EQUITY_TO_LOANS,  ‣ Vốn chủ / Dư nợ cho vay,59,2,,%,0.2319637183,,,,,
TCB_ratio_min,359,2025-Q1 | RT_BANK_LLR_TO_LOANS |   ‣ Dự phòng rủi ro / Dư nợ cho vay | 60 | 2 | % | 0.0130868636,2025-Q1,RT_BANK_LLR_TO_LOANS,  ‣ Dự phòng rủi ro / Dư nợ cho vay,60,2,,%,0.0130868636,,,,,
TCB_ratio_min,393,2024-Q4 | RT_ASSETS_CURRENT_DEPOSITS |   ‣ Tiền gửi không kỳ hạn | 34 | 2 | tỷ VNĐ | nan,2024-Q4,RT_ASSETS_CURRENT_DEPOSITS,  ‣ Tiền gửi không kỳ hạn,34,2,,tỷ VNĐ,,,,,,
TCB_ratio_min,394,2024-Q4 | RT_ASSETS_DEPOSITS_SPECIAL |   ‣ Tiền gửi chuyên dùng | 35 | 2 | tỷ VNĐ | nan,2024-Q4,RT_ASSETS_DEPOSITS_SPECIAL,  ‣ Tiền gửi chuyên dùng,35,2,,tỷ VNĐ,,,,,,
TCB_ratio_min,395,2024-Q4 | RT_ASSETS_DEPOSITS_CUSTOMERS |   ‣ Tiền gửi khách hàng | 36 | 2 | tỷ VNĐ | nan,2024-Q4,RT_ASSETS_DEPOSITS_CUSTOMERS,  ‣ Tiền gửi khách hàng,36,2,,tỷ VNĐ,,,,,,
TCB_ratio_min,396,2024-Q4 | RT_ASSETS_MARGIN_DEPOSITS |   ‣ Tiền gửi ký quỹ | 37 | 2 | tỷ VNĐ | nan,2024-Q4,RT_ASSETS_MARGIN_DEPOSITS,  ‣ Tiền gửi ký quỹ,37,2,,tỷ VNĐ,,,,,,
TCB_ratio_min,399,2024-Q4 | RT_LEV_LOAN_EQUITY |   ‣ Vay ngắn và dài hạn trên vốn chủ sở hữu | 40 | 2 | lần | 0.0,2024-Q4,RT_LEV_LOAN_EQUITY,  ‣ Vay ngắn và dài hạn trên vốn chủ sở hữu,40,2,,lần,0.0,,,,,
TCB_ratio_min,405,2024-Q4 | RT_BANK_NIM |   ‣ Biên lãi thuần | 46 | 2 | % | 0.0424193307,2024-Q4,RT_BANK_NIM,  ‣ Biên lãi thuần,46,2,,%,0.0424193307,,,,,
TCB_ratio_min,410,2024-Q4 | RT_BANK_LOAN_GROWTH |   ‣ Tăng trưởng tín dụng | 51 | 2 | % | 0.2180376641,2024-Q4,RT_BANK_LOAN_GROWTH,  ‣ Tăng trưởng tín dụng,51,2,,%,0.2180376641,,,,,
TCB_ratio_min,411,2024-Q4 | RT_BANK_DEPOSIT_GROWTH |   ‣ Tăng trưởng huy động | 52 | 2 | % | 0.1731655217,2024-Q4,RT_BANK_DEPOSIT_GROWTH,  ‣ Tăng trưởng huy động,52,2,,%,0.1731655217,,,,,
TCB_ratio_min,412,2024-Q4 | RT_BANK_LDR |   ‣ Tỷ lệ cấp tín dụng trên huy động | 53 | 2 | % | 1.1843532514,2024-Q4,RT_BANK_LDR,  ‣ Tỷ lệ cấp tín dụng trên huy động,53,2,,%,1.1843532514,,,,,
TCB_ratio_min,415,2024-Q4 | RT_BANK_PROVISION_TO_LOANS |   ‣ Tỷ lệ dự phòng trên dư nợ | 56 | 2 | % | -0.0070973796,2024-Q4,RT_BANK_PROVISION_TO_LOANS,  ‣ Tỷ lệ dự phòng trên dư nợ,56,2,,%,-0.0070973796,,,,,
TCB_ratio_min,417,2024-Q4 | RT_BANK_CASA |   ‣ Tỷ lệ tiền gửi không kỳ hạn | 58 | 2 | % | 0.3735381769,2024-Q4,RT_BANK_CASA,  ‣ Tỷ lệ tiền gửi không kỳ hạn,58,2,,%,0.3735381769,,,,,
TCB_ratio_min,418,2024-Q4 | RT_BANK_EQUITY_TO_LOANS |   ‣ Vốn chủ / Dư nợ cho vay | 59 | 2 | % | 0.2341835916,2024-Q4,RT_BANK_EQUITY_TO_LOANS,  ‣ Vốn chủ / Dư nợ cho vay,59,2,,%,0.2341835916,,,,,
TCB_ratio_min,419,2024-Q4 | RT_BANK_LLR_TO_LOANS |   ‣ Dự phòng rủi ro / Dư nợ cho vay | 60 | 2 | % | 0.012807303,2024-Q4,RT_BANK_LLR_TO_LOANS,  ‣ Dự phòng rủi ro / Dư nợ cho vay,60,2,,%,0.012807303,,,,,
TCB_ratio_min,453,2024-Q3 | RT_ASSETS_CURRENT_DEPOSITS |   ‣ Tiền gửi không kỳ hạn | 34 | 2 | tỷ VNĐ | nan,2024-Q3,RT_ASSETS_CURRENT_DEPOSITS,  ‣ Tiền gửi không kỳ hạn,34,2,,tỷ VNĐ,,,,,,
TCB_ratio_min,454,2024-Q3 | RT_ASSETS_DEPOSITS_SPECIAL |   ‣ Tiền gửi chuyên dùng | 35 | 2 | tỷ VNĐ | nan,2024-Q3,RT_ASSETS_DEPOSITS_SPECIAL,  ‣ Tiền gửi chuyên dùng,35,2,,tỷ VNĐ,,,,,,
TCB_ratio_min,455,2024-Q3 | RT_ASSETS_DEPOSITS_CUSTOMERS |   ‣ Tiền gửi khách hàng | 36 | 2 | tỷ VNĐ | nan,2024-Q3,RT_ASSETS_DEPOSITS_CUSTOMERS,  ‣ Tiền gửi khách hàng,36,2,,tỷ VNĐ,,,,,,
TCB_ratio_min,456,2024-Q3 | RT_ASSETS_MARGIN_DEPOSITS |   ‣ Tiền gửi ký quỹ | 37 | 2 | tỷ VNĐ | nan,2024-Q3,RT_ASSETS_MARGIN_DEPOSITS,  ‣ Tiền gửi ký quỹ,37,2,,tỷ VNĐ,,,,,,
TCB_ratio_min,459,2024-Q3 | RT_LEV_LOAN_EQUITY |   ‣ Vay ngắn và dài hạn trên vốn chủ sở hữu | 40 | 2 | lần | 0.0,2024-Q3,RT_LEV_LOAN_EQUITY,  ‣ Vay ngắn và dài hạn trên vốn chủ sở hữu,40,2,,lần,0.0,,,,,
TCB_ratio_min,465,2024-Q3 | RT_BANK_NIM |   ‣ Biên lãi thuần | 46 | 2 | % | 0.0427319024,2024-Q3,RT_BANK_NIM,  ‣ Biên lãi thuần,46,2,,%,0.0427319024,,,,,
TCB_ratio_min,470,2024-Q3 | RT_BANK_LOAN_GROWTH |   ‣ Tăng trưởng tín dụng | 51 | 2 | % | 0.0577748227,2024-Q3,RT_BANK_LOAN_GROWTH,  ‣ Tăng trưởng tín dụng,51,2,,%,0.0577748227,,,,,
TCB_ratio_min,471,2024-Q3 | RT_BANK_DEPOSIT_GROWTH |   ‣ Tăng trưởng huy động | 52 | 2 | % | 0.0271733937,2024-Q3,RT_BANK_DEPOSIT_GROWTH,  ‣ Tăng trưởng huy động,52,2,,%,0.0271733937,,,,,
TCB_ratio_min,472,2024-Q3 | RT_BANK_LDR |   ‣ Tỷ lệ cấp tín dụng trên huy động | 53 | 2 | % | 1.2653514377,2024-Q3,RT_BANK_LDR,  ‣ Tỷ lệ cấp tín dụng trên huy động,53,2,,%,1.2653514377,,,,,
TCB_ratio_min,475,2024-Q3 | RT_BANK_PROVISION_TO_LOANS |   ‣ Tỷ lệ dự phòng trên dư nợ | 56 | 2 | % | -0.0097526687,2024-Q3,RT_BANK_PROVISION_TO_LOANS,  ‣ Tỷ lệ dự phòng trên dư nợ,56,2,,%,-0.0097526687,,,,,
TCB_ratio_min,477,2024-Q3 | RT_BANK_CASA |   ‣ Tỷ lệ tiền gửi không kỳ hạn | 58 | 2 | % | 0.3653753355,2024-Q3,RT_BANK_CASA,  ‣ Tỷ lệ tiền gửi không kỳ hạn,58,2,,%,0.3653753355,,,,,
TCB_ratio_min,478,2024-Q3 | RT_BANK_EQUITY_TO_LOANS |   ‣ Vốn chủ / Dư nợ cho vay | 59 | 2 | % | 0.2305127064,2024-Q3,RT_BANK_EQUITY_TO_LOANS,  ‣ Vốn chủ / Dư nợ cho vay,59,2,,%,0.2305127064,,,,,
TCB_ratio_min,479,2024-Q3 | RT_BANK_LLR_TO_LOANS |   ‣ Dự phòng rủi ro / Dư nợ cho vay | 60 | 2 | % | 0.013358343,2024-Q3,RT_BANK_LLR_TO_LOANS,  ‣ Dự phòng rủi ro / Dư nợ cho vay,60,2,,%,0.013358343,,,,,
TCB_ratio_min,513,2024-Q2 | RT_ASSETS_CURRENT_DEPOSITS |   ‣ Tiền gửi không kỳ hạn | 34 | 2 | tỷ VNĐ | nan,2024-Q2,RT_ASSETS_CURRENT_DEPOSITS,  ‣ Tiền gửi không kỳ hạn,34,2,,tỷ VNĐ,,,,,,
TCB_ratio_min,514,2024-Q2 | RT_ASSETS_DEPOSITS_SPECIAL |   ‣ Tiền gửi chuyên dùng | 35 | 2 | tỷ VNĐ | nan,2024-Q2,RT_ASSETS_DEPOSITS_SPECIAL,  ‣ Tiền gửi chuyên dùng,35,2,,tỷ VNĐ,,,,,,
TCB_ratio_min,515,2024-Q2 | RT_ASSETS_DEPOSITS_CUSTOMERS |   ‣ Tiền gửi khách hàng | 36 | 2 | tỷ VNĐ | nan,2024-Q2,RT_ASSETS_DEPOSITS_CUSTOMERS,  ‣ Tiền gửi khách hàng,36,2,,tỷ VNĐ,,,,,,
TCB_ratio_min,516,2024-Q2 | RT_ASSETS_MARGIN_DEPOSITS |   ‣ Tiền gửi ký quỹ | 37 | 2 | tỷ VNĐ | nan,2024-Q2,RT_ASSETS_MARGIN_DEPOSITS,  ‣ Tiền gửi ký quỹ,37,2,,tỷ VNĐ,,,,,,
TCB_ratio_min,519,2024-Q2 | RT_LEV_LOAN_EQUITY |   ‣ Vay ngắn và dài hạn trên vốn chủ sở hữu | 40 | 2 | lần | 0.0,2024-Q2,RT_LEV_LOAN_EQUITY,  ‣ Vay ngắn và dài hạn trên vốn chủ sở hữu,40,2,,lần,0.0,,,,,
TCB_ratio_min,525,2024-Q2 | RT_BANK_NIM |   ‣ Biên lãi thuần | 46 | 2 | % | 0.0428759579,2024-Q2,RT_BANK_NIM,  ‣ Biên lãi thuần,46,2,,%,0.0428759579,,,,,
TCB_ratio_min,530,2024-Q2 | RT_BANK_LOAN_GROWTH |   ‣ Tăng trưởng tín dụng | 51 | 2 | % | 0.0586585766,2024-Q2,RT_BANK_LOAN_GROWTH,  ‣ Tăng trưởng tín dụng,51,2,,%,0.0586585766,,,,,
TCB_ratio_min,531,2024-Q2 | RT_BANK_DEPOSIT_GROWTH |   ‣ Tăng trưởng huy động | 52 | 2 | % | 0.0520031288,2024-Q2,RT_BANK_DEPOSIT_GROWTH,  ‣ Tăng trưởng huy động,52,2,,%,0.0520031288,,,,,
TCB_ratio_min,532,2024-Q2 | RT_BANK_LDR |   ‣ Tỷ lệ cấp tín dụng trên huy động | 53 | 2 | % | 1.2287448166,2024-Q2,RT_BANK_LDR,  ‣ Tỷ lệ cấp tín dụng trên huy động,53,2,,%,1.2287448166,,,,,
TCB_ratio_min,535,2024-Q2 | RT_BANK_PROVISION_TO_LOANS |   ‣ Tỷ lệ dự phòng trên dư nợ | 56 | 2 | % | -0.0101313078,2024-Q2,RT_BANK_PROVISION_TO_LOANS,  ‣ Tỷ lệ dự phòng trên dư nợ,56,2,,%,-0.0101313078,,,,,
TCB_ratio_min,537,2024-Q2 | RT_BANK_CASA |   ‣ Tỷ lệ tiền gửi không kỳ hạn | 58 | 2 | % | 0.3737472745,2024-Q2,RT_BANK_CASA,  ‣ Tỷ lệ tiền gửi không kỳ hạn,58,2,,%,0.3737472745,,,,,
TCB_ratio_min,538,2024-Q2 | RT_BANK_EQUITY_TO_LOANS |   ‣ Vốn chủ / Dư nợ cho vay | 59 | 2 | % | 0.2340070456,2024-Q2,RT_BANK_EQUITY_TO_LOANS,  ‣ Vốn chủ / Dư nợ cho vay,59,2,,%,0.2340070456,,,,,
TCB_ratio_min,539,2024-Q2 | RT_BANK_LLR_TO_LOANS |   ‣ Dự phòng rủi ro / Dư nợ cho vay | 60 | 2 | % | 0.0124472238,2024-Q2,RT_BANK_LLR_TO_LOANS,  ‣ Dự phòng rủi ro / Dư nợ cho vay,60,2,,%,0.0124472238,,,,,
TCB_ratio_min,573,2024-Q1 | RT_ASSETS_CURRENT_DEPOSITS |   ‣ Tiền gửi không kỳ hạn | 34 | 2 | tỷ VNĐ | nan,2024-Q1,RT_ASSETS_CURRENT_DEPOSITS,  ‣ Tiền gửi không kỳ hạn,34,2,,tỷ VNĐ,,,,,,
TCB_ratio_min,574,2024-Q1 | RT_ASSETS_DEPOSITS_SPECIAL |   ‣ Tiền gửi chuyên dùng | 35 | 2 | tỷ VNĐ | nan,2024-Q1,RT_ASSETS_DEPOSITS_SPECIAL,  ‣ Tiền gửi chuyên dùng,35,2,,tỷ VNĐ,,,,,,
TCB_ratio_min,575,2024-Q1 | RT_ASSETS_DEPOSITS_CUSTOMERS |   ‣ Tiền gửi khách hàng | 36 | 2 | tỷ VNĐ | nan,2024-Q1,RT_ASSETS_DEPOSITS_CUSTOMERS,  ‣ Tiền gửi khách hàng,36,2,,tỷ VNĐ,,,,,,
TCB_ratio_min,576,2024-Q1 | RT_ASSETS_MARGIN_DEPOSITS |   ‣ Tiền gửi ký quỹ | 37 | 2 | tỷ VNĐ | nan,2024-Q1,RT_ASSETS_MARGIN_DEPOSITS,  ‣ Tiền gửi ký quỹ,37,2,,tỷ VNĐ,,,,,,
TCB_ratio_min,579,2024-Q1 | RT_LEV_LOAN_EQUITY |   ‣ Vay ngắn và dài hạn trên vốn chủ sở hữu | 40 | 2 | lần | 0.0,2024-Q1,RT_LEV_LOAN_EQUITY,  ‣ Vay ngắn và dài hạn trên vốn chủ sở hữu,40,2,,lần,0.0,,,,,
TCB_ratio_min,585,2024-Q1 | RT_BANK_NIM |   ‣ Biên lãi thuần | 46 | 2 | % | 0.0409849949,2024-Q1,RT_BANK_NIM,  ‣ Biên lãi thuần,46,2,,%,0.0409849949,,,,,
TCB_ratio_min,590,2024-Q1 | RT_BANK_LOAN_GROWTH |   ‣ Tăng trưởng tín dụng | 51 | 2 | % | 0.0783495183,2024-Q1,RT_BANK_LOAN_GROWTH,  ‣ Tăng trưởng tín dụng,51,2,,%,0.0783495183,,,,,
TCB_ratio_min,591,2024-Q1 | RT_BANK_DEPOSIT_GROWTH |   ‣ Tăng trưởng huy động | 52 | 2 | % | 0.0074339181,2024-Q1,RT_BANK_DEPOSIT_GROWTH,  ‣ Tăng trưởng huy động,52,2,,%,0.0074339181,,,,,
TCB_ratio_min,592,2024-Q1 | RT_BANK_LDR |   ‣ Tỷ lệ cấp tín dụng trên huy động | 53 | 2 | % | 1.221020091,2024-Q1,RT_BANK_LDR,  ‣ Tỷ lệ cấp tín dụng trên huy động,53,2,,%,1.221020091,,,,,
TCB_ratio_min,595,2024-Q1 | RT_BANK_PROVISION_TO_LOANS |   ‣ Tỷ lệ dự phòng trên dư nợ | 56 | 2 | % | -0.0091036636,2024-Q1,RT_BANK_PROVISION_TO_LOANS,  ‣ Tỷ lệ dự phòng trên dư nợ,56,2,,%,-0.0091036636,,,,,
TCB_ratio_min,597,2024-Q1 | RT_BANK_CASA |   ‣ Tỷ lệ tiền gửi không kỳ hạn | 58 | 2 | % | 0.404665317,2024-Q1,RT_BANK_CASA,  ‣ Tỷ lệ tiền gửi không kỳ hạn,58,2,,%,0.404665317,,,,,
TCB_ratio_min,598,2024-Q1 | RT_BANK_EQUITY_TO_LOANS |   ‣ Vốn chủ / Dư nợ cho vay | 59 | 2 | % | 0.2465196215,2024-Q1,RT_BANK_EQUITY_TO_LOANS,  ‣ Vốn chủ / Dư nợ cho vay,59,2,,%,0.2465196215,,,,,
TCB_ratio_min,599,2024-Q1 | RT_BANK_LLR_TO_LOANS |   ‣ Dự phòng rủi ro / Dư nợ cho vay | 60 | 2 | % | 0.0119793329,2024-Q1,RT_BANK_LLR_TO_LOANS,  ‣ Dự phòng rủi ro / Dư nợ cho vay,60,2,,%,0.0119793329,,,,,
TCB_ratio_min,633,2023-Q4 | RT_ASSETS_CURRENT_DEPOSITS |   ‣ Tiền gửi không kỳ hạn | 34 | 2 | tỷ VNĐ | nan,2023-Q4,RT_ASSETS_CURRENT_DEPOSITS,  ‣ Tiền gửi không kỳ hạn,34,2,,tỷ VNĐ,,,,,,
TCB_ratio_min,634,2023-Q4 | RT_ASSETS_DEPOSITS_SPECIAL |   ‣ Tiền gửi chuyên dùng | 35 | 2 | tỷ VNĐ | nan,2023-Q4,RT_ASSETS_DEPOSITS_SPECIAL,  ‣ Tiền gửi chuyên dùng,35,2,,tỷ VNĐ,,,,,,
TCB_ratio_min,635,2023-Q4 | RT_ASSETS_DEPOSITS_CUSTOMERS |   ‣ Tiền gửi khách hàng | 36 | 2 | tỷ VNĐ | nan,2023-Q4,RT_ASSETS_DEPOSITS_CUSTOMERS,  ‣ Tiền gửi khách hàng,36,2,,tỷ VNĐ,,,,,,
TCB_ratio_min,636,2023-Q4 | RT_ASSETS_MARGIN_DEPOSITS |   ‣ Tiền gửi ký quỹ | 37 | 2 | tỷ VNĐ | nan,2023-Q4,RT_ASSETS_MARGIN_DEPOSITS,  ‣ Tiền gửi ký quỹ,37,2,,tỷ VNĐ,,,,,,
TCB_ratio_min,639,2023-Q4 | RT_LEV_LOAN_EQUITY |   ‣ Vay ngắn và dài hạn trên vốn chủ sở hữu | 40 | 2 | lần | 0.0,2023-Q4,RT_LEV_LOAN_EQUITY,  ‣ Vay ngắn và dài hạn trên vốn chủ sở hữu,40,2,,lần,0.0,,,,,
TCB_ratio_min,645,2023-Q4 | RT_BANK_NIM |   ‣ Biên lãi thuần | 46 | 2 | % | 0.0403256975,2023-Q4,RT_BANK_NIM,  ‣ Biên lãi thuần,46,2,,%,0.0403256975,,,,,
TCB_ratio_min,650,2023-Q4 | RT_BANK_LOAN_GROWTH |   ‣ Tăng trưởng tín dụng | 51 | 2 | % | 0.2333230252,2023-Q4,RT_BANK_LOAN_GROWTH,  ‣ Tăng trưởng tín dụng,51,2,,%,0.2333230252,,,,,
TCB_ratio_min,651,2023-Q4 | RT_BANK_DEPOSIT_GROWTH |   ‣ Tăng trưởng huy động | 52 | 2 | % | 0.2685713657,2023-Q4,RT_BANK_DEPOSIT_GROWTH,  ‣ Tăng trưởng huy động,52,2,,%,0.2685713657,,,,,
TCB_ratio_min,652,2023-Q4 | RT_BANK_LDR |   ‣ Tỷ lệ cấp tín dụng trên huy động | 53 | 2 | % | 1.1407220327,2023-Q4,RT_BANK_LDR,  ‣ Tỷ lệ cấp tín dụng trên huy động,53,2,,%,1.1407220327,,,,,
TCB_ratio_min,655,2023-Q4 | RT_BANK_PROVISION_TO_LOANS |   ‣ Tỷ lệ dự phòng trên dư nợ | 56 | 2 | % | -0.0083501128,2023-Q4,RT_BANK_PROVISION_TO_LOANS,  ‣ Tỷ lệ dự phòng trên dư nợ,56,2,,%,-0.0083501128,,,,,
TCB_ratio_min,657,2023-Q4 | RT_BANK_CASA |   ‣ Tỷ lệ tiền gửi không kỳ hạn | 58 | 2 | % | 0.3991410726,2023-Q4,RT_BANK_CASA,  ‣ Tỷ lệ tiền gửi không kỳ hạn,58,2,,%,0.3991410726,,,,,
TCB_ratio_min,658,2023-Q4 | RT_BANK_EQUITY_TO_LOANS |   ‣ Vốn chủ / Dư nợ cho vay | 59 | 2 | % | 0.2537707602,2023-Q4,RT_BANK_EQUITY_TO_LOANS,  ‣ Vốn chủ / Dư nợ cho vay,59,2,,%,0.2537707602,,,,,
TCB_ratio_min,659,2023-Q4 | RT_BANK_LLR_TO_LOANS |   ‣ Dự phòng rủi ro / Dư nợ cho vay | 60 | 2 | % | 0.0118152813,2023-Q4,RT_BANK_LLR_TO_LOANS,  ‣ Dự phòng rủi ro / Dư nợ cho vay,60,2,,%,0.0118152813,,,,,
TCB_ratio_min,693,2023-Q3 | RT_ASSETS_CURRENT_DEPOSITS |   ‣ Tiền gửi không kỳ hạn | 34 | 2 | tỷ VNĐ | nan,2023-Q3,RT_ASSETS_CURRENT_DEPOSITS,  ‣ Tiền gửi không kỳ hạn,34,2,,tỷ VNĐ,,,,,,
TCB_ratio_min,694,2023-Q3 | RT_ASSETS_DEPOSITS_SPECIAL |   ‣ Tiền gửi chuyên dùng | 35 | 2 | tỷ VNĐ | nan,2023-Q3,RT_ASSETS_DEPOSITS_SPECIAL,  ‣ Tiền gửi chuyên dùng,35,2,,tỷ VNĐ,,,,,,
TCB_ratio_min,695,2023-Q3 | RT_ASSETS_DEPOSITS_CUSTOMERS |   ‣ Tiền gửi khách hàng | 36 | 2 | tỷ VNĐ | nan,2023-Q3,RT_ASSETS_DEPOSITS_CUSTOMERS,  ‣ Tiền gửi khách hàng,36,2,,tỷ VNĐ,,,,,,
TCB_ratio_min,696,2023-Q3 | RT_ASSETS_MARGIN_DEPOSITS |   ‣ Tiền gửi ký quỹ | 37 | 2 | tỷ VNĐ | nan,2023-Q3,RT_ASSETS_MARGIN_DEPOSITS,  ‣ Tiền gửi ký quỹ,37,2,,tỷ VNĐ,,,,,,
TCB_ratio_min,699,2023-Q3 | RT_LEV_LOAN_EQUITY |   ‣ Vay ngắn và dài hạn trên vốn chủ sở hữu | 40 | 2 | lần | 0.0,2023-Q3,RT_LEV_LOAN_EQUITY,  ‣ Vay ngắn và dài hạn trên vốn chủ sở hữu,40,2,,lần,0.0,,,,,
TCB_ratio_min,705,2023-Q3 | RT_BANK_NIM |   ‣ Biên lãi thuần | 46 | 2 | % | 0.0412021869,2023-Q3,RT_BANK_NIM,  ‣ Biên lãi thuần,46,2,,%,0.0412021869,,,,,
TCB_ratio_min,710,2023-Q3 | RT_BANK_LOAN_GROWTH |   ‣ Tăng trưởng tín dụng | 51 | 2 | % | 0.0194179519,2023-Q3,RT_BANK_LOAN_GROWTH,  ‣ Tăng trưởng tín dụng,51,2,,%,0.0194179519,,,,,
TCB_ratio_min,711,2023-Q3 | RT_BANK_DEPOSIT_GROWTH |   ‣ Tăng trưởng huy động | 52 | 2 | % | 0.0709472443,2023-Q3,RT_BANK_DEPOSIT_GROWTH,  ‣ Tăng trưởng huy động,52,2,,%,0.0709472443,,,,,
TCB_ratio_min,712,2023-Q3 | RT_BANK_LDR |   ‣ Tỷ lệ cấp tín dụng trên huy động | 53 | 2 | % | 1.1627231396,2023-Q3,RT_BANK_LDR,  ‣ Tỷ lệ cấp tín dụng trên huy động,53,2,,%,1.1627231396,,,,,
TCB_ratio_min,715,2023-Q3 | RT_BANK_PROVISION_TO_LOANS |   ‣ Tỷ lệ dự phòng trên dư nợ | 56 | 2 | % | -0.0065161219,2023-Q3,RT_BANK_PROVISION_TO_LOANS,  ‣ Tỷ lệ dự phòng trên dư nợ,56,2,,%,-0.0065161219,,,,,
TCB_ratio_min,717,2023-Q3 | RT_BANK_CASA |   ‣ Tỷ lệ tiền gửi không kỳ hạn | 58 | 2 | % | 0.3363451966,2023-Q3,RT_BANK_CASA,  ‣ Tỷ lệ tiền gửi không kỳ hạn,58,2,,%,0.3363451966,,,,,
TCB_ratio_min,718,2023-Q3 | RT_BANK_EQUITY_TO_LOANS |   ‣ Vốn chủ / Dư nợ cho vay | 59 | 2 | % | 0.2673008664,2023-Q3,RT_BANK_EQUITY_TO_LOANS,  ‣ Vốn chủ / Dư nợ cho vay,59,2,,%,0.2673008664,,,,,
TCB_ratio_min,719,2023-Q3 | RT_BANK_LLR_TO_LOANS |   ‣ Dự phòng rủi ro / Dư nợ cho vay | 60 | 2 | % | 0.0126513946,2023-Q3,RT_BANK_LLR_TO_LOANS,  ‣ Dự phòng rủi ro / Dư nợ cho vay,60,2,,%,0.0126513946,,,,,
TCB_ratio_min,753,2023-Q2 | RT_ASSETS_CURRENT_DEPOSITS |   ‣ Tiền gửi không kỳ hạn | 34 | 2 | tỷ VNĐ | nan,2023-Q2,RT_ASSETS_CURRENT_DEPOSITS,  ‣ Tiền gửi không kỳ hạn,34,2,,tỷ VNĐ,,,,,,
TCB_ratio_min,754,2023-Q2 | RT_ASSETS_DEPOSITS_SPECIAL |   ‣ Tiền gửi chuyên dùng | 35 | 2 | tỷ VNĐ | nan,2023-Q2,RT_ASSETS_DEPOSITS_SPECIAL,  ‣ Tiền gửi chuyên dùng,35,2,,tỷ VNĐ,,,,,,
TCB_ratio_min,755,2023-Q2 | RT_ASSETS_DEPOSITS_CUSTOMERS |   ‣ Tiền gửi khách hàng | 36 | 2 | tỷ VNĐ | nan,2023-Q2,RT_ASSETS_DEPOSITS_CUSTOMERS,  ‣ Tiền gửi khách hàng,36,2,,tỷ VNĐ,,,,,,
TCB_ratio_min,756,2023-Q2 | RT_ASSETS_MARGIN_DEPOSITS |   ‣ Tiền gửi ký quỹ | 37 | 2 | tỷ VNĐ | nan,2023-Q2,RT_ASSETS_MARGIN_DEPOSITS,  ‣ Tiền gửi ký quỹ,37,2,,tỷ VNĐ,,,,,,
TCB_ratio_min,759,2023-Q2 | RT_LEV_LOAN_EQUITY |   ‣ Vay ngắn và dài hạn trên vốn chủ sở hữu | 40 | 2 | lần | 0.0,2023-Q2,RT_LEV_LOAN_EQUITY,  ‣ Vay ngắn và dài hạn trên vốn chủ sở hữu,40,2,,lần,0.0,,,,,
TCB_ratio_min,765,2023-Q2 | RT_BANK_NIM |   ‣ Biên lãi thuần | 46 | 2 | % | 0.043358568,2023-Q2,RT_BANK_NIM,  ‣ Biên lãi thuần,46,2,,%,0.043358568,,,,,
TCB_ratio_min,770,2023-Q2 | RT_BANK_LOAN_GROWTH |   ‣ Tăng trưởng tín dụng | 51 | 2 | % | 0.0024082745,2023-Q2,RT_BANK_LOAN_GROWTH,  ‣ Tăng trưởng tín dụng,51,2,,%,0.0024082745,,,,,
TCB_ratio_min,771,2023-Q2 | RT_BANK_DEPOSIT_GROWTH |   ‣ Tăng trưởng huy động | 52 | 2 | % | -0.0138171989,2023-Q2,RT_BANK_DEPOSIT_GROWTH,  ‣ Tăng trưởng huy động,52,2,,%,-0.0138171989,,,,,
TCB_ratio_min,772,2023-Q2 | RT_BANK_LDR |   ‣ Tỷ lệ cấp tín dụng trên huy động | 53 | 2 | % | 1.2214961881,2023-Q2,RT_BANK_LDR,  ‣ Tỷ lệ cấp tín dụng trên huy động,53,2,,%,1.2214961881,,,,,
TCB_ratio_min,775,2023-Q2 | RT_BANK_PROVISION_TO_LOANS |   ‣ Tỷ lệ dự phòng trên dư nợ | 56 | 2 | % | -0.0059949322,2023-Q2,RT_BANK_PROVISION_TO_LOANS,  ‣ Tỷ lệ dự phòng trên dư nợ,56,2,,%,-0.0059949322,,,,,
TCB_ratio_min,777,2023-Q2 | RT_BANK_CASA |   ‣ Tỷ lệ tiền gửi không kỳ hạn | 58 | 2 | % | 0.3491994805,2023-Q2,RT_BANK_CASA,  ‣ Tỷ lệ tiền gửi không kỳ hạn,58,2,,%,0.3491994805,,,,,
TCB_ratio_min,778,2023-Q2 | RT_BANK_EQUITY_TO_LOANS |   ‣ Vốn chủ / Dư nợ cho vay | 59 | 2 | % | 0.2624926868,2023-Q2,RT_BANK_EQUITY_TO_LOANS,  ‣ Vốn chủ / Dư nợ cho vay,59,2,,%,0.2624926868,,,,,
TCB_ratio_min,779,2023-Q2 | RT_BANK_LLR_TO_LOANS |   ‣ Dự phòng rủi ro / Dư nợ cho vay | 60 | 2 | % | 0.0124171471,2023-Q2,RT_BANK_LLR_TO_LOANS,  ‣ Dự phòng rủi ro / Dư nợ cho vay,60,2,,%,0.0124171471,,,,,
TCB_ratio_min,813,2023-Q1 | RT_ASSETS_CURRENT_DEPOSITS |   ‣ Tiền gửi không kỳ hạn | 34 | 2 | tỷ VNĐ | nan,2023-Q1,RT_ASSETS_CURRENT_DEPOSITS,  ‣ Tiền gửi không kỳ hạn,34,2,,tỷ VNĐ,,,,,,
TCB_ratio_min,814,2023-Q1 | RT_ASSETS_DEPOSITS_SPECIAL |   ‣ Tiền gửi chuyên dùng | 35 | 2 | tỷ VNĐ | nan,2023-Q1,RT_ASSETS_DEPOSITS_SPECIAL,  ‣ Tiền gửi chuyên dùng,35,2,,tỷ VNĐ,,,,,,
TCB_ratio_min,815,2023-Q1 | RT_ASSETS_DEPOSITS_CUSTOMERS |   ‣ Tiền gửi khách hàng | 36 | 2 | tỷ VNĐ | nan,2023-Q1,RT_ASSETS_DEPOSITS_CUSTOMERS,  ‣ Tiền gửi khách hàng,36,2,,tỷ VNĐ,,,,,,
TCB_ratio_min,816,2023-Q1 | RT_ASSETS_MARGIN_DEPOSITS |   ‣ Tiền gửi ký quỹ | 37 | 2 | tỷ VNĐ | nan,2023-Q1,RT_ASSETS_MARGIN_DEPOSITS,  ‣ Tiền gửi ký quỹ,37,2,,tỷ VNĐ,,,,,,
TCB_ratio_min,819,2023-Q1 | RT_LEV_LOAN_EQUITY |   ‣ Vay ngắn và dài hạn trên vốn chủ sở hữu | 40 | 2 | lần | 0.0,2023-Q1,RT_LEV_LOAN_EQUITY,  ‣ Vay ngắn và dài hạn trên vốn chủ sở hữu,40,2,,lần,0.0,,,,,
TCB_ratio_min,825,2023-Q1 | RT_BANK_NIM |   ‣ Biên lãi thuần | 46 | 2 | % | 0.0473989189,2023-Q1,RT_BANK_NIM,  ‣ Biên lãi thuần,46,2,,%,0.0473989189,,,,,
TCB_ratio_min,830,2023-Q1 | RT_BANK_LOAN_GROWTH |   ‣ Tăng trưởng tín dụng | 51 | 2 | % | 0.1067755265,2023-Q1,RT_BANK_LOAN_GROWTH,  ‣ Tăng trưởng tín dụng,51,2,,%,0.1067755265,,,,,
TCB_ratio_min,831,2023-Q1 | RT_BANK_DEPOSIT_GROWTH |   ‣ Tăng trưởng huy động | 52 | 2 | % | 0.080618864,2023-Q1,RT_BANK_DEPOSIT_GROWTH,  ‣ Tăng trưởng huy động,52,2,,%,0.080618864,,,,,
TCB_ratio_min,832,2023-Q1 | RT_BANK_LDR |   ‣ Tỷ lệ cấp tín dụng trên huy động | 53 | 2 | % | 1.2017244499,2023-Q1,RT_BANK_LDR,  ‣ Tỷ lệ cấp tín dụng trên huy động,53,2,,%,1.2017244499,,,,,
TCB_ratio_min,835,2023-Q1 | RT_BANK_PROVISION_TO_LOANS |   ‣ Tỷ lệ dự phòng trên dư nợ | 56 | 2 | % | -0.0053365232,2023-Q1,RT_BANK_PROVISION_TO_LOANS,  ‣ Tỷ lệ dự phòng trên dư nợ,56,2,,%,-0.0053365232,,,,,
TCB_ratio_min,837,2023-Q1 | RT_BANK_CASA |   ‣ Tỷ lệ tiền gửi không kỳ hạn | 58 | 2 | % | 0.3203339623,2023-Q1,RT_BANK_CASA,  ‣ Tỷ lệ tiền gửi không kỳ hạn,58,2,,%,0.3203339623,,,,,
TCB_ratio_min,838,2023-Q1 | RT_BANK_EQUITY_TO_LOANS |   ‣ Vốn chủ / Dư nợ cho vay | 59 | 2 | % | 0.2534572242,2023-Q1,RT_BANK_EQUITY_TO_LOANS,  ‣ Vốn chủ / Dư nợ cho vay,59,2,,%,0.2534572242,,,,,
TCB_ratio_min,839,2023-Q1 | RT_BANK_LLR_TO_LOANS |   ‣ Dự phòng rủi ro / Dư nợ cho vay | 60 | 2 | % | 0.0113447023,2023-Q1,RT_BANK_LLR_TO_LOANS,  ‣ Dự phòng rủi ro / Dư nợ cho vay,60,2,,%,0.0113447023,,,,,
TCB_ratio_min,873,2022-Q4 | RT_ASSETS_CURRENT_DEPOSITS |   ‣ Tiền gửi không kỳ hạn | 34 | 2 | tỷ VNĐ | nan,2022-Q4,RT_ASSETS_CURRENT_DEPOSITS,  ‣ Tiền gửi không kỳ hạn,34,2,,tỷ VNĐ,,,,,,
TCB_ratio_min,874,2022-Q4 | RT_ASSETS_DEPOSITS_SPECIAL |   ‣ Tiền gửi chuyên dùng | 35 | 2 | tỷ VNĐ | nan,2022-Q4,RT_ASSETS_DEPOSITS_SPECIAL,  ‣ Tiền gửi chuyên dùng,35,2,,tỷ VNĐ,,,,,,
TCB_ratio_min,875,2022-Q4 | RT_ASSETS_DEPOSITS_CUSTOMERS |   ‣ Tiền gửi khách hàng | 36 | 2 | tỷ VNĐ | nan,2022-Q4,RT_ASSETS_DEPOSITS_CUSTOMERS,  ‣ Tiền gửi khách hàng,36,2,,tỷ VNĐ,,,,,,
TCB_ratio_min,876,2022-Q4 | RT_ASSETS_MARGIN_DEPOSITS |   ‣ Tiền gửi ký quỹ | 37 | 2 | tỷ VNĐ | nan,2022-Q4,RT_ASSETS_MARGIN_DEPOSITS,  ‣ Tiền gửi ký quỹ,37,2,,tỷ VNĐ,,,,,,
TCB_ratio_min,879,2022-Q4 | RT_LEV_LOAN_EQUITY |   ‣ Vay ngắn và dài hạn trên vốn chủ sở hữu | 40 | 2 | lần | 0.0,2022-Q4,RT_LEV_LOAN_EQUITY,  ‣ Vay ngắn và dài hạn trên vốn chủ sở hữu,40,2,,lần,0.0,,,,,
TCB_ratio_min,885,2022-Q4 | RT_BANK_NIM |   ‣ Biên lãi thuần | 46 | 2 | % | 0.0531923979,2022-Q4,RT_BANK_NIM,  ‣ Biên lãi thuần,46,2,,%,0.0531923979,,,,,
TCB_ratio_min,890,2022-Q4 | RT_BANK_LOAN_GROWTH |   ‣ Tăng trưởng tín dụng | 51 | 2 | % | 0.2106932657,2022-Q4,RT_BANK_LOAN_GROWTH,  ‣ Tăng trưởng tín dụng,51,2,,%,0.2106932657,,,,,
TCB_ratio_min,891,2022-Q4 | RT_BANK_DEPOSIT_GROWTH |   ‣ Tăng trưởng huy động | 52 | 2 | % | 0.1386843839,2022-Q4,RT_BANK_DEPOSIT_GROWTH,  ‣ Tăng trưởng huy động,52,2,,%,0.1386843839,,,,,
TCB_ratio_min,892,2022-Q4 | RT_BANK_LDR |   ‣ Tỷ lệ cấp tín dụng trên huy động | 53 | 2 | % | 1.1733238392,2022-Q4,RT_BANK_LDR,  ‣ Tỷ lệ cấp tín dụng trên huy động,53,2,,%,1.1733238392,,,,,
TCB_ratio_min,895,2022-Q4 | RT_BANK_PROVISION_TO_LOANS |   ‣ Tỷ lệ dự phòng trên dư nợ | 56 | 2 | % | -0.0050433191,2022-Q4,RT_BANK_PROVISION_TO_LOANS,  ‣ Tỷ lệ dự phòng trên dư nợ,56,2,,%,-0.0050433191,,,,,
TCB_ratio_min,897,2022-Q4 | RT_BANK_CASA |   ‣ Tỷ lệ tiền gửi không kỳ hạn | 58 | 2 | % | 0.3695882788,2022-Q4,RT_BANK_CASA,  ‣ Tỷ lệ tiền gửi không kỳ hạn,58,2,,%,0.3695882788,,,,,
TCB_ratio_min,898,2022-Q4 | RT_BANK_EQUITY_TO_LOANS |   ‣ Vốn chủ / Dư nợ cho vay | 59 | 2 | % | 0.2697231206,2022-Q4,RT_BANK_EQUITY_TO_LOANS,  ‣ Vốn chủ / Dư nợ cho vay,59,2,,%,0.2697231206,,,,,
TCB_ratio_min,899,2022-Q4 | RT_BANK_LLR_TO_LOANS |   ‣ Dự phòng rủi ro / Dư nợ cho vay | 60 | 2 | % | 0.0113464448,2022-Q4,RT_BANK_LLR_TO_LOANS,  ‣ Dự phòng rủi ro / Dư nợ cho vay,60,2,,%,0.0113464448,,,,,
TCB_ratio_min,933,2022-Q3 | RT_ASSETS_CURRENT_DEPOSITS |   ‣ Tiền gửi không kỳ hạn | 34 | 2 | tỷ VNĐ | nan,2022-Q3,RT_ASSETS_CURRENT_DEPOSITS,  ‣ Tiền gửi không kỳ hạn,34,2,,tỷ VNĐ,,,,,,
TCB_ratio_min,934,2022-Q3 | RT_ASSETS_DEPOSITS_SPECIAL |   ‣ Tiền gửi chuyên dùng | 35 | 2 | tỷ VNĐ | nan,2022-Q3,RT_ASSETS_DEPOSITS_SPECIAL,  ‣ Tiền gửi chuyên dùng,35,2,,tỷ VNĐ,,,,,,
TCB_ratio_min,935,2022-Q3 | RT_ASSETS_DEPOSITS_CUSTOMERS |   ‣ Tiền gửi khách hàng | 36 | 2 | tỷ VNĐ | nan,2022-Q3,RT_ASSETS_DEPOSITS_CUSTOMERS,  ‣ Tiền gửi khách hàng,36,2,,tỷ VNĐ,,,,,,
TCB_ratio_min,936,2022-Q3 | RT_ASSETS_MARGIN_DEPOSITS |   ‣ Tiền gửi ký quỹ | 37 | 2 | tỷ VNĐ | nan,2022-Q3,RT_ASSETS_MARGIN_DEPOSITS,  ‣ Tiền gửi ký quỹ,37,2,,tỷ VNĐ,,,,,,
TCB_ratio_min,939,2022-Q3 | RT_LEV_LOAN_EQUITY |   ‣ Vay ngắn và dài hạn trên vốn chủ sở hữu | 40 | 2 | lần | 0.0,2022-Q3,RT_LEV_LOAN_EQUITY,  ‣ Vay ngắn và dài hạn trên vốn chủ sở hữu,40,2,,lần,0.0,,,,,
TCB_ratio_min,945,2022-Q3 | RT_BANK_NIM |   ‣ Biên lãi thuần | 46 | 2 | % | 0.0547316868,2022-Q3,RT_BANK_NIM,  ‣ Biên lãi thuần,46,2,,%,0.0547316868,,,,,
TCB_ratio_min,950,2022-Q3 | RT_BANK_LOAN_GROWTH |   ‣ Tăng trưởng tín dụng | 51 | 2 | % | 0.0477818139,2022-Q3,RT_BANK_LOAN_GROWTH,  ‣ Tăng trưởng tín dụng,51,2,,%,0.0477818139,,,,,
TCB_ratio_min,951,2022-Q3 | RT_BANK_DEPOSIT_GROWTH |   ‣ Tăng trưởng huy động | 52 | 2 | % | -0.0084406045,2022-Q3,RT_BANK_DEPOSIT_GROWTH,  ‣ Tăng trưởng huy động,52,2,,%,-0.0084406045,,,,,
TCB_ratio_min,952,2022-Q3 | RT_BANK_LDR |   ‣ Tỷ lệ cấp tín dụng trên huy động | 53 | 2 | % | 1.2873052078,2022-Q3,RT_BANK_LDR,  ‣ Tỷ lệ cấp tín dụng trên huy động,53,2,,%,1.2873052078,,,,,
TCB_ratio_min,955,2022-Q3 | RT_BANK_PROVISION_TO_LOANS |   ‣ Tỷ lệ dự phòng trên dư nợ | 56 | 2 | % | -0.0049416731,2022-Q3,RT_BANK_PROVISION_TO_LOANS,  ‣ Tỷ lệ dự phòng trên dư nợ,56,2,,%,-0.0049416731,,,,,
TCB_ratio_min,957,2022-Q3 | RT_BANK_CASA |   ‣ Tỷ lệ tiền gửi không kỳ hạn | 58 | 2 | % | 0.4646251964,2022-Q3,RT_BANK_CASA,  ‣ Tỷ lệ tiền gửi không kỳ hạn,58,2,,%,0.4646251964,,,,,
TCB_ratio_min,958,2022-Q3 | RT_BANK_EQUITY_TO_LOANS |   ‣ Vốn chủ / Dư nợ cho vay | 59 | 2 | % | 0.2676903151,2022-Q3,RT_BANK_EQUITY_TO_LOANS,  ‣ Vốn chủ / Dư nợ cho vay,59,2,,%,0.2676903151,,,,,
TCB_ratio_min,959,2022-Q3 | RT_BANK_LLR_TO_LOANS |   ‣ Dự phòng rủi ro / Dư nợ cho vay | 60 | 2 | % | 0.010711186,2022-Q3,RT_BANK_LLR_TO_LOANS,  ‣ Dự phòng rủi ro / Dư nợ cho vay,60,2,,%,0.010711186,,,,,
TCB_ratio_min,993,2022-Q2 | RT_ASSETS_CURRENT_DEPOSITS |   ‣ Tiền gửi không kỳ hạn | 34 | 2 | tỷ VNĐ | nan,2022-Q2,RT_ASSETS_CURRENT_DEPOSITS,  ‣ Tiền gửi không kỳ hạn,34,2,,tỷ VNĐ,,,,,,
TCB_ratio_min,994,2022-Q2 | RT_ASSETS_DEPOSITS_SPECIAL |   ‣ Tiền gửi chuyên dùng | 35 | 2 | tỷ VNĐ | nan,2022-Q2,RT_ASSETS_DEPOSITS_SPECIAL,  ‣ Tiền gửi chuyên dùng,35,2,,tỷ VNĐ,,,,,,
TCB_ratio_min,995,2022-Q2 | RT_ASSETS_DEPOSITS_CUSTOMERS |   ‣ Tiền gửi khách hàng | 36 | 2 | tỷ VNĐ | nan,2022-Q2,RT_ASSETS_DEPOSITS_CUSTOMERS,  ‣ Tiền gửi khách hàng,36,2,,tỷ VNĐ,,,,,,
TCB_ratio_min,996,2022-Q2 | RT_ASSETS_MARGIN_DEPOSITS |   ‣ Tiền gửi ký quỹ | 37 | 2 | tỷ VNĐ | nan,2022-Q2,RT_ASSETS_MARGIN_DEPOSITS,  ‣ Tiền gửi ký quỹ,37,2,,tỷ VNĐ,,,,,,
TCB_ratio_min,999,2022-Q2 | RT_LEV_LOAN_EQUITY |   ‣ Vay ngắn và dài hạn trên vốn chủ sở hữu | 40 | 2 | lần | 0.0,2022-Q2,RT_LEV_LOAN_EQUITY,  ‣ Vay ngắn và dài hạn trên vốn chủ sở hữu,40,2,,lần,0.0,,,,,
TCB_ratio_min,1005,2022-Q2 | RT_BANK_NIM |   ‣ Biên lãi thuần | 46 | 2 | % | 0.055630912,2022-Q2,RT_BANK_NIM,  ‣ Biên lãi thuần,46,2,,%,0.055630912,,,,,
TCB_ratio_min,1010,2022-Q2 | RT_BANK_LOAN_GROWTH |   ‣ Tăng trưởng tín dụng | 51 | 2 | % | 0.0713101603,2022-Q2,RT_BANK_LOAN_GROWTH,  ‣ Tăng trưởng tín dụng,51,2,,%,0.0713101603,,,,,
TCB_ratio_min,1011,2022-Q2 | RT_BANK_DEPOSIT_GROWTH |   ‣ Tăng trưởng huy động | 52 | 2 | % | -0.0221347357,2022-Q2,RT_BANK_DEPOSIT_GROWTH,  ‣ Tăng trưởng huy động,52,2,,%,-0.0221347357,,,,,
TCB_ratio_min,1012,2022-Q2 | RT_BANK_LDR |   ‣ Tỷ lệ cấp tín dụng trên huy động | 53 | 2 | % | 1.2182303193,2022-Q2,RT_BANK_LDR,  ‣ Tỷ lệ cấp tín dụng trên huy động,53,2,,%,1.2182303193,,,,,
TCB_ratio_min,1015,2022-Q2 | RT_BANK_PROVISION_TO_LOANS |   ‣ Tỷ lệ dự phòng trên dư nợ | 56 | 2 | % | -0.0051948032,2022-Q2,RT_BANK_PROVISION_TO_LOANS,  ‣ Tỷ lệ dự phòng trên dư nợ,56,2,,%,-0.0051948032,,,,,
TCB_ratio_min,1017,2022-Q2 | RT_BANK_CASA |   ‣ Tỷ lệ tiền gửi không kỳ hạn | 58 | 2 | % | 0.474635164,2022-Q2,RT_BANK_CASA,  ‣ Tỷ lệ tiền gửi không kỳ hạn,58,2,,%,0.474635164,,,,,
TCB_ratio_min,1018,2022-Q2 | RT_BANK_EQUITY_TO_LOANS |   ‣ Vốn chủ / Dư nợ cho vay | 59 | 2 | % | 0.2666381125,2022-Q2,RT_BANK_EQUITY_TO_LOANS,  ‣ Vốn chủ / Dư nợ cho vay,59,2,,%,0.2666381125,,,,,
TCB_ratio_min,1019,2022-Q2 | RT_BANK_LLR_TO_LOANS |   ‣ Dự phòng rủi ro / Dư nợ cho vay | 60 | 2 | % | 0.0103328919,2022-Q2,RT_BANK_LLR_TO_LOANS,  ‣ Dự phòng rủi ro / Dư nợ cho vay,60,2,,%,0.0103328919,,,,,
TCB_ratio_min,1053,2022-Q1 | RT_ASSETS_CURRENT_DEPOSITS |   ‣ Tiền gửi không kỳ hạn | 34 | 2 | tỷ VNĐ | nan,2022-Q1,RT_ASSETS_CURRENT_DEPOSITS,  ‣ Tiền gửi không kỳ hạn,34,2,,tỷ VNĐ,,,,,,
TCB_ratio_min,1054,2022-Q1 | RT_ASSETS_DEPOSITS_SPECIAL |   ‣ Tiền gửi chuyên dùng | 35 | 2 | tỷ VNĐ | nan,2022-Q1,RT_ASSETS_DEPOSITS_SPECIAL,  ‣ Tiền gửi chuyên dùng,35,2,,tỷ VNĐ,,,,,,
TCB_ratio_min,1055,2022-Q1 | RT_ASSETS_DEPOSITS_CUSTOMERS |   ‣ Tiền gửi khách hàng | 36 | 2 | tỷ VNĐ | nan,2022-Q1,RT_ASSETS_DEPOSITS_CUSTOMERS,  ‣ Tiền gửi khách hàng,36,2,,tỷ VNĐ,,,,,,
TCB_ratio_min,1056,2022-Q1 | RT_ASSETS_MARGIN_DEPOSITS |   ‣ Tiền gửi ký quỹ | 37 | 2 | tỷ VNĐ | nan,2022-Q1,RT_ASSETS_MARGIN_DEPOSITS,  ‣ Tiền gửi ký quỹ,37,2,,tỷ VNĐ,,,,,,
TCB_ratio_min,1059,2022-Q1 | RT_LEV_LOAN_EQUITY |   ‣ Vay ngắn và dài hạn trên vốn chủ sở hữu | 40 | 2 | lần | 0.0,2022-Q1,RT_LEV_LOAN_EQUITY,  ‣ Vay ngắn và dài hạn trên vốn chủ sở hữu,40,2,,lần,0.0,,,,,
TCB_ratio_min,1065,2022-Q1 | RT_BANK_NIM |   ‣ Biên lãi thuần | 46 | 2 | % | 0.0579415057,2022-Q1,RT_BANK_NIM,  ‣ Biên lãi thuần,46,2,,%,0.0579415057,,,,,
TCB_ratio_min,1070,2022-Q1 | RT_BANK_LOAN_GROWTH |   ‣ Tăng trưởng tín dụng | 51 | 2 | % | 0.251569141,2022-Q1,RT_BANK_LOAN_GROWTH,  ‣ Tăng trưởng tín dụng,51,2,,%,0.251569141,,,,,
TCB_ratio_min,1071,2022-Q1 | RT_BANK_DEPOSIT_GROWTH |   ‣ Tăng trưởng huy động | 52 | 2 | % | 0.1344123669,2022-Q1,RT_BANK_DEPOSIT_GROWTH,  ‣ Tăng trưởng huy động,52,2,,%,0.1344123669,,,,,
TCB_ratio_min,1072,2022-Q1 | RT_BANK_LDR |   ‣ Tỷ lệ cấp tín dụng trên huy động | 53 | 2 | % | 1.1035375935,2022-Q1,RT_BANK_LDR,  ‣ Tỷ lệ cấp tín dụng trên huy động,53,2,,%,1.1035375935,,,,,
TCB_ratio_min,1075,2022-Q1 | RT_BANK_PROVISION_TO_LOANS |   ‣ Tỷ lệ dự phòng trên dư nợ | 56 | 2 | % | -0.00852856,2022-Q1,RT_BANK_PROVISION_TO_LOANS,  ‣ Tỷ lệ dự phòng trên dư nợ,56,2,,%,-0.00852856,,,,,
TCB_ratio_min,1077,2022-Q1 | RT_BANK_CASA |   ‣ Tỷ lệ tiền gửi không kỳ hạn | 58 | 2 | % | 0.5039161967,2022-Q1,RT_BANK_CASA,  ‣ Tỷ lệ tiền gửi không kỳ hạn,58,2,,%,0.5039161967,,,,,
TCB_ratio_min,1078,2022-Q1 | RT_BANK_EQUITY_TO_LOANS |   ‣ Vốn chủ / Dư nợ cho vay | 59 | 2 | % | 0.267867619,2022-Q1,RT_BANK_EQUITY_TO_LOANS,  ‣ Vốn chủ / Dư nợ cho vay,59,2,,%,0.267867619,,,,,
TCB_ratio_min,1079,2022-Q1 | RT_BANK_LLR_TO_LOANS |   ‣ Dự phòng rủi ro / Dư nợ cho vay | 60 | 2 | % | 0.0107550228,2022-Q1,RT_BANK_LLR_TO_LOANS,  ‣ Dự phòng rủi ro / Dư nợ cho vay,60,2,,%,0.0107550228,,,,,
TCB_ratio_min,1113,2021-Q4 | RT_ASSETS_CURRENT_DEPOSITS |   ‣ Tiền gửi không kỳ hạn | 34 | 2 | tỷ VNĐ | nan,2021-Q4,RT_ASSETS_CURRENT_DEPOSITS,  ‣ Tiền gửi không kỳ hạn,34,2,,tỷ VNĐ,,,,,,
TCB_ratio_min,1114,2021-Q4 | RT_ASSETS_DEPOSITS_SPECIAL |   ‣ Tiền gửi chuyên dùng | 35 | 2 | tỷ VNĐ | nan,2021-Q4,RT_ASSETS_DEPOSITS_SPECIAL,  ‣ Tiền gửi chuyên dùng,35,2,,tỷ VNĐ,,,,,,
TCB_ratio_min,1115,2021-Q4 | RT_ASSETS_DEPOSITS_CUSTOMERS |   ‣ Tiền gửi khách hàng | 36 | 2 | tỷ VNĐ | nan,2021-Q4,RT_ASSETS_DEPOSITS_CUSTOMERS,  ‣ Tiền gửi khách hàng,36,2,,tỷ VNĐ,,,,,,
TCB_ratio_min,1116,2021-Q4 | RT_ASSETS_MARGIN_DEPOSITS |   ‣ Tiền gửi ký quỹ | 37 | 2 | tỷ VNĐ | nan,2021-Q4,RT_ASSETS_MARGIN_DEPOSITS,  ‣ Tiền gửi ký quỹ,37,2,,tỷ VNĐ,,,,,,
TCB_ratio_min,1119,2021-Q4 | RT_LEV_LOAN_EQUITY |   ‣ Vay ngắn và dài hạn trên vốn chủ sở hữu | 40 | 2 | lần | 0.0,2021-Q4,RT_LEV_LOAN_EQUITY,  ‣ Vay ngắn và dài hạn trên vốn chủ sở hữu,40,2,,lần,0.0,,,,,
TCB_ratio_min,1125,2021-Q4 | RT_BANK_NIM |   ‣ Biên lãi thuần | 46 | 2 | % | 0.0560761342,2021-Q4,RT_BANK_NIM,  ‣ Biên lãi thuần,46,2,,%,0.0560761342,,,,,
TCB_ratio_min,1130,2021-Q4 | RT_BANK_LOAN_GROWTH |   ‣ Tăng trưởng tín dụng | 51 | 2 | % | 0.0240117673,2021-Q4,RT_BANK_LOAN_GROWTH,  ‣ Tăng trưởng tín dụng,51,2,,%,0.0240117673,,,,,
TCB_ratio_min,1131,2021-Q4 | RT_BANK_DEPOSIT_GROWTH |   ‣ Tăng trưởng huy động | 52 | 2 | % | 0.0934603181,2021-Q4,RT_BANK_DEPOSIT_GROWTH,  ‣ Tăng trưởng huy động,52,2,,%,0.0934603181,,,,,
TCB_ratio_min,1132,2021-Q4 | RT_BANK_LDR |   ‣ Tỷ lệ cấp tín dụng trên huy động | 53 | 2 | % | 1.014748174,2021-Q4,RT_BANK_LDR,  ‣ Tỷ lệ cấp tín dụng trên huy động,53,2,,%,1.014748174,,,,,
TCB_ratio_min,1135,2021-Q4 | RT_BANK_PROVISION_TO_LOANS |   ‣ Tỷ lệ dự phòng trên dư nợ | 56 | 2 | % | -0.0079567793,2021-Q4,RT_BANK_PROVISION_TO_LOANS,  ‣ Tỷ lệ dự phòng trên dư nợ,56,2,,%,-0.0079567793,,,,,
TCB_ratio_min,1137,2021-Q4 | RT_BANK_CASA |   ‣ Tỷ lệ tiền gửi không kỳ hạn | 58 | 2 | % | 0.504708488,2021-Q4,RT_BANK_CASA,  ‣ Tỷ lệ tiền gửi không kỳ hạn,58,2,,%,0.504708488,,,,,
TCB_ratio_min,1138,2021-Q4 | RT_BANK_EQUITY_TO_LOANS |   ‣ Vốn chủ / Dư nợ cho vay | 59 | 2 | % | 0.2753049028,2021-Q4,RT_BANK_EQUITY_TO_LOANS,  ‣ Vốn chủ / Dư nợ cho vay,59,2,,%,0.2753049028,,,,,
TCB_ratio_min,1139,2021-Q4 | RT_BANK_LLR_TO_LOANS |   ‣ Dự phòng rủi ro / Dư nợ cho vay | 60 | 2 | % | 0.0105067058,2021-Q4,RT_BANK_LLR_TO_LOANS,  ‣ Dự phòng rủi ro / Dư nợ cho vay,60,2,,%,0.0105067058,,,,,
TCB_ratio_min,1173,2021-Q3 | RT_ASSETS_CURRENT_DEPOSITS |   ‣ Tiền gửi không kỳ hạn | 34 | 2 | tỷ VNĐ | nan,2021-Q3,RT_ASSETS_CURRENT_DEPOSITS,  ‣ Tiền gửi không kỳ hạn,34,2,,tỷ VNĐ,,,,,,
TCB_ratio_min,1174,2021-Q3 | RT_ASSETS_DEPOSITS_SPECIAL |   ‣ Tiền gửi chuyên dùng | 35 | 2 | tỷ VNĐ | nan,2021-Q3,RT_ASSETS_DEPOSITS_SPECIAL,  ‣ Tiền gửi chuyên dùng,35,2,,tỷ VNĐ,,,,,,
TCB_ratio_min,1175,2021-Q3 | RT_ASSETS_DEPOSITS_CUSTOMERS |   ‣ Tiền gửi khách hàng | 36 | 2 | tỷ VNĐ | nan,2021-Q3,RT_ASSETS_DEPOSITS_CUSTOMERS,  ‣ Tiền gửi khách hàng,36,2,,tỷ VNĐ,,,,,,
TCB_ratio_min,1176,2021-Q3 | RT_ASSETS_MARGIN_DEPOSITS |   ‣ Tiền gửi ký quỹ | 37 | 2 | tỷ VNĐ | nan,2021-Q3,RT_ASSETS_MARGIN_DEPOSITS,  ‣ Tiền gửi ký quỹ,37,2,,tỷ VNĐ,,,,,,
TCB_ratio_min,1179,2021-Q3 | RT_LEV_LOAN_EQUITY |   ‣ Vay ngắn và dài hạn trên vốn chủ sở hữu | 40 | 2 | lần | 0.0,2021-Q3,RT_LEV_LOAN_EQUITY,  ‣ Vay ngắn và dài hạn trên vốn chủ sở hữu,40,2,,lần,0.0,,,,,
TCB_ratio_min,1185,2021-Q3 | RT_BANK_NIM |   ‣ Biên lãi thuần | 46 | 2 | % | 0.0560761342,2021-Q3,RT_BANK_NIM,  ‣ Biên lãi thuần,46,2,,%,0.0560761342,,,,,
TCB_ratio_min,1190,2021-Q3 | RT_BANK_LOAN_GROWTH |   ‣ Tăng trưởng tín dụng | 51 | 2 | % | 0.0240117673,2021-Q3,RT_BANK_LOAN_GROWTH,  ‣ Tăng trưởng tín dụng,51,2,,%,0.0240117673,,,,,
TCB_ratio_min,1191,2021-Q3 | RT_BANK_DEPOSIT_GROWTH |   ‣ Tăng trưởng huy động | 52 | 2 | % | 0.0934603181,2021-Q3,RT_BANK_DEPOSIT_GROWTH,  ‣ Tăng trưởng huy động,52,2,,%,0.0934603181,,,,,
TCB_ratio_min,1192,2021-Q3 | RT_BANK_LDR |   ‣ Tỷ lệ cấp tín dụng trên huy động | 53 | 2 | % | 1.014748174,2021-Q3,RT_BANK_LDR,  ‣ Tỷ lệ cấp tín dụng trên huy động,53,2,,%,1.014748174,,,,,
TCB_ratio_min,1195,2021-Q3 | RT_BANK_PROVISION_TO_LOANS |   ‣ Tỷ lệ dự phòng trên dư nợ | 56 | 2 | % | -0.0079567793,2021-Q3,RT_BANK_PROVISION_TO_LOANS,  ‣ Tỷ lệ dự phòng trên dư nợ,56,2,,%,-0.0079567793,,,,,
TCB_ratio_min,1197,2021-Q3 | RT_BANK_CASA |   ‣ Tỷ lệ tiền gửi không kỳ hạn | 58 | 2 | % | 0.4899527523,2021-Q3,RT_BANK_CASA,  ‣ Tỷ lệ tiền gửi không kỳ hạn,58,2,,%,0.4899527523,,,,,
TCB_ratio_min,1198,2021-Q3 | RT_BANK_EQUITY_TO_LOANS |   ‣ Vốn chủ / Dư nợ cho vay | 59 | 2 | % | 0.2753049028,2021-Q3,RT_BANK_EQUITY_TO_LOANS,  ‣ Vốn chủ / Dư nợ cho vay,59,2,,%,0.2753049028,,,,,
TCB_ratio_min,1199,2021-Q3 | RT_BANK_LLR_TO_LOANS |   ‣ Dự phòng rủi ro / Dư nợ cho vay | 60 | 2 | % | 0.0105067058,2021-Q3,RT_BANK_LLR_TO_LOANS,  ‣ Dự phòng rủi ro / Dư nợ cho vay,60,2,,%,0.0105067058,,,,,
TCB_ratio_min,1233,2021-Q1 | RT_ASSETS_CURRENT_DEPOSITS |   ‣ Tiền gửi không kỳ hạn | 34 | 2 | tỷ VNĐ | nan,2021-Q1,RT_ASSETS_CURRENT_DEPOSITS,  ‣ Tiền gửi không kỳ hạn,34,2,,tỷ VNĐ,,,,,,
TCB_ratio_min,1234,2021-Q1 | RT_ASSETS_DEPOSITS_SPECIAL |   ‣ Tiền gửi chuyên dùng | 35 | 2 | tỷ VNĐ | nan,2021-Q1,RT_ASSETS_DEPOSITS_SPECIAL,  ‣ Tiền gửi chuyên dùng,35,2,,tỷ VNĐ,,,,,,
TCB_ratio_min,1235,2021-Q1 | RT_ASSETS_DEPOSITS_CUSTOMERS |   ‣ Tiền gửi khách hàng | 36 | 2 | tỷ VNĐ | nan,2021-Q1,RT_ASSETS_DEPOSITS_CUSTOMERS,  ‣ Tiền gửi khách hàng,36,2,,tỷ VNĐ,,,,,,
TCB_ratio_min,1236,2021-Q1 | RT_ASSETS_MARGIN_DEPOSITS |   ‣ Tiền gửi ký quỹ | 37 | 2 | tỷ VNĐ | nan,2021-Q1,RT_ASSETS_MARGIN_DEPOSITS,  ‣ Tiền gửi ký quỹ,37,2,,tỷ VNĐ,,,,,,
TCB_ratio_min,1239,2021-Q1 | RT_LEV_LOAN_EQUITY |   ‣ Vay ngắn và dài hạn trên vốn chủ sở hữu | 40 | 2 | lần | 0.0,2021-Q1,RT_LEV_LOAN_EQUITY,  ‣ Vay ngắn và dài hạn trên vốn chủ sở hữu,40,2,,lần,0.0,,,,,
TCB_ratio_min,1245,2021-Q1 | RT_BANK_NIM |   ‣ Biên lãi thuần | 46 | 2 | % | 0.0536387018,2021-Q1,RT_BANK_NIM,  ‣ Biên lãi thuần,46,2,,%,0.0536387018,,,,,
TCB_ratio_min,1250,2021-Q1 | RT_BANK_LOAN_GROWTH |   ‣ Tăng trưởng tín dụng | 51 | 2 | % | 0.0676177787,2021-Q1,RT_BANK_LOAN_GROWTH,  ‣ Tăng trưởng tín dụng,51,2,,%,0.0676177787,,,,,
TCB_ratio_min,1251,2021-Q1 | RT_BANK_DEPOSIT_GROWTH |   ‣ Tăng trưởng huy động | 52 | 2 | % | 0.0359955437,2021-Q1,RT_BANK_DEPOSIT_GROWTH,  ‣ Tăng trưởng huy động,52,2,,%,0.0359955437,,,,,
TCB_ratio_min,1252,2021-Q1 | RT_BANK_LDR |   ‣ Tỷ lệ cấp tín dụng trên huy động | 53 | 2 | % | 1.0307685244,2021-Q1,RT_BANK_LDR,  ‣ Tỷ lệ cấp tín dụng trên huy động,53,2,,%,1.0307685244,,,,,
TCB_ratio_min,1255,2021-Q1 | RT_BANK_PROVISION_TO_LOANS |   ‣ Tỷ lệ dự phòng trên dư nợ | 56 | 2 | % | -0.0103834841,2021-Q1,RT_BANK_PROVISION_TO_LOANS,  ‣ Tỷ lệ dự phòng trên dư nợ,56,2,,%,-0.0103834841,,,,,
TCB_ratio_min,1257,2021-Q1 | RT_BANK_CASA |   ‣ Tỷ lệ tiền gửi không kỳ hạn | 58 | 2 | % | 0.4424295615,2021-Q1,RT_BANK_CASA,  ‣ Tỷ lệ tiền gửi không kỳ hạn,58,2,,%,0.4424295615,,,,,
TCB_ratio_min,1258,2021-Q1 | RT_BANK_EQUITY_TO_LOANS |   ‣ Vốn chủ / Dư nợ cho vay | 59 | 2 | % | 0.2669435625,2021-Q1,RT_BANK_EQUITY_TO_LOANS,  ‣ Vốn chủ / Dư nợ cho vay,59,2,,%,0.2669435625,,,,,
TCB_ratio_min,1259,2021-Q1 | RT_BANK_LLR_TO_LOANS |   ‣ Dự phòng rủi ro / Dư nợ cho vay | 60 | 2 | % | 0.0084066901,2021-Q1,RT_BANK_LLR_TO_LOANS,  ‣ Dự phòng rủi ro / Dư nợ cho vay,60,2,,%,0.0084066901,,,,,
TCB_ratio_min,1293,2020-Q4 | RT_ASSETS_CURRENT_DEPOSITS |   ‣ Tiền gửi không kỳ hạn | 34 | 2 | tỷ VNĐ | nan,2020-Q4,RT_ASSETS_CURRENT_DEPOSITS,  ‣ Tiền gửi không kỳ hạn,34,2,,tỷ VNĐ,,,,,,
TCB_ratio_min,1294,2020-Q4 | RT_ASSETS_DEPOSITS_SPECIAL |   ‣ Tiền gửi chuyên dùng | 35 | 2 | tỷ VNĐ | nan,2020-Q4,RT_ASSETS_DEPOSITS_SPECIAL,  ‣ Tiền gửi chuyên dùng,35,2,,tỷ VNĐ,,,,,,
TCB_ratio_min,1295,2020-Q4 | RT_ASSETS_DEPOSITS_CUSTOMERS |   ‣ Tiền gửi khách hàng | 36 | 2 | tỷ VNĐ | nan,2020-Q4,RT_ASSETS_DEPOSITS_CUSTOMERS,  ‣ Tiền gửi khách hàng,36,2,,tỷ VNĐ,,,,,,
TCB_ratio_min,1296,2020-Q4 | RT_ASSETS_MARGIN_DEPOSITS |   ‣ Tiền gửi ký quỹ | 37 | 2 | tỷ VNĐ | nan,2020-Q4,RT_ASSETS_MARGIN_DEPOSITS,  ‣ Tiền gửi ký quỹ,37,2,,tỷ VNĐ,,,,,,
TCB_ratio_min,1299,2020-Q4 | RT_LEV_LOAN_EQUITY |   ‣ Vay ngắn và dài hạn trên vốn chủ sở hữu | 40 | 2 | lần | 0.0,2020-Q4,RT_LEV_LOAN_EQUITY,  ‣ Vay ngắn và dài hạn trên vốn chủ sở hữu,40,2,,lần,0.0,,,,,
TCB_ratio_min,1305,2020-Q4 | RT_BANK_NIM |   ‣ Biên lãi thuần | 46 | 2 | % | 0.0500526601,2020-Q4,RT_BANK_NIM,  ‣ Biên lãi thuần,46,2,,%,0.0500526601,,,,,
TCB_ratio_min,1310,2020-Q4 | RT_BANK_LOAN_GROWTH |   ‣ Tăng trưởng tín dụng | 51 | 2 | % | 0.2024357784,2020-Q4,RT_BANK_LOAN_GROWTH,  ‣ Tăng trưởng tín dụng,51,2,,%,0.2024357784,,,,,
TCB_ratio_min,1311,2020-Q4 | RT_BANK_DEPOSIT_GROWTH |   ‣ Tăng trưởng huy động | 52 | 2 | % | 0.199578627,2020-Q4,RT_BANK_DEPOSIT_GROWTH,  ‣ Tăng trưởng huy động,52,2,,%,0.199578627,,,,,
TCB_ratio_min,1312,2020-Q4 | RT_BANK_LDR |   ‣ Tỷ lệ cấp tín dụng trên huy động | 53 | 2 | % | 1.0002377435,2020-Q4,RT_BANK_LDR,  ‣ Tỷ lệ cấp tín dụng trên huy động,53,2,,%,1.0002377435,,,,,
TCB_ratio_min,1315,2020-Q4 | RT_BANK_PROVISION_TO_LOANS |   ‣ Tỷ lệ dự phòng trên dư nợ | 56 | 2 | % | -0.0102730598,2020-Q4,RT_BANK_PROVISION_TO_LOANS,  ‣ Tỷ lệ dự phòng trên dư nợ,56,2,,%,-0.0102730598,,,,,
TCB_ratio_min,1317,2020-Q4 | RT_BANK_CASA |   ‣ Tỷ lệ tiền gửi không kỳ hạn | 58 | 2 | % | 0.4614684982,2020-Q4,RT_BANK_CASA,  ‣ Tỷ lệ tiền gửi không kỳ hạn,58,2,,%,0.4614684982,,,,,
TCB_ratio_min,1318,2020-Q4 | RT_BANK_EQUITY_TO_LOANS |   ‣ Vốn chủ / Dư nợ cho vay | 59 | 2 | % | 0.2688582633,2020-Q4,RT_BANK_EQUITY_TO_LOANS,  ‣ Vốn chủ / Dư nợ cho vay,59,2,,%,0.2688582633,,,,,
TCB_ratio_min,1319,2020-Q4 | RT_BANK_LLR_TO_LOANS |   ‣ Dự phòng rủi ro / Dư nợ cho vay | 60 | 2 | % | 0.0079785644,2020-Q4,RT_BANK_LLR_TO_LOANS,  ‣ Dự phòng rủi ro / Dư nợ cho vay,60,2,,%,0.0079785644,,,,,
TCB_ratio_min,1353,2020-Q3 | RT_ASSETS_CURRENT_DEPOSITS |   ‣ Tiền gửi không kỳ hạn | 34 | 2 | tỷ VNĐ | nan,2020-Q3,RT_ASSETS_CURRENT_DEPOSITS,  ‣ Tiền gửi không kỳ hạn,34,2,,tỷ VNĐ,,,,,,
TCB_ratio_min,1354,2020-Q3 | RT_ASSETS_DEPOSITS_SPECIAL |   ‣ Tiền gửi chuyên dùng | 35 | 2 | tỷ VNĐ | nan,2020-Q3,RT_ASSETS_DEPOSITS_SPECIAL,  ‣ Tiền gửi chuyên dùng,35,2,,tỷ VNĐ,,,,,,
TCB_ratio_min,1355,2020-Q3 | RT_ASSETS_DEPOSITS_CUSTOMERS |   ‣ Tiền gửi khách hàng | 36 | 2 | tỷ VNĐ | nan,2020-Q3,RT_ASSETS_DEPOSITS_CUSTOMERS,  ‣ Tiền gửi khách hàng,36,2,,tỷ VNĐ,,,,,,
TCB_ratio_min,1356,2020-Q3 | RT_ASSETS_MARGIN_DEPOSITS |   ‣ Tiền gửi ký quỹ | 37 | 2 | tỷ VNĐ | nan,2020-Q3,RT_ASSETS_MARGIN_DEPOSITS,  ‣ Tiền gửi ký quỹ,37,2,,tỷ VNĐ,,,,,,
TCB_ratio_min,1359,2020-Q3 | RT_LEV_LOAN_EQUITY |   ‣ Vay ngắn và dài hạn trên vốn chủ sở hữu | 40 | 2 | lần | 0.0,2020-Q3,RT_LEV_LOAN_EQUITY,  ‣ Vay ngắn và dài hạn trên vốn chủ sở hữu,40,2,,lần,0.0,,,,,
TCB_ratio_min,1365,2020-Q3 | RT_BANK_NIM |   ‣ Biên lãi thuần | 46 | 2 | % | 0.0484829445,2020-Q3,RT_BANK_NIM,  ‣ Biên lãi thuần,46,2,,%,0.0484829445,,,,,
TCB_ratio_min,1370,2020-Q3 | RT_BANK_LOAN_GROWTH |   ‣ Tăng trưởng tín dụng | 51 | 2 | % | -0.0041010846,2020-Q3,RT_BANK_LOAN_GROWTH,  ‣ Tăng trưởng tín dụng,51,2,,%,-0.0041010846,,,,,
TCB_ratio_min,1371,2020-Q3 | RT_BANK_DEPOSIT_GROWTH |   ‣ Tăng trưởng huy động | 52 | 2 | % | 0.0108670443,2020-Q3,RT_BANK_DEPOSIT_GROWTH,  ‣ Tăng trưởng huy động,52,2,,%,0.0108670443,,,,,
TCB_ratio_min,1372,2020-Q3 | RT_BANK_LDR |   ‣ Tỷ lệ cấp tín dụng trên huy động | 53 | 2 | % | 0.9134633627,2020-Q3,RT_BANK_LDR,  ‣ Tỷ lệ cấp tín dụng trên huy động,53,2,,%,0.9134633627,,,,,
TCB_ratio_min,1375,2020-Q3 | RT_BANK_PROVISION_TO_LOANS |   ‣ Tỷ lệ dự phòng trên dư nợ | 56 | 2 | % | -0.0110552715,2020-Q3,RT_BANK_PROVISION_TO_LOANS,  ‣ Tỷ lệ dự phòng trên dư nợ,56,2,,%,-0.0110552715,,,,,
TCB_ratio_min,1377,2020-Q3 | RT_BANK_CASA |   ‣ Tỷ lệ tiền gửi không kỳ hạn | 58 | 2 | % | 0.3857329602,2020-Q3,RT_BANK_CASA,  ‣ Tỷ lệ tiền gửi không kỳ hạn,58,2,,%,0.3857329602,,,,,
TCB_ratio_min,1378,2020-Q3 | RT_BANK_EQUITY_TO_LOANS |   ‣ Vốn chủ / Dư nợ cho vay | 59 | 2 | % | 0.3060405129,2020-Q3,RT_BANK_EQUITY_TO_LOANS,  ‣ Vốn chủ / Dư nợ cho vay,59,2,,%,0.3060405129,,,,,
TCB_ratio_min,1379,2020-Q3 | RT_BANK_LLR_TO_LOANS |   ‣ Dự phòng rủi ro / Dư nợ cho vay | 60 | 2 | % | 0.0088759194,2020-Q3,RT_BANK_LLR_TO_LOANS,  ‣ Dự phòng rủi ro / Dư nợ cho vay,60,2,,%,0.0088759194,,,,,
TCB_ratio_min,1413,2020-Q2 | RT_ASSETS_CURRENT_DEPOSITS |   ‣ Tiền gửi không kỳ hạn | 34 | 2 | tỷ VNĐ | nan,2020-Q2,RT_ASSETS_CURRENT_DEPOSITS,  ‣ Tiền gửi không kỳ hạn,34,2,,tỷ VNĐ,,,,,,
TCB_ratio_min,1414,2020-Q2 | RT_ASSETS_DEPOSITS_SPECIAL |   ‣ Tiền gửi chuyên dùng | 35 | 2 | tỷ VNĐ | nan,2020-Q2,RT_ASSETS_DEPOSITS_SPECIAL,  ‣ Tiền gửi chuyên dùng,35,2,,tỷ VNĐ,,,,,,
TCB_ratio_min,1415,2020-Q2 | RT_ASSETS_DEPOSITS_CUSTOMERS |   ‣ Tiền gửi khách hàng | 36 | 2 | tỷ VNĐ | nan,2020-Q2,RT_ASSETS_DEPOSITS_CUSTOMERS,  ‣ Tiền gửi khách hàng,36,2,,tỷ VNĐ,,,,,,
TCB_ratio_min,1416,2020-Q2 | RT_ASSETS_MARGIN_DEPOSITS |   ‣ Tiền gửi ký quỹ | 37 | 2 | tỷ VNĐ | nan,2020-Q2,RT_ASSETS_MARGIN_DEPOSITS,  ‣ Tiền gửi ký quỹ,37,2,,tỷ VNĐ,,,,,,
TCB_ratio_min,1419,2020-Q2 | RT_LEV_LOAN_EQUITY |   ‣ Vay ngắn và dài hạn trên vốn chủ sở hữu | 40 | 2 | lần | 0.0,2020-Q2,RT_LEV_LOAN_EQUITY,  ‣ Vay ngắn và dài hạn trên vốn chủ sở hữu,40,2,,lần,0.0,,,,,
TCB_ratio_min,1425,2020-Q2 | RT_BANK_NIM |   ‣ Biên lãi thuần | 46 | 2 | % | 0.0449490621,2020-Q2,RT_BANK_NIM,  ‣ Biên lãi thuần,46,2,,%,0.0449490621,,,,,
TCB_ratio_min,1430,2020-Q2 | RT_BANK_LOAN_GROWTH |   ‣ Tăng trưởng tín dụng | 51 | 2 | % | -0.0015312618,2020-Q2,RT_BANK_LOAN_GROWTH,  ‣ Tăng trưởng tín dụng,51,2,,%,-0.0015312618,,,,,
TCB_ratio_min,1431,2020-Q2 | RT_BANK_DEPOSIT_GROWTH |   ‣ Tăng trưởng huy động | 52 | 2 | % | 0.0627756394,2020-Q2,RT_BANK_DEPOSIT_GROWTH,  ‣ Tăng trưởng huy động,52,2,,%,0.0627756394,,,,,
TCB_ratio_min,1432,2020-Q2 | RT_BANK_LDR |   ‣ Tỷ lệ cấp tín dụng trên huy động | 53 | 2 | % | 0.9271925045,2020-Q2,RT_BANK_LDR,  ‣ Tỷ lệ cấp tín dụng trên huy động,53,2,,%,0.9271925045,,,,,
TCB_ratio_min,1435,2020-Q2 | RT_BANK_PROVISION_TO_LOANS |   ‣ Tỷ lệ dự phòng trên dư nợ | 56 | 2 | % | -0.008397851,2020-Q2,RT_BANK_PROVISION_TO_LOANS,  ‣ Tỷ lệ dự phòng trên dư nợ,56,2,,%,-0.008397851,,,,,
TCB_ratio_min,1437,2020-Q2 | RT_BANK_CASA |   ‣ Tỷ lệ tiền gửi không kỳ hạn | 58 | 2 | % | 0.3441781876,2020-Q2,RT_BANK_CASA,  ‣ Tỷ lệ tiền gửi không kỳ hạn,58,2,,%,0.3441781876,,,,,
TCB_ratio_min,1438,2020-Q2 | RT_BANK_EQUITY_TO_LOANS |   ‣ Vốn chủ / Dư nợ cho vay | 59 | 2 | % | 0.2910624131,2020-Q2,RT_BANK_EQUITY_TO_LOANS,  ‣ Vốn chủ / Dư nợ cho vay,59,2,,%,0.2910624131,,,,,
TCB_ratio_min,1439,2020-Q2 | RT_BANK_LLR_TO_LOANS |   ‣ Dự phòng rủi ro / Dư nợ cho vay | 60 | 2 | % | 0.0098431323,2020-Q2,RT_BANK_LLR_TO_LOANS,  ‣ Dự phòng rủi ro / Dư nợ cho vay,60,2,,%,0.0098431323,,,,,
TCB_ratio_min,1473,2020-Q1 | RT_ASSETS_CURRENT_DEPOSITS |   ‣ Tiền gửi không kỳ hạn | 34 | 2 | tỷ VNĐ | nan,2020-Q1,RT_ASSETS_CURRENT_DEPOSITS,  ‣ Tiền gửi không kỳ hạn,34,2,,tỷ VNĐ,,,,,,
TCB_ratio_min,1474,2020-Q1 | RT_ASSETS_DEPOSITS_SPECIAL |   ‣ Tiền gửi chuyên dùng | 35 | 2 | tỷ VNĐ | nan,2020-Q1,RT_ASSETS_DEPOSITS_SPECIAL,  ‣ Tiền gửi chuyên dùng,35,2,,tỷ VNĐ,,,,,,
TCB_ratio_min,1475,2020-Q1 | RT_ASSETS_DEPOSITS_CUSTOMERS |   ‣ Tiền gửi khách hàng | 36 | 2 | tỷ VNĐ | nan,2020-Q1,RT_ASSETS_DEPOSITS_CUSTOMERS,  ‣ Tiền gửi khách hàng,36,2,,tỷ VNĐ,,,,,,
TCB_ratio_min,1476,2020-Q1 | RT_ASSETS_MARGIN_DEPOSITS |   ‣ Tiền gửi ký quỹ | 37 | 2 | tỷ VNĐ | nan,2020-Q1,RT_ASSETS_MARGIN_DEPOSITS,  ‣ Tiền gửi ký quỹ,37,2,,tỷ VNĐ,,,,,,
TCB_ratio_min,1479,2020-Q1 | RT_LEV_LOAN_EQUITY |   ‣ Vay ngắn và dài hạn trên vốn chủ sở hữu | 40 | 2 | lần | 0.0,2020-Q1,RT_LEV_LOAN_EQUITY,  ‣ Vay ngắn và dài hạn trên vốn chủ sở hữu,40,2,,lần,0.0,,,,,
TCB_ratio_min,1485,2020-Q1 | RT_BANK_NIM |   ‣ Biên lãi thuần | 46 | 2 | % | 0.042960063,2020-Q1,RT_BANK_NIM,  ‣ Biên lãi thuần,46,2,,%,0.042960063,,,,,
TCB_ratio_min,1490,2020-Q1 | RT_BANK_LOAN_GROWTH |   ‣ Tăng trưởng tín dụng | 51 | 2 | % | 0.0052817777,2020-Q1,RT_BANK_LOAN_GROWTH,  ‣ Tăng trưởng tín dụng,51,2,,%,0.0052817777,,,,,
TCB_ratio_min,1491,2020-Q1 | RT_BANK_DEPOSIT_GROWTH |   ‣ Tăng trưởng huy động | 52 | 2 | % | 0.0164378912,2020-Q1,RT_BANK_DEPOSIT_GROWTH,  ‣ Tăng trưởng huy động,52,2,,%,0.0164378912,,,,,
TCB_ratio_min,1492,2020-Q1 | RT_BANK_LDR |   ‣ Tỷ lệ cấp tín dụng trên huy động | 53 | 2 | % | 0.9869088226,2020-Q1,RT_BANK_LDR,  ‣ Tỷ lệ cấp tín dụng trên huy động,53,2,,%,0.9869088226,,,,,
TCB_ratio_min,1495,2020-Q1 | RT_BANK_PROVISION_TO_LOANS |   ‣ Tỷ lệ dự phòng trên dư nợ | 56 | 2 | % | -0.0071326542,2020-Q1,RT_BANK_PROVISION_TO_LOANS,  ‣ Tỷ lệ dự phòng trên dư nợ,56,2,,%,-0.0071326542,,,,,
TCB_ratio_min,1497,2020-Q1 | RT_BANK_CASA |   ‣ Tỷ lệ tiền gửi không kỳ hạn | 58 | 2 | % | 0.3221213361,2020-Q1,RT_BANK_CASA,  ‣ Tỷ lệ tiền gửi không kỳ hạn,58,2,,%,0.3221213361,,,,,
TCB_ratio_min,1498,2020-Q1 | RT_BANK_EQUITY_TO_LOANS |   ‣ Vốn chủ / Dư nợ cho vay | 59 | 2 | % | 0.2783832065,2020-Q1,RT_BANK_EQUITY_TO_LOANS,  ‣ Vốn chủ / Dư nợ cho vay,59,2,,%,0.2783832065,,,,,
TCB_ratio_min,1499,2020-Q1 | RT_BANK_LLR_TO_LOANS |   ‣ Dự phòng rủi ro / Dư nợ cho vay | 60 | 2 | % | 0.0128584442,2020-Q1,RT_BANK_LLR_TO_LOANS,  ‣ Dự phòng rủi ro / Dư nợ cho vay,60,2,,%,0.0128584442,,,,,
TCB_ratio_min,1533,2019-Q4 | RT_ASSETS_CURRENT_DEPOSITS |   ‣ Tiền gửi không kỳ hạn | 34 | 2 | tỷ VNĐ | nan,2019-Q4,RT_ASSETS_CURRENT_DEPOSITS,  ‣ Tiền gửi không kỳ hạn,34,2,,tỷ VNĐ,,,,,,
TCB_ratio_min,1534,2019-Q4 | RT_ASSETS_DEPOSITS_SPECIAL |   ‣ Tiền gửi chuyên dùng | 35 | 2 | tỷ VNĐ | nan,2019-Q4,RT_ASSETS_DEPOSITS_SPECIAL,  ‣ Tiền gửi chuyên dùng,35,2,,tỷ VNĐ,,,,,,
TCB_ratio_min,1535,2019-Q4 | RT_ASSETS_DEPOSITS_CUSTOMERS |   ‣ Tiền gửi khách hàng | 36 | 2 | tỷ VNĐ | nan,2019-Q4,RT_ASSETS_DEPOSITS_CUSTOMERS,  ‣ Tiền gửi khách hàng,36,2,,tỷ VNĐ,,,,,,
TCB_ratio_min,1536,2019-Q4 | RT_ASSETS_MARGIN_DEPOSITS |   ‣ Tiền gửi ký quỹ | 37 | 2 | tỷ VNĐ | nan,2019-Q4,RT_ASSETS_MARGIN_DEPOSITS,  ‣ Tiền gửi ký quỹ,37,2,,tỷ VNĐ,,,,,,
TCB_ratio_min,1539,2019-Q4 | RT_LEV_LOAN_EQUITY |   ‣ Vay ngắn và dài hạn trên vốn chủ sở hữu | 40 | 2 | lần | 0.0,2019-Q4,RT_LEV_LOAN_EQUITY,  ‣ Vay ngắn và dài hạn trên vốn chủ sở hữu,40,2,,lần,0.0,,,,,
TCB_ratio_min,1545,2019-Q4 | RT_BANK_NIM |   ‣ Biên lãi thuần | 46 | 2 | % | 0.0445136474,2019-Q4,RT_BANK_NIM,  ‣ Biên lãi thuần,46,2,,%,0.0445136474,,,,,
TCB_ratio_min,1550,2019-Q4 | RT_BANK_LOAN_GROWTH |   ‣ Tăng trưởng tín dụng | 51 | 2 | % | 0.4430608786,2019-Q4,RT_BANK_LOAN_GROWTH,  ‣ Tăng trưởng tín dụng,51,2,,%,0.4430608786,,,,,
TCB_ratio_min,1551,2019-Q4 | RT_BANK_DEPOSIT_GROWTH |   ‣ Tăng trưởng huy động | 52 | 2 | % | 0.1483618322,2019-Q4,RT_BANK_DEPOSIT_GROWTH,  ‣ Tăng trưởng huy động,52,2,,%,0.1483618322,,,,,
TCB_ratio_min,1552,2019-Q4 | RT_BANK_LDR |   ‣ Tỷ lệ cấp tín dụng trên huy động | 53 | 2 | % | 0.9978610422,2019-Q4,RT_BANK_LDR,  ‣ Tỷ lệ cấp tín dụng trên huy động,53,2,,%,0.9978610422,,,,,
TCB_ratio_min,1555,2019-Q4 | RT_BANK_PROVISION_TO_LOANS |   ‣ Tỷ lệ dự phòng trên dư nợ | 56 | 2 | % | -0.0046955268,2019-Q4,RT_BANK_PROVISION_TO_LOANS,  ‣ Tỷ lệ dự phòng trên dư nợ,56,2,,%,-0.0046955268,,,,,
TCB_ratio_min,1557,2019-Q4 | RT_BANK_CASA |   ‣ Tỷ lệ tiền gửi không kỳ hạn | 58 | 2 | % | 0.3446464864,2019-Q4,RT_BANK_CASA,  ‣ Tỷ lệ tiền gửi không kỳ hạn,58,2,,%,0.3446464864,,,,,
TCB_ratio_min,1558,2019-Q4 | RT_BANK_EQUITY_TO_LOANS |   ‣ Vốn chủ / Dư nợ cho vay | 59 | 2 | % | 0.2689437689,2019-Q4,RT_BANK_EQUITY_TO_LOANS,  ‣ Vốn chủ / Dư nợ cho vay,59,2,,%,0.2689437689,,,,,
TCB_ratio_min,1559,2019-Q4 | RT_BANK_LLR_TO_LOANS |   ‣ Dự phòng rủi ro / Dư nợ cho vay | 60 | 2 | % | 0.012637428,2019-Q4,RT_BANK_LLR_TO_LOANS,  ‣ Dự phòng rủi ro / Dư nợ cho vay,60,2,,%,0.012637428,,,,,
TCB_ratio_min,1593,2019-Q3 | RT_ASSETS_CURRENT_DEPOSITS |   ‣ Tiền gửi không kỳ hạn | 34 | 2 | tỷ VNĐ | nan,2019-Q3,RT_ASSETS_CURRENT_DEPOSITS,  ‣ Tiền gửi không kỳ hạn,34,2,,tỷ VNĐ,,,,,,
TCB_ratio_min,1594,2019-Q3 | RT_ASSETS_DEPOSITS_SPECIAL |   ‣ Tiền gửi chuyên dùng | 35 | 2 | tỷ VNĐ | nan,2019-Q3,RT_ASSETS_DEPOSITS_SPECIAL,  ‣ Tiền gửi chuyên dùng,35,2,,tỷ VNĐ,,,,,,
TCB_ratio_min,1595,2019-Q3 | RT_ASSETS_DEPOSITS_CUSTOMERS |   ‣ Tiền gửi khách hàng | 36 | 2 | tỷ VNĐ | nan,2019-Q3,RT_ASSETS_DEPOSITS_CUSTOMERS,  ‣ Tiền gửi khách hàng,36,2,,tỷ VNĐ,,,,,,
TCB_ratio_min,1596,2019-Q3 | RT_ASSETS_MARGIN_DEPOSITS |   ‣ Tiền gửi ký quỹ | 37 | 2 | tỷ VNĐ | nan,2019-Q3,RT_ASSETS_MARGIN_DEPOSITS,  ‣ Tiền gửi ký quỹ,37,2,,tỷ VNĐ,,,,,,
TCB_ratio_min,1599,2019-Q3 | RT_LEV_LOAN_EQUITY |   ‣ Vay ngắn và dài hạn trên vốn chủ sở hữu | 40 | 2 | lần | 0.0,2019-Q3,RT_LEV_LOAN_EQUITY,  ‣ Vay ngắn và dài hạn trên vốn chủ sở hữu,40,2,,lần,0.0,,,,,
TCB_ratio_min,1605,2019-Q3 | RT_BANK_NIM |   ‣ Biên lãi thuần | 46 | 2 | % | 0.0411238457,2019-Q3,RT_BANK_NIM,  ‣ Biên lãi thuần,46,2,,%,0.0411238457,,,,,
TCB_ratio_min,1610,2019-Q3 | RT_BANK_LOAN_GROWTH |   ‣ Tăng trưởng tín dụng | 51 | 2 | % | 0.1072352631,2019-Q3,RT_BANK_LOAN_GROWTH,  ‣ Tăng trưởng tín dụng,51,2,,%,0.1072352631,,,,,
TCB_ratio_min,1611,2019-Q3 | RT_BANK_DEPOSIT_GROWTH |   ‣ Tăng trưởng huy động | 52 | 2 | % | -0.0073001128,2019-Q3,RT_BANK_DEPOSIT_GROWTH,  ‣ Tăng trưởng huy động,52,2,,%,-0.0073001128,,,,,
TCB_ratio_min,1612,2019-Q3 | RT_BANK_LDR |   ‣ Tỷ lệ cấp tín dụng trên huy động | 53 | 2 | % | 0.9390013105,2019-Q3,RT_BANK_LDR,  ‣ Tỷ lệ cấp tín dụng trên huy động,53,2,,%,0.9390013105,,,,,
TCB_ratio_min,1615,2019-Q3 | RT_BANK_PROVISION_TO_LOANS |   ‣ Tỷ lệ dự phòng trên dư nợ | 56 | 2 | % | -0.0037213446,2019-Q3,RT_BANK_PROVISION_TO_LOANS,  ‣ Tỷ lệ dự phòng trên dư nợ,56,2,,%,-0.0037213446,,,,,
TCB_ratio_min,1617,2019-Q3 | RT_BANK_CASA |   ‣ Tỷ lệ tiền gửi không kỳ hạn | 58 | 2 | % | 0.2995555535,2019-Q3,RT_BANK_CASA,  ‣ Tỷ lệ tiền gửi không kỳ hạn,58,2,,%,0.2995555535,,,,,
TCB_ratio_min,1618,2019-Q3 | RT_BANK_EQUITY_TO_LOANS |   ‣ Vốn chủ / Dư nợ cho vay | 59 | 2 | % | 0.2870717662,2019-Q3,RT_BANK_EQUITY_TO_LOANS,  ‣ Vốn chủ / Dư nợ cho vay,59,2,,%,0.2870717662,,,,,
TCB_ratio_min,1619,2019-Q3 | RT_BANK_LLR_TO_LOANS |   ‣ Dự phòng rủi ro / Dư nợ cho vay | 60 | 2 | % | 0.013905427,2019-Q3,RT_BANK_LLR_TO_LOANS,  ‣ Dự phòng rủi ro / Dư nợ cho vay,60,2,,%,0.013905427,,,,,
TCB_ratio_min,1653,2019-Q2 | RT_ASSETS_CURRENT_DEPOSITS |   ‣ Tiền gửi không kỳ hạn | 34 | 2 | tỷ VNĐ | nan,2019-Q2,RT_ASSETS_CURRENT_DEPOSITS,  ‣ Tiền gửi không kỳ hạn,34,2,,tỷ VNĐ,,,,,,
TCB_ratio_min,1654,2019-Q2 | RT_ASSETS_DEPOSITS_SPECIAL |   ‣ Tiền gửi chuyên dùng | 35 | 2 | tỷ VNĐ | nan,2019-Q2,RT_ASSETS_DEPOSITS_SPECIAL,  ‣ Tiền gửi chuyên dùng,35,2,,tỷ VNĐ,,,,,,
TCB_ratio_min,1655,2019-Q2 | RT_ASSETS_DEPOSITS_CUSTOMERS |   ‣ Tiền gửi khách hàng | 36 | 2 | tỷ VNĐ | nan,2019-Q2,RT_ASSETS_DEPOSITS_CUSTOMERS,  ‣ Tiền gửi khách hàng,36,2,,tỷ VNĐ,,,,,,
TCB_ratio_min,1656,2019-Q2 | RT_ASSETS_MARGIN_DEPOSITS |   ‣ Tiền gửi ký quỹ | 37 | 2 | tỷ VNĐ | nan,2019-Q2,RT_ASSETS_MARGIN_DEPOSITS,  ‣ Tiền gửi ký quỹ,37,2,,tỷ VNĐ,,,,,,
TCB_ratio_min,1659,2019-Q2 | RT_LEV_LOAN_EQUITY |   ‣ Vay ngắn và dài hạn trên vốn chủ sở hữu | 40 | 2 | lần | 0.0,2019-Q2,RT_LEV_LOAN_EQUITY,  ‣ Vay ngắn và dài hạn trên vốn chủ sở hữu,40,2,,lần,0.0,,,,,
TCB_ratio_min,1665,2019-Q2 | RT_BANK_NIM |   ‣ Biên lãi thuần | 46 | 2 | % | 0.041237212,2019-Q2,RT_BANK_NIM,  ‣ Biên lãi thuần,46,2,,%,0.041237212,,,,,
TCB_ratio_min,1670,2019-Q2 | RT_BANK_LOAN_GROWTH |   ‣ Tăng trưởng tín dụng | 51 | 2 | % | 0.1318196518,2019-Q2,RT_BANK_LOAN_GROWTH,  ‣ Tăng trưởng tín dụng,51,2,,%,0.1318196518,,,,,
TCB_ratio_min,1671,2019-Q2 | RT_BANK_DEPOSIT_GROWTH |   ‣ Tăng trưởng huy động | 52 | 2 | % | 0.0590652444,2019-Q2,RT_BANK_DEPOSIT_GROWTH,  ‣ Tăng trưởng huy động,52,2,,%,0.0590652444,,,,,
TCB_ratio_min,1672,2019-Q2 | RT_BANK_LDR |   ‣ Tỷ lệ cấp tín dụng trên huy động | 53 | 2 | % | 0.8418685044,2019-Q2,RT_BANK_LDR,  ‣ Tỷ lệ cấp tín dụng trên huy động,53,2,,%,0.8418685044,,,,,
TCB_ratio_min,1675,2019-Q2 | RT_BANK_PROVISION_TO_LOANS |   ‣ Tỷ lệ dự phòng trên dư nợ | 56 | 2 | % | -0.0061621611,2019-Q2,RT_BANK_PROVISION_TO_LOANS,  ‣ Tỷ lệ dự phòng trên dư nợ,56,2,,%,-0.0061621611,,,,,
TCB_ratio_min,1677,2019-Q2 | RT_BANK_CASA |   ‣ Tỷ lệ tiền gửi không kỳ hạn | 58 | 2 | % | 0.3036021186,2019-Q2,RT_BANK_CASA,  ‣ Tỷ lệ tiền gửi không kỳ hạn,58,2,,%,0.3036021186,,,,,
TCB_ratio_min,1678,2019-Q2 | RT_BANK_EQUITY_TO_LOANS |   ‣ Vốn chủ / Dư nợ cho vay | 59 | 2 | % | 0.3039693518,2019-Q2,RT_BANK_EQUITY_TO_LOANS,  ‣ Vốn chủ / Dư nợ cho vay,59,2,,%,0.3039693518,,,,,
TCB_ratio_min,1679,2019-Q2 | RT_BANK_LLR_TO_LOANS |   ‣ Dự phòng rủi ro / Dư nợ cho vay | 60 | 2 | % | 0.0137240376,2019-Q2,RT_BANK_LLR_TO_LOANS,  ‣ Dự phòng rủi ro / Dư nợ cho vay,60,2,,%,0.0137240376,,,,,
TCB_ratio_min,1713,2019-Q1 | RT_ASSETS_CURRENT_DEPOSITS |   ‣ Tiền gửi không kỳ hạn | 34 | 2 | tỷ VNĐ | nan,2019-Q1,RT_ASSETS_CURRENT_DEPOSITS,  ‣ Tiền gửi không kỳ hạn,34,2,,tỷ VNĐ,,,,,,
TCB_ratio_min,1714,2019-Q1 | RT_ASSETS_DEPOSITS_SPECIAL |   ‣ Tiền gửi chuyên dùng | 35 | 2 | tỷ VNĐ | nan,2019-Q1,RT_ASSETS_DEPOSITS_SPECIAL,  ‣ Tiền gửi chuyên dùng,35,2,,tỷ VNĐ,,,,,,
TCB_ratio_min,1715,2019-Q1 | RT_ASSETS_DEPOSITS_CUSTOMERS |   ‣ Tiền gửi khách hàng | 36 | 2 | tỷ VNĐ | nan,2019-Q1,RT_ASSETS_DEPOSITS_CUSTOMERS,  ‣ Tiền gửi khách hàng,36,2,,tỷ VNĐ,,,,,,
TCB_ratio_min,1716,2019-Q1 | RT_ASSETS_MARGIN_DEPOSITS |   ‣ Tiền gửi ký quỹ | 37 | 2 | tỷ VNĐ | nan,2019-Q1,RT_ASSETS_MARGIN_DEPOSITS,  ‣ Tiền gửi ký quỹ,37,2,,tỷ VNĐ,,,,,,
TCB_ratio_min,1719,2019-Q1 | RT_LEV_LOAN_EQUITY |   ‣ Vay ngắn và dài hạn trên vốn chủ sở hữu | 40 | 2 | lần | 0.0,2019-Q1,RT_LEV_LOAN_EQUITY,  ‣ Vay ngắn và dài hạn trên vốn chủ sở hữu,40,2,,lần,0.0,,,,,
TCB_ratio_min,1725,2019-Q1 | RT_BANK_NIM |   ‣ Biên lãi thuần | 46 | 2 | % | 0.0413006792,2019-Q1,RT_BANK_NIM,  ‣ Biên lãi thuần,46,2,,%,0.0413006792,,,,,
TCB_ratio_min,1730,2019-Q1 | RT_BANK_LOAN_GROWTH |   ‣ Tăng trưởng tín dụng | 51 | 2 | % | 0.0243424856,2019-Q1,RT_BANK_LOAN_GROWTH,  ‣ Tăng trưởng tín dụng,51,2,,%,0.0243424856,,,,,
TCB_ratio_min,1731,2019-Q1 | RT_BANK_DEPOSIT_GROWTH |   ‣ Tăng trưởng huy động | 52 | 2 | % | 0.0322973785,2019-Q1,RT_BANK_DEPOSIT_GROWTH,  ‣ Tăng trưởng huy động,52,2,,%,0.0322973785,,,,,
TCB_ratio_min,1732,2019-Q1 | RT_BANK_LDR |   ‣ Tỷ lệ cấp tín dụng trên huy động | 53 | 2 | % | 0.7877524232,2019-Q1,RT_BANK_LDR,  ‣ Tỷ lệ cấp tín dụng trên huy động,53,2,,%,0.7877524232,,,,,
TCB_ratio_min,1735,2019-Q1 | RT_BANK_PROVISION_TO_LOANS |   ‣ Tỷ lệ dự phòng trên dư nợ | 56 | 2 | % | -0.0072381119,2019-Q1,RT_BANK_PROVISION_TO_LOANS,  ‣ Tỷ lệ dự phòng trên dư nợ,56,2,,%,-0.0072381119,,,,,
TCB_ratio_min,1737,2019-Q1 | RT_BANK_CASA |   ‣ Tỷ lệ tiền gửi không kỳ hạn | 58 | 2 | % | 0.281621823,2019-Q1,RT_BANK_CASA,  ‣ Tỷ lệ tiền gửi không kỳ hạn,58,2,,%,0.281621823,,,,,
TCB_ratio_min,1738,2019-Q1 | RT_BANK_EQUITY_TO_LOANS |   ‣ Vốn chủ / Dư nợ cho vay | 59 | 2 | % | 0.3288358285,2019-Q1,RT_BANK_EQUITY_TO_LOANS,  ‣ Vốn chủ / Dư nợ cho vay,59,2,,%,0.3288358285,,,,,
TCB_ratio_min,1739,2019-Q1 | RT_BANK_LLR_TO_LOANS |   ‣ Dự phòng rủi ro / Dư nợ cho vay | 60 | 2 | % | 0.0156434779,2019-Q1,RT_BANK_LLR_TO_LOANS,  ‣ Dự phòng rủi ro / Dư nợ cho vay,60,2,,%,0.0156434779,,,,,
TCB_ratio_min,1773,2018-Q4 | RT_ASSETS_CURRENT_DEPOSITS |   ‣ Tiền gửi không kỳ hạn | 34 | 2 | tỷ VNĐ | nan,2018-Q4,RT_ASSETS_CURRENT_DEPOSITS,  ‣ Tiền gửi không kỳ hạn,34,2,,tỷ VNĐ,,,,,,
TCB_ratio_min,1774,2018-Q4 | RT_ASSETS_DEPOSITS_SPECIAL |   ‣ Tiền gửi chuyên dùng | 35 | 2 | tỷ VNĐ | nan,2018-Q4,RT_ASSETS_DEPOSITS_SPECIAL,  ‣ Tiền gửi chuyên dùng,35,2,,tỷ VNĐ,,,,,,
TCB_ratio_min,1775,2018-Q4 | RT_ASSETS_DEPOSITS_CUSTOMERS |   ‣ Tiền gửi khách hàng | 36 | 2 | tỷ VNĐ | nan,2018-Q4,RT_ASSETS_DEPOSITS_CUSTOMERS,  ‣ Tiền gửi khách hàng,36,2,,tỷ VNĐ,,,,,,
TCB_ratio_min,1776,2018-Q4 | RT_ASSETS_MARGIN_DEPOSITS |   ‣ Tiền gửi ký quỹ | 37 | 2 | tỷ VNĐ | nan,2018-Q4,RT_ASSETS_MARGIN_DEPOSITS,  ‣ Tiền gửi ký quỹ,37,2,,tỷ VNĐ,,,,,,
TCB_ratio_min,1779,2018-Q4 | RT_LEV_LOAN_EQUITY |   ‣ Vay ngắn và dài hạn trên vốn chủ sở hữu | 40 | 2 | lần | 0.0,2018-Q4,RT_LEV_LOAN_EQUITY,  ‣ Vay ngắn và dài hạn trên vốn chủ sở hữu,40,2,,lần,0.0,,,,,
TCB_ratio_min,1785,2018-Q4 | RT_BANK_NIM |   ‣ Biên lãi thuần | 46 | 2 | % | 0.0412557504,2018-Q4,RT_BANK_NIM,  ‣ Biên lãi thuần,46,2,,%,0.0412557504,,,,,
TCB_ratio_min,1790,2018-Q4 | RT_BANK_LOAN_GROWTH |   ‣ Tăng trưởng tín dụng | 51 | 2 | % | -0.0056563596,2018-Q4,RT_BANK_LOAN_GROWTH,  ‣ Tăng trưởng tín dụng,51,2,,%,-0.0056563596,,,,,
TCB_ratio_min,1791,2018-Q4 | RT_BANK_DEPOSIT_GROWTH |   ‣ Tăng trưởng huy động | 52 | 2 | % | 0.1780636993,2018-Q4,RT_BANK_DEPOSIT_GROWTH,  ‣ Tăng trưởng huy động,52,2,,%,0.1780636993,,,,,
TCB_ratio_min,1792,2018-Q4 | RT_BANK_LDR |   ‣ Tỷ lệ cấp tín dụng trên huy động | 53 | 2 | % | 0.7940798284,2018-Q4,RT_BANK_LDR,  ‣ Tỷ lệ cấp tín dụng trên huy động,53,2,,%,0.7940798284,,,,,
TCB_ratio_min,1795,2018-Q4 | RT_BANK_PROVISION_TO_LOANS |   ‣ Tỷ lệ dự phòng trên dư nợ | 56 | 2 | % | -0.0115106771,2018-Q4,RT_BANK_PROVISION_TO_LOANS,  ‣ Tỷ lệ dự phòng trên dư nợ,56,2,,%,-0.0115106771,,,,,
TCB_ratio_min,1797,2018-Q4 | RT_BANK_CASA |   ‣ Tỷ lệ tiền gửi không kỳ hạn | 58 | 2 | % | 0.2871771149,2018-Q4,RT_BANK_CASA,  ‣ Tỷ lệ tiền gửi không kỳ hạn,58,2,,%,0.2871771149,,,,,
TCB_ratio_min,1798,2018-Q4 | RT_BANK_EQUITY_TO_LOANS |   ‣ Vốn chủ / Dư nợ cho vay | 59 | 2 | % | 0.3237649025,2018-Q4,RT_BANK_EQUITY_TO_LOANS,  ‣ Vốn chủ / Dư nợ cho vay,59,2,,%,0.3237649025,,,,,
TCB_ratio_min,1799,2018-Q4 | RT_BANK_LLR_TO_LOANS |   ‣ Dự phòng rủi ro / Dư nợ cho vay | 60 | 2 | % | 0.0149126277,2018-Q4,RT_BANK_LLR_TO_LOANS,  ‣ Dự phòng rủi ro / Dư nợ cho vay,60,2,,%,0.0149126277,,,,,
TCB_ratio_min,1833,2018-Q3 | RT_ASSETS_CURRENT_DEPOSITS |   ‣ Tiền gửi không kỳ hạn | 34 | 2 | tỷ VNĐ | nan,2018-Q3,RT_ASSETS_CURRENT_DEPOSITS,  ‣ Tiền gửi không kỳ hạn,34,2,,tỷ VNĐ,,,,,,
TCB_ratio_min,1834,2018-Q3 | RT_ASSETS_DEPOSITS_SPECIAL |   ‣ Tiền gửi chuyên dùng | 35 | 2 | tỷ VNĐ | nan,2018-Q3,RT_ASSETS_DEPOSITS_SPECIAL,  ‣ Tiền gửi chuyên dùng,35,2,,tỷ VNĐ,,,,,,
TCB_ratio_min,1835,2018-Q3 | RT_ASSETS_DEPOSITS_CUSTOMERS |   ‣ Tiền gửi khách hàng | 36 | 2 | tỷ VNĐ | nan,2018-Q3,RT_ASSETS_DEPOSITS_CUSTOMERS,  ‣ Tiền gửi khách hàng,36,2,,tỷ VNĐ,,,,,,
TCB_ratio_min,1836,2018-Q3 | RT_ASSETS_MARGIN_DEPOSITS |   ‣ Tiền gửi ký quỹ | 37 | 2 | tỷ VNĐ | nan,2018-Q3,RT_ASSETS_MARGIN_DEPOSITS,  ‣ Tiền gửi ký quỹ,37,2,,tỷ VNĐ,,,,,,
TCB_ratio_min,1839,2018-Q3 | RT_LEV_LOAN_EQUITY |   ‣ Vay ngắn và dài hạn trên vốn chủ sở hữu | 40 | 2 | lần | 0.0,2018-Q3,RT_LEV_LOAN_EQUITY,  ‣ Vay ngắn và dài hạn trên vốn chủ sở hữu,40,2,,lần,0.0,,,,,
TCB_ratio_min,1845,2018-Q3 | RT_BANK_NIM |   ‣ Biên lãi thuần | 46 | 2 | % | 0.0401034196,2018-Q3,RT_BANK_NIM,  ‣ Biên lãi thuần,46,2,,%,0.0401034196,,,,,
TCB_ratio_min,1850,2018-Q3 | RT_BANK_LOAN_GROWTH |   ‣ Tăng trưởng tín dụng | 51 | 2 | % | 0.0014302843,2018-Q3,RT_BANK_LOAN_GROWTH,  ‣ Tăng trưởng tín dụng,51,2,,%,0.0014302843,,,,,
TCB_ratio_min,1851,2018-Q3 | RT_BANK_DEPOSIT_GROWTH |   ‣ Tăng trưởng huy động | 52 | 2 | % | 0.0391872302,2018-Q3,RT_BANK_DEPOSIT_GROWTH,  ‣ Tăng trưởng huy động,52,2,,%,0.0391872302,,,,,
TCB_ratio_min,1852,2018-Q3 | RT_BANK_LDR |   ‣ Tỷ lệ cấp tín dụng trên huy động | 53 | 2 | % | 0.8623625844,2018-Q3,RT_BANK_LDR,  ‣ Tỷ lệ cấp tín dụng trên huy động,53,2,,%,0.8623625844,,,,,
TCB_ratio_min,1855,2018-Q3 | RT_BANK_PROVISION_TO_LOANS |   ‣ Tỷ lệ dự phòng trên dư nợ | 56 | 2 | % | -0.0173733461,2018-Q3,RT_BANK_PROVISION_TO_LOANS,  ‣ Tỷ lệ dự phòng trên dư nợ,56,2,,%,-0.0173733461,,,,,
TCB_ratio_min,1857,2018-Q3 | RT_BANK_CASA |   ‣ Tỷ lệ tiền gửi không kỳ hạn | 58 | 2 | % | 0.2474719388,2018-Q3,RT_BANK_CASA,  ‣ Tỷ lệ tiền gửi không kỳ hạn,58,2,,%,0.2474719388,,,,,
TCB_ratio_min,1858,2018-Q3 | RT_BANK_EQUITY_TO_LOANS |   ‣ Vốn chủ / Dư nợ cho vay | 59 | 2 | % | 0.296401952,2018-Q3,RT_BANK_EQUITY_TO_LOANS,  ‣ Vốn chủ / Dư nợ cho vay,59,2,,%,0.296401952,,,,,
TCB_ratio_min,1859,2018-Q3 | RT_BANK_LLR_TO_LOANS |   ‣ Dự phòng rủi ro / Dư nợ cho vay | 60 | 2 | % | 0.0159150491,2018-Q3,RT_BANK_LLR_TO_LOANS,  ‣ Dự phòng rủi ro / Dư nợ cho vay,60,2,,%,0.0159150491,,,,,
TCB_ratio_min,1893,2018-Q2 | RT_ASSETS_CURRENT_DEPOSITS |   ‣ Tiền gửi không kỳ hạn | 34 | 2 | tỷ VNĐ | nan,2018-Q2,RT_ASSETS_CURRENT_DEPOSITS,  ‣ Tiền gửi không kỳ hạn,34,2,,tỷ VNĐ,,,,,,
TCB_ratio_min,1894,2018-Q2 | RT_ASSETS_DEPOSITS_SPECIAL |   ‣ Tiền gửi chuyên dùng | 35 | 2 | tỷ VNĐ | nan,2018-Q2,RT_ASSETS_DEPOSITS_SPECIAL,  ‣ Tiền gửi chuyên dùng,35,2,,tỷ VNĐ,,,,,,
TCB_ratio_min,1895,2018-Q2 | RT_ASSETS_DEPOSITS_CUSTOMERS |   ‣ Tiền gửi khách hàng | 36 | 2 | tỷ VNĐ | nan,2018-Q2,RT_ASSETS_DEPOSITS_CUSTOMERS,  ‣ Tiền gửi khách hàng,36,2,,tỷ VNĐ,,,,,,
TCB_ratio_min,1896,2018-Q2 | RT_ASSETS_MARGIN_DEPOSITS |   ‣ Tiền gửi ký quỹ | 37 | 2 | tỷ VNĐ | nan,2018-Q2,RT_ASSETS_MARGIN_DEPOSITS,  ‣ Tiền gửi ký quỹ,37,2,,tỷ VNĐ,,,,,,
TCB_ratio_min,1899,2018-Q2 | RT_LEV_LOAN_EQUITY |   ‣ Vay ngắn và dài hạn trên vốn chủ sở hữu | 40 | 2 | lần | 0.0,2018-Q2,RT_LEV_LOAN_EQUITY,  ‣ Vay ngắn và dài hạn trên vốn chủ sở hữu,40,2,,lần,0.0,,,,,
TCB_ratio_min,1905,2018-Q2 | RT_BANK_NIM |   ‣ Biên lãi thuần | 46 | 2 | % | 0.0388622995,2018-Q2,RT_BANK_NIM,  ‣ Biên lãi thuần,46,2,,%,0.0388622995,,,,,
TCB_ratio_min,1910,2018-Q2 | RT_BANK_LOAN_GROWTH |   ‣ Tăng trưởng tín dụng | 51 | 2 | % | 0.0167861826,2018-Q2,RT_BANK_LOAN_GROWTH,  ‣ Tăng trưởng tín dụng,51,2,,%,0.0167861826,,,,,
TCB_ratio_min,1911,2018-Q2 | RT_BANK_DEPOSIT_GROWTH |   ‣ Tăng trưởng huy động | 52 | 2 | % | 0.0269730475,2018-Q2,RT_BANK_DEPOSIT_GROWTH,  ‣ Tăng trưởng huy động,52,2,,%,0.0269730475,,,,,
TCB_ratio_min,1912,2018-Q2 | RT_BANK_LDR |   ‣ Tỷ lệ cấp tín dụng trên huy động | 53 | 2 | % | 0.894876258,2018-Q2,RT_BANK_LDR,  ‣ Tỷ lệ cấp tín dụng trên huy động,53,2,,%,0.894876258,,,,,
TCB_ratio_min,1915,2018-Q2 | RT_BANK_PROVISION_TO_LOANS |   ‣ Tỷ lệ dự phòng trên dư nợ | 56 | 2 | % | -0.014465695,2018-Q2,RT_BANK_PROVISION_TO_LOANS,  ‣ Tỷ lệ dự phòng trên dư nợ,56,2,,%,-0.014465695,,,,,
TCB_ratio_min,1917,2018-Q2 | RT_BANK_CASA |   ‣ Tỷ lệ tiền gửi không kỳ hạn | 58 | 2 | % | 0.2461989261,2018-Q2,RT_BANK_CASA,  ‣ Tỷ lệ tiền gửi không kỳ hạn,58,2,,%,0.2461989261,,,,,
TCB_ratio_min,1918,2018-Q2 | RT_BANK_EQUITY_TO_LOANS |   ‣ Vốn chủ / Dư nợ cho vay | 59 | 2 | % | 0.2845190175,2018-Q2,RT_BANK_EQUITY_TO_LOANS,  ‣ Vốn chủ / Dư nợ cho vay,59,2,,%,0.2845190175,,,,,
TCB_ratio_min,1919,2018-Q2 | RT_BANK_LLR_TO_LOANS |   ‣ Dự phòng rủi ro / Dư nợ cho vay | 60 | 2 | % | 0.0151136691,2018-Q2,RT_BANK_LLR_TO_LOANS,  ‣ Dự phòng rủi ro / Dư nợ cho vay,60,2,,%,0.0151136691,,,,,
TCB_financial_health_bank,14,RT_BANK_NIM | Net Interest Margin (NIM) | 1 | 35 | % | 0.036748286 | 0.0375994307 | 0.0366914486,,RT_BANK_NIM,,35,1,,%,,Net Interest Margin (NIM),0.036748286,0.0375994307,0.0366914486,0.0363342376
TCB_financial_health_bank,17,RT_BANK_LDR | Loan to Deposit Ratio (LDR) | 1 | 38 | % | 1.2883998558 | 1.2402695468 | 1.328531188,,RT_BANK_LDR,,38,1,,%,,Loan to Deposit Ratio (LDR),1.2883998558,1.2402695468,1.328531188,1.2790980022
TCB_financial_health_bank,18,RT_BANK_NPL | Non-Performing Loans Ratio (NPL) | 1 | 39 | % | 0.0116289807 | 0.0106802919 | 0.0109121852,,RT_BANK_NPL,,39,1,,%,,Non-Performing Loans Ratio (NPL),0.0116289807,0.0106802919,0.0109121852,0.0108228503
TCB_financial_health_auto,14,RT_BANK_NIM | Net Interest Margin (NIM) | 1 | 35 | % | 0.036748286 | 0.0375994307 | 0.0366914486,,RT_BANK_NIM,,35,1,,%,,Net Interest Margin (NIM),0.036748286,0.0375994307,0.0366914486,0.0363342376
TCB_financial_health_auto,17,RT_BANK_LDR | Loan to Deposit Ratio (LDR) | 1 | 38 | % | 1.2883998558 | 1.2402695468 | 1.328531188,,RT_BANK_LDR,,38,1,,%,,Loan to Deposit Ratio (LDR),1.2883998558,1.2402695468,1.328531188,1.2790980022
TCB_financial_health_auto,18,RT_BANK_NPL | Non-Performing Loans Ratio (NPL) | 1 | 39 | % | 0.0116289807 | 0.0106802919 | 0.0109121852,,RT_BANK_NPL,,39,1,,%,,Non-Performing Loans Ratio (NPL),0.0116289807,0.0106802919,0.0109121852,0.0108228503
