period,id,name,order,level,unit,value
2026-Q2,RT_CAT_INFO_VALUATION,Valuation & Company Information,1,1,,
2026-Q2,RT_VALUE_PE,  ‣ P/E Ratio,2,2,lần,4.4732006874
2026-Q2,RT_VALUE_PB,  ‣ P/B Ratio,3,2,lần,0.9917461973
2026-Q2,RT_VALUE_PS,  ‣ P/S Ratio,4,2,lần,1.7366084128
2026-Q2,RT_VALUE_P_CF,  ‣ P/CF Ratio,5,2,lần,1.0527977009
2026-Q2,RT_VALUE_EV_EBITDA,  ‣ EV/EBITDA,6,2,lần,0.0
2026-Q2,RT_VALUE_DIVIDEND_YIELD,  ‣ Dividend Yield,7,2,%,0.0
2026-Q2,RT_VALUE_MARKET_CAP,  ‣ Market Capitalization,8,2,tỷ VNĐ,9212556545100.0
2026-Q2,RT_VALUE_EPS,  ‣ Basic EPS,9,2,VNĐ,
2026-Q2,RT_VALUE_BETA,  ‣ Beta,10,2,lần,
2026-Q2,RT_VALUE_BVPS,  ‣ Book Value Per Share,11,2,VNĐ,
2026-Q2,RT_VALUE_EBIT,  ‣ EBIT,12,2,tỷ VNĐ,0.0
2026-Q2,RT_VALUE_EBITDA,  ‣ EBITDA,13,2,tỷ VNĐ,0.0
2026-Q2,RT_VALUE_EQUITY,  ‣ Owner's Equity,14,2,tỷ VNĐ,0.0
2026-Q2,RT_VALUE_OUTSTANDING_SHARES,  ‣ Outstanding Shares,15,2,cổ phiếu,748988337.0
2026-Q2,RT_CAT_PROFITABILITY,Profitability & Efficiency,16,1,,
2026-Q2,RT_PRT_ROE,  ‣ ROE %,17,2,%,0.2406941458
2026-Q2,RT_PRT_ROA,  ‣ ROA %,18,2,%,0.0193882011
2026-Q2,RT_PRT_ROIC,  ‣ ROIC %,19,2,%,0.0
2026-Q2,RT_PRT_GROSS_MARGIN,  ‣ Gross Profit Margin %,20,2,%,0.6077345661
2026-Q2,RT_PRT_EBIT_MARGIN,  ‣ EBIT Margin %,21,2,%,0.0
2026-Q2,RT_PRT_PRE_TAX_MARGIN,  ‣ Pre Tax Profit Margin %,22,2,%,0.485804197
2026-Q2,RT_PRT_NET_MARGIN,  ‣ Net Profit Margin %,23,2,%,0.3882250284
2026-Q2,RT_EFF_ATR,  ‣ Asset Turnover,24,2,vòng,0.0
2026-Q2,RT_EFF_FATR,  ‣ Fixed Asset Turnover,25,2,vòng,0.0
2026-Q2,RT_EFF_DSO,  ‣ Days Sales Outstanding,26,2,ngày,0.0
2026-Q2,RT_EFF_DIO,  ‣ Days Inventory Outstanding,27,2,ngày,0.0
2026-Q2,RT_EFF_DPO,  ‣ Days Payable Outstanding,28,2,ngày,0.0
2026-Q2,RT_EFF_CASH_CYCLE,  ‣ Cash Conversion Cycle,29,2,ngày,0.0
2026-Q2,RT_CAT_LIQUIDITY_SAFETY,Liquidity & Financial Safety,30,1,,
2026-Q2,RT_LQD_CR,  ‣ Current Ratio,31,2,lần,0.0
2026-Q2,RT_LQD_QR,  ‣ Quick Ratio,32,2,lần,0.0
2026-Q2,RT_LQD_CASH_RATIO,  ‣ Cash Ratio,33,2,lần,0.0
2026-Q2,RT_ASSETS_CURRENT_DEPOSITS,  ‣ Current Deposits,34,2,tỷ VNĐ,
2026-Q2,RT_ASSETS_DEPOSITS_SPECIAL,  ‣ Special Purpose Deposits,35,2,tỷ VNĐ,
2026-Q2,RT_ASSETS_DEPOSITS_CUSTOMERS,  ‣ Customer Deposits,36,2,tỷ VNĐ,
2026-Q2,RT_ASSETS_MARGIN_DEPOSITS,  ‣ Margin Deposits,37,2,tỷ VNĐ,
2026-Q2,RT_CAT_FINANCIAL_LEVERAGE,Financial Leverage,38,1,,
2026-Q2,RT_LEV_DE,  ‣ Debt to Equity Ratio,39,2,lần,11.3703527354
2026-Q2,RT_LEV_LOAN_EQUITY,  ‣ Loans to Equity Ratio,40,2,lần,0.0
2026-Q2,RT_LEV_DA,  ‣ Debt to Assets Ratio,41,2,lần,
2026-Q2,RT_LEV_FINANCIAL_LEVERAGE,  ‣ Financial Leverage,42,2,lần,0.0
2026-Q2,RT_LEV_EQUITY_TO_LIABILITIES,  ‣ Equity to Liabilities Ratio,43,2,lần,0.0879480191
2026-Q2,RT_LEV_EQUITY_TO_ASSETS,  ‣ Equity to Assets Ratio,44,2,lần,0.0808384386
2026-Q2,RT_CAT_BANKING_SPECIFICS,Banking Specifics,45,1,,
2026-Q2,RT_BANK_NIM,  ‣ Net Interest Margin (NIM),46,2,%,0.0401056713
2026-Q2,RT_BANK_YIEA,  ‣ Yield on Earning Assets (YIEA),47,2,%,0.0929374379
2026-Q2,RT_BANK_COF,  ‣ Cost of Funds (COF),48,2,%,-0.0549400063
2026-Q2,RT_BANK_NOII,  ‣ Non Interest Income,49,2,tỷ VNĐ,0.3300581898
2026-Q2,RT_BANK_CIR,  ‣ Cost to Income Ratio (CIR),50,2,%,-0.3562501633
2026-Q2,RT_BANK_LOAN_GROWTH,  ‣ Loan Growth,51,2,%,0.0598467047
2026-Q2,RT_BANK_DEPOSIT_GROWTH,  ‣ Deposit Growth,52,2,%,0.0107686596
2026-Q2,RT_BANK_LDR,  ‣ Loan to Deposit Ratio (LDR),53,2,%,1.049954025
2026-Q2,RT_BANK_NPL,  ‣ Non Performing Loans Ratio (NPL),54,2,%,0.018271515
2026-Q2,RT_BANK_NPL_COVERAGE,  ‣ NPL Coverage Ratio,55,2,%,-0.9127976669
2026-Q2,RT_BANK_PROVISION_TO_LOANS,  ‣ Provision to Loans Ratio,56,2,%,-0.0088195186
2026-Q2,RT_BANK_CAR,  ‣ Capital Adequacy Ratio (CAR),57,2,%,0.0
2026-Q2,RT_BANK_CASA,  ‣ CASA Ratio,58,2,%,0.058229059
2026-Q2,RT_BANK_EQUITY_TO_LOANS,  ‣ Equity to Loans Ratio,59,2,%,0.1196789925
2026-Q2,RT_BANK_LLR_TO_LOANS,  ‣ Loan Loss Reserve to Loans Ratio,60,2,%,0.0166781962
2026-Q1,RT_CAT_INFO_VALUATION,Valuation & Company Information,1,1,,
2026-Q1,RT_VALUE_PE,  ‣ P/E Ratio,2,2,lần,4.7463787382
2026-Q1,RT_VALUE_PB,  ‣ P/B Ratio,3,2,lần,1.0729038998
2026-Q1,RT_VALUE_PS,  ‣ P/S Ratio,4,2,lần,1.8300840622
2026-Q1,RT_VALUE_P_CF,  ‣ P/CF Ratio,5,2,lần,1.3213442435
2026-Q1,RT_VALUE_EV_EBITDA,  ‣ EV/EBITDA,6,2,lần,0.0
2026-Q1,RT_VALUE_DIVIDEND_YIELD,  ‣ Dividend Yield,7,2,%,0.0
2026-Q1,RT_VALUE_MARKET_CAP,  ‣ Market Capitalization,8,2,tỷ VNĐ,9437253046200.0
2026-Q1,RT_VALUE_EPS,  ‣ Basic EPS,9,2,VNĐ,
2026-Q1,RT_VALUE_BETA,  ‣ Beta,10,2,lần,
2026-Q1,RT_VALUE_BVPS,  ‣ Book Value Per Share,11,2,VNĐ,
2026-Q1,RT_VALUE_EBIT,  ‣ EBIT,12,2,tỷ VNĐ,0.0
2026-Q1,RT_VALUE_EBITDA,  ‣ EBITDA,13,2,tỷ VNĐ,0.0
2026-Q1,RT_VALUE_EQUITY,  ‣ Owner's Equity,14,2,tỷ VNĐ,0.0
2026-Q1,RT_VALUE_OUTSTANDING_SHARES,  ‣ Outstanding Shares,15,2,cổ phiếu,748988337.0
2026-Q1,RT_CAT_PROFITABILITY,Profitability & Efficiency,16,1,,
2026-Q1,RT_PRT_ROE,  ‣ ROE %,17,2,%,0.2471255875
2026-Q1,RT_PRT_ROA,  ‣ ROA %,18,2,%,0.0195115097
2026-Q1,RT_PRT_ROIC,  ‣ ROIC %,19,2,%,0.0
2026-Q1,RT_PRT_GROSS_MARGIN,  ‣ Gross Profit Margin %,20,2,%,0.6315185664
2026-Q1,RT_PRT_EBIT_MARGIN,  ‣ EBIT Margin %,21,2,%,0.0
2026-Q1,RT_PRT_PRE_TAX_MARGIN,  ‣ Pre Tax Profit Margin %,22,2,%,0.4824326725
2026-Q1,RT_PRT_NET_MARGIN,  ‣ Net Profit Margin %,23,2,%,0.3855748175
2026-Q1,RT_EFF_ATR,  ‣ Asset Turnover,24,2,vòng,0.0
2026-Q1,RT_EFF_FATR,  ‣ Fixed Asset Turnover,25,2,vòng,0.0
2026-Q1,RT_EFF_DSO,  ‣ Days Sales Outstanding,26,2,ngày,0.0
2026-Q1,RT_EFF_DIO,  ‣ Days Inventory Outstanding,27,2,ngày,0.0
2026-Q1,RT_EFF_DPO,  ‣ Days Payable Outstanding,28,2,ngày,0.0
2026-Q1,RT_EFF_CASH_CYCLE,  ‣ Cash Conversion Cycle,29,2,ngày,0.0
2026-Q1,RT_CAT_LIQUIDITY_SAFETY,Liquidity & Financial Safety,30,1,,
2026-Q1,RT_LQD_CR,  ‣ Current Ratio,31,2,lần,0.0
2026-Q1,RT_LQD_QR,  ‣ Quick Ratio,32,2,lần,0.0
2026-Q1,RT_LQD_CASH_RATIO,  ‣ Cash Ratio,33,2,lần,0.0
2026-Q1,RT_ASSETS_CURRENT_DEPOSITS,  ‣ Current Deposits,34,2,tỷ VNĐ,
2026-Q1,RT_ASSETS_DEPOSITS_SPECIAL,  ‣ Special Purpose Deposits,35,2,tỷ VNĐ,
2026-Q1,RT_ASSETS_DEPOSITS_CUSTOMERS,  ‣ Customer Deposits,36,2,tỷ VNĐ,
2026-Q1,RT_ASSETS_MARGIN_DEPOSITS,  ‣ Margin Deposits,37,2,tỷ VNĐ,
2026-Q1,RT_CAT_FINANCIAL_LEVERAGE,Financial Leverage,38,1,,
2026-Q1,RT_LEV_DE,  ‣ Debt to Equity Ratio,39,2,lần,11.3883513523
2026-Q1,RT_LEV_LOAN_EQUITY,  ‣ Loans to Equity Ratio,40,2,lần,0.0
2026-Q1,RT_LEV_DA,  ‣ Debt to Assets Ratio,41,2,lần,
2026-Q1,RT_LEV_FINANCIAL_LEVERAGE,  ‣ Financial Leverage,42,2,lần,0.0
2026-Q1,RT_LEV_EQUITY_TO_LIABILITIES,  ‣ Equity to Liabilities Ratio,43,2,lần,0.0878090225
2026-Q1,RT_LEV_EQUITY_TO_ASSETS,  ‣ Equity to Assets Ratio,44,2,lần,0.0807209912
2026-Q1,RT_CAT_BANKING_SPECIFICS,Banking Specifics,45,1,,
2026-Q1,RT_BANK_NIM,  ‣ Net Interest Margin (NIM),46,2,%,0.0406098678
2026-Q1,RT_BANK_YIEA,  ‣ Yield on Earning Assets (YIEA),47,2,%,0.0914437719
2026-Q1,RT_BANK_COF,  ‣ Cost of Funds (COF),48,2,%,0.0
2026-Q1,RT_BANK_NOII,  ‣ Non Interest Income,49,2,tỷ VNĐ,0.177119408
2026-Q1,RT_BANK_CIR,  ‣ Cost to Income Ratio (CIR),50,2,%,-0.3858699468
2026-Q1,RT_BANK_LOAN_GROWTH,  ‣ Loan Growth,51,2,%,0.0230108099
2026-Q1,RT_BANK_DEPOSIT_GROWTH,  ‣ Deposit Growth,52,2,%,0.0156506957
2026-Q1,RT_BANK_LDR,  ‣ Loan to Deposit Ratio (LDR),53,2,%,1.0013340776
2026-Q1,RT_BANK_NPL,  ‣ Non Performing Loans Ratio (NPL),54,2,%,0.0190129055
2026-Q1,RT_BANK_NPL_COVERAGE,  ‣ NPL Coverage Ratio,55,2,%,-0.8550843502
2026-Q1,RT_BANK_PROVISION_TO_LOANS,  ‣ Provision to Loans Ratio,56,2,%,-0.0107790714
2026-Q1,RT_BANK_CAR,  ‣ Capital Adequacy Ratio (CAR),57,2,%,0.0
2026-Q1,RT_BANK_CASA,  ‣ CASA Ratio,58,2,%,0.0593450641
2026-Q1,RT_BANK_EQUITY_TO_LOANS,  ‣ Equity to Loans Ratio,59,2,%,0.120106395
2026-Q1,RT_BANK_LLR_TO_LOANS,  ‣ Loan Loss Reserve to Loans Ratio,60,2,%,0.0162576379
2025-Q4,RT_CAT_INFO_VALUATION,Valuation & Company Information,1,1,,
2025-Q4,RT_VALUE_PE,  ‣ P/E Ratio,2,2,lần,4.3778701177
2025-Q4,RT_VALUE_PB,  ‣ P/B Ratio,3,2,lần,0.9654967022
2025-Q4,RT_VALUE_PS,  ‣ P/S Ratio,4,2,lần,1.5604844794
2025-Q4,RT_VALUE_P_CF,  ‣ P/CF Ratio,5,2,lần,3.442630786
2025-Q4,RT_VALUE_EV_EBITDA,  ‣ EV/EBITDA,6,2,lần,0.0
2025-Q4,RT_VALUE_DIVIDEND_YIELD,  ‣ Dividend Yield,7,2,%,0.0
2025-Q4,RT_VALUE_MARKET_CAP,  ‣ Market Capitalization,8,2,tỷ VNĐ,8126105890300.0
2025-Q4,RT_VALUE_EPS,  ‣ Basic EPS,9,2,VNĐ,
2025-Q4,RT_VALUE_BETA,  ‣ Beta,10,2,lần,
2025-Q4,RT_VALUE_BVPS,  ‣ Book Value Per Share,11,2,VNĐ,
2025-Q4,RT_VALUE_EBIT,  ‣ EBIT,12,2,tỷ VNĐ,0.0
2025-Q4,RT_VALUE_EBITDA,  ‣ EBITDA,13,2,tỷ VNĐ,0.0
2025-Q4,RT_VALUE_EQUITY,  ‣ Owner's Equity,14,2,tỷ VNĐ,0.0
2025-Q4,RT_VALUE_OUTSTANDING_SHARES,  ‣ Outstanding Shares,15,2,cổ phiếu,578370526.0
2025-Q4,RT_CAT_PROFITABILITY,Profitability & Efficiency,16,1,,
2025-Q4,RT_PRT_ROE,  ‣ ROE %,17,2,%,0.2471369118
2025-Q4,RT_PRT_ROA,  ‣ ROA %,18,2,%,0.0189910774
2025-Q4,RT_PRT_ROIC,  ‣ ROIC %,19,2,%,0.0
2025-Q4,RT_PRT_GROSS_MARGIN,  ‣ Gross Profit Margin %,20,2,%,0.6042189758
2025-Q4,RT_PRT_EBIT_MARGIN,  ‣ EBIT Margin %,21,2,%,0.0
2025-Q4,RT_PRT_PRE_TAX_MARGIN,  ‣ Pre Tax Profit Margin %,22,2,%,0.4460354206
2025-Q4,RT_PRT_NET_MARGIN,  ‣ Net Profit Margin %,23,2,%,0.3564483406
2025-Q4,RT_EFF_ATR,  ‣ Asset Turnover,24,2,vòng,0.0
2025-Q4,RT_EFF_FATR,  ‣ Fixed Asset Turnover,25,2,vòng,0.0
2025-Q4,RT_EFF_DSO,  ‣ Days Sales Outstanding,26,2,ngày,0.0
2025-Q4,RT_EFF_DIO,  ‣ Days Inventory Outstanding,27,2,ngày,0.0
2025-Q4,RT_EFF_DPO,  ‣ Days Payable Outstanding,28,2,ngày,0.0
2025-Q4,RT_EFF_CASH_CYCLE,  ‣ Cash Conversion Cycle,29,2,ngày,0.0
2025-Q4,RT_CAT_LIQUIDITY_SAFETY,Liquidity & Financial Safety,30,1,,
2025-Q4,RT_LQD_CR,  ‣ Current Ratio,31,2,lần,0.0
2025-Q4,RT_LQD_QR,  ‣ Quick Ratio,32,2,lần,0.0
2025-Q4,RT_LQD_CASH_RATIO,  ‣ Cash Ratio,33,2,lần,0.0
2025-Q4,RT_ASSETS_CURRENT_DEPOSITS,  ‣ Current Deposits,34,2,tỷ VNĐ,
2025-Q4,RT_ASSETS_DEPOSITS_SPECIAL,  ‣ Special Purpose Deposits,35,2,tỷ VNĐ,
2025-Q4,RT_ASSETS_DEPOSITS_CUSTOMERS,  ‣ Customer Deposits,36,2,tỷ VNĐ,
2025-Q4,RT_ASSETS_MARGIN_DEPOSITS,  ‣ Margin Deposits,37,2,tỷ VNĐ,
2025-Q4,RT_CAT_FINANCIAL_LEVERAGE,Financial Leverage,38,1,,
2025-Q4,RT_LEV_DE,  ‣ Debt to Equity Ratio,39,2,lần,11.2738254831
2025-Q4,RT_LEV_LOAN_EQUITY,  ‣ Loans to Equity Ratio,40,2,lần,0.0
2025-Q4,RT_LEV_DA,  ‣ Debt to Assets Ratio,41,2,lần,
2025-Q4,RT_LEV_FINANCIAL_LEVERAGE,  ‣ Financial Leverage,42,2,lần,0.0
2025-Q4,RT_LEV_EQUITY_TO_LIABILITIES,  ‣ Equity to Liabilities Ratio,43,2,lần,0.088701036
2025-Q4,RT_LEV_EQUITY_TO_ASSETS,  ‣ Equity to Assets Ratio,44,2,lần,0.0814741909
2025-Q4,RT_CAT_BANKING_SPECIFICS,Banking Specifics,45,1,,
2025-Q4,RT_BANK_NIM,  ‣ Net Interest Margin (NIM),46,2,%,0.0417027731
2025-Q4,RT_BANK_YIEA,  ‣ Yield on Earning Assets (YIEA),47,2,%,0.0929468749
2025-Q4,RT_BANK_COF,  ‣ Cost of Funds (COF),48,2,%,0.0
2025-Q4,RT_BANK_NOII,  ‣ Non Interest Income,49,2,tỷ VNĐ,0.382170736
2025-Q4,RT_BANK_CIR,  ‣ Cost to Income Ratio (CIR),50,2,%,-0.3957810242
2025-Q4,RT_BANK_LOAN_GROWTH,  ‣ Loan Growth,51,2,%,0.1653178806
2025-Q4,RT_BANK_DEPOSIT_GROWTH,  ‣ Deposit Growth,52,2,%,0.1336384657
2025-Q4,RT_BANK_LDR,  ‣ Loan to Deposit Ratio (LDR),53,2,%,0.9941299181
2025-Q4,RT_BANK_NPL,  ‣ Non Performing Loans Ratio (NPL),54,2,%,0.018644613
2025-Q4,RT_BANK_NPL_COVERAGE,  ‣ NPL Coverage Ratio,55,2,%,-0.8797392721
2025-Q4,RT_BANK_PROVISION_TO_LOANS,  ‣ Provision to Loans Ratio,56,2,%,-0.0123850761
2025-Q4,RT_BANK_CAR,  ‣ Capital Adequacy Ratio (CAR),57,2,%,0.0
2025-Q4,RT_BANK_CASA,  ‣ CASA Ratio,58,2,%,0.0812231187
2025-Q4,RT_BANK_EQUITY_TO_LOANS,  ‣ Equity to Loans Ratio,59,2,%,0.1175691182
2025-Q4,RT_BANK_LLR_TO_LOANS,  ‣ Loan Loss Reserve to Loans Ratio,60,2,%,0.0164023983
2025-Q3,RT_CAT_INFO_VALUATION,Valuation & Company Information,1,1,,
2025-Q3,RT_VALUE_PE,  ‣ P/E Ratio,2,2,lần,0.0
2025-Q3,RT_VALUE_PB,  ‣ P/B Ratio,3,2,lần,0.0
2025-Q3,RT_VALUE_PS,  ‣ P/S Ratio,4,2,lần,0.0
2025-Q3,RT_VALUE_P_CF,  ‣ P/CF Ratio,5,2,lần,0.0
2025-Q3,RT_VALUE_EV_EBITDA,  ‣ EV/EBITDA,6,2,lần,0.0
2025-Q3,RT_VALUE_DIVIDEND_YIELD,  ‣ Dividend Yield,7,2,%,0.0
2025-Q3,RT_VALUE_MARKET_CAP,  ‣ Market Capitalization,8,2,tỷ VNĐ,0.0
2025-Q3,RT_VALUE_EPS,  ‣ Basic EPS,9,2,VNĐ,
2025-Q3,RT_VALUE_BETA,  ‣ Beta,10,2,lần,
2025-Q3,RT_VALUE_BVPS,  ‣ Book Value Per Share,11,2,VNĐ,
2025-Q3,RT_VALUE_EBIT,  ‣ EBIT,12,2,tỷ VNĐ,0.0
2025-Q3,RT_VALUE_EBITDA,  ‣ EBITDA,13,2,tỷ VNĐ,0.0
2025-Q3,RT_VALUE_EQUITY,  ‣ Owner's Equity,14,2,tỷ VNĐ,0.0
2025-Q3,RT_VALUE_OUTSTANDING_SHARES,  ‣ Outstanding Shares,15,2,cổ phiếu,578370526.0
2025-Q3,RT_CAT_PROFITABILITY,Profitability & Efficiency,16,1,,
2025-Q3,RT_PRT_ROE,  ‣ ROE %,17,2,%,0.2124252814
2025-Q3,RT_PRT_ROA,  ‣ ROA %,18,2,%,0.0156878503
2025-Q3,RT_PRT_ROIC,  ‣ ROIC %,19,2,%,0.0
2025-Q3,RT_PRT_GROSS_MARGIN,  ‣ Gross Profit Margin %,20,2,%,0.6217970028
2025-Q3,RT_PRT_EBIT_MARGIN,  ‣ EBIT Margin %,21,2,%,0.0
2025-Q3,RT_PRT_PRE_TAX_MARGIN,  ‣ Pre Tax Profit Margin %,22,2,%,0.4070537406
2025-Q3,RT_PRT_NET_MARGIN,  ‣ Net Profit Margin %,23,2,%,0.3252699751
2025-Q3,RT_EFF_ATR,  ‣ Asset Turnover,24,2,vòng,0.0
2025-Q3,RT_EFF_FATR,  ‣ Fixed Asset Turnover,25,2,vòng,0.0
2025-Q3,RT_EFF_DSO,  ‣ Days Sales Outstanding,26,2,ngày,0.0
2025-Q3,RT_EFF_DIO,  ‣ Days Inventory Outstanding,27,2,ngày,0.0
2025-Q3,RT_EFF_DPO,  ‣ Days Payable Outstanding,28,2,ngày,0.0
2025-Q3,RT_EFF_CASH_CYCLE,  ‣ Cash Conversion Cycle,29,2,ngày,0.0
2025-Q3,RT_CAT_LIQUIDITY_SAFETY,Liquidity & Financial Safety,30,1,,
2025-Q3,RT_LQD_CR,  ‣ Current Ratio,31,2,lần,0.0
2025-Q3,RT_LQD_QR,  ‣ Quick Ratio,32,2,lần,0.0
2025-Q3,RT_LQD_CASH_RATIO,  ‣ Cash Ratio,33,2,lần,0.0
2025-Q3,RT_ASSETS_CURRENT_DEPOSITS,  ‣ Current Deposits,34,2,tỷ VNĐ,
2025-Q3,RT_ASSETS_DEPOSITS_SPECIAL,  ‣ Special Purpose Deposits,35,2,tỷ VNĐ,
2025-Q3,RT_ASSETS_DEPOSITS_CUSTOMERS,  ‣ Customer Deposits,36,2,tỷ VNĐ,
2025-Q3,RT_ASSETS_MARGIN_DEPOSITS,  ‣ Margin Deposits,37,2,tỷ VNĐ,
2025-Q3,RT_CAT_FINANCIAL_LEVERAGE,Financial Leverage,38,1,,
2025-Q3,RT_LEV_DE,  ‣ Debt to Equity Ratio,39,2,lần,11.6504944728
2025-Q3,RT_LEV_LOAN_EQUITY,  ‣ Loans to Equity Ratio,40,2,lần,0.0
2025-Q3,RT_LEV_DA,  ‣ Debt to Assets Ratio,41,2,lần,
2025-Q3,RT_LEV_FINANCIAL_LEVERAGE,  ‣ Financial Leverage,42,2,lần,0.0
2025-Q3,RT_LEV_EQUITY_TO_LIABILITIES,  ‣ Equity to Liabilities Ratio,43,2,lần,0.0858332668
2025-Q3,RT_LEV_EQUITY_TO_ASSETS,  ‣ Equity to Assets Ratio,44,2,lần,0.0790482935
2025-Q3,RT_CAT_BANKING_SPECIFICS,Banking Specifics,45,1,,
2025-Q3,RT_BANK_NIM,  ‣ Net Interest Margin (NIM),46,2,%,0.0396984254
2025-Q3,RT_BANK_YIEA,  ‣ Yield on Earning Assets (YIEA),47,2,%,0.0900367836
2025-Q3,RT_BANK_COF,  ‣ Cost of Funds (COF),48,2,%,0.0
2025-Q3,RT_BANK_NOII,  ‣ Non Interest Income,49,2,tỷ VNĐ,0.2533440096
2025-Q3,RT_BANK_CIR,  ‣ Cost to Income Ratio (CIR),50,2,%,-0.3844835816
2025-Q3,RT_BANK_LOAN_GROWTH,  ‣ Loan Growth,51,2,%,0.0197760729
2025-Q3,RT_BANK_DEPOSIT_GROWTH,  ‣ Deposit Growth,52,2,%,-0.0310947996
2025-Q3,RT_BANK_LDR,  ‣ Loan to Deposit Ratio (LDR),53,2,%,1.0003406714
2025-Q3,RT_BANK_NPL,  ‣ Non Performing Loans Ratio (NPL),54,2,%,0.0192852779
2025-Q3,RT_BANK_NPL_COVERAGE,  ‣ NPL Coverage Ratio,55,2,%,-0.7815337216
2025-Q3,RT_BANK_PROVISION_TO_LOANS,  ‣ Provision to Loans Ratio,56,2,%,-0.0147641365
2025-Q3,RT_BANK_CAR,  ‣ Capital Adequacy Ratio (CAR),57,2,%,0.0
2025-Q3,RT_BANK_CASA,  ‣ CASA Ratio,58,2,%,0.0601107049
2025-Q3,RT_BANK_EQUITY_TO_LOANS,  ‣ Equity to Loans Ratio,59,2,%,0.108911826
2025-Q3,RT_BANK_LLR_TO_LOANS,  ‣ Loan Loss Reserve to Loans Ratio,60,2,%,0.015072095
2025-Q2,RT_CAT_INFO_VALUATION,Valuation & Company Information,1,1,,
2025-Q2,RT_VALUE_PE,  ‣ P/E Ratio,2,2,lần,7.7201678979
2025-Q2,RT_VALUE_PB,  ‣ P/B Ratio,3,2,lần,1.2611197862
2025-Q2,RT_VALUE_PS,  ‣ P/S Ratio,4,2,lần,2.0649751525
2025-Q2,RT_VALUE_P_CF,  ‣ P/CF Ratio,5,2,lần,-2.4910315708
2025-Q2,RT_VALUE_EV_EBITDA,  ‣ EV/EBITDA,6,2,lần,0.0
2025-Q2,RT_VALUE_DIVIDEND_YIELD,  ‣ Dividend Yield,7,2,%,0.0
2025-Q2,RT_VALUE_MARKET_CAP,  ‣ Market Capitalization,8,2,tỷ VNĐ,9138254310800.0
2025-Q2,RT_VALUE_EPS,  ‣ Basic EPS,9,2,VNĐ,
2025-Q2,RT_VALUE_BETA,  ‣ Beta,10,2,lần,
2025-Q2,RT_VALUE_BVPS,  ‣ Book Value Per Share,11,2,VNĐ,
2025-Q2,RT_VALUE_EBIT,  ‣ EBIT,12,2,tỷ VNĐ,0.0
2025-Q2,RT_VALUE_EBITDA,  ‣ EBITDA,13,2,tỷ VNĐ,0.0
2025-Q2,RT_VALUE_EQUITY,  ‣ Owner's Equity,14,2,tỷ VNĐ,0.0
2025-Q2,RT_VALUE_OUTSTANDING_SHARES,  ‣ Outstanding Shares,15,2,cổ phiếu,578370526.0
2025-Q2,RT_CAT_PROFITABILITY,Profitability & Efficiency,16,1,,
2025-Q2,RT_PRT_ROE,  ‣ ROE %,17,2,%,0.1752464659
2025-Q2,RT_PRT_ROA,  ‣ ROA %,18,2,%,0.0124993777
2025-Q2,RT_PRT_ROIC,  ‣ ROIC %,19,2,%,0.0
2025-Q2,RT_PRT_GROSS_MARGIN,  ‣ Gross Profit Margin %,20,2,%,0.5597040963
2025-Q2,RT_PRT_EBIT_MARGIN,  ‣ EBIT Margin %,21,2,%,0.0
2025-Q2,RT_PRT_PRE_TAX_MARGIN,  ‣ Pre Tax Profit Margin %,22,2,%,0.3348359613
2025-Q2,RT_PRT_NET_MARGIN,  ‣ Net Profit Margin %,23,2,%,0.267478021
2025-Q2,RT_EFF_ATR,  ‣ Asset Turnover,24,2,vòng,0.0
2025-Q2,RT_EFF_FATR,  ‣ Fixed Asset Turnover,25,2,vòng,0.0
2025-Q2,RT_EFF_DSO,  ‣ Days Sales Outstanding,26,2,ngày,0.0
2025-Q2,RT_EFF_DIO,  ‣ Days Inventory Outstanding,27,2,ngày,0.0
2025-Q2,RT_EFF_DPO,  ‣ Days Payable Outstanding,28,2,ngày,0.0
2025-Q2,RT_EFF_CASH_CYCLE,  ‣ Cash Conversion Cycle,29,2,ngày,0.0
2025-Q2,RT_CAT_LIQUIDITY_SAFETY,Liquidity & Financial Safety,30,1,,
2025-Q2,RT_LQD_CR,  ‣ Current Ratio,31,2,lần,0.0
2025-Q2,RT_LQD_QR,  ‣ Quick Ratio,32,2,lần,0.0
2025-Q2,RT_LQD_CASH_RATIO,  ‣ Cash Ratio,33,2,lần,0.0
2025-Q2,RT_ASSETS_CURRENT_DEPOSITS,  ‣ Current Deposits,34,2,tỷ VNĐ,
2025-Q2,RT_ASSETS_DEPOSITS_SPECIAL,  ‣ Special Purpose Deposits,35,2,tỷ VNĐ,
2025-Q2,RT_ASSETS_DEPOSITS_CUSTOMERS,  ‣ Customer Deposits,36,2,tỷ VNĐ,
2025-Q2,RT_ASSETS_MARGIN_DEPOSITS,  ‣ Margin Deposits,37,2,tỷ VNĐ,
2025-Q2,RT_CAT_FINANCIAL_LEVERAGE,Financial Leverage,38,1,,
2025-Q2,RT_LEV_DE,  ‣ Debt to Equity Ratio,39,2,lần,12.4734413881
2025-Q2,RT_LEV_LOAN_EQUITY,  ‣ Loans to Equity Ratio,40,2,lần,0.0
2025-Q2,RT_LEV_DA,  ‣ Debt to Assets Ratio,41,2,lần,
2025-Q2,RT_LEV_FINANCIAL_LEVERAGE,  ‣ Financial Leverage,42,2,lần,0.0
2025-Q2,RT_LEV_EQUITY_TO_LIABILITIES,  ‣ Equity to Liabilities Ratio,43,2,lần,0.080170337
2025-Q2,RT_LEV_EQUITY_TO_ASSETS,  ‣ Equity to Assets Ratio,44,2,lần,0.0742200876
2025-Q2,RT_CAT_BANKING_SPECIFICS,Banking Specifics,45,1,,
2025-Q2,RT_BANK_NIM,  ‣ Net Interest Margin (NIM),46,2,%,0.0391629965
2025-Q2,RT_BANK_YIEA,  ‣ Yield on Earning Assets (YIEA),47,2,%,0.0876954305
2025-Q2,RT_BANK_COF,  ‣ Cost of Funds (COF),48,2,%,0.0
2025-Q2,RT_BANK_NOII,  ‣ Non Interest Income,49,2,tỷ VNĐ,0.3473945241
2025-Q2,RT_BANK_CIR,  ‣ Cost to Income Ratio (CIR),50,2,%,-0.2487926356
2025-Q2,RT_BANK_LOAN_GROWTH,  ‣ Loan Growth,51,2,%,0.023370049
2025-Q2,RT_BANK_DEPOSIT_GROWTH,  ‣ Deposit Growth,52,2,%,0.0307590204
2025-Q2,RT_BANK_LDR,  ‣ Loan to Deposit Ratio (LDR),53,2,%,0.9504393213
2025-Q2,RT_BANK_NPL,  ‣ Non Performing Loans Ratio (NPL),54,2,%,0.0197409313
2025-Q2,RT_BANK_NPL_COVERAGE,  ‣ NPL Coverage Ratio,55,2,%,-0.8237155325
2025-Q2,RT_BANK_PROVISION_TO_LOANS,  ‣ Provision to Loans Ratio,56,2,%,-0.0154155349
2025-Q2,RT_BANK_CAR,  ‣ Capital Adequacy Ratio (CAR),57,2,%,0.1186
2025-Q2,RT_BANK_CASA,  ‣ CASA Ratio,58,2,%,0.0768475316
2025-Q2,RT_BANK_EQUITY_TO_LOANS,  ‣ Equity to Loans Ratio,59,2,%,0.1041905561
2025-Q2,RT_BANK_LLR_TO_LOANS,  ‣ Loan Loss Reserve to Loans Ratio,60,2,%,0.0162609117
2025-Q1,RT_CAT_INFO_VALUATION,Valuation & Company Information,1,1,,
2025-Q1,RT_VALUE_PE,  ‣ P/E Ratio,2,2,lần,6.4655205284
2025-Q1,RT_VALUE_PB,  ‣ P/B Ratio,3,2,lần,0.9474720539
2025-Q1,RT_VALUE_PS,  ‣ P/S Ratio,4,2,lần,1.4988929135
2025-Q1,RT_VALUE_P_CF,  ‣ P/CF Ratio,5,2,lần,-2.2619467767
2025-Q1,RT_VALUE_EV_EBITDA,  ‣ EV/EBITDA,6,2,lần,0.0
2025-Q1,RT_VALUE_DIVIDEND_YIELD,  ‣ Dividend Yield,7,2,%,0.0
2025-Q1,RT_VALUE_MARKET_CAP,  ‣ Market Capitalization,8,2,tỷ VNĐ,6475224880614.0
2025-Q1,RT_VALUE_EPS,  ‣ Basic EPS,9,2,VNĐ,
2025-Q1,RT_VALUE_BETA,  ‣ Beta,10,2,lần,
2025-Q1,RT_VALUE_BVPS,  ‣ Book Value Per Share,11,2,VNĐ,
2025-Q1,RT_VALUE_EBIT,  ‣ EBIT,12,2,tỷ VNĐ,0.0
2025-Q1,RT_VALUE_EBITDA,  ‣ EBITDA,13,2,tỷ VNĐ,0.0
2025-Q1,RT_VALUE_EQUITY,  ‣ Owner's Equity,14,2,tỷ VNĐ,0.0
2025-Q1,RT_VALUE_OUTSTANDING_SHARES,  ‣ Outstanding Shares,15,2,cổ phiếu,361481878.0
2025-Q1,RT_CAT_PROFITABILITY,Profitability & Efficiency,16,1,,
2025-Q1,RT_PRT_ROE,  ‣ ROE %,17,2,%,0.1546089197
2025-Q1,RT_PRT_ROA,  ‣ ROA %,18,2,%,0.0107446794
2025-Q1,RT_PRT_ROIC,  ‣ ROIC %,19,2,%,0.0
2025-Q1,RT_PRT_GROSS_MARGIN,  ‣ Gross Profit Margin %,20,2,%,0.5009913183
2025-Q1,RT_PRT_EBIT_MARGIN,  ‣ EBIT Margin %,21,2,%,0.0
2025-Q1,RT_PRT_PRE_TAX_MARGIN,  ‣ Pre Tax Profit Margin %,22,2,%,0.2904489694
2025-Q1,RT_PRT_NET_MARGIN,  ‣ Net Profit Margin %,23,2,%,0.2318286669
2025-Q1,RT_EFF_ATR,  ‣ Asset Turnover,24,2,vòng,0.0
2025-Q1,RT_EFF_FATR,  ‣ Fixed Asset Turnover,25,2,vòng,0.0
2025-Q1,RT_EFF_DSO,  ‣ Days Sales Outstanding,26,2,ngày,0.0
2025-Q1,RT_EFF_DIO,  ‣ Days Inventory Outstanding,27,2,ngày,0.0
2025-Q1,RT_EFF_DPO,  ‣ Days Payable Outstanding,28,2,ngày,0.0
2025-Q1,RT_EFF_CASH_CYCLE,  ‣ Cash Conversion Cycle,29,2,ngày,0.0
2025-Q1,RT_CAT_LIQUIDITY_SAFETY,Liquidity & Financial Safety,30,1,,
2025-Q1,RT_LQD_CR,  ‣ Current Ratio,31,2,lần,0.0
2025-Q1,RT_LQD_QR,  ‣ Quick Ratio,32,2,lần,0.0
2025-Q1,RT_LQD_CASH_RATIO,  ‣ Cash Ratio,33,2,lần,0.0
2025-Q1,RT_ASSETS_CURRENT_DEPOSITS,  ‣ Current Deposits,34,2,tỷ VNĐ,
2025-Q1,RT_ASSETS_DEPOSITS_SPECIAL,  ‣ Special Purpose Deposits,35,2,tỷ VNĐ,
2025-Q1,RT_ASSETS_DEPOSITS_CUSTOMERS,  ‣ Customer Deposits,36,2,tỷ VNĐ,
2025-Q1,RT_ASSETS_MARGIN_DEPOSITS,  ‣ Margin Deposits,37,2,tỷ VNĐ,
2025-Q1,RT_CAT_FINANCIAL_LEVERAGE,Financial Leverage,38,1,,
2025-Q1,RT_LEV_DE,  ‣ Debt to Equity Ratio,39,2,lần,13.2173596605
2025-Q1,RT_LEV_LOAN_EQUITY,  ‣ Loans to Equity Ratio,40,2,lần,0.0
2025-Q1,RT_LEV_DA,  ‣ Debt to Assets Ratio,41,2,lần,
2025-Q1,RT_LEV_FINANCIAL_LEVERAGE,  ‣ Financial Leverage,42,2,lần,0.0
2025-Q1,RT_LEV_EQUITY_TO_LIABILITIES,  ‣ Equity to Liabilities Ratio,43,2,lần,0.0756580759
2025-Q1,RT_LEV_EQUITY_TO_ASSETS,  ‣ Equity to Assets Ratio,44,2,lần,0.070336548
2025-Q1,RT_CAT_BANKING_SPECIFICS,Banking Specifics,45,1,,
2025-Q1,RT_BANK_NIM,  ‣ Net Interest Margin (NIM),46,2,%,0.0401812814
2025-Q1,RT_BANK_YIEA,  ‣ Yield on Earning Assets (YIEA),47,2,%,0.0868247781
2025-Q1,RT_BANK_COF,  ‣ Cost of Funds (COF),48,2,%,0.0
2025-Q1,RT_BANK_NOII,  ‣ Non Interest Income,49,2,tỷ VNĐ,0.3346881235
2025-Q1,RT_BANK_CIR,  ‣ Cost to Income Ratio (CIR),50,2,%,-0.5105354882
2025-Q1,RT_BANK_LOAN_GROWTH,  ‣ Loan Growth,51,2,%,0.1062462995
2025-Q1,RT_BANK_DEPOSIT_GROWTH,  ‣ Deposit Growth,52,2,%,0.1175740294
2025-Q1,RT_BANK_LDR,  ‣ Loan to Deposit Ratio (LDR),53,2,%,0.9573017158
2025-Q1,RT_BANK_NPL,  ‣ Non Performing Loans Ratio (NPL),54,2,%,0.0216522441
2025-Q1,RT_BANK_NPL_COVERAGE,  ‣ NPL Coverage Ratio,55,2,%,-0.6915460213
2025-Q1,RT_BANK_PROVISION_TO_LOANS,  ‣ Provision to Loans Ratio,56,2,%,-0.014811078
2025-Q1,RT_BANK_CAR,  ‣ Capital Adequacy Ratio (CAR),57,2,%,0.0
2025-Q1,RT_BANK_CASA,  ‣ CASA Ratio,58,2,%,0.067228608
2025-Q1,RT_BANK_EQUITY_TO_LOANS,  ‣ Equity to Loans Ratio,59,2,%,0.1005640151
2025-Q1,RT_BANK_LLR_TO_LOANS,  ‣ Loan Loss Reserve to Loans Ratio,60,2,%,0.0149735232
2024-Q4,RT_CAT_INFO_VALUATION,Valuation & Company Information,1,1,,
2024-Q4,RT_VALUE_PE,  ‣ P/E Ratio,2,2,lần,4.4746670438
2024-Q4,RT_VALUE_PB,  ‣ P/B Ratio,3,2,lần,0.6012518958
2024-Q4,RT_VALUE_PS,  ‣ P/S Ratio,4,2,lần,1.0037049442
2024-Q4,RT_VALUE_P_CF,  ‣ P/CF Ratio,5,2,lần,-0.8227227957
2024-Q4,RT_VALUE_EV_EBITDA,  ‣ EV/EBITDA,6,2,lần,0.0
2024-Q4,RT_VALUE_DIVIDEND_YIELD,  ‣ Dividend Yield,7,2,%,0.0
2024-Q4,RT_VALUE_MARKET_CAP,  ‣ Market Capitalization,8,2,tỷ VNĐ,3971239911708.0
2024-Q4,RT_VALUE_EPS,  ‣ Basic EPS,9,2,VNĐ,
2024-Q4,RT_VALUE_BETA,  ‣ Beta,10,2,lần,
2024-Q4,RT_VALUE_BVPS,  ‣ Book Value Per Share,11,2,VNĐ,
2024-Q4,RT_VALUE_EBIT,  ‣ EBIT,12,2,tỷ VNĐ,0.0
2024-Q4,RT_VALUE_EBITDA,  ‣ EBITDA,13,2,tỷ VNĐ,0.0
2024-Q4,RT_VALUE_EQUITY,  ‣ Owner's Equity,14,2,tỷ VNĐ,0.0
2024-Q4,RT_VALUE_OUTSTANDING_SHARES,  ‣ Outstanding Shares,15,2,cổ phiếu,361481878.0
2024-Q4,RT_CAT_PROFITABILITY,Profitability & Efficiency,16,1,,
2024-Q4,RT_PRT_ROE,  ‣ ROE %,17,2,%,0.1435782863
2024-Q4,RT_PRT_ROA,  ‣ ROA %,18,2,%,0.0099078939
2024-Q4,RT_PRT_ROIC,  ‣ ROIC %,19,2,%,0.0
2024-Q4,RT_PRT_GROSS_MARGIN,  ‣ Gross Profit Margin %,20,2,%,0.4890601254
2024-Q4,RT_PRT_EBIT_MARGIN,  ‣ EBIT Margin %,21,2,%,0.0
2024-Q4,RT_PRT_PRE_TAX_MARGIN,  ‣ Pre Tax Profit Margin %,22,2,%,0.2810653946
2024-Q4,RT_PRT_NET_MARGIN,  ‣ Net Profit Margin %,23,2,%,0.2243083106
2024-Q4,RT_EFF_ATR,  ‣ Asset Turnover,24,2,vòng,0.0
2024-Q4,RT_EFF_FATR,  ‣ Fixed Asset Turnover,25,2,vòng,0.0
2024-Q4,RT_EFF_DSO,  ‣ Days Sales Outstanding,26,2,ngày,0.0
2024-Q4,RT_EFF_DIO,  ‣ Days Inventory Outstanding,27,2,ngày,0.0
2024-Q4,RT_EFF_DPO,  ‣ Days Payable Outstanding,28,2,ngày,0.0
2024-Q4,RT_EFF_CASH_CYCLE,  ‣ Cash Conversion Cycle,29,2,ngày,0.0
2024-Q4,RT_CAT_LIQUIDITY_SAFETY,Liquidity & Financial Safety,30,1,,
2024-Q4,RT_LQD_CR,  ‣ Current Ratio,31,2,lần,0.0
2024-Q4,RT_LQD_QR,  ‣ Quick Ratio,32,2,lần,0.0
2024-Q4,RT_LQD_CASH_RATIO,  ‣ Cash Ratio,33,2,lần,0.0
2024-Q4,RT_ASSETS_CURRENT_DEPOSITS,  ‣ Current Deposits,34,2,tỷ VNĐ,
2024-Q4,RT_ASSETS_DEPOSITS_SPECIAL,  ‣ Special Purpose Deposits,35,2,tỷ VNĐ,
2024-Q4,RT_ASSETS_DEPOSITS_CUSTOMERS,  ‣ Customer Deposits,36,2,tỷ VNĐ,
2024-Q4,RT_ASSETS_MARGIN_DEPOSITS,  ‣ Margin Deposits,37,2,tỷ VNĐ,
2024-Q4,RT_CAT_FINANCIAL_LEVERAGE,Financial Leverage,38,1,,
2024-Q4,RT_LEV_DE,  ‣ Debt to Equity Ratio,39,2,lần,12.9556302604
2024-Q4,RT_LEV_LOAN_EQUITY,  ‣ Loans to Equity Ratio,40,2,lần,0.0
2024-Q4,RT_LEV_DA,  ‣ Debt to Assets Ratio,41,2,lần,
2024-Q4,RT_LEV_FINANCIAL_LEVERAGE,  ‣ Financial Leverage,42,2,lần,0.0
2024-Q4,RT_LEV_EQUITY_TO_LIABILITIES,  ‣ Equity to Liabilities Ratio,43,2,lần,0.0771865189
2024-Q4,RT_LEV_EQUITY_TO_ASSETS,  ‣ Equity to Assets Ratio,44,2,lần,0.0716556674
2024-Q4,RT_CAT_BANKING_SPECIFICS,Banking Specifics,45,1,,
2024-Q4,RT_BANK_NIM,  ‣ Net Interest Margin (NIM),46,2,%,0.038967728
2024-Q4,RT_BANK_YIEA,  ‣ Yield on Earning Assets (YIEA),47,2,%,0.0868346835
2024-Q4,RT_BANK_COF,  ‣ Cost of Funds (COF),48,2,%,0.0
2024-Q4,RT_BANK_NOII,  ‣ Non Interest Income,49,2,tỷ VNĐ,0.2398310242
2024-Q4,RT_BANK_CIR,  ‣ Cost to Income Ratio (CIR),50,2,%,-0.5109398746
2024-Q4,RT_BANK_LOAN_GROWTH,  ‣ Loan Growth,51,2,%,0.1863323351
2024-Q4,RT_BANK_DEPOSIT_GROWTH,  ‣ Deposit Growth,52,2,%,0.1164154164
2024-Q4,RT_BANK_LDR,  ‣ Loan to Deposit Ratio (LDR),53,2,%,0.9671042844
2024-Q4,RT_BANK_NPL,  ‣ Non Performing Loans Ratio (NPL),54,2,%,0.0201943098
2024-Q4,RT_BANK_NPL_COVERAGE,  ‣ NPL Coverage Ratio,55,2,%,-0.7902359793
2024-Q4,RT_BANK_PROVISION_TO_LOANS,  ‣ Provision to Loans Ratio,56,2,%,-0.0145377959
2024-Q4,RT_BANK_CAR,  ‣ Capital Adequacy Ratio (CAR),57,2,%,0.0
2024-Q4,RT_BANK_CASA,  ‣ CASA Ratio,58,2,%,0.06432429
2024-Q4,RT_BANK_EQUITY_TO_LOANS,  ‣ Equity to Loans Ratio,59,2,%,0.1075166328
2024-Q4,RT_BANK_LLR_TO_LOANS,  ‣ Loan Loss Reserve to Loans Ratio,60,2,%,0.0159582702
2024-Q3,RT_CAT_INFO_VALUATION,Valuation & Company Information,1,1,,
2024-Q3,RT_VALUE_PE,  ‣ P/E Ratio,2,2,lần,5.93493445
2024-Q3,RT_VALUE_PB,  ‣ P/B Ratio,3,2,lần,0.6281084733
2024-Q3,RT_VALUE_PS,  ‣ P/S Ratio,4,2,lần,1.0963933622
2024-Q3,RT_VALUE_P_CF,  ‣ P/CF Ratio,5,2,lần,-1.3059571902
2024-Q3,RT_VALUE_EV_EBITDA,  ‣ EV/EBITDA,6,2,lần,0.0
2024-Q3,RT_VALUE_DIVIDEND_YIELD,  ‣ Dividend Yield,7,2,%,0.0
2024-Q3,RT_VALUE_MARKET_CAP,  ‣ Market Capitalization,8,2,tỷ VNĐ,3977385103634.0
2024-Q3,RT_VALUE_EPS,  ‣ Basic EPS,9,2,VNĐ,
2024-Q3,RT_VALUE_BETA,  ‣ Beta,10,2,lần,
2024-Q3,RT_VALUE_BVPS,  ‣ Book Value Per Share,11,2,VNĐ,
2024-Q3,RT_VALUE_EBIT,  ‣ EBIT,12,2,tỷ VNĐ,0.0
2024-Q3,RT_VALUE_EBITDA,  ‣ EBITDA,13,2,tỷ VNĐ,0.0
2024-Q3,RT_VALUE_EQUITY,  ‣ Owner's Equity,14,2,tỷ VNĐ,0.0
2024-Q3,RT_VALUE_OUTSTANDING_SHARES,  ‣ Outstanding Shares,15,2,cổ phiếu,361481878.0
2024-Q3,RT_CAT_PROFITABILITY,Profitability & Efficiency,16,1,,
2024-Q3,RT_PRT_ROE,  ‣ ROE %,17,2,%,0.1109191514
2024-Q3,RT_PRT_ROA,  ‣ ROA %,18,2,%,0.0074868547
2024-Q3,RT_PRT_ROIC,  ‣ ROIC %,19,2,%,0.0
2024-Q3,RT_PRT_GROSS_MARGIN,  ‣ Gross Profit Margin %,20,2,%,0.4308982085
2024-Q3,RT_PRT_EBIT_MARGIN,  ‣ EBIT Margin %,21,2,%,0.0
2024-Q3,RT_PRT_PRE_TAX_MARGIN,  ‣ Pre Tax Profit Margin %,22,2,%,0.2315431903
2024-Q3,RT_PRT_NET_MARGIN,  ‣ Net Profit Margin %,23,2,%,0.1847355583
2024-Q3,RT_EFF_ATR,  ‣ Asset Turnover,24,2,vòng,0.0
2024-Q3,RT_EFF_FATR,  ‣ Fixed Asset Turnover,25,2,vòng,0.0
2024-Q3,RT_EFF_DSO,  ‣ Days Sales Outstanding,26,2,ngày,0.0
2024-Q3,RT_EFF_DIO,  ‣ Days Inventory Outstanding,27,2,ngày,0.0
2024-Q3,RT_EFF_DPO,  ‣ Days Payable Outstanding,28,2,ngày,0.0
2024-Q3,RT_EFF_CASH_CYCLE,  ‣ Cash Conversion Cycle,29,2,ngày,0.0
2024-Q3,RT_CAT_LIQUIDITY_SAFETY,Liquidity & Financial Safety,30,1,,
2024-Q3,RT_LQD_CR,  ‣ Current Ratio,31,2,lần,0.0
2024-Q3,RT_LQD_QR,  ‣ Quick Ratio,32,2,lần,0.0
2024-Q3,RT_LQD_CASH_RATIO,  ‣ Cash Ratio,33,2,lần,0.0
2024-Q3,RT_ASSETS_CURRENT_DEPOSITS,  ‣ Current Deposits,34,2,tỷ VNĐ,
2024-Q3,RT_ASSETS_DEPOSITS_SPECIAL,  ‣ Special Purpose Deposits,35,2,tỷ VNĐ,
2024-Q3,RT_ASSETS_DEPOSITS_CUSTOMERS,  ‣ Customer Deposits,36,2,tỷ VNĐ,
2024-Q3,RT_ASSETS_MARGIN_DEPOSITS,  ‣ Margin Deposits,37,2,tỷ VNĐ,
2024-Q3,RT_CAT_FINANCIAL_LEVERAGE,Financial Leverage,38,1,,
2024-Q3,RT_LEV_DE,  ‣ Debt to Equity Ratio,39,2,lần,13.5013434251
2024-Q3,RT_LEV_LOAN_EQUITY,  ‣ Loans to Equity Ratio,40,2,lần,0.0
2024-Q3,RT_LEV_DA,  ‣ Debt to Assets Ratio,41,2,lần,
2024-Q3,RT_LEV_FINANCIAL_LEVERAGE,  ‣ Financial Leverage,42,2,lần,0.0
2024-Q3,RT_LEV_EQUITY_TO_LIABILITIES,  ‣ Equity to Liabilities Ratio,43,2,lần,0.0740667035
2024-Q3,RT_LEV_EQUITY_TO_ASSETS,  ‣ Equity to Assets Ratio,44,2,lần,0.0689591282
2024-Q3,RT_CAT_BANKING_SPECIFICS,Banking Specifics,45,1,,
2024-Q3,RT_BANK_NIM,  ‣ Net Interest Margin (NIM),46,2,%,0.0359360609
2024-Q3,RT_BANK_YIEA,  ‣ Yield on Earning Assets (YIEA),47,2,%,0.0866600167
2024-Q3,RT_BANK_COF,  ‣ Cost of Funds (COF),48,2,%,0.0
2024-Q3,RT_BANK_NOII,  ‣ Non Interest Income,49,2,tỷ VNĐ,0.1698513212
2024-Q3,RT_BANK_CIR,  ‣ Cost to Income Ratio (CIR),50,2,%,-0.6571763221
2024-Q3,RT_BANK_LOAN_GROWTH,  ‣ Loan Growth,51,2,%,0.0404037949
2024-Q3,RT_BANK_DEPOSIT_GROWTH,  ‣ Deposit Growth,52,2,%,0.0283444072
2024-Q3,RT_BANK_LDR,  ‣ Loan to Deposit Ratio (LDR),53,2,%,0.9872404766
2024-Q3,RT_BANK_NPL,  ‣ Non Performing Loans Ratio (NPL),54,2,%,0.0194143172
2024-Q3,RT_BANK_NPL_COVERAGE,  ‣ NPL Coverage Ratio,55,2,%,-0.7246425046
2024-Q3,RT_BANK_PROVISION_TO_LOANS,  ‣ Provision to Loans Ratio,56,2,%,-0.0130645356
2024-Q3,RT_BANK_CAR,  ‣ Capital Adequacy Ratio (CAR),57,2,%,0.0
2024-Q3,RT_BANK_CASA,  ‣ CASA Ratio,58,2,%,0.0490528707
2024-Q3,RT_BANK_EQUITY_TO_LOANS,  ‣ Equity to Loans Ratio,59,2,%,0.1068295247
2024-Q3,RT_BANK_LLR_TO_LOANS,  ‣ Loan Loss Reserve to Loans Ratio,60,2,%,0.0140684394
2024-Q2,RT_CAT_INFO_VALUATION,Valuation & Company Information,1,1,,
2024-Q2,RT_VALUE_PE,  ‣ P/E Ratio,2,2,lần,6.6854297199
2024-Q2,RT_VALUE_PB,  ‣ P/B Ratio,3,2,lần,0.7542212175
2024-Q2,RT_VALUE_PS,  ‣ P/S Ratio,4,2,lần,1.3971805386
2024-Q2,RT_VALUE_P_CF,  ‣ P/CF Ratio,5,2,lần,-2.345255571
2024-Q2,RT_VALUE_EV_EBITDA,  ‣ EV/EBITDA,6,2,lần,0.0
2024-Q2,RT_VALUE_DIVIDEND_YIELD,  ‣ Dividend Yield,7,2,%,0.0
2024-Q2,RT_VALUE_MARKET_CAP,  ‣ Market Capitalization,8,2,tỷ VNĐ,4630221375302.0
2024-Q2,RT_VALUE_EPS,  ‣ Basic EPS,9,2,VNĐ,
2024-Q2,RT_VALUE_BETA,  ‣ Beta,10,2,lần,
2024-Q2,RT_VALUE_BVPS,  ‣ Book Value Per Share,11,2,VNĐ,
2024-Q2,RT_VALUE_EBIT,  ‣ EBIT,12,2,tỷ VNĐ,0.0
2024-Q2,RT_VALUE_EBITDA,  ‣ EBITDA,13,2,tỷ VNĐ,0.0
2024-Q2,RT_VALUE_EQUITY,  ‣ Owner's Equity,14,2,tỷ VNĐ,0.0
2024-Q2,RT_VALUE_OUTSTANDING_SHARES,  ‣ Outstanding Shares,15,2,cổ phiếu,361481878.0
2024-Q2,RT_CAT_PROFITABILITY,Profitability & Efficiency,16,1,,
2024-Q2,RT_PRT_ROE,  ‣ ROE %,17,2,%,0.1177313181
2024-Q2,RT_PRT_ROA,  ‣ ROA %,18,2,%,0.0078753231
2024-Q2,RT_PRT_ROIC,  ‣ ROIC %,19,2,%,0.0
2024-Q2,RT_PRT_GROSS_MARGIN,  ‣ Gross Profit Margin %,20,2,%,0.4661881879
2024-Q2,RT_PRT_EBIT_MARGIN,  ‣ EBIT Margin %,21,2,%,0.0
2024-Q2,RT_PRT_PRE_TAX_MARGIN,  ‣ Pre Tax Profit Margin %,22,2,%,0.2619784398
2024-Q2,RT_PRT_NET_MARGIN,  ‣ Net Profit Margin %,23,2,%,0.2089889031
2024-Q2,RT_EFF_ATR,  ‣ Asset Turnover,24,2,vòng,0.0
2024-Q2,RT_EFF_FATR,  ‣ Fixed Asset Turnover,25,2,vòng,0.0
2024-Q2,RT_EFF_DSO,  ‣ Days Sales Outstanding,26,2,ngày,0.0
2024-Q2,RT_EFF_DIO,  ‣ Days Inventory Outstanding,27,2,ngày,0.0
2024-Q2,RT_EFF_DPO,  ‣ Days Payable Outstanding,28,2,ngày,0.0
2024-Q2,RT_EFF_CASH_CYCLE,  ‣ Cash Conversion Cycle,29,2,ngày,0.0
2024-Q2,RT_CAT_LIQUIDITY_SAFETY,Liquidity & Financial Safety,30,1,,
2024-Q2,RT_LQD_CR,  ‣ Current Ratio,31,2,lần,0.0
2024-Q2,RT_LQD_QR,  ‣ Quick Ratio,32,2,lần,0.0
2024-Q2,RT_LQD_CASH_RATIO,  ‣ Cash Ratio,33,2,lần,0.0
2024-Q2,RT_ASSETS_CURRENT_DEPOSITS,  ‣ Current Deposits,34,2,tỷ VNĐ,
2024-Q2,RT_ASSETS_DEPOSITS_SPECIAL,  ‣ Special Purpose Deposits,35,2,tỷ VNĐ,
2024-Q2,RT_ASSETS_DEPOSITS_CUSTOMERS,  ‣ Customer Deposits,36,2,tỷ VNĐ,
2024-Q2,RT_ASSETS_MARGIN_DEPOSITS,  ‣ Margin Deposits,37,2,tỷ VNĐ,
2024-Q2,RT_CAT_FINANCIAL_LEVERAGE,Financial Leverage,38,1,,
2024-Q2,RT_LEV_DE,  ‣ Debt to Equity Ratio,39,2,lần,13.931916953
2024-Q2,RT_LEV_LOAN_EQUITY,  ‣ Loans to Equity Ratio,40,2,lần,0.0
2024-Q2,RT_LEV_DA,  ‣ Debt to Assets Ratio,41,2,lần,
2024-Q2,RT_LEV_FINANCIAL_LEVERAGE,  ‣ Financial Leverage,42,2,lần,0.0
2024-Q2,RT_LEV_EQUITY_TO_LIABILITIES,  ‣ Equity to Liabilities Ratio,43,2,lần,0.0717776314
2024-Q2,RT_LEV_EQUITY_TO_ASSETS,  ‣ Equity to Assets Ratio,44,2,lần,0.0669706377
2024-Q2,RT_CAT_BANKING_SPECIFICS,Banking Specifics,45,1,,
2024-Q2,RT_BANK_NIM,  ‣ Net Interest Margin (NIM),46,2,%,0.0316819768
2024-Q2,RT_BANK_YIEA,  ‣ Yield on Earning Assets (YIEA),47,2,%,0.0899221756
2024-Q2,RT_BANK_COF,  ‣ Cost of Funds (COF),48,2,%,0.0
2024-Q2,RT_BANK_NOII,  ‣ Non Interest Income,49,2,tỷ VNĐ,0.1813034182
2024-Q2,RT_BANK_CIR,  ‣ Cost to Income Ratio (CIR),50,2,%,-0.4638338871
2024-Q2,RT_BANK_LOAN_GROWTH,  ‣ Loan Growth,51,2,%,0.0670574903
2024-Q2,RT_BANK_DEPOSIT_GROWTH,  ‣ Deposit Growth,52,2,%,0.0381806361
2024-Q2,RT_BANK_LDR,  ‣ Loan to Deposit Ratio (LDR),53,2,%,0.9757973084
2024-Q2,RT_BANK_NPL,  ‣ Non Performing Loans Ratio (NPL),54,2,%,0.0198249212
2024-Q2,RT_BANK_NPL_COVERAGE,  ‣ NPL Coverage Ratio,55,2,%,-0.697894708
2024-Q2,RT_BANK_PROVISION_TO_LOANS,  ‣ Provision to Loans Ratio,56,2,%,-0.0128896674
2024-Q2,RT_BANK_CAR,  ‣ Capital Adequacy Ratio (CAR),57,2,%,0.0971
2024-Q2,RT_BANK_CASA,  ‣ CASA Ratio,58,2,%,0.0599554429
2024-Q2,RT_BANK_EQUITY_TO_LOANS,  ‣ Equity to Loans Ratio,59,2,%,0.1077539608
2024-Q2,RT_BANK_LLR_TO_LOANS,  ‣ Loan Loss Reserve to Loans Ratio,60,2,%,0.0138357076
2024-Q1,RT_CAT_INFO_VALUATION,Valuation & Company Information,1,1,,
2024-Q1,RT_VALUE_PE,  ‣ P/E Ratio,2,2,lần,7.310899143
2024-Q1,RT_VALUE_PB,  ‣ P/B Ratio,3,2,lần,0.7178219523
2024-Q1,RT_VALUE_PS,  ‣ P/S Ratio,4,2,lần,1.5175699929
2024-Q1,RT_VALUE_P_CF,  ‣ P/CF Ratio,5,2,lần,-1.5327554058
2024-Q1,RT_VALUE_EV_EBITDA,  ‣ EV/EBITDA,6,2,lần,0.0
2024-Q1,RT_VALUE_DIVIDEND_YIELD,  ‣ Dividend Yield,7,2,%,0.0
2024-Q1,RT_VALUE_MARKET_CAP,  ‣ Market Capitalization,8,2,tỷ VNĐ,4262955787254.0
2024-Q1,RT_VALUE_EPS,  ‣ Basic EPS,9,2,VNĐ,
2024-Q1,RT_VALUE_BETA,  ‣ Beta,10,2,lần,
2024-Q1,RT_VALUE_BVPS,  ‣ Book Value Per Share,11,2,VNĐ,
2024-Q1,RT_VALUE_EBIT,  ‣ EBIT,12,2,tỷ VNĐ,0.0
2024-Q1,RT_VALUE_EBITDA,  ‣ EBITDA,13,2,tỷ VNĐ,0.0
2024-Q1,RT_VALUE_EQUITY,  ‣ Owner's Equity,14,2,tỷ VNĐ,0.0
2024-Q1,RT_VALUE_OUTSTANDING_SHARES,  ‣ Outstanding Shares,15,2,cổ phiếu,361481878.0
2024-Q1,RT_CAT_PROFITABILITY,Profitability & Efficiency,16,1,,
2024-Q1,RT_PRT_ROE,  ‣ ROE %,17,2,%,0.1018133055
2024-Q1,RT_PRT_ROA,  ‣ ROA %,18,2,%,0.0067309916
2024-Q1,RT_PRT_ROIC,  ‣ ROIC %,19,2,%,0.0
2024-Q1,RT_PRT_GROSS_MARGIN,  ‣ Gross Profit Margin %,20,2,%,0.4175674699
2024-Q1,RT_PRT_EBIT_MARGIN,  ‣ EBIT Margin %,21,2,%,0.0
2024-Q1,RT_PRT_PRE_TAX_MARGIN,  ‣ Pre Tax Profit Margin %,22,2,%,0.2599881028
2024-Q1,RT_PRT_NET_MARGIN,  ‣ Net Profit Margin %,23,2,%,0.2075763946
2024-Q1,RT_EFF_ATR,  ‣ Asset Turnover,24,2,vòng,0.0
2024-Q1,RT_EFF_FATR,  ‣ Fixed Asset Turnover,25,2,vòng,0.0
2024-Q1,RT_EFF_DSO,  ‣ Days Sales Outstanding,26,2,ngày,0.0
2024-Q1,RT_EFF_DIO,  ‣ Days Inventory Outstanding,27,2,ngày,0.0
2024-Q1,RT_EFF_DPO,  ‣ Days Payable Outstanding,28,2,ngày,0.0
2024-Q1,RT_EFF_CASH_CYCLE,  ‣ Cash Conversion Cycle,29,2,ngày,0.0
2024-Q1,RT_CAT_LIQUIDITY_SAFETY,Liquidity & Financial Safety,30,1,,
2024-Q1,RT_LQD_CR,  ‣ Current Ratio,31,2,lần,0.0
2024-Q1,RT_LQD_QR,  ‣ Quick Ratio,32,2,lần,0.0
2024-Q1,RT_LQD_CASH_RATIO,  ‣ Cash Ratio,33,2,lần,0.0
2024-Q1,RT_ASSETS_CURRENT_DEPOSITS,  ‣ Current Deposits,34,2,tỷ VNĐ,
2024-Q1,RT_ASSETS_DEPOSITS_SPECIAL,  ‣ Special Purpose Deposits,35,2,tỷ VNĐ,
2024-Q1,RT_ASSETS_DEPOSITS_CUSTOMERS,  ‣ Customer Deposits,36,2,tỷ VNĐ,
2024-Q1,RT_ASSETS_MARGIN_DEPOSITS,  ‣ Margin Deposits,37,2,tỷ VNĐ,
2024-Q1,RT_CAT_FINANCIAL_LEVERAGE,Financial Leverage,38,1,,
2024-Q1,RT_LEV_DE,  ‣ Debt to Equity Ratio,39,2,lần,13.7474013414
2024-Q1,RT_LEV_LOAN_EQUITY,  ‣ Loans to Equity Ratio,40,2,lần,0.0
2024-Q1,RT_LEV_DA,  ‣ Debt to Assets Ratio,41,2,lần,
2024-Q1,RT_LEV_FINANCIAL_LEVERAGE,  ‣ Financial Leverage,42,2,lần,0.0
2024-Q1,RT_LEV_EQUITY_TO_LIABILITIES,  ‣ Equity to Liabilities Ratio,43,2,lần,0.0727410203
2024-Q1,RT_LEV_EQUITY_TO_ASSETS,  ‣ Equity to Assets Ratio,44,2,lần,0.0678085567
2024-Q1,RT_CAT_BANKING_SPECIFICS,Banking Specifics,45,1,,
2024-Q1,RT_BANK_NIM,  ‣ Net Interest Margin (NIM),46,2,%,0.0260754701
2024-Q1,RT_BANK_YIEA,  ‣ Yield on Earning Assets (YIEA),47,2,%,0.0950146952
2024-Q1,RT_BANK_COF,  ‣ Cost of Funds (COF),48,2,%,0.0
2024-Q1,RT_BANK_NOII,  ‣ Non Interest Income,49,2,tỷ VNĐ,0.2560793745
2024-Q1,RT_BANK_CIR,  ‣ Cost to Income Ratio (CIR),50,2,%,-0.5772971302
2024-Q1,RT_BANK_LOAN_GROWTH,  ‣ Loan Growth,51,2,%,0.0310846105
2024-Q1,RT_BANK_DEPOSIT_GROWTH,  ‣ Deposit Growth,52,2,%,-0.0115781261
2024-Q1,RT_BANK_LDR,  ‣ Loan to Deposit Ratio (LDR),53,2,%,0.9493901496
2024-Q1,RT_BANK_NPL,  ‣ Non Performing Loans Ratio (NPL),54,2,%,0.0245801355
2024-Q1,RT_BANK_NPL_COVERAGE,  ‣ NPL Coverage Ratio,55,2,%,-0.4969308138
2024-Q1,RT_BANK_PROVISION_TO_LOANS,  ‣ Provision to Loans Ratio,56,2,%,-0.0088179065
2024-Q1,RT_BANK_CAR,  ‣ Capital Adequacy Ratio (CAR),57,2,%,0.0
2024-Q1,RT_BANK_CASA,  ‣ CASA Ratio,58,2,%,0.0542075525
2024-Q1,RT_BANK_EQUITY_TO_LOANS,  ‣ Equity to Loans Ratio,59,2,%,0.111227492
2024-Q1,RT_BANK_LLR_TO_LOANS,  ‣ Loan Loss Reserve to Loans Ratio,60,2,%,0.0122146268
2023-Q4,RT_CAT_INFO_VALUATION,Valuation & Company Information,1,1,,
2023-Q4,RT_VALUE_PE,  ‣ P/E Ratio,2,2,lần,7.4326277105
2023-Q4,RT_VALUE_PB,  ‣ P/B Ratio,3,2,lần,0.740975449
2023-Q4,RT_VALUE_PS,  ‣ P/S Ratio,4,2,lần,1.533281696
2023-Q4,RT_VALUE_P_CF,  ‣ P/CF Ratio,5,2,lần,-6.7059046849
2023-Q4,RT_VALUE_EV_EBITDA,  ‣ EV/EBITDA,6,2,lần,0.0
2023-Q4,RT_VALUE_DIVIDEND_YIELD,  ‣ Dividend Yield,7,2,%,0.0
2023-Q4,RT_VALUE_MARKET_CAP,  ‣ Market Capitalization,8,2,tỷ VNĐ,4266209124156.0
2023-Q4,RT_VALUE_EPS,  ‣ Basic EPS,9,2,VNĐ,
2023-Q4,RT_VALUE_BETA,  ‣ Beta,10,2,lần,
2023-Q4,RT_VALUE_BVPS,  ‣ Book Value Per Share,11,2,VNĐ,
2023-Q4,RT_VALUE_EBIT,  ‣ EBIT,12,2,tỷ VNĐ,0.0
2023-Q4,RT_VALUE_EBITDA,  ‣ EBITDA,13,2,tỷ VNĐ,0.0
2023-Q4,RT_VALUE_EQUITY,  ‣ Owner's Equity,14,2,tỷ VNĐ,0.0
2023-Q4,RT_VALUE_OUTSTANDING_SHARES,  ‣ Outstanding Shares,15,2,cổ phiếu,361481878.0
2023-Q4,RT_CAT_PROFITABILITY,Profitability & Efficiency,16,1,,
2023-Q4,RT_PRT_ROE,  ‣ ROE %,17,2,%,0.1049222329
2023-Q4,RT_PRT_ROA,  ‣ ROA %,18,2,%,0.0066459185
2023-Q4,RT_PRT_ROIC,  ‣ ROIC %,19,2,%,0.0
2023-Q4,RT_PRT_GROSS_MARGIN,  ‣ Gross Profit Margin %,20,2,%,0.4084838147
2023-Q4,RT_PRT_EBIT_MARGIN,  ‣ EBIT Margin %,21,2,%,0.0
2023-Q4,RT_PRT_PRE_TAX_MARGIN,  ‣ Pre Tax Profit Margin %,22,2,%,0.2582827656
2023-Q4,RT_PRT_NET_MARGIN,  ‣ Net Profit Margin %,23,2,%,0.2062906753
2023-Q4,RT_EFF_ATR,  ‣ Asset Turnover,24,2,vòng,0.0
2023-Q4,RT_EFF_FATR,  ‣ Fixed Asset Turnover,25,2,vòng,0.0
2023-Q4,RT_EFF_DSO,  ‣ Days Sales Outstanding,26,2,ngày,0.0
2023-Q4,RT_EFF_DIO,  ‣ Days Inventory Outstanding,27,2,ngày,0.0
2023-Q4,RT_EFF_DPO,  ‣ Days Payable Outstanding,28,2,ngày,0.0
2023-Q4,RT_EFF_CASH_CYCLE,  ‣ Cash Conversion Cycle,29,2,ngày,0.0
2023-Q4,RT_CAT_LIQUIDITY_SAFETY,Liquidity & Financial Safety,30,1,,
2023-Q4,RT_LQD_CR,  ‣ Current Ratio,31,2,lần,0.0
2023-Q4,RT_LQD_QR,  ‣ Quick Ratio,32,2,lần,0.0
2023-Q4,RT_LQD_CASH_RATIO,  ‣ Cash Ratio,33,2,lần,0.0
2023-Q4,RT_ASSETS_CURRENT_DEPOSITS,  ‣ Current Deposits,34,2,tỷ VNĐ,
2023-Q4,RT_ASSETS_DEPOSITS_SPECIAL,  ‣ Special Purpose Deposits,35,2,tỷ VNĐ,
2023-Q4,RT_ASSETS_DEPOSITS_CUSTOMERS,  ‣ Customer Deposits,36,2,tỷ VNĐ,
2023-Q4,RT_ASSETS_MARGIN_DEPOSITS,  ‣ Margin Deposits,37,2,tỷ VNĐ,
2023-Q4,RT_CAT_FINANCIAL_LEVERAGE,Financial Leverage,38,1,,
2023-Q4,RT_LEV_DE,  ‣ Debt to Equity Ratio,39,2,lần,14.1058143053
2023-Q4,RT_LEV_LOAN_EQUITY,  ‣ Loans to Equity Ratio,40,2,lần,0.0
2023-Q4,RT_LEV_DA,  ‣ Debt to Assets Ratio,41,2,lần,
2023-Q4,RT_LEV_FINANCIAL_LEVERAGE,  ‣ Financial Leverage,42,2,lần,0.0
2023-Q4,RT_LEV_EQUITY_TO_LIABILITIES,  ‣ Equity to Liabilities Ratio,43,2,lần,0.0708927523
2023-Q4,RT_LEV_EQUITY_TO_ASSETS,  ‣ Equity to Assets Ratio,44,2,lần,0.0661996752
2023-Q4,RT_CAT_BANKING_SPECIFICS,Banking Specifics,45,1,,
2023-Q4,RT_BANK_NIM,  ‣ Net Interest Margin (NIM),46,2,%,0.0259493793
2023-Q4,RT_BANK_YIEA,  ‣ Yield on Earning Assets (YIEA),47,2,%,0.0990485056
2023-Q4,RT_BANK_COF,  ‣ Cost of Funds (COF),48,2,%,0.0
2023-Q4,RT_BANK_NOII,  ‣ Non Interest Income,49,2,tỷ VNĐ,0.3651910156
2023-Q4,RT_BANK_CIR,  ‣ Cost to Income Ratio (CIR),50,2,%,-0.5915161853
2023-Q4,RT_BANK_LOAN_GROWTH,  ‣ Loan Growth,51,2,%,0.1583902903
2023-Q4,RT_BANK_DEPOSIT_GROWTH,  ‣ Deposit Growth,52,2,%,0.0900808993
2023-Q4,RT_BANK_LDR,  ‣ Loan to Deposit Ratio (LDR),53,2,%,0.9101076489
2023-Q4,RT_BANK_NPL,  ‣ Non Performing Loans Ratio (NPL),54,2,%,0.0193416757
2023-Q4,RT_BANK_NPL_COVERAGE,  ‣ NPL Coverage Ratio,55,2,%,-0.6222554367
2023-Q4,RT_BANK_PROVISION_TO_LOANS,  ‣ Provision to Loans Ratio,56,2,%,-0.0086628429
2023-Q4,RT_BANK_CAR,  ‣ Capital Adequacy Ratio (CAR),57,2,%,0.0
2023-Q4,RT_BANK_CASA,  ‣ CASA Ratio,58,2,%,0.0599927885
2023-Q4,RT_BANK_EQUITY_TO_LOANS,  ‣ Equity to Loans Ratio,59,2,%,0.1111861464
2023-Q4,RT_BANK_LLR_TO_LOANS,  ‣ Loan Loss Reserve to Loans Ratio,60,2,%,0.0120354629
2023-Q3,RT_CAT_INFO_VALUATION,Valuation & Company Information,1,1,,
2023-Q3,RT_VALUE_PE,  ‣ P/E Ratio,2,2,lần,7.1285806766
2023-Q3,RT_VALUE_PB,  ‣ P/B Ratio,3,2,lần,0.807547857
2023-Q3,RT_VALUE_PS,  ‣ P/S Ratio,4,2,lần,1.6727220084
2023-Q3,RT_VALUE_P_CF,  ‣ P/CF Ratio,5,2,lần,-1.4538881059
2023-Q3,RT_VALUE_EV_EBITDA,  ‣ EV/EBITDA,6,2,lần,0.0
2023-Q3,RT_VALUE_DIVIDEND_YIELD,  ‣ Dividend Yield,7,2,%,0.0
2023-Q3,RT_VALUE_MARKET_CAP,  ‣ Market Capitalization,8,2,tỷ VNĐ,4599495415672.0
2023-Q3,RT_VALUE_EPS,  ‣ Basic EPS,9,2,VNĐ,
2023-Q3,RT_VALUE_BETA,  ‣ Beta,10,2,lần,
2023-Q3,RT_VALUE_BVPS,  ‣ Book Value Per Share,11,2,VNĐ,
2023-Q3,RT_VALUE_EBIT,  ‣ EBIT,12,2,tỷ VNĐ,0.0
2023-Q3,RT_VALUE_EBITDA,  ‣ EBITDA,13,2,tỷ VNĐ,0.0
2023-Q3,RT_VALUE_EQUITY,  ‣ Owner's Equity,14,2,tỷ VNĐ,0.0
2023-Q3,RT_VALUE_OUTSTANDING_SHARES,  ‣ Outstanding Shares,15,2,cổ phiếu,361481878.0
2023-Q3,RT_CAT_PROFITABILITY,Profitability & Efficiency,16,1,,
2023-Q3,RT_PRT_ROE,  ‣ ROE %,17,2,%,0.1185758635
2023-Q3,RT_PRT_ROA,  ‣ ROA %,18,2,%,0.007514333
2023-Q3,RT_PRT_ROIC,  ‣ ROIC %,19,2,%,0.0
2023-Q3,RT_PRT_GROSS_MARGIN,  ‣ Gross Profit Margin %,20,2,%,0.4144307012
2023-Q3,RT_PRT_EBIT_MARGIN,  ‣ EBIT Margin %,21,2,%,0.0
2023-Q3,RT_PRT_PRE_TAX_MARGIN,  ‣ Pre Tax Profit Margin %,22,2,%,0.293772391
2023-Q3,RT_PRT_NET_MARGIN,  ‣ Net Profit Margin %,23,2,%,0.2346500918
2023-Q3,RT_EFF_ATR,  ‣ Asset Turnover,24,2,vòng,0.0
2023-Q3,RT_EFF_FATR,  ‣ Fixed Asset Turnover,25,2,vòng,0.0
2023-Q3,RT_EFF_DSO,  ‣ Days Sales Outstanding,26,2,ngày,0.0
2023-Q3,RT_EFF_DIO,  ‣ Days Inventory Outstanding,27,2,ngày,0.0
2023-Q3,RT_EFF_DPO,  ‣ Days Payable Outstanding,28,2,ngày,0.0
2023-Q3,RT_EFF_CASH_CYCLE,  ‣ Cash Conversion Cycle,29,2,ngày,0.0
2023-Q3,RT_CAT_LIQUIDITY_SAFETY,Liquidity & Financial Safety,30,1,,
2023-Q3,RT_LQD_CR,  ‣ Current Ratio,31,2,lần,0.0
2023-Q3,RT_LQD_QR,  ‣ Quick Ratio,32,2,lần,0.0
2023-Q3,RT_LQD_CASH_RATIO,  ‣ Cash Ratio,33,2,lần,0.0
2023-Q3,RT_ASSETS_CURRENT_DEPOSITS,  ‣ Current Deposits,34,2,tỷ VNĐ,
2023-Q3,RT_ASSETS_DEPOSITS_SPECIAL,  ‣ Special Purpose Deposits,35,2,tỷ VNĐ,
2023-Q3,RT_ASSETS_DEPOSITS_CUSTOMERS,  ‣ Customer Deposits,36,2,tỷ VNĐ,
2023-Q3,RT_ASSETS_MARGIN_DEPOSITS,  ‣ Margin Deposits,37,2,tỷ VNĐ,
2023-Q3,RT_CAT_FINANCIAL_LEVERAGE,Financial Leverage,38,1,,
2023-Q3,RT_LEV_DE,  ‣ Debt to Equity Ratio,39,2,lần,14.0207302719
2023-Q3,RT_LEV_LOAN_EQUITY,  ‣ Loans to Equity Ratio,40,2,lần,0.0
2023-Q3,RT_LEV_DA,  ‣ Debt to Assets Ratio,41,2,lần,
2023-Q3,RT_LEV_FINANCIAL_LEVERAGE,  ‣ Financial Leverage,42,2,lần,0.0
2023-Q3,RT_LEV_EQUITY_TO_LIABILITIES,  ‣ Equity to Liabilities Ratio,43,2,lần,0.0713229611
2023-Q3,RT_LEV_EQUITY_TO_ASSETS,  ‣ Equity to Assets Ratio,44,2,lần,0.0665746593
2023-Q3,RT_CAT_BANKING_SPECIFICS,Banking Specifics,45,1,,
2023-Q3,RT_BANK_NIM,  ‣ Net Interest Margin (NIM),46,2,%,0.0265221586
2023-Q3,RT_BANK_YIEA,  ‣ Yield on Earning Assets (YIEA),47,2,%,0.0989081508
2023-Q3,RT_BANK_COF,  ‣ Cost of Funds (COF),48,2,%,0.0
2023-Q3,RT_BANK_NOII,  ‣ Non Interest Income,49,2,tỷ VNĐ,0.5355471376
2023-Q3,RT_BANK_CIR,  ‣ Cost to Income Ratio (CIR),50,2,%,-0.5293675744
2023-Q3,RT_BANK_LOAN_GROWTH,  ‣ Loan Growth,51,2,%,0.0022094928
2023-Q3,RT_BANK_DEPOSIT_GROWTH,  ‣ Deposit Growth,52,2,%,-0.0776438511
2023-Q3,RT_BANK_LDR,  ‣ Loan to Deposit Ratio (LDR),53,2,%,0.848682686
2023-Q3,RT_BANK_NPL,  ‣ Non Performing Loans Ratio (NPL),54,2,%,0.0214479689
2023-Q3,RT_BANK_NPL_COVERAGE,  ‣ NPL Coverage Ratio,55,2,%,-0.5533341256
2023-Q3,RT_BANK_PROVISION_TO_LOANS,  ‣ Provision to Loans Ratio,56,2,%,-0.0071258161
2023-Q3,RT_BANK_CAR,  ‣ Capital Adequacy Ratio (CAR),57,2,%,0.0
2023-Q3,RT_BANK_CASA,  ‣ CASA Ratio,58,2,%,0.0396748638
2023-Q3,RT_BANK_EQUITY_TO_LOANS,  ‣ Equity to Loans Ratio,59,2,%,0.1189984257
2023-Q3,RT_BANK_LLR_TO_LOANS,  ‣ Loan Loss Reserve to Loans Ratio,60,2,%,0.0118678931
2023-Q2,RT_CAT_INFO_VALUATION,Valuation & Company Information,1,1,,
2023-Q2,RT_VALUE_PE,  ‣ P/E Ratio,2,2,lần,7.6301939714
2023-Q2,RT_VALUE_PB,  ‣ P/B Ratio,3,2,lần,0.8129964817
2023-Q2,RT_VALUE_PS,  ‣ P/S Ratio,4,2,lần,1.6315487635
2023-Q2,RT_VALUE_P_CF,  ‣ P/CF Ratio,5,2,lần,59.4428810627
2023-Q2,RT_VALUE_EV_EBITDA,  ‣ EV/EBITDA,6,2,lần,0.0
2023-Q2,RT_VALUE_DIVIDEND_YIELD,  ‣ Dividend Yield,7,2,%,0.0
2023-Q2,RT_VALUE_MARKET_CAP,  ‣ Market Capitalization,8,2,tỷ VNĐ,4484905660346.0
2023-Q2,RT_VALUE_EPS,  ‣ Basic EPS,9,2,VNĐ,
2023-Q2,RT_VALUE_BETA,  ‣ Beta,10,2,lần,
2023-Q2,RT_VALUE_BVPS,  ‣ Book Value Per Share,11,2,VNĐ,
2023-Q2,RT_VALUE_EBIT,  ‣ EBIT,12,2,tỷ VNĐ,0.0
2023-Q2,RT_VALUE_EBITDA,  ‣ EBITDA,13,2,tỷ VNĐ,0.0
2023-Q2,RT_VALUE_EQUITY,  ‣ Owner's Equity,14,2,tỷ VNĐ,0.0
2023-Q2,RT_VALUE_OUTSTANDING_SHARES,  ‣ Outstanding Shares,15,2,cổ phiếu,361481878.0
2023-Q2,RT_CAT_PROFITABILITY,Profitability & Efficiency,16,1,,
2023-Q2,RT_PRT_ROE,  ‣ ROE %,17,2,%,0.1114081032
2023-Q2,RT_PRT_ROA,  ‣ ROA %,18,2,%,0.0069450571
2023-Q2,RT_PRT_ROIC,  ‣ ROIC %,19,2,%,0.0
2023-Q2,RT_PRT_GROSS_MARGIN,  ‣ Gross Profit Margin %,20,2,%,0.4212147272
2023-Q2,RT_PRT_EBIT_MARGIN,  ‣ EBIT Margin %,21,2,%,0.0
2023-Q2,RT_PRT_PRE_TAX_MARGIN,  ‣ Pre Tax Profit Margin %,22,2,%,0.2676120026
2023-Q2,RT_PRT_NET_MARGIN,  ‣ Net Profit Margin %,23,2,%,0.2138279668
2023-Q2,RT_EFF_ATR,  ‣ Asset Turnover,24,2,vòng,0.0
2023-Q2,RT_EFF_FATR,  ‣ Fixed Asset Turnover,25,2,vòng,0.0
2023-Q2,RT_EFF_DSO,  ‣ Days Sales Outstanding,26,2,ngày,0.0
2023-Q2,RT_EFF_DIO,  ‣ Days Inventory Outstanding,27,2,ngày,0.0
2023-Q2,RT_EFF_DPO,  ‣ Days Payable Outstanding,28,2,ngày,0.0
2023-Q2,RT_EFF_CASH_CYCLE,  ‣ Cash Conversion Cycle,29,2,ngày,0.0
2023-Q2,RT_CAT_LIQUIDITY_SAFETY,Liquidity & Financial Safety,30,1,,
2023-Q2,RT_LQD_CR,  ‣ Current Ratio,31,2,lần,0.0
2023-Q2,RT_LQD_QR,  ‣ Quick Ratio,32,2,lần,0.0
2023-Q2,RT_LQD_CASH_RATIO,  ‣ Cash Ratio,33,2,lần,0.0
2023-Q2,RT_ASSETS_CURRENT_DEPOSITS,  ‣ Current Deposits,34,2,tỷ VNĐ,
2023-Q2,RT_ASSETS_DEPOSITS_SPECIAL,  ‣ Special Purpose Deposits,35,2,tỷ VNĐ,
2023-Q2,RT_ASSETS_DEPOSITS_CUSTOMERS,  ‣ Customer Deposits,36,2,tỷ VNĐ,
2023-Q2,RT_ASSETS_MARGIN_DEPOSITS,  ‣ Margin Deposits,37,2,tỷ VNĐ,
2023-Q2,RT_CAT_FINANCIAL_LEVERAGE,Financial Leverage,38,1,,
2023-Q2,RT_LEV_DE,  ‣ Debt to Equity Ratio,39,2,lần,14.6635329238
2023-Q2,RT_LEV_LOAN_EQUITY,  ‣ Loans to Equity Ratio,40,2,lần,0.0
2023-Q2,RT_LEV_DA,  ‣ Debt to Assets Ratio,41,2,lần,
2023-Q2,RT_LEV_FINANCIAL_LEVERAGE,  ‣ Financial Leverage,42,2,lần,0.0
2023-Q2,RT_LEV_EQUITY_TO_LIABILITIES,  ‣ Equity to Liabilities Ratio,43,2,lần,0.0681963893
2023-Q2,RT_LEV_EQUITY_TO_ASSETS,  ‣ Equity to Assets Ratio,44,2,lần,0.0638425574
2023-Q2,RT_CAT_BANKING_SPECIFICS,Banking Specifics,45,1,,
2023-Q2,RT_BANK_NIM,  ‣ Net Interest Margin (NIM),46,2,%,0.0284806167
2023-Q2,RT_BANK_YIEA,  ‣ Yield on Earning Assets (YIEA),47,2,%,0.0925819458
2023-Q2,RT_BANK_COF,  ‣ Cost of Funds (COF),48,2,%,0.0
2023-Q2,RT_BANK_NOII,  ‣ Non Interest Income,49,2,tỷ VNĐ,0.3419172524
2023-Q2,RT_BANK_CIR,  ‣ Cost to Income Ratio (CIR),50,2,%,-0.6381673764
2023-Q2,RT_BANK_LOAN_GROWTH,  ‣ Loan Growth,51,2,%,0.0401284171
2023-Q2,RT_BANK_DEPOSIT_GROWTH,  ‣ Deposit Growth,52,2,%,-0.017513402
2023-Q2,RT_BANK_LDR,  ‣ Loan to Deposit Ratio (LDR),53,2,%,0.7810619431
2023-Q2,RT_BANK_NPL,  ‣ Non Performing Loans Ratio (NPL),54,2,%,0.0165363742
2023-Q2,RT_BANK_NPL_COVERAGE,  ‣ NPL Coverage Ratio,55,2,%,-0.7307331428
2023-Q2,RT_BANK_PROVISION_TO_LOANS,  ‣ Provision to Loans Ratio,56,2,%,-0.0094123982
2023-Q2,RT_BANK_CAR,  ‣ Capital Adequacy Ratio (CAR),57,2,%,0.0
2023-Q2,RT_BANK_CASA,  ‣ CASA Ratio,58,2,%,0.0371883255
2023-Q2,RT_BANK_EQUITY_TO_LOANS,  ‣ Equity to Loans Ratio,59,2,%,0.1155107629
2023-Q2,RT_BANK_LLR_TO_LOANS,  ‣ Loan Loss Reserve to Loans Ratio,60,2,%,0.0120836767
2023-Q1,RT_CAT_INFO_VALUATION,Valuation & Company Information,1,1,,
2023-Q1,RT_VALUE_PE,  ‣ P/E Ratio,2,2,lần,8.1044420658
2023-Q1,RT_VALUE_PB,  ‣ P/B Ratio,3,2,lần,0.9129453893
2023-Q1,RT_VALUE_PS,  ‣ P/S Ratio,4,2,lần,1.7483681251
2023-Q1,RT_VALUE_P_CF,  ‣ P/CF Ratio,5,2,lần,-0.5338036541
2023-Q1,RT_VALUE_EV_EBITDA,  ‣ EV/EBITDA,6,2,lần,0.0
2023-Q1,RT_VALUE_DIVIDEND_YIELD,  ‣ Dividend Yield,7,2,%,0.0
2023-Q1,RT_VALUE_MARKET_CAP,  ‣ Market Capitalization,8,2,tỷ VNĐ,4902417229436.0
2023-Q1,RT_VALUE_EPS,  ‣ Basic EPS,9,2,VNĐ,
2023-Q1,RT_VALUE_BETA,  ‣ Beta,10,2,lần,
2023-Q1,RT_VALUE_BVPS,  ‣ Book Value Per Share,11,2,VNĐ,
2023-Q1,RT_VALUE_EBIT,  ‣ EBIT,12,2,tỷ VNĐ,0.0
2023-Q1,RT_VALUE_EBITDA,  ‣ EBITDA,13,2,tỷ VNĐ,0.0
2023-Q1,RT_VALUE_EQUITY,  ‣ Owner's Equity,14,2,tỷ VNĐ,0.0
2023-Q1,RT_VALUE_OUTSTANDING_SHARES,  ‣ Outstanding Shares,15,2,cổ phiếu,361481878.0
2023-Q1,RT_CAT_PROFITABILITY,Profitability & Efficiency,16,1,,
2023-Q1,RT_PRT_ROE,  ‣ ROE %,17,2,%,0.1180661879
2023-Q1,RT_PRT_ROA,  ‣ ROA %,18,2,%,0.0074253232
2023-Q1,RT_PRT_ROIC,  ‣ ROIC %,19,2,%,0.0
2023-Q1,RT_PRT_GROSS_MARGIN,  ‣ Gross Profit Margin %,20,2,%,0.4360309359
2023-Q1,RT_PRT_EBIT_MARGIN,  ‣ EBIT Margin %,21,2,%,0.0
2023-Q1,RT_PRT_PRE_TAX_MARGIN,  ‣ Pre Tax Profit Margin %,22,2,%,0.2699875463
2023-Q1,RT_PRT_NET_MARGIN,  ‣ Net Profit Margin %,23,2,%,0.215729623
2023-Q1,RT_EFF_ATR,  ‣ Asset Turnover,24,2,vòng,0.0
2023-Q1,RT_EFF_FATR,  ‣ Fixed Asset Turnover,25,2,vòng,0.0
2023-Q1,RT_EFF_DSO,  ‣ Days Sales Outstanding,26,2,ngày,0.0
2023-Q1,RT_EFF_DIO,  ‣ Days Inventory Outstanding,27,2,ngày,0.0
2023-Q1,RT_EFF_DPO,  ‣ Days Payable Outstanding,28,2,ngày,0.0
2023-Q1,RT_EFF_CASH_CYCLE,  ‣ Cash Conversion Cycle,29,2,ngày,0.0
2023-Q1,RT_CAT_LIQUIDITY_SAFETY,Liquidity & Financial Safety,30,1,,
2023-Q1,RT_LQD_CR,  ‣ Current Ratio,31,2,lần,0.0
2023-Q1,RT_LQD_QR,  ‣ Quick Ratio,32,2,lần,0.0
2023-Q1,RT_LQD_CASH_RATIO,  ‣ Cash Ratio,33,2,lần,0.0
2023-Q1,RT_ASSETS_CURRENT_DEPOSITS,  ‣ Current Deposits,34,2,tỷ VNĐ,
2023-Q1,RT_ASSETS_DEPOSITS_SPECIAL,  ‣ Special Purpose Deposits,35,2,tỷ VNĐ,
2023-Q1,RT_ASSETS_DEPOSITS_CUSTOMERS,  ‣ Customer Deposits,36,2,tỷ VNĐ,
2023-Q1,RT_ASSETS_MARGIN_DEPOSITS,  ‣ Margin Deposits,37,2,tỷ VNĐ,
2023-Q1,RT_CAT_FINANCIAL_LEVERAGE,Financial Leverage,38,1,,
2023-Q1,RT_LEV_DE,  ‣ Debt to Equity Ratio,39,2,lần,14.9667315407
2023-Q1,RT_LEV_LOAN_EQUITY,  ‣ Loans to Equity Ratio,40,2,lần,0.0
2023-Q1,RT_LEV_DA,  ‣ Debt to Assets Ratio,41,2,lần,
2023-Q1,RT_LEV_FINANCIAL_LEVERAGE,  ‣ Financial Leverage,42,2,lần,0.0
2023-Q1,RT_LEV_EQUITY_TO_LIABILITIES,  ‣ Equity to Liabilities Ratio,43,2,lần,0.0668148552
2023-Q1,RT_LEV_EQUITY_TO_ASSETS,  ‣ Equity to Assets Ratio,44,2,lần,0.0626302257
2023-Q1,RT_CAT_BANKING_SPECIFICS,Banking Specifics,45,1,,
2023-Q1,RT_BANK_NIM,  ‣ Net Interest Margin (NIM),46,2,%,0.0303982089
2023-Q1,RT_BANK_YIEA,  ‣ Yield on Earning Assets (YIEA),47,2,%,0.0844286208
2023-Q1,RT_BANK_COF,  ‣ Cost of Funds (COF),48,2,%,0.0
2023-Q1,RT_BANK_NOII,  ‣ Non Interest Income,49,2,tỷ VNĐ,0.2231027111
2023-Q1,RT_BANK_CIR,  ‣ Cost to Income Ratio (CIR),50,2,%,-0.6111214272
2023-Q1,RT_BANK_LOAN_GROWTH,  ‣ Loan Growth,51,2,%,0.027123101
2023-Q1,RT_BANK_DEPOSIT_GROWTH,  ‣ Deposit Growth,52,2,%,0.1923230288
2023-Q1,RT_BANK_LDR,  ‣ Loan to Deposit Ratio (LDR),53,2,%,0.7377770655
2023-Q1,RT_BANK_NPL,  ‣ Non Performing Loans Ratio (NPL),54,2,%,0.0185755796
2023-Q1,RT_BANK_NPL_COVERAGE,  ‣ NPL Coverage Ratio,55,2,%,-0.7817221031
2023-Q1,RT_BANK_PROVISION_TO_LOANS,  ‣ Provision to Loans Ratio,56,2,%,-0.0109367559
2023-Q1,RT_BANK_CAR,  ‣ Capital Adequacy Ratio (CAR),57,2,%,0.0
2023-Q1,RT_BANK_CASA,  ‣ CASA Ratio,58,2,%,0.0372090399
2023-Q1,RT_BANK_EQUITY_TO_LOANS,  ‣ Equity to Loans Ratio,59,2,%,0.1169526962
2023-Q1,RT_BANK_LLR_TO_LOANS,  ‣ Loan Loss Reserve to Loans Ratio,60,2,%,0.0145209411
2022-Q4,RT_CAT_INFO_VALUATION,Valuation & Company Information,1,1,,
2022-Q4,RT_VALUE_PE,  ‣ P/E Ratio,2,2,lần,7.6243517174
2022-Q4,RT_VALUE_PB,  ‣ P/B Ratio,3,2,lần,0.8009183179
2022-Q4,RT_VALUE_PS,  ‣ P/S Ratio,4,2,lần,1.588663498
2022-Q4,RT_VALUE_P_CF,  ‣ P/CF Ratio,5,2,lần,-0.4279673001
2022-Q4,RT_VALUE_EV_EBITDA,  ‣ EV/EBITDA,6,2,lần,0.0
2022-Q4,RT_VALUE_DIVIDEND_YIELD,  ‣ Dividend Yield,7,2,%,0.0
2022-Q4,RT_VALUE_MARKET_CAP,  ‣ Market Capitalization,8,2,tỷ VNĐ,4151619368830.0
2022-Q4,RT_VALUE_EPS,  ‣ Basic EPS,9,2,VNĐ,
2022-Q4,RT_VALUE_BETA,  ‣ Beta,10,2,lần,
2022-Q4,RT_VALUE_BVPS,  ‣ Book Value Per Share,11,2,VNĐ,
2022-Q4,RT_VALUE_EBIT,  ‣ EBIT,12,2,tỷ VNĐ,0.0
2022-Q4,RT_VALUE_EBITDA,  ‣ EBITDA,13,2,tỷ VNĐ,0.0
2022-Q4,RT_VALUE_EQUITY,  ‣ Owner's Equity,14,2,tỷ VNĐ,0.0
2022-Q4,RT_VALUE_OUTSTANDING_SHARES,  ‣ Outstanding Shares,15,2,cổ phiếu,361481878.0
2022-Q4,RT_CAT_PROFITABILITY,Profitability & Efficiency,16,1,,
2022-Q4,RT_PRT_ROE,  ‣ ROE %,17,2,%,0.1104170124
2022-Q4,RT_PRT_ROA,  ‣ ROA %,18,2,%,0.0064218944
2022-Q4,RT_PRT_ROIC,  ‣ ROIC %,19,2,%,0.0
2022-Q4,RT_PRT_GROSS_MARGIN,  ‣ Gross Profit Margin %,20,2,%,0.4416889439
2022-Q4,RT_PRT_EBIT_MARGIN,  ‣ EBIT Margin %,21,2,%,0.0
2022-Q4,RT_PRT_PRE_TAX_MARGIN,  ‣ Pre Tax Profit Margin %,22,2,%,0.2609224889
2022-Q4,RT_PRT_NET_MARGIN,  ‣ Net Profit Margin %,23,2,%,0.2083670394
2022-Q4,RT_EFF_ATR,  ‣ Asset Turnover,24,2,vòng,0.0
2022-Q4,RT_EFF_FATR,  ‣ Fixed Asset Turnover,25,2,vòng,0.0
2022-Q4,RT_EFF_DSO,  ‣ Days Sales Outstanding,26,2,ngày,0.0
2022-Q4,RT_EFF_DIO,  ‣ Days Inventory Outstanding,27,2,ngày,0.0
2022-Q4,RT_EFF_DPO,  ‣ Days Payable Outstanding,28,2,ngày,0.0
2022-Q4,RT_EFF_CASH_CYCLE,  ‣ Cash Conversion Cycle,29,2,ngày,0.0
2022-Q4,RT_CAT_LIQUIDITY_SAFETY,Liquidity & Financial Safety,30,1,,
2022-Q4,RT_LQD_CR,  ‣ Current Ratio,31,2,lần,0.0
2022-Q4,RT_LQD_QR,  ‣ Quick Ratio,32,2,lần,0.0
2022-Q4,RT_LQD_CASH_RATIO,  ‣ Cash Ratio,33,2,lần,0.0
2022-Q4,RT_ASSETS_CURRENT_DEPOSITS,  ‣ Current Deposits,34,2,tỷ VNĐ,
2022-Q4,RT_ASSETS_DEPOSITS_SPECIAL,  ‣ Special Purpose Deposits,35,2,tỷ VNĐ,
2022-Q4,RT_ASSETS_DEPOSITS_CUSTOMERS,  ‣ Customer Deposits,36,2,tỷ VNĐ,
2022-Q4,RT_ASSETS_MARGIN_DEPOSITS,  ‣ Margin Deposits,37,2,tỷ VNĐ,
2022-Q4,RT_CAT_FINANCIAL_LEVERAGE,Financial Leverage,38,1,,
2022-Q4,RT_LEV_DE,  ‣ Debt to Equity Ratio,39,2,lần,15.5446043598
2022-Q4,RT_LEV_LOAN_EQUITY,  ‣ Loans to Equity Ratio,40,2,lần,0.0
2022-Q4,RT_LEV_DA,  ‣ Debt to Assets Ratio,41,2,lần,
2022-Q4,RT_LEV_FINANCIAL_LEVERAGE,  ‣ Financial Leverage,42,2,lần,0.0
2022-Q4,RT_LEV_EQUITY_TO_LIABILITIES,  ‣ Equity to Liabilities Ratio,43,2,lần,0.0643310037
2022-Q4,RT_LEV_EQUITY_TO_ASSETS,  ‣ Equity to Assets Ratio,44,2,lần,0.0604426663
2022-Q4,RT_CAT_BANKING_SPECIFICS,Banking Specifics,45,1,,
2022-Q4,RT_BANK_NIM,  ‣ Net Interest Margin (NIM),46,2,%,0.0265563677
2022-Q4,RT_BANK_YIEA,  ‣ Yield on Earning Assets (YIEA),47,2,%,0.0682630957
2022-Q4,RT_BANK_COF,  ‣ Cost of Funds (COF),48,2,%,0.0
2022-Q4,RT_BANK_NOII,  ‣ Non Interest Income,49,2,tỷ VNĐ,0.2494629506
2022-Q4,RT_BANK_CIR,  ‣ Cost to Income Ratio (CIR),50,2,%,-0.5583110561
2022-Q4,RT_BANK_LOAN_GROWTH,  ‣ Loan Growth,51,2,%,0.1645140342
2022-Q4,RT_BANK_DEPOSIT_GROWTH,  ‣ Deposit Growth,52,2,%,0.0155311906
2022-Q4,RT_BANK_LDR,  ‣ Loan to Deposit Ratio (LDR),53,2,%,0.8564392957
2022-Q4,RT_BANK_NPL,  ‣ Non Performing Loans Ratio (NPL),54,2,%,0.0189030413
2022-Q4,RT_BANK_NPL_COVERAGE,  ‣ NPL Coverage Ratio,55,2,%,-0.6862114874
2022-Q4,RT_BANK_PROVISION_TO_LOANS,  ‣ Provision to Loans Ratio,56,2,%,-0.0113706433
2022-Q4,RT_BANK_CAR,  ‣ Capital Adequacy Ratio (CAR),57,2,%,0.0
2022-Q4,RT_BANK_CASA,  ‣ CASA Ratio,58,2,%,0.0397221458
2022-Q4,RT_BANK_EQUITY_TO_LOANS,  ‣ Equity to Loans Ratio,59,2,%,0.1159568924
2022-Q4,RT_BANK_LLR_TO_LOANS,  ‣ Loan Loss Reserve to Loans Ratio,60,2,%,0.0129714841
2022-Q3,RT_CAT_INFO_VALUATION,Valuation & Company Information,1,1,,
2022-Q3,RT_VALUE_PE,  ‣ P/E Ratio,2,2,lần,8.5803799291
2022-Q3,RT_VALUE_PB,  ‣ P/B Ratio,3,2,lần,0.8791747989
2022-Q3,RT_VALUE_PS,  ‣ P/S Ratio,4,2,lần,1.8314949776
2022-Q3,RT_VALUE_P_CF,  ‣ P/CF Ratio,5,2,lần,-1.0124155424
2022-Q3,RT_VALUE_EV_EBITDA,  ‣ EV/EBITDA,6,2,lần,0.0
2022-Q3,RT_VALUE_DIVIDEND_YIELD,  ‣ Dividend Yield,7,2,%,0.0
2022-Q3,RT_VALUE_MARKET_CAP,  ‣ Market Capitalization,8,2,tỷ VNĐ,4425622632354.0
2022-Q3,RT_VALUE_EPS,  ‣ Basic EPS,9,2,VNĐ,
2022-Q3,RT_VALUE_BETA,  ‣ Beta,10,2,lần,
2022-Q3,RT_VALUE_BVPS,  ‣ Book Value Per Share,11,2,VNĐ,
2022-Q3,RT_VALUE_EBIT,  ‣ EBIT,12,2,tỷ VNĐ,0.0
2022-Q3,RT_VALUE_EBITDA,  ‣ EBITDA,13,2,tỷ VNĐ,0.0
2022-Q3,RT_VALUE_EQUITY,  ‣ Owner's Equity,14,2,tỷ VNĐ,0.0
2022-Q3,RT_VALUE_OUTSTANDING_SHARES,  ‣ Outstanding Shares,15,2,cổ phiếu,361481878.0
2022-Q3,RT_CAT_PROFITABILITY,Profitability & Efficiency,16,1,,
2022-Q3,RT_PRT_ROE,  ‣ ROE %,17,2,%,0.1063231787
2022-Q3,RT_PRT_ROA,  ‣ ROA %,18,2,%,0.0064669548
2022-Q3,RT_PRT_ROIC,  ‣ ROIC %,19,2,%,0.0
2022-Q3,RT_PRT_GROSS_MARGIN,  ‣ Gross Profit Margin %,20,2,%,0.4150187945
2022-Q3,RT_PRT_EBIT_MARGIN,  ‣ EBIT Margin %,21,2,%,0.0
2022-Q3,RT_PRT_PRE_TAX_MARGIN,  ‣ Pre Tax Profit Margin %,22,2,%,0.2668280363
2022-Q3,RT_PRT_NET_MARGIN,  ‣ Net Profit Margin %,23,2,%,0.2134515037
2022-Q3,RT_EFF_ATR,  ‣ Asset Turnover,24,2,vòng,0.0
2022-Q3,RT_EFF_FATR,  ‣ Fixed Asset Turnover,25,2,vòng,0.0
2022-Q3,RT_EFF_DSO,  ‣ Days Sales Outstanding,26,2,ngày,0.0
2022-Q3,RT_EFF_DIO,  ‣ Days Inventory Outstanding,27,2,ngày,0.0
2022-Q3,RT_EFF_DPO,  ‣ Days Payable Outstanding,28,2,ngày,0.0
2022-Q3,RT_EFF_CASH_CYCLE,  ‣ Cash Conversion Cycle,29,2,ngày,0.0
2022-Q3,RT_CAT_LIQUIDITY_SAFETY,Liquidity & Financial Safety,30,1,,
2022-Q3,RT_LQD_CR,  ‣ Current Ratio,31,2,lần,0.0
2022-Q3,RT_LQD_QR,  ‣ Quick Ratio,32,2,lần,0.0
2022-Q3,RT_LQD_CASH_RATIO,  ‣ Cash Ratio,33,2,lần,0.0
2022-Q3,RT_ASSETS_CURRENT_DEPOSITS,  ‣ Current Deposits,34,2,tỷ VNĐ,
2022-Q3,RT_ASSETS_DEPOSITS_SPECIAL,  ‣ Special Purpose Deposits,35,2,tỷ VNĐ,
2022-Q3,RT_ASSETS_DEPOSITS_CUSTOMERS,  ‣ Customer Deposits,36,2,tỷ VNĐ,
2022-Q3,RT_ASSETS_MARGIN_DEPOSITS,  ‣ Margin Deposits,37,2,tỷ VNĐ,
2022-Q3,RT_CAT_FINANCIAL_LEVERAGE,Financial Leverage,38,1,,
2022-Q3,RT_LEV_DE,  ‣ Debt to Equity Ratio,39,2,lần,15.0167776589
2022-Q3,RT_LEV_LOAN_EQUITY,  ‣ Loans to Equity Ratio,40,2,lần,0.0
2022-Q3,RT_LEV_DA,  ‣ Debt to Assets Ratio,41,2,lần,
2022-Q3,RT_LEV_FINANCIAL_LEVERAGE,  ‣ Financial Leverage,42,2,lần,0.0
2022-Q3,RT_LEV_EQUITY_TO_LIABILITIES,  ‣ Equity to Liabilities Ratio,43,2,lần,0.0665921826
2022-Q3,RT_LEV_EQUITY_TO_ASSETS,  ‣ Equity to Assets Ratio,44,2,lần,0.0624345309
2022-Q3,RT_CAT_BANKING_SPECIFICS,Banking Specifics,45,1,,
2022-Q3,RT_BANK_NIM,  ‣ Net Interest Margin (NIM),46,2,%,0.026130347
2022-Q3,RT_BANK_YIEA,  ‣ Yield on Earning Assets (YIEA),47,2,%,0.0655622756
2022-Q3,RT_BANK_COF,  ‣ Cost of Funds (COF),48,2,%,-0.0399604651
2022-Q3,RT_BANK_NOII,  ‣ Non Interest Income,49,2,tỷ VNĐ,0.1858487665
2022-Q3,RT_BANK_CIR,  ‣ Cost to Income Ratio (CIR),50,2,%,-0.5025830724
2022-Q3,RT_BANK_LOAN_GROWTH,  ‣ Loan Growth,51,2,%,0.0636844441
2022-Q3,RT_BANK_DEPOSIT_GROWTH,  ‣ Deposit Growth,52,2,%,-0.0229957139
2022-Q3,RT_BANK_LDR,  ‣ Loan to Deposit Ratio (LDR),53,2,%,0.9724418526
2022-Q3,RT_BANK_NPL,  ‣ Non Performing Loans Ratio (NPL),54,2,%,0.0195083411
2022-Q3,RT_BANK_NPL_COVERAGE,  ‣ NPL Coverage Ratio,55,2,%,-0.7331214437
2022-Q3,RT_BANK_PROVISION_TO_LOANS,  ‣ Provision to Loans Ratio,56,2,%,-0.0092869109
2022-Q3,RT_BANK_CAR,  ‣ Capital Adequacy Ratio (CAR),57,2,%,0.0
2022-Q3,RT_BANK_CASA,  ‣ CASA Ratio,58,2,%,0.0918352144
2022-Q3,RT_BANK_EQUITY_TO_LOANS,  ‣ Equity to Loans Ratio,59,2,%,0.1225919724
2022-Q3,RT_BANK_LLR_TO_LOANS,  ‣ Loan Loss Reserve to Loans Ratio,60,2,%,0.0143019832
2022-Q2,RT_CAT_INFO_VALUATION,Valuation & Company Information,1,1,,
2022-Q2,RT_VALUE_PE,  ‣ P/E Ratio,2,2,lần,18.832341484
2022-Q2,RT_VALUE_PB,  ‣ P/B Ratio,3,2,lần,1.6945187116
2022-Q2,RT_VALUE_PS,  ‣ P/S Ratio,4,2,lần,4.0410336242
2022-Q2,RT_VALUE_P_CF,  ‣ P/CF Ratio,5,2,lần,1.1380473288
2022-Q2,RT_VALUE_EV_EBITDA,  ‣ EV/EBITDA,6,2,lần,0.0
2022-Q2,RT_VALUE_DIVIDEND_YIELD,  ‣ Dividend Yield,7,2,%,0.0
2022-Q2,RT_VALUE_MARKET_CAP,  ‣ Market Capitalization,8,2,tỷ VNĐ,8314083194000.0
2022-Q2,RT_VALUE_EPS,  ‣ Basic EPS,9,2,VNĐ,
2022-Q2,RT_VALUE_BETA,  ‣ Beta,10,2,lần,
2022-Q2,RT_VALUE_BVPS,  ‣ Book Value Per Share,11,2,VNĐ,
2022-Q2,RT_VALUE_EBIT,  ‣ EBIT,12,2,tỷ VNĐ,0.0
2022-Q2,RT_VALUE_EBITDA,  ‣ EBITDA,13,2,tỷ VNĐ,0.0
2022-Q2,RT_VALUE_EQUITY,  ‣ Owner's Equity,14,2,tỷ VNĐ,0.0
2022-Q2,RT_VALUE_OUTSTANDING_SHARES,  ‣ Outstanding Shares,15,2,cổ phiếu,361481878.0
2022-Q2,RT_CAT_PROFITABILITY,Profitability & Efficiency,16,1,,
2022-Q2,RT_PRT_ROE,  ‣ ROE %,17,2,%,0.0932173449
2022-Q2,RT_PRT_ROA,  ‣ ROA %,18,2,%,0.0056213885
2022-Q2,RT_PRT_ROIC,  ‣ ROIC %,19,2,%,0.0
2022-Q2,RT_PRT_GROSS_MARGIN,  ‣ Gross Profit Margin %,20,2,%,0.3495152898
2022-Q2,RT_PRT_EBIT_MARGIN,  ‣ EBIT Margin %,21,2,%,0.0
2022-Q2,RT_PRT_PRE_TAX_MARGIN,  ‣ Pre Tax Profit Margin %,22,2,%,0.2685607911
2022-Q2,RT_PRT_NET_MARGIN,  ‣ Net Profit Margin %,23,2,%,0.2145794601
2022-Q2,RT_EFF_ATR,  ‣ Asset Turnover,24,2,vòng,0.0
2022-Q2,RT_EFF_FATR,  ‣ Fixed Asset Turnover,25,2,vòng,0.0
2022-Q2,RT_EFF_DSO,  ‣ Days Sales Outstanding,26,2,ngày,0.0
2022-Q2,RT_EFF_DIO,  ‣ Days Inventory Outstanding,27,2,ngày,0.0
2022-Q2,RT_EFF_DPO,  ‣ Days Payable Outstanding,28,2,ngày,0.0
2022-Q2,RT_EFF_CASH_CYCLE,  ‣ Cash Conversion Cycle,29,2,ngày,0.0
2022-Q2,RT_CAT_LIQUIDITY_SAFETY,Liquidity & Financial Safety,30,1,,
2022-Q2,RT_LQD_CR,  ‣ Current Ratio,31,2,lần,0.0
2022-Q2,RT_LQD_QR,  ‣ Quick Ratio,32,2,lần,0.0
2022-Q2,RT_LQD_CASH_RATIO,  ‣ Cash Ratio,33,2,lần,0.0
2022-Q2,RT_ASSETS_CURRENT_DEPOSITS,  ‣ Current Deposits,34,2,tỷ VNĐ,
2022-Q2,RT_ASSETS_DEPOSITS_SPECIAL,  ‣ Special Purpose Deposits,35,2,tỷ VNĐ,
2022-Q2,RT_ASSETS_DEPOSITS_CUSTOMERS,  ‣ Customer Deposits,36,2,tỷ VNĐ,
2022-Q2,RT_ASSETS_MARGIN_DEPOSITS,  ‣ Margin Deposits,37,2,tỷ VNĐ,
2022-Q2,RT_CAT_FINANCIAL_LEVERAGE,Financial Leverage,38,1,,
2022-Q2,RT_LEV_DE,  ‣ Debt to Equity Ratio,39,2,lần,14.0281406726
2022-Q2,RT_LEV_LOAN_EQUITY,  ‣ Loans to Equity Ratio,40,2,lần,0.0
2022-Q2,RT_LEV_DA,  ‣ Debt to Assets Ratio,41,2,lần,
2022-Q2,RT_LEV_FINANCIAL_LEVERAGE,  ‣ Financial Leverage,42,2,lần,0.0
2022-Q2,RT_LEV_EQUITY_TO_LIABILITIES,  ‣ Equity to Liabilities Ratio,43,2,lần,0.0712852846
2022-Q2,RT_LEV_EQUITY_TO_ASSETS,  ‣ Equity to Assets Ratio,44,2,lần,0.0665418312
2022-Q2,RT_CAT_BANKING_SPECIFICS,Banking Specifics,45,1,,
2022-Q2,RT_BANK_NIM,  ‣ Net Interest Margin (NIM),46,2,%,0.0222987973
2022-Q2,RT_BANK_YIEA,  ‣ Yield on Earning Assets (YIEA),47,2,%,0.0617134135
2022-Q2,RT_BANK_COF,  ‣ Cost of Funds (COF),48,2,%,0.0
2022-Q2,RT_BANK_NOII,  ‣ Non Interest Income,49,2,tỷ VNĐ,0.2580744721
2022-Q2,RT_BANK_CIR,  ‣ Cost to Income Ratio (CIR),50,2,%,-0.5676864891
2022-Q2,RT_BANK_LOAN_GROWTH,  ‣ Loan Growth,51,2,%,0.0669471061
2022-Q2,RT_BANK_DEPOSIT_GROWTH,  ‣ Deposit Growth,52,2,%,-0.17550063
2022-Q2,RT_BANK_LDR,  ‣ Loan to Deposit Ratio (LDR),53,2,%,0.8931970974
2022-Q2,RT_BANK_NPL,  ‣ Non Performing Loans Ratio (NPL),54,2,%,0.0194573317
2022-Q2,RT_BANK_NPL_COVERAGE,  ‣ NPL Coverage Ratio,55,2,%,-0.6844712608
2022-Q2,RT_BANK_PROVISION_TO_LOANS,  ‣ Provision to Loans Ratio,56,2,%,-0.0044986743
2022-Q2,RT_BANK_CAR,  ‣ Capital Adequacy Ratio (CAR),57,2,%,0.0
2022-Q2,RT_BANK_CASA,  ‣ CASA Ratio,58,2,%,0.090559091
2022-Q2,RT_BANK_EQUITY_TO_LOANS,  ‣ Equity to Loans Ratio,59,2,%,0.1270994552
2022-Q2,RT_BANK_LLR_TO_LOANS,  ‣ Loan Loss Reserve to Loans Ratio,60,2,%,0.0133179844
2022-Q1,RT_CAT_INFO_VALUATION,Valuation & Company Information,1,1,,
2022-Q1,RT_VALUE_PE,  ‣ P/E Ratio,2,2,lần,25.190894377
2022-Q1,RT_VALUE_PB,  ‣ P/B Ratio,3,2,lần,1.8259663424
2022-Q1,RT_VALUE_PS,  ‣ P/S Ratio,4,2,lần,4.6618917394
2022-Q1,RT_VALUE_P_CF,  ‣ P/CF Ratio,5,2,lần,0.5932154718
2022-Q1,RT_VALUE_EV_EBITDA,  ‣ EV/EBITDA,6,2,lần,0.0
2022-Q1,RT_VALUE_DIVIDEND_YIELD,  ‣ Dividend Yield,7,2,%,0.0
2022-Q1,RT_VALUE_MARKET_CAP,  ‣ Market Capitalization,8,2,tỷ VNĐ,8736655509382.0
2022-Q1,RT_VALUE_EPS,  ‣ Basic EPS,9,2,VNĐ,
2022-Q1,RT_VALUE_BETA,  ‣ Beta,10,2,lần,
2022-Q1,RT_VALUE_BVPS,  ‣ Book Value Per Share,11,2,VNĐ,
2022-Q1,RT_VALUE_EBIT,  ‣ EBIT,12,2,tỷ VNĐ,0.0
2022-Q1,RT_VALUE_EBITDA,  ‣ EBITDA,13,2,tỷ VNĐ,0.0
2022-Q1,RT_VALUE_EQUITY,  ‣ Owner's Equity,14,2,tỷ VNĐ,0.0
2022-Q1,RT_VALUE_OUTSTANDING_SHARES,  ‣ Outstanding Shares,15,2,cổ phiếu,361481878.0
2022-Q1,RT_CAT_PROFITABILITY,Profitability & Efficiency,16,1,,
2022-Q1,RT_PRT_ROE,  ‣ ROE %,17,2,%,0.1791834897
2022-Q1,RT_PRT_ROA,  ‣ ROA %,18,2,%,0.0109177686
2022-Q1,RT_PRT_ROIC,  ‣ ROIC %,19,2,%,0.0
2022-Q1,RT_PRT_GROSS_MARGIN,  ‣ Gross Profit Margin %,20,2,%,0.4707703732
2022-Q1,RT_PRT_EBIT_MARGIN,  ‣ EBIT Margin %,21,2,%,0.0
2022-Q1,RT_PRT_PRE_TAX_MARGIN,  ‣ Pre Tax Profit Margin %,22,2,%,0.4355604449
2022-Q1,RT_PRT_NET_MARGIN,  ‣ Net Profit Margin %,23,2,%,0.3321770195
2022-Q1,RT_EFF_ATR,  ‣ Asset Turnover,24,2,vòng,0.0
2022-Q1,RT_EFF_FATR,  ‣ Fixed Asset Turnover,25,2,vòng,0.0
2022-Q1,RT_EFF_DSO,  ‣ Days Sales Outstanding,26,2,ngày,0.0
2022-Q1,RT_EFF_DIO,  ‣ Days Inventory Outstanding,27,2,ngày,0.0
2022-Q1,RT_EFF_DPO,  ‣ Days Payable Outstanding,28,2,ngày,0.0
2022-Q1,RT_EFF_CASH_CYCLE,  ‣ Cash Conversion Cycle,29,2,ngày,0.0
2022-Q1,RT_CAT_LIQUIDITY_SAFETY,Liquidity & Financial Safety,30,1,,
2022-Q1,RT_LQD_CR,  ‣ Current Ratio,31,2,lần,0.0
2022-Q1,RT_LQD_QR,  ‣ Quick Ratio,32,2,lần,0.0
2022-Q1,RT_LQD_CASH_RATIO,  ‣ Cash Ratio,33,2,lần,0.0
2022-Q1,RT_ASSETS_CURRENT_DEPOSITS,  ‣ Current Deposits,34,2,tỷ VNĐ,
2022-Q1,RT_ASSETS_DEPOSITS_SPECIAL,  ‣ Special Purpose Deposits,35,2,tỷ VNĐ,
2022-Q1,RT_ASSETS_DEPOSITS_CUSTOMERS,  ‣ Customer Deposits,36,2,tỷ VNĐ,
2022-Q1,RT_ASSETS_MARGIN_DEPOSITS,  ‣ Margin Deposits,37,2,tỷ VNĐ,
2022-Q1,RT_CAT_FINANCIAL_LEVERAGE,Financial Leverage,38,1,,
2022-Q1,RT_LEV_DE,  ‣ Debt to Equity Ratio,39,2,lần,16.9130195065
2022-Q1,RT_LEV_LOAN_EQUITY,  ‣ Loans to Equity Ratio,40,2,lần,0.0
2022-Q1,RT_LEV_DA,  ‣ Debt to Assets Ratio,41,2,lần,
2022-Q1,RT_LEV_FINANCIAL_LEVERAGE,  ‣ Financial Leverage,42,2,lần,0.0
2022-Q1,RT_LEV_EQUITY_TO_LIABILITIES,  ‣ Equity to Liabilities Ratio,43,2,lần,0.0591260478
2022-Q1,RT_LEV_EQUITY_TO_ASSETS,  ‣ Equity to Assets Ratio,44,2,lần,0.0558253174
2022-Q1,RT_CAT_BANKING_SPECIFICS,Banking Specifics,45,1,,
2022-Q1,RT_BANK_NIM,  ‣ Net Interest Margin (NIM),46,2,%,0.0289036701
2022-Q1,RT_BANK_YIEA,  ‣ Yield on Earning Assets (YIEA),47,2,%,0.0815657061
2022-Q1,RT_BANK_COF,  ‣ Cost of Funds (COF),48,2,%,0.0
2022-Q1,RT_BANK_NOII,  ‣ Non Interest Income,49,2,tỷ VNĐ,0.2000010358
2022-Q1,RT_BANK_CIR,  ‣ Cost to Income Ratio (CIR),50,2,%,-0.5292296268
2022-Q1,RT_BANK_LOAN_GROWTH,  ‣ Loan Growth,51,2,%,0.1057472395
2022-Q1,RT_BANK_DEPOSIT_GROWTH,  ‣ Deposit Growth,52,2,%,0.2232370803
2022-Q1,RT_BANK_LDR,  ‣ Loan to Deposit Ratio (LDR),53,2,%,0.7468701898
2022-Q1,RT_BANK_NPL,  ‣ Non Performing Loans Ratio (NPL),54,2,%,0.0189170705
2022-Q1,RT_BANK_NPL_COVERAGE,  ‣ NPL Coverage Ratio,55,2,%,-0.5051337417
2022-Q1,RT_BANK_PROVISION_TO_LOANS,  ‣ Provision to Loans Ratio,56,2,%,-0.002233736
2022-Q1,RT_BANK_CAR,  ‣ Capital Adequacy Ratio (CAR),57,2,%,0.0
2022-Q1,RT_BANK_CASA,  ‣ CASA Ratio,58,2,%,0.2481754049
2022-Q1,RT_BANK_EQUITY_TO_LOANS,  ‣ Equity to Loans Ratio,59,2,%,0.1219000098
2022-Q1,RT_BANK_LLR_TO_LOANS,  ‣ Loan Loss Reserve to Loans Ratio,60,2,%,0.0095556506
2021-Q4,RT_CAT_INFO_VALUATION,Valuation & Company Information,1,1,,
2021-Q4,RT_VALUE_PE,  ‣ P/E Ratio,2,2,lần,15.4574939396
2021-Q4,RT_VALUE_PB,  ‣ P/B Ratio,3,2,lần,2.5444387832
2021-Q4,RT_VALUE_PS,  ‣ P/S Ratio,4,2,lần,5.1346242092
2021-Q4,RT_VALUE_P_CF,  ‣ P/CF Ratio,5,2,lần,0.6113997077
2021-Q4,RT_VALUE_EV_EBITDA,  ‣ EV/EBITDA,6,2,lần,0.0
2021-Q4,RT_VALUE_DIVIDEND_YIELD,  ‣ Dividend Yield,7,2,%,0.0
2021-Q4,RT_VALUE_MARKET_CAP,  ‣ Market Capitalization,8,2,tỷ VNĐ,11906490097564.0
2021-Q4,RT_VALUE_EPS,  ‣ Basic EPS,9,2,VNĐ,
2021-Q4,RT_VALUE_BETA,  ‣ Beta,10,2,lần,
2021-Q4,RT_VALUE_BVPS,  ‣ Book Value Per Share,11,2,VNĐ,
2021-Q4,RT_VALUE_EBIT,  ‣ EBIT,12,2,tỷ VNĐ,0.0
2021-Q4,RT_VALUE_EBITDA,  ‣ EBITDA,13,2,tỷ VNĐ,0.0
2021-Q4,RT_VALUE_EQUITY,  ‣ Owner's Equity,14,2,tỷ VNĐ,0.0
2021-Q4,RT_VALUE_OUTSTANDING_SHARES,  ‣ Outstanding Shares,15,2,cổ phiếu,361481878.0
2021-Q4,RT_CAT_PROFITABILITY,Profitability & Efficiency,16,1,,
2021-Q4,RT_PRT_ROE,  ‣ ROE %,17,2,%,0.1547533868
2021-Q4,RT_PRT_ROA,  ‣ ROA %,18,2,%,0.0105781588
2021-Q4,RT_PRT_ROIC,  ‣ ROIC %,19,2,%,0.0
2021-Q4,RT_PRT_GROSS_MARGIN,  ‣ Gross Profit Margin %,20,2,%,0.4212277061
2021-Q4,RT_PRT_EBIT_MARGIN,  ‣ EBIT Margin %,21,2,%,0.0
2021-Q4,RT_PRT_PRE_TAX_MARGIN,  ‣ Pre Tax Profit Margin %,22,2,%,0.437197245
2021-Q4,RT_PRT_NET_MARGIN,  ‣ Net Profit Margin %,23,2,%,0.3308440755
2021-Q4,RT_EFF_ATR,  ‣ Asset Turnover,24,2,vòng,0.0
2021-Q4,RT_EFF_FATR,  ‣ Fixed Asset Turnover,25,2,vòng,0.0
2021-Q4,RT_EFF_DSO,  ‣ Days Sales Outstanding,26,2,ngày,0.0
2021-Q4,RT_EFF_DIO,  ‣ Days Inventory Outstanding,27,2,ngày,0.0
2021-Q4,RT_EFF_DPO,  ‣ Days Payable Outstanding,28,2,ngày,0.0
2021-Q4,RT_EFF_CASH_CYCLE,  ‣ Cash Conversion Cycle,29,2,ngày,0.0
2021-Q4,RT_CAT_LIQUIDITY_SAFETY,Liquidity & Financial Safety,30,1,,
2021-Q4,RT_LQD_CR,  ‣ Current Ratio,31,2,lần,0.0
2021-Q4,RT_LQD_QR,  ‣ Quick Ratio,32,2,lần,0.0
2021-Q4,RT_LQD_CASH_RATIO,  ‣ Cash Ratio,33,2,lần,0.0
2021-Q4,RT_ASSETS_CURRENT_DEPOSITS,  ‣ Current Deposits,34,2,tỷ VNĐ,
2021-Q4,RT_ASSETS_DEPOSITS_SPECIAL,  ‣ Special Purpose Deposits,35,2,tỷ VNĐ,
2021-Q4,RT_ASSETS_DEPOSITS_CUSTOMERS,  ‣ Customer Deposits,36,2,tỷ VNĐ,
2021-Q4,RT_ASSETS_MARGIN_DEPOSITS,  ‣ Margin Deposits,37,2,tỷ VNĐ,
2021-Q4,RT_CAT_FINANCIAL_LEVERAGE,Financial Leverage,38,1,,
2021-Q4,RT_LEV_DE,  ‣ Debt to Equity Ratio,39,2,lần,15.5607007029
2021-Q4,RT_LEV_LOAN_EQUITY,  ‣ Loans to Equity Ratio,40,2,lần,0.0
2021-Q4,RT_LEV_DA,  ‣ Debt to Assets Ratio,41,2,lần,
2021-Q4,RT_LEV_FINANCIAL_LEVERAGE,  ‣ Financial Leverage,42,2,lần,0.0
2021-Q4,RT_LEV_EQUITY_TO_LIABILITIES,  ‣ Equity to Liabilities Ratio,43,2,lần,0.0642644582
2021-Q4,RT_LEV_EQUITY_TO_ASSETS,  ‣ Equity to Assets Ratio,44,2,lần,0.0603839184
2021-Q4,RT_CAT_BANKING_SPECIFICS,Banking Specifics,45,1,,
2021-Q4,RT_BANK_NIM,  ‣ Net Interest Margin (NIM),46,2,%,0.027894416
2021-Q4,RT_BANK_YIEA,  ‣ Yield on Earning Assets (YIEA),47,2,%,0.086922851
2021-Q4,RT_BANK_COF,  ‣ Cost of Funds (COF),48,2,%,0.0
2021-Q4,RT_BANK_NOII,  ‣ Non Interest Income,49,2,tỷ VNĐ,0.1664430269
2021-Q4,RT_BANK_CIR,  ‣ Cost to Income Ratio (CIR),50,2,%,-0.8128528532
2021-Q4,RT_BANK_LOAN_GROWTH,  ‣ Loan Growth,51,2,%,-0.0209100906
2021-Q4,RT_BANK_DEPOSIT_GROWTH,  ‣ Deposit Growth,52,2,%,-0.0156201694
2021-Q4,RT_BANK_LDR,  ‣ Loan to Deposit Ratio (LDR),53,2,%,0.7640567796
2021-Q4,RT_BANK_NPL,  ‣ Non Performing Loans Ratio (NPL),54,2,%,0.019964553
2021-Q4,RT_BANK_NPL_COVERAGE,  ‣ NPL Coverage Ratio,55,2,%,-0.4850548038
2021-Q4,RT_BANK_PROVISION_TO_LOANS,  ‣ Provision to Loans Ratio,56,2,%,0.0009241258
2021-Q4,RT_BANK_CAR,  ‣ Capital Adequacy Ratio (CAR),57,2,%,0.0
2021-Q4,RT_BANK_CASA,  ‣ CASA Ratio,58,2,%,0.1549323553
2021-Q4,RT_BANK_EQUITY_TO_LOANS,  ‣ Equity to Loans Ratio,59,2,%,0.1309616883
2021-Q4,RT_BANK_LLR_TO_LOANS,  ‣ Loan Loss Reserve to Loans Ratio,60,2,%,0.0096839024
2021-Q3,RT_CAT_INFO_VALUATION,Valuation & Company Information,1,1,,
2021-Q3,RT_VALUE_PE,  ‣ P/E Ratio,2,2,lần,13.7636095737
2021-Q3,RT_VALUE_PB,  ‣ P/B Ratio,3,2,lần,2.0317499633
2021-Q3,RT_VALUE_PS,  ‣ P/S Ratio,4,2,lần,4.5536086345
2021-Q3,RT_VALUE_P_CF,  ‣ P/CF Ratio,5,2,lần,0.5711102813
2021-Q3,RT_VALUE_EV_EBITDA,  ‣ EV/EBITDA,6,2,lần,0.0
2021-Q3,RT_VALUE_DIVIDEND_YIELD,  ‣ Dividend Yield,7,2,%,0.0
2021-Q3,RT_VALUE_MARKET_CAP,  ‣ Market Capitalization,8,2,tỷ VNĐ,9292253155868.0
2021-Q3,RT_VALUE_EPS,  ‣ Basic EPS,9,2,VNĐ,
2021-Q3,RT_VALUE_BETA,  ‣ Beta,10,2,lần,
2021-Q3,RT_VALUE_BVPS,  ‣ Book Value Per Share,11,2,VNĐ,
2021-Q3,RT_VALUE_EBIT,  ‣ EBIT,12,2,tỷ VNĐ,0.0
2021-Q3,RT_VALUE_EBITDA,  ‣ EBITDA,13,2,tỷ VNĐ,0.0
2021-Q3,RT_VALUE_EQUITY,  ‣ Owner's Equity,14,2,tỷ VNĐ,0.0
2021-Q3,RT_VALUE_OUTSTANDING_SHARES,  ‣ Outstanding Shares,15,2,cổ phiếu,361481878.0
2021-Q3,RT_CAT_PROFITABILITY,Profitability & Efficiency,16,1,,
2021-Q3,RT_PRT_ROE,  ‣ ROE %,17,2,%,0.1547533868
2021-Q3,RT_PRT_ROA,  ‣ ROA %,18,2,%,0.0105781588
2021-Q3,RT_PRT_ROIC,  ‣ ROIC %,19,2,%,0.0
2021-Q3,RT_PRT_GROSS_MARGIN,  ‣ Gross Profit Margin %,20,2,%,0.4212277061
2021-Q3,RT_PRT_EBIT_MARGIN,  ‣ EBIT Margin %,21,2,%,0.0
2021-Q3,RT_PRT_PRE_TAX_MARGIN,  ‣ Pre Tax Profit Margin %,22,2,%,0.437197245
2021-Q3,RT_PRT_NET_MARGIN,  ‣ Net Profit Margin %,23,2,%,0.3308440755
2021-Q3,RT_EFF_ATR,  ‣ Asset Turnover,24,2,vòng,0.0
2021-Q3,RT_EFF_FATR,  ‣ Fixed Asset Turnover,25,2,vòng,0.0
2021-Q3,RT_EFF_DSO,  ‣ Days Sales Outstanding,26,2,ngày,0.0
2021-Q3,RT_EFF_DIO,  ‣ Days Inventory Outstanding,27,2,ngày,0.0
2021-Q3,RT_EFF_DPO,  ‣ Days Payable Outstanding,28,2,ngày,0.0
2021-Q3,RT_EFF_CASH_CYCLE,  ‣ Cash Conversion Cycle,29,2,ngày,0.0
2021-Q3,RT_CAT_LIQUIDITY_SAFETY,Liquidity & Financial Safety,30,1,,
2021-Q3,RT_LQD_CR,  ‣ Current Ratio,31,2,lần,0.0
2021-Q3,RT_LQD_QR,  ‣ Quick Ratio,32,2,lần,0.0
2021-Q3,RT_LQD_CASH_RATIO,  ‣ Cash Ratio,33,2,lần,0.0
2021-Q3,RT_ASSETS_CURRENT_DEPOSITS,  ‣ Current Deposits,34,2,tỷ VNĐ,
2021-Q3,RT_ASSETS_DEPOSITS_SPECIAL,  ‣ Special Purpose Deposits,35,2,tỷ VNĐ,
2021-Q3,RT_ASSETS_DEPOSITS_CUSTOMERS,  ‣ Customer Deposits,36,2,tỷ VNĐ,
2021-Q3,RT_ASSETS_MARGIN_DEPOSITS,  ‣ Margin Deposits,37,2,tỷ VNĐ,
2021-Q3,RT_CAT_FINANCIAL_LEVERAGE,Financial Leverage,38,1,,
2021-Q3,RT_LEV_DE,  ‣ Debt to Equity Ratio,39,2,lần,15.5607007029
2021-Q3,RT_LEV_LOAN_EQUITY,  ‣ Loans to Equity Ratio,40,2,lần,0.0
2021-Q3,RT_LEV_DA,  ‣ Debt to Assets Ratio,41,2,lần,
2021-Q3,RT_LEV_FINANCIAL_LEVERAGE,  ‣ Financial Leverage,42,2,lần,0.0
2021-Q3,RT_LEV_EQUITY_TO_LIABILITIES,  ‣ Equity to Liabilities Ratio,43,2,lần,0.0642644582
2021-Q3,RT_LEV_EQUITY_TO_ASSETS,  ‣ Equity to Assets Ratio,44,2,lần,0.0603839184
2021-Q3,RT_CAT_BANKING_SPECIFICS,Banking Specifics,45,1,,
2021-Q3,RT_BANK_NIM,  ‣ Net Interest Margin (NIM),46,2,%,0.027894416
2021-Q3,RT_BANK_YIEA,  ‣ Yield on Earning Assets (YIEA),47,2,%,0.086922851
2021-Q3,RT_BANK_COF,  ‣ Cost of Funds (COF),48,2,%,0.0
2021-Q3,RT_BANK_NOII,  ‣ Non Interest Income,49,2,tỷ VNĐ,0.1664430269
2021-Q3,RT_BANK_CIR,  ‣ Cost to Income Ratio (CIR),50,2,%,-0.8128528532
2021-Q3,RT_BANK_LOAN_GROWTH,  ‣ Loan Growth,51,2,%,-0.0209100906
2021-Q3,RT_BANK_DEPOSIT_GROWTH,  ‣ Deposit Growth,52,2,%,-0.0156201694
2021-Q3,RT_BANK_LDR,  ‣ Loan to Deposit Ratio (LDR),53,2,%,0.7640567796
2021-Q3,RT_BANK_NPL,  ‣ Non Performing Loans Ratio (NPL),54,2,%,0.019964553
2021-Q3,RT_BANK_NPL_COVERAGE,  ‣ NPL Coverage Ratio,55,2,%,-0.4850548038
2021-Q3,RT_BANK_PROVISION_TO_LOANS,  ‣ Provision to Loans Ratio,56,2,%,0.0009241258
2021-Q3,RT_BANK_CAR,  ‣ Capital Adequacy Ratio (CAR),57,2,%,0.0
2021-Q3,RT_BANK_CASA,  ‣ CASA Ratio,58,2,%,0.0836599258
2021-Q3,RT_BANK_EQUITY_TO_LOANS,  ‣ Equity to Loans Ratio,59,2,%,0.1309616883
2021-Q3,RT_BANK_LLR_TO_LOANS,  ‣ Loan Loss Reserve to Loans Ratio,60,2,%,0.0096839024
2021-Q2,RT_CAT_INFO_VALUATION,Valuation & Company Information,1,1,,
2021-Q2,RT_VALUE_PE,  ‣ P/E Ratio,2,2,lần,11.1366675376
2021-Q2,RT_VALUE_PB,  ‣ P/B Ratio,3,2,lần,1.6054904491
2021-Q2,RT_VALUE_PS,  ‣ P/S Ratio,4,2,lần,3.6532689068
2021-Q2,RT_VALUE_P_CF,  ‣ P/CF Ratio,5,2,lần,15.5228049554
2021-Q2,RT_VALUE_EV_EBITDA,  ‣ EV/EBITDA,6,2,lần,0.0
2021-Q2,RT_VALUE_DIVIDEND_YIELD,  ‣ Dividend Yield,7,2,%,0.0
2021-Q2,RT_VALUE_MARKET_CAP,  ‣ Market Capitalization,8,2,tỷ VNĐ,7250438216340.0
2021-Q2,RT_VALUE_EPS,  ‣ Basic EPS,9,2,VNĐ,
2021-Q2,RT_VALUE_BETA,  ‣ Beta,10,2,lần,
2021-Q2,RT_VALUE_BVPS,  ‣ Book Value Per Share,11,2,VNĐ,
2021-Q2,RT_VALUE_EBIT,  ‣ EBIT,12,2,tỷ VNĐ,0.0
2021-Q2,RT_VALUE_EBITDA,  ‣ EBITDA,13,2,tỷ VNĐ,0.0
2021-Q2,RT_VALUE_EQUITY,  ‣ Owner's Equity,14,2,tỷ VNĐ,0.0
2021-Q2,RT_VALUE_OUTSTANDING_SHARES,  ‣ Outstanding Shares,15,2,cổ phiếu,319895796.0
2021-Q2,RT_CAT_PROFITABILITY,Profitability & Efficiency,16,1,,
2021-Q2,RT_PRT_ROE,  ‣ ROE %,17,2,%,0.1551538683
2021-Q2,RT_PRT_ROA,  ‣ ROA %,18,2,%,0.0110747683
2021-Q2,RT_PRT_ROIC,  ‣ ROIC %,19,2,%,0.0
2021-Q2,RT_PRT_GROSS_MARGIN,  ‣ Gross Profit Margin %,20,2,%,0.4243471373
2021-Q2,RT_PRT_EBIT_MARGIN,  ‣ EBIT Margin %,21,2,%,0.0
2021-Q2,RT_PRT_PRE_TAX_MARGIN,  ‣ Pre Tax Profit Margin %,22,2,%,0.4339297123
2021-Q2,RT_PRT_NET_MARGIN,  ‣ Net Profit Margin %,23,2,%,0.3280396887
2021-Q2,RT_EFF_ATR,  ‣ Asset Turnover,24,2,vòng,0.0
2021-Q2,RT_EFF_FATR,  ‣ Fixed Asset Turnover,25,2,vòng,0.0
2021-Q2,RT_EFF_DSO,  ‣ Days Sales Outstanding,26,2,ngày,0.0
2021-Q2,RT_EFF_DIO,  ‣ Days Inventory Outstanding,27,2,ngày,0.0
2021-Q2,RT_EFF_DPO,  ‣ Days Payable Outstanding,28,2,ngày,0.0
2021-Q2,RT_EFF_CASH_CYCLE,  ‣ Cash Conversion Cycle,29,2,ngày,0.0
2021-Q2,RT_CAT_LIQUIDITY_SAFETY,Liquidity & Financial Safety,30,1,,
2021-Q2,RT_LQD_CR,  ‣ Current Ratio,31,2,lần,0.0
2021-Q2,RT_LQD_QR,  ‣ Quick Ratio,32,2,lần,0.0
2021-Q2,RT_LQD_CASH_RATIO,  ‣ Cash Ratio,33,2,lần,0.0
2021-Q2,RT_ASSETS_CURRENT_DEPOSITS,  ‣ Current Deposits,34,2,tỷ VNĐ,
2021-Q2,RT_ASSETS_DEPOSITS_SPECIAL,  ‣ Special Purpose Deposits,35,2,tỷ VNĐ,
2021-Q2,RT_ASSETS_DEPOSITS_CUSTOMERS,  ‣ Customer Deposits,36,2,tỷ VNĐ,
2021-Q2,RT_ASSETS_MARGIN_DEPOSITS,  ‣ Margin Deposits,37,2,tỷ VNĐ,
2021-Q2,RT_CAT_FINANCIAL_LEVERAGE,Financial Leverage,38,1,,
2021-Q2,RT_LEV_DE,  ‣ Debt to Equity Ratio,39,2,lần,12.3586546316
2021-Q2,RT_LEV_LOAN_EQUITY,  ‣ Loans to Equity Ratio,40,2,lần,0.0
2021-Q2,RT_LEV_DA,  ‣ Debt to Assets Ratio,41,2,lần,
2021-Q2,RT_LEV_FINANCIAL_LEVERAGE,  ‣ Financial Leverage,42,2,lần,0.0
2021-Q2,RT_LEV_EQUITY_TO_LIABILITIES,  ‣ Equity to Liabilities Ratio,43,2,lần,0.0809149563
2021-Q2,RT_LEV_EQUITY_TO_ASSETS,  ‣ Equity to Assets Ratio,44,2,lần,0.0748578377
2021-Q2,RT_CAT_BANKING_SPECIFICS,Banking Specifics,45,1,,
2021-Q2,RT_BANK_NIM,  ‣ Net Interest Margin (NIM),46,2,%,0.0295524508
2021-Q2,RT_BANK_YIEA,  ‣ Yield on Earning Assets (YIEA),47,2,%,0.094400325
2021-Q2,RT_BANK_COF,  ‣ Cost of Funds (COF),48,2,%,0.0
2021-Q2,RT_BANK_NOII,  ‣ Non Interest Income,49,2,tỷ VNĐ,0.4472004828
2021-Q2,RT_BANK_CIR,  ‣ Cost to Income Ratio (CIR),50,2,%,-0.7095161069
2021-Q2,RT_BANK_LOAN_GROWTH,  ‣ Loan Growth,51,2,%,-0.0022029155
2021-Q2,RT_BANK_DEPOSIT_GROWTH,  ‣ Deposit Growth,52,2,%,-0.0273556978
2021-Q2,RT_BANK_LDR,  ‣ Loan to Deposit Ratio (LDR),53,2,%,0.7681848992
2021-Q2,RT_BANK_NPL,  ‣ Non Performing Loans Ratio (NPL),54,2,%,0.0143022015
2021-Q2,RT_BANK_NPL_COVERAGE,  ‣ NPL Coverage Ratio,55,2,%,-0.6813091385
2021-Q2,RT_BANK_PROVISION_TO_LOANS,  ‣ Provision to Loans Ratio,56,2,%,0.0005436622
2021-Q2,RT_BANK_CAR,  ‣ Capital Adequacy Ratio (CAR),57,2,%,0.0
2021-Q2,RT_BANK_CASA,  ‣ CASA Ratio,58,2,%,0.0572453319
2021-Q2,RT_BANK_EQUITY_TO_LOANS,  ‣ Equity to Loans Ratio,59,2,%,0.1266113376
2021-Q2,RT_BANK_LLR_TO_LOANS,  ‣ Loan Loss Reserve to Loans Ratio,60,2,%,0.0097442206
2021-Q1,RT_CAT_INFO_VALUATION,Valuation & Company Information,1,1,,
2021-Q1,RT_VALUE_PE,  ‣ P/E Ratio,2,2,lần,11.7360861431
2021-Q1,RT_VALUE_PB,  ‣ P/B Ratio,3,2,lần,1.5991891675
2021-Q1,RT_VALUE_PS,  ‣ P/S Ratio,4,2,lần,3.8305338244
2021-Q1,RT_VALUE_P_CF,  ‣ P/CF Ratio,5,2,lần,1.7653249612
2021-Q1,RT_VALUE_EV_EBITDA,  ‣ EV/EBITDA,6,2,lần,0.0
2021-Q1,RT_VALUE_DIVIDEND_YIELD,  ‣ Dividend Yield,7,2,%,0.0
2021-Q1,RT_VALUE_MARKET_CAP,  ‣ Market Capitalization,8,2,tỷ VNĐ,7104885629160.0
2021-Q1,RT_VALUE_EPS,  ‣ Basic EPS,9,2,VNĐ,
2021-Q1,RT_VALUE_BETA,  ‣ Beta,10,2,lần,
2021-Q1,RT_VALUE_BVPS,  ‣ Book Value Per Share,11,2,VNĐ,
2021-Q1,RT_VALUE_EBIT,  ‣ EBIT,12,2,tỷ VNĐ,0.0
2021-Q1,RT_VALUE_EBITDA,  ‣ EBITDA,13,2,tỷ VNĐ,0.0
2021-Q1,RT_VALUE_EQUITY,  ‣ Owner's Equity,14,2,tỷ VNĐ,0.0
2021-Q1,RT_VALUE_OUTSTANDING_SHARES,  ‣ Outstanding Shares,15,2,cổ phiếu,319895796.0
2021-Q1,RT_CAT_PROFITABILITY,Profitability & Efficiency,16,1,,
2021-Q1,RT_PRT_ROE,  ‣ ROE %,17,2,%,0.1500118198
2021-Q1,RT_PRT_ROA,  ‣ ROA %,18,2,%,0.0105178494
2021-Q1,RT_PRT_ROIC,  ‣ ROIC %,19,2,%,0.0
2021-Q1,RT_PRT_GROSS_MARGIN,  ‣ Gross Profit Margin %,20,2,%,0.4132751564
2021-Q1,RT_PRT_EBIT_MARGIN,  ‣ EBIT Margin %,21,2,%,0.0
2021-Q1,RT_PRT_PRE_TAX_MARGIN,  ‣ Pre Tax Profit Margin %,22,2,%,0.433339821
2021-Q1,RT_PRT_NET_MARGIN,  ‣ Net Profit Margin %,23,2,%,0.3263893794
2021-Q1,RT_EFF_ATR,  ‣ Asset Turnover,24,2,vòng,0.0
2021-Q1,RT_EFF_FATR,  ‣ Fixed Asset Turnover,25,2,vòng,0.0
2021-Q1,RT_EFF_DSO,  ‣ Days Sales Outstanding,26,2,ngày,0.0
2021-Q1,RT_EFF_DIO,  ‣ Days Inventory Outstanding,27,2,ngày,0.0
2021-Q1,RT_EFF_DPO,  ‣ Days Payable Outstanding,28,2,ngày,0.0
2021-Q1,RT_EFF_CASH_CYCLE,  ‣ Cash Conversion Cycle,29,2,ngày,0.0
2021-Q1,RT_CAT_LIQUIDITY_SAFETY,Liquidity & Financial Safety,30,1,,
2021-Q1,RT_LQD_CR,  ‣ Current Ratio,31,2,lần,0.0
2021-Q1,RT_LQD_QR,  ‣ Quick Ratio,32,2,lần,0.0
2021-Q1,RT_LQD_CASH_RATIO,  ‣ Cash Ratio,33,2,lần,0.0
2021-Q1,RT_ASSETS_CURRENT_DEPOSITS,  ‣ Current Deposits,34,2,tỷ VNĐ,
2021-Q1,RT_ASSETS_DEPOSITS_SPECIAL,  ‣ Special Purpose Deposits,35,2,tỷ VNĐ,
2021-Q1,RT_ASSETS_DEPOSITS_CUSTOMERS,  ‣ Customer Deposits,36,2,tỷ VNĐ,
2021-Q1,RT_ASSETS_MARGIN_DEPOSITS,  ‣ Margin Deposits,37,2,tỷ VNĐ,
2021-Q1,RT_CAT_FINANCIAL_LEVERAGE,Financial Leverage,38,1,,
2021-Q1,RT_LEV_DE,  ‣ Debt to Equity Ratio,39,2,lần,12.9421061694
2021-Q1,RT_LEV_LOAN_EQUITY,  ‣ Loans to Equity Ratio,40,2,lần,0.0
2021-Q1,RT_LEV_DA,  ‣ Debt to Assets Ratio,41,2,lần,
2021-Q1,RT_LEV_FINANCIAL_LEVERAGE,  ‣ Financial Leverage,42,2,lần,0.0
2021-Q1,RT_LEV_EQUITY_TO_LIABILITIES,  ‣ Equity to Liabilities Ratio,43,2,lần,0.0772671764
2021-Q1,RT_LEV_EQUITY_TO_ASSETS,  ‣ Equity to Assets Ratio,44,2,lần,0.0717251747
2021-Q1,RT_CAT_BANKING_SPECIFICS,Banking Specifics,45,1,,
2021-Q1,RT_BANK_NIM,  ‣ Net Interest Margin (NIM),46,2,%,0.0292454197
2021-Q1,RT_BANK_YIEA,  ‣ Yield on Earning Assets (YIEA),47,2,%,0.0948837577
2021-Q1,RT_BANK_COF,  ‣ Cost of Funds (COF),48,2,%,0.0
2021-Q1,RT_BANK_NOII,  ‣ Non Interest Income,49,2,tỷ VNĐ,0.0894997831
2021-Q1,RT_BANK_CIR,  ‣ Cost to Income Ratio (CIR),50,2,%,-0.2613415077
2021-Q1,RT_BANK_LOAN_GROWTH,  ‣ Loan Growth,51,2,%,0.0296972621
2021-Q1,RT_BANK_DEPOSIT_GROWTH,  ‣ Deposit Growth,52,2,%,0.136140065
2021-Q1,RT_BANK_LDR,  ‣ Loan to Deposit Ratio (LDR),53,2,%,0.748820253
2021-Q1,RT_BANK_NPL,  ‣ Non Performing Loans Ratio (NPL),54,2,%,0.0156603712
2021-Q1,RT_BANK_NPL_COVERAGE,  ‣ NPL Coverage Ratio,55,2,%,-0.5701733076
2021-Q1,RT_BANK_PROVISION_TO_LOANS,  ‣ Provision to Loans Ratio,56,2,%,0.0010755826
2021-Q1,RT_BANK_CAR,  ‣ Capital Adequacy Ratio (CAR),57,2,%,0.0
2021-Q1,RT_BANK_CASA,  ‣ CASA Ratio,58,2,%,0.0459857871
2021-Q1,RT_BANK_EQUITY_TO_LOANS,  ‣ Equity to Loans Ratio,59,2,%,0.1242840937
2021-Q1,RT_BANK_LLR_TO_LOANS,  ‣ Loan Loss Reserve to Loans Ratio,60,2,%,0.0089291257
2020-Q4,RT_CAT_INFO_VALUATION,Valuation & Company Information,1,1,,
2020-Q4,RT_VALUE_PE,  ‣ P/E Ratio,2,2,lần,64.4941805158
2020-Q4,RT_VALUE_PB,  ‣ P/B Ratio,3,2,lần,2.054819797
2020-Q4,RT_VALUE_PS,  ‣ P/S Ratio,4,2,lần,6.4861677994
2020-Q4,RT_VALUE_P_CF,  ‣ P/CF Ratio,5,2,lần,3.1750948694
2020-Q4,RT_VALUE_EV_EBITDA,  ‣ EV/EBITDA,6,2,lần,0.0
2020-Q4,RT_VALUE_DIVIDEND_YIELD,  ‣ Dividend Yield,7,2,%,0.0
2020-Q4,RT_VALUE_MARKET_CAP,  ‣ Market Capitalization,8,2,tỷ VNĐ,8051137393728.0
2020-Q4,RT_VALUE_EPS,  ‣ Basic EPS,9,2,VNĐ,
2020-Q4,RT_VALUE_BETA,  ‣ Beta,10,2,lần,
2020-Q4,RT_VALUE_BVPS,  ‣ Book Value Per Share,11,2,VNĐ,
2020-Q4,RT_VALUE_EBIT,  ‣ EBIT,12,2,tỷ VNĐ,0.0
2020-Q4,RT_VALUE_EBITDA,  ‣ EBITDA,13,2,tỷ VNĐ,0.0
2020-Q4,RT_VALUE_EQUITY,  ‣ Owner's Equity,14,2,tỷ VNĐ,0.0
2020-Q4,RT_VALUE_OUTSTANDING_SHARES,  ‣ Outstanding Shares,15,2,cổ phiếu,319895796.0
2020-Q4,RT_CAT_PROFITABILITY,Profitability & Efficiency,16,1,,
2020-Q4,RT_PRT_ROE,  ‣ ROE %,17,2,%,0.0327672047
2020-Q4,RT_PRT_ROA,  ‣ ROA %,18,2,%,0.0023309321
2020-Q4,RT_PRT_ROIC,  ‣ ROIC %,19,2,%,0.0
2020-Q4,RT_PRT_GROSS_MARGIN,  ‣ Gross Profit Margin %,20,2,%,0.125515799
2020-Q4,RT_PRT_EBIT_MARGIN,  ‣ EBIT Margin %,21,2,%,0.0
2020-Q4,RT_PRT_PRE_TAX_MARGIN,  ‣ Pre Tax Profit Margin %,22,2,%,0.1274573464
2020-Q4,RT_PRT_NET_MARGIN,  ‣ Net Profit Margin %,23,2,%,0.1017644718
2020-Q4,RT_EFF_ATR,  ‣ Asset Turnover,24,2,vòng,0.0
2020-Q4,RT_EFF_FATR,  ‣ Fixed Asset Turnover,25,2,vòng,0.0
2020-Q4,RT_EFF_DSO,  ‣ Days Sales Outstanding,26,2,ngày,0.0
2020-Q4,RT_EFF_DIO,  ‣ Days Inventory Outstanding,27,2,ngày,0.0
2020-Q4,RT_EFF_DPO,  ‣ Days Payable Outstanding,28,2,ngày,0.0
2020-Q4,RT_EFF_CASH_CYCLE,  ‣ Cash Conversion Cycle,29,2,ngày,0.0
2020-Q4,RT_CAT_LIQUIDITY_SAFETY,Liquidity & Financial Safety,30,1,,
2020-Q4,RT_LQD_CR,  ‣ Current Ratio,31,2,lần,0.0
2020-Q4,RT_LQD_QR,  ‣ Quick Ratio,32,2,lần,0.0
2020-Q4,RT_LQD_CASH_RATIO,  ‣ Cash Ratio,33,2,lần,0.0
2020-Q4,RT_ASSETS_CURRENT_DEPOSITS,  ‣ Current Deposits,34,2,tỷ VNĐ,
2020-Q4,RT_ASSETS_DEPOSITS_SPECIAL,  ‣ Special Purpose Deposits,35,2,tỷ VNĐ,
2020-Q4,RT_ASSETS_DEPOSITS_CUSTOMERS,  ‣ Customer Deposits,36,2,tỷ VNĐ,
2020-Q4,RT_ASSETS_MARGIN_DEPOSITS,  ‣ Margin Deposits,37,2,tỷ VNĐ,
2020-Q4,RT_CAT_FINANCIAL_LEVERAGE,Financial Leverage,38,1,,
2020-Q4,RT_LEV_DE,  ‣ Debt to Equity Ratio,39,2,lần,13.6195692787
2020-Q4,RT_LEV_LOAN_EQUITY,  ‣ Loans to Equity Ratio,40,2,lần,0.0
2020-Q4,RT_LEV_DA,  ‣ Debt to Assets Ratio,41,2,lần,
2020-Q4,RT_LEV_FINANCIAL_LEVERAGE,  ‣ Financial Leverage,42,2,lần,0.0
2020-Q4,RT_LEV_EQUITY_TO_LIABILITIES,  ‣ Equity to Liabilities Ratio,43,2,lần,0.073423761
2020-Q4,RT_LEV_EQUITY_TO_ASSETS,  ‣ Equity to Assets Ratio,44,2,lần,0.068401468
2020-Q4,RT_CAT_BANKING_SPECIFICS,Banking Specifics,45,1,,
2020-Q4,RT_BANK_NIM,  ‣ Net Interest Margin (NIM),46,2,%,0.0189167157
2020-Q4,RT_BANK_YIEA,  ‣ Yield on Earning Assets (YIEA),47,2,%,0.0781077481
2020-Q4,RT_BANK_COF,  ‣ Cost of Funds (COF),48,2,%,0.0
2020-Q4,RT_BANK_NOII,  ‣ Non Interest Income,49,2,tỷ VNĐ,0.3023406469
2020-Q4,RT_BANK_CIR,  ‣ Cost to Income Ratio (CIR),50,2,%,-0.874484201
2020-Q4,RT_BANK_LOAN_GROWTH,  ‣ Loan Growth,51,2,%,0.0369344418
2020-Q4,RT_BANK_DEPOSIT_GROWTH,  ‣ Deposit Growth,52,2,%,0.2763278152
2020-Q4,RT_BANK_LDR,  ‣ Loan to Deposit Ratio (LDR),53,2,%,0.826227982
2020-Q4,RT_BANK_NPL,  ‣ Non Performing Loans Ratio (NPL),54,2,%,0.0542341663
2020-Q4,RT_BANK_NPL_COVERAGE,  ‣ NPL Coverage Ratio,55,2,%,-0.1557002216
2020-Q4,RT_BANK_PROVISION_TO_LOANS,  ‣ Provision to Loans Ratio,56,2,%,7.06788e-05
2020-Q4,RT_BANK_CAR,  ‣ Capital Adequacy Ratio (CAR),57,2,%,0.0
2020-Q4,RT_BANK_CASA,  ‣ CASA Ratio,58,2,%,0.0327045292
2020-Q4,RT_BANK_EQUITY_TO_LOANS,  ‣ Equity to Loans Ratio,59,2,%,0.1128629383
2020-Q4,RT_BANK_LLR_TO_LOANS,  ‣ Loan Loss Reserve to Loans Ratio,60,2,%,0.0084442717
2020-Q3,RT_CAT_INFO_VALUATION,Valuation & Company Information,1,1,,
2020-Q3,RT_VALUE_PE,  ‣ P/E Ratio,2,2,lần,-1310.8012581956
2020-Q3,RT_VALUE_PB,  ‣ P/B Ratio,3,2,lần,1.5022114247
2020-Q3,RT_VALUE_PS,  ‣ P/S Ratio,4,2,lần,5.039630024
2020-Q3,RT_VALUE_P_CF,  ‣ P/CF Ratio,5,2,lần,1.1073410623
2020-Q3,RT_VALUE_EV_EBITDA,  ‣ EV/EBITDA,6,2,lần,0.0
2020-Q3,RT_VALUE_DIVIDEND_YIELD,  ‣ Dividend Yield,7,2,%,0.0
2020-Q3,RT_VALUE_MARKET_CAP,  ‣ Market Capitalization,8,2,tỷ VNĐ,5869767960804.0
2020-Q3,RT_VALUE_EPS,  ‣ Basic EPS,9,2,VNĐ,
2020-Q3,RT_VALUE_BETA,  ‣ Beta,10,2,lần,
2020-Q3,RT_VALUE_BVPS,  ‣ Book Value Per Share,11,2,VNĐ,
2020-Q3,RT_VALUE_EBIT,  ‣ EBIT,12,2,tỷ VNĐ,0.0
2020-Q3,RT_VALUE_EBITDA,  ‣ EBITDA,13,2,tỷ VNĐ,0.0
2020-Q3,RT_VALUE_EQUITY,  ‣ Owner's Equity,14,2,tỷ VNĐ,0.0
2020-Q3,RT_VALUE_OUTSTANDING_SHARES,  ‣ Outstanding Shares,15,2,cổ phiếu,319895796.0
2020-Q3,RT_CAT_PROFITABILITY,Profitability & Efficiency,16,1,,
2020-Q3,RT_PRT_ROE,  ‣ ROE %,17,2,%,-0.0011623092
2020-Q3,RT_PRT_ROA,  ‣ ROA %,18,2,%,-8.32388e-05
2020-Q3,RT_PRT_ROIC,  ‣ ROIC %,19,2,%,0.0
2020-Q3,RT_PRT_GROSS_MARGIN,  ‣ Gross Profit Margin %,20,2,%,0.0950389878
2020-Q3,RT_PRT_EBIT_MARGIN,  ‣ EBIT Margin %,21,2,%,0.0
2020-Q3,RT_PRT_PRE_TAX_MARGIN,  ‣ Pre Tax Profit Margin %,22,2,%,-0.0045598864
2020-Q3,RT_PRT_NET_MARGIN,  ‣ Net Profit Margin %,23,2,%,-0.0038446943
2020-Q3,RT_EFF_ATR,  ‣ Asset Turnover,24,2,vòng,0.0
2020-Q3,RT_EFF_FATR,  ‣ Fixed Asset Turnover,25,2,vòng,0.0
2020-Q3,RT_EFF_DSO,  ‣ Days Sales Outstanding,26,2,ngày,0.0
2020-Q3,RT_EFF_DIO,  ‣ Days Inventory Outstanding,27,2,ngày,0.0
2020-Q3,RT_EFF_DPO,  ‣ Days Payable Outstanding,28,2,ngày,0.0
2020-Q3,RT_EFF_CASH_CYCLE,  ‣ Cash Conversion Cycle,29,2,ngày,0.0
2020-Q3,RT_CAT_LIQUIDITY_SAFETY,Liquidity & Financial Safety,30,1,,
2020-Q3,RT_LQD_CR,  ‣ Current Ratio,31,2,lần,0.0
2020-Q3,RT_LQD_QR,  ‣ Quick Ratio,32,2,lần,0.0
2020-Q3,RT_LQD_CASH_RATIO,  ‣ Cash Ratio,33,2,lần,0.0
2020-Q3,RT_ASSETS_CURRENT_DEPOSITS,  ‣ Current Deposits,34,2,tỷ VNĐ,
2020-Q3,RT_ASSETS_DEPOSITS_SPECIAL,  ‣ Special Purpose Deposits,35,2,tỷ VNĐ,
2020-Q3,RT_ASSETS_DEPOSITS_CUSTOMERS,  ‣ Customer Deposits,36,2,tỷ VNĐ,
2020-Q3,RT_ASSETS_MARGIN_DEPOSITS,  ‣ Margin Deposits,37,2,tỷ VNĐ,
2020-Q3,RT_CAT_FINANCIAL_LEVERAGE,Financial Leverage,38,1,,
2020-Q3,RT_LEV_DE,  ‣ Debt to Equity Ratio,39,2,lần,13.2273365685
2020-Q3,RT_LEV_LOAN_EQUITY,  ‣ Loans to Equity Ratio,40,2,lần,0.0
2020-Q3,RT_LEV_DA,  ‣ Debt to Assets Ratio,41,2,lần,
2020-Q3,RT_LEV_FINANCIAL_LEVERAGE,  ‣ Financial Leverage,42,2,lần,0.0
2020-Q3,RT_LEV_EQUITY_TO_LIABILITIES,  ‣ Equity to Liabilities Ratio,43,2,lần,0.0756010097
2020-Q3,RT_LEV_EQUITY_TO_ASSETS,  ‣ Equity to Assets Ratio,44,2,lần,0.0702872245
2020-Q3,RT_CAT_BANKING_SPECIFICS,Banking Specifics,45,1,,
2020-Q3,RT_BANK_NIM,  ‣ Net Interest Margin (NIM),46,2,%,0.0182029127
2020-Q3,RT_BANK_YIEA,  ‣ Yield on Earning Assets (YIEA),47,2,%,0.0826929975
2020-Q3,RT_BANK_COF,  ‣ Cost of Funds (COF),48,2,%,0.0
2020-Q3,RT_BANK_NOII,  ‣ Non Interest Income,49,2,tỷ VNĐ,0.1760763244
2020-Q3,RT_BANK_CIR,  ‣ Cost to Income Ratio (CIR),50,2,%,-0.837286375
2020-Q3,RT_BANK_LOAN_GROWTH,  ‣ Loan Growth,51,2,%,-0.0103412543
2020-Q3,RT_BANK_DEPOSIT_GROWTH,  ‣ Deposit Growth,52,2,%,0.1001557679
2020-Q3,RT_BANK_LDR,  ‣ Loan to Deposit Ratio (LDR),53,2,%,0.8450396161
2020-Q3,RT_BANK_NPL,  ‣ Non Performing Loans Ratio (NPL),54,2,%,0.0663068599
2020-Q3,RT_BANK_NPL_COVERAGE,  ‣ NPL Coverage Ratio,55,2,%,-0.1690338278
2020-Q3,RT_BANK_PROVISION_TO_LOANS,  ‣ Provision to Loans Ratio,56,2,%,-0.0034308432
2020-Q3,RT_BANK_CAR,  ‣ Capital Adequacy Ratio (CAR),57,2,%,0.0
2020-Q3,RT_BANK_CASA,  ‣ CASA Ratio,58,2,%,0.0321311553
2020-Q3,RT_BANK_EQUITY_TO_LOANS,  ‣ Equity to Loans Ratio,59,2,%,0.1156269311
2020-Q3,RT_BANK_LLR_TO_LOANS,  ‣ Loan Loss Reserve to Loans Ratio,60,2,%,0.0112081023
2020-Q2,RT_CAT_INFO_VALUATION,Valuation & Company Information,1,1,,
2020-Q2,RT_VALUE_PE,  ‣ P/E Ratio,2,2,lần,124.3054307256
2020-Q2,RT_VALUE_PB,  ‣ P/B Ratio,3,2,lần,0.995851924
2020-Q2,RT_VALUE_PS,  ‣ P/S Ratio,4,2,lần,3.0766079458
2020-Q2,RT_VALUE_P_CF,  ‣ P/CF Ratio,5,2,lần,0.9867092426
2020-Q2,RT_VALUE_EV_EBITDA,  ‣ EV/EBITDA,6,2,lần,0.0
2020-Q2,RT_VALUE_DIVIDEND_YIELD,  ‣ Dividend Yield,7,2,%,0.0
2020-Q2,RT_VALUE_MARKET_CAP,  ‣ Market Capitalization,8,2,tỷ VNĐ,3857943299760.0
2020-Q2,RT_VALUE_EPS,  ‣ Basic EPS,9,2,VNĐ,
2020-Q2,RT_VALUE_BETA,  ‣ Beta,10,2,lần,
2020-Q2,RT_VALUE_BVPS,  ‣ Book Value Per Share,11,2,VNĐ,
2020-Q2,RT_VALUE_EBIT,  ‣ EBIT,12,2,tỷ VNĐ,0.0
2020-Q2,RT_VALUE_EBITDA,  ‣ EBITDA,13,2,tỷ VNĐ,0.0
2020-Q2,RT_VALUE_EQUITY,  ‣ Owner's Equity,14,2,tỷ VNĐ,0.0
2020-Q2,RT_VALUE_OUTSTANDING_SHARES,  ‣ Outstanding Shares,15,2,cổ phiếu,319895796.0
2020-Q2,RT_CAT_PROFITABILITY,Profitability & Efficiency,16,1,,
2020-Q2,RT_PRT_ROE,  ‣ ROE %,17,2,%,0.0080528375
2020-Q2,RT_PRT_ROA,  ‣ ROA %,18,2,%,0.0006012677
2020-Q2,RT_PRT_ROIC,  ‣ ROIC %,19,2,%,0.0
2020-Q2,RT_PRT_GROSS_MARGIN,  ‣ Gross Profit Margin %,20,2,%,0.1355402086
2020-Q2,RT_PRT_EBIT_MARGIN,  ‣ EBIT Margin %,21,2,%,0.0
2020-Q2,RT_PRT_PRE_TAX_MARGIN,  ‣ Pre Tax Profit Margin %,22,2,%,0.0320217551
2020-Q2,RT_PRT_NET_MARGIN,  ‣ Net Profit Margin %,23,2,%,0.0247503908
2020-Q2,RT_EFF_ATR,  ‣ Asset Turnover,24,2,vòng,0.0
2020-Q2,RT_EFF_FATR,  ‣ Fixed Asset Turnover,25,2,vòng,0.0
2020-Q2,RT_EFF_DSO,  ‣ Days Sales Outstanding,26,2,ngày,0.0
2020-Q2,RT_EFF_DIO,  ‣ Days Inventory Outstanding,27,2,ngày,0.0
2020-Q2,RT_EFF_DPO,  ‣ Days Payable Outstanding,28,2,ngày,0.0
2020-Q2,RT_EFF_CASH_CYCLE,  ‣ Cash Conversion Cycle,29,2,ngày,0.0
2020-Q2,RT_CAT_LIQUIDITY_SAFETY,Liquidity & Financial Safety,30,1,,
2020-Q2,RT_LQD_CR,  ‣ Current Ratio,31,2,lần,0.0
2020-Q2,RT_LQD_QR,  ‣ Quick Ratio,32,2,lần,0.0
2020-Q2,RT_LQD_CASH_RATIO,  ‣ Cash Ratio,33,2,lần,0.0
2020-Q2,RT_ASSETS_CURRENT_DEPOSITS,  ‣ Current Deposits,34,2,tỷ VNĐ,
2020-Q2,RT_ASSETS_DEPOSITS_SPECIAL,  ‣ Special Purpose Deposits,35,2,tỷ VNĐ,
2020-Q2,RT_ASSETS_DEPOSITS_CUSTOMERS,  ‣ Customer Deposits,36,2,tỷ VNĐ,
2020-Q2,RT_ASSETS_MARGIN_DEPOSITS,  ‣ Margin Deposits,37,2,tỷ VNĐ,
2020-Q2,RT_CAT_FINANCIAL_LEVERAGE,Financial Leverage,38,1,,
2020-Q2,RT_LEV_DE,  ‣ Debt to Equity Ratio,39,2,lần,13.304655147
2020-Q2,RT_LEV_LOAN_EQUITY,  ‣ Loans to Equity Ratio,40,2,lần,0.0
2020-Q2,RT_LEV_DA,  ‣ Debt to Assets Ratio,41,2,lần,
2020-Q2,RT_LEV_FINANCIAL_LEVERAGE,  ‣ Financial Leverage,42,2,lần,0.0
2020-Q2,RT_LEV_EQUITY_TO_LIABILITIES,  ‣ Equity to Liabilities Ratio,43,2,lần,0.0751616625
2020-Q2,RT_LEV_EQUITY_TO_ASSETS,  ‣ Equity to Assets Ratio,44,2,lần,0.0699073127
2020-Q2,RT_CAT_BANKING_SPECIFICS,Banking Specifics,45,1,,
2020-Q2,RT_BANK_NIM,  ‣ Net Interest Margin (NIM),46,2,%,0.0204558866
2020-Q2,RT_BANK_YIEA,  ‣ Yield on Earning Assets (YIEA),47,2,%,0.0854404367
2020-Q2,RT_BANK_COF,  ‣ Cost of Funds (COF),48,2,%,0.0
2020-Q2,RT_BANK_NOII,  ‣ Non Interest Income,49,2,tỷ VNĐ,0.2662797332
2020-Q2,RT_BANK_CIR,  ‣ Cost to Income Ratio (CIR),50,2,%,-0.8270172949
2020-Q2,RT_BANK_LOAN_GROWTH,  ‣ Loan Growth,51,2,%,0.0093493531
2020-Q2,RT_BANK_DEPOSIT_GROWTH,  ‣ Deposit Growth,52,2,%,0.0615086046
2020-Q2,RT_BANK_LDR,  ‣ Loan to Deposit Ratio (LDR),53,2,%,0.9393896752
2020-Q2,RT_BANK_NPL,  ‣ Non Performing Loans Ratio (NPL),54,2,%,0.0658800195
2020-Q2,RT_BANK_NPL_COVERAGE,  ‣ NPL Coverage Ratio,55,2,%,-0.1665044133
2020-Q2,RT_BANK_PROVISION_TO_LOANS,  ‣ Provision to Loans Ratio,56,2,%,-0.0038933547
2020-Q2,RT_BANK_CAR,  ‣ Capital Adequacy Ratio (CAR),57,2,%,0.0
2020-Q2,RT_BANK_CASA,  ‣ CASA Ratio,58,2,%,0.0288411435
2020-Q2,RT_BANK_EQUITY_TO_LOANS,  ‣ Equity to Loans Ratio,59,2,%,0.1134529171
2020-Q2,RT_BANK_LLR_TO_LOANS,  ‣ Loan Loss Reserve to Loans Ratio,60,2,%,0.010969314
2020-Q1,RT_CAT_INFO_VALUATION,Valuation & Company Information,1,1,,
2020-Q1,RT_VALUE_PE,  ‣ P/E Ratio,2,2,lần,60.5018897444
2020-Q1,RT_VALUE_PB,  ‣ P/B Ratio,3,2,lần,0.8493781795
2020-Q1,RT_VALUE_PS,  ‣ P/S Ratio,4,2,lần,2.5137980978
2020-Q1,RT_VALUE_P_CF,  ‣ P/CF Ratio,5,2,lần,0.4969695163
2020-Q1,RT_VALUE_EV_EBITDA,  ‣ EV/EBITDA,6,2,lần,0.0
2020-Q1,RT_VALUE_DIVIDEND_YIELD,  ‣ Dividend Yield,7,2,%,0.0
2020-Q1,RT_VALUE_MARKET_CAP,  ‣ Market Capitalization,8,2,tỷ VNĐ,3259418265444.0
2020-Q1,RT_VALUE_EPS,  ‣ Basic EPS,9,2,VNĐ,
2020-Q1,RT_VALUE_BETA,  ‣ Beta,10,2,lần,
2020-Q1,RT_VALUE_BVPS,  ‣ Book Value Per Share,11,2,VNĐ,
2020-Q1,RT_VALUE_EBIT,  ‣ EBIT,12,2,tỷ VNĐ,0.0
2020-Q1,RT_VALUE_EBITDA,  ‣ EBITDA,13,2,tỷ VNĐ,0.0
2020-Q1,RT_VALUE_EQUITY,  ‣ Owner's Equity,14,2,tỷ VNĐ,0.0
2020-Q1,RT_VALUE_OUTSTANDING_SHARES,  ‣ Outstanding Shares,15,2,cổ phiếu,319895796.0
2020-Q1,RT_CAT_PROFITABILITY,Profitability & Efficiency,16,1,,
2020-Q1,RT_PRT_ROE,  ‣ ROE %,17,2,%,0.0140055866
2020-Q1,RT_PRT_ROA,  ‣ ROA %,18,2,%,0.0010843761
2020-Q1,RT_PRT_ROIC,  ‣ ROIC %,19,2,%,0.0
2020-Q1,RT_PRT_GROSS_MARGIN,  ‣ Gross Profit Margin %,20,2,%,0.1627157258
2020-Q1,RT_PRT_EBIT_MARGIN,  ‣ EBIT Margin %,21,2,%,0.0
2020-Q1,RT_PRT_PRE_TAX_MARGIN,  ‣ Pre Tax Profit Margin %,22,2,%,0.0529858223
2020-Q1,RT_PRT_NET_MARGIN,  ‣ Net Profit Margin %,23,2,%,0.0415490845
2020-Q1,RT_EFF_ATR,  ‣ Asset Turnover,24,2,vòng,0.0
2020-Q1,RT_EFF_FATR,  ‣ Fixed Asset Turnover,25,2,vòng,0.0
2020-Q1,RT_EFF_DSO,  ‣ Days Sales Outstanding,26,2,ngày,0.0
2020-Q1,RT_EFF_DIO,  ‣ Days Inventory Outstanding,27,2,ngày,0.0
2020-Q1,RT_EFF_DPO,  ‣ Days Payable Outstanding,28,2,ngày,0.0
2020-Q1,RT_EFF_CASH_CYCLE,  ‣ Cash Conversion Cycle,29,2,ngày,0.0
2020-Q1,RT_CAT_LIQUIDITY_SAFETY,Liquidity & Financial Safety,30,1,,
2020-Q1,RT_LQD_CR,  ‣ Current Ratio,31,2,lần,0.0
2020-Q1,RT_LQD_QR,  ‣ Quick Ratio,32,2,lần,0.0
2020-Q1,RT_LQD_CASH_RATIO,  ‣ Cash Ratio,33,2,lần,0.0
2020-Q1,RT_ASSETS_CURRENT_DEPOSITS,  ‣ Current Deposits,34,2,tỷ VNĐ,
2020-Q1,RT_ASSETS_DEPOSITS_SPECIAL,  ‣ Special Purpose Deposits,35,2,tỷ VNĐ,
2020-Q1,RT_ASSETS_DEPOSITS_CUSTOMERS,  ‣ Customer Deposits,36,2,tỷ VNĐ,
2020-Q1,RT_ASSETS_MARGIN_DEPOSITS,  ‣ Margin Deposits,37,2,tỷ VNĐ,
2020-Q1,RT_CAT_FINANCIAL_LEVERAGE,Financial Leverage,38,1,,
2020-Q1,RT_LEV_DE,  ‣ Debt to Equity Ratio,39,2,lần,12.833827546
2020-Q1,RT_LEV_LOAN_EQUITY,  ‣ Loans to Equity Ratio,40,2,lần,0.0
2020-Q1,RT_LEV_DA,  ‣ Debt to Assets Ratio,41,2,lần,
2020-Q1,RT_LEV_FINANCIAL_LEVERAGE,  ‣ Financial Leverage,42,2,lần,0.0
2020-Q1,RT_LEV_EQUITY_TO_LIABILITIES,  ‣ Equity to Liabilities Ratio,43,2,lần,0.0779190773
2020-Q1,RT_LEV_EQUITY_TO_ASSETS,  ‣ Equity to Assets Ratio,44,2,lần,0.0722865741
2020-Q1,RT_CAT_BANKING_SPECIFICS,Banking Specifics,45,1,,
2020-Q1,RT_BANK_NIM,  ‣ Net Interest Margin (NIM),46,2,%,0.0226659605
2020-Q1,RT_BANK_YIEA,  ‣ Yield on Earning Assets (YIEA),47,2,%,0.0879697055
2020-Q1,RT_BANK_COF,  ‣ Cost of Funds (COF),48,2,%,0.0
2020-Q1,RT_BANK_NOII,  ‣ Non Interest Income,49,2,tỷ VNĐ,0.296551328
2020-Q1,RT_BANK_CIR,  ‣ Cost to Income Ratio (CIR),50,2,%,-0.6719254493
2020-Q1,RT_BANK_LOAN_GROWTH,  ‣ Loan Growth,51,2,%,0.0104691373
2020-Q1,RT_BANK_DEPOSIT_GROWTH,  ‣ Deposit Growth,52,2,%,0.0401742717
2020-Q1,RT_BANK_LDR,  ‣ Loan to Deposit Ratio (LDR),53,2,%,0.9879336825
2020-Q1,RT_BANK_NPL,  ‣ Non Performing Loans Ratio (NPL),54,2,%,0.0662198699
2020-Q1,RT_BANK_NPL_COVERAGE,  ‣ NPL Coverage Ratio,55,2,%,-0.1626575509
2020-Q1,RT_BANK_PROVISION_TO_LOANS,  ‣ Provision to Loans Ratio,56,2,%,-0.004369196
2020-Q1,RT_BANK_CAR,  ‣ Capital Adequacy Ratio (CAR),57,2,%,0.0
2020-Q1,RT_BANK_CASA,  ‣ CASA Ratio,58,2,%,0.027131846
2020-Q1,RT_BANK_EQUITY_TO_LOANS,  ‣ Equity to Loans Ratio,59,2,%,0.1134318715
2020-Q1,RT_BANK_LLR_TO_LOANS,  ‣ Loan Loss Reserve to Loans Ratio,60,2,%,0.0107711619
2019-Q4,RT_CAT_INFO_VALUATION,Valuation & Company Information,1,1,,
2019-Q4,RT_VALUE_PE,  ‣ P/E Ratio,2,2,lần,50.4623738807
2019-Q4,RT_VALUE_PB,  ‣ P/B Ratio,3,2,lần,0.8900397135
2019-Q4,RT_VALUE_PS,  ‣ P/S Ratio,4,2,lần,2.8058491812
2019-Q4,RT_VALUE_P_CF,  ‣ P/CF Ratio,5,2,lần,0.5807898168
2019-Q4,RT_VALUE_EV_EBITDA,  ‣ EV/EBITDA,6,2,lần,0.0
2019-Q4,RT_VALUE_DIVIDEND_YIELD,  ‣ Dividend Yield,7,2,%,0.0
2019-Q4,RT_VALUE_MARKET_CAP,  ‣ Market Capitalization,8,2,tỷ VNĐ,3374900647800.0
2019-Q4,RT_VALUE_EPS,  ‣ Basic EPS,9,2,VNĐ,
2019-Q4,RT_VALUE_BETA,  ‣ Beta,10,2,lần,
2019-Q4,RT_VALUE_BVPS,  ‣ Book Value Per Share,11,2,VNĐ,
2019-Q4,RT_VALUE_EBIT,  ‣ EBIT,12,2,tỷ VNĐ,0.0
2019-Q4,RT_VALUE_EBITDA,  ‣ EBITDA,13,2,tỷ VNĐ,0.0
2019-Q4,RT_VALUE_EQUITY,  ‣ Owner's Equity,14,2,tỷ VNĐ,0.0
2019-Q4,RT_VALUE_OUTSTANDING_SHARES,  ‣ Outstanding Shares,15,2,cổ phiếu,319895796.0
2019-Q4,RT_CAT_PROFITABILITY,Profitability & Efficiency,16,1,,
2019-Q4,RT_PRT_ROE,  ‣ ROE %,17,2,%,0.0179459006
2019-Q4,RT_PRT_ROA,  ‣ ROA %,18,2,%,0.0014489371
2019-Q4,RT_PRT_ROIC,  ‣ ROIC %,19,2,%,0.0
2019-Q4,RT_PRT_GROSS_MARGIN,  ‣ Gross Profit Margin %,20,2,%,0.1340262668
2019-Q4,RT_PRT_EBIT_MARGIN,  ‣ EBIT Margin %,21,2,%,0.0
2019-Q4,RT_PRT_PRE_TAX_MARGIN,  ‣ Pre Tax Profit Margin %,22,2,%,0.0714336191
2019-Q4,RT_PRT_NET_MARGIN,  ‣ Net Profit Margin %,23,2,%,0.056263297
2019-Q4,RT_EFF_ATR,  ‣ Asset Turnover,24,2,vòng,0.0
2019-Q4,RT_EFF_FATR,  ‣ Fixed Asset Turnover,25,2,vòng,0.0
2019-Q4,RT_EFF_DSO,  ‣ Days Sales Outstanding,26,2,ngày,0.0
2019-Q4,RT_EFF_DIO,  ‣ Days Inventory Outstanding,27,2,ngày,0.0
2019-Q4,RT_EFF_DPO,  ‣ Days Payable Outstanding,28,2,ngày,0.0
2019-Q4,RT_EFF_CASH_CYCLE,  ‣ Cash Conversion Cycle,29,2,ngày,0.0
2019-Q4,RT_CAT_LIQUIDITY_SAFETY,Liquidity & Financial Safety,30,1,,
2019-Q4,RT_LQD_CR,  ‣ Current Ratio,31,2,lần,0.0
2019-Q4,RT_LQD_QR,  ‣ Quick Ratio,32,2,lần,0.0
2019-Q4,RT_LQD_CASH_RATIO,  ‣ Cash Ratio,33,2,lần,0.0
2019-Q4,RT_ASSETS_CURRENT_DEPOSITS,  ‣ Current Deposits,34,2,tỷ VNĐ,
2019-Q4,RT_ASSETS_DEPOSITS_SPECIAL,  ‣ Special Purpose Deposits,35,2,tỷ VNĐ,
2019-Q4,RT_ASSETS_DEPOSITS_CUSTOMERS,  ‣ Customer Deposits,36,2,tỷ VNĐ,
2019-Q4,RT_ASSETS_MARGIN_DEPOSITS,  ‣ Margin Deposits,37,2,tỷ VNĐ,
2019-Q4,RT_CAT_FINANCIAL_LEVERAGE,Financial Leverage,38,1,,
2019-Q4,RT_LEV_DE,  ‣ Debt to Equity Ratio,39,2,lần,12.4768166179
2019-Q4,RT_LEV_LOAN_EQUITY,  ‣ Loans to Equity Ratio,40,2,lần,0.0
2019-Q4,RT_LEV_DA,  ‣ Debt to Assets Ratio,41,2,lần,
2019-Q4,RT_LEV_FINANCIAL_LEVERAGE,  ‣ Financial Leverage,42,2,lần,0.0
2019-Q4,RT_LEV_EQUITY_TO_LIABILITIES,  ‣ Equity to Liabilities Ratio,43,2,lần,0.0801486493
2019-Q4,RT_LEV_EQUITY_TO_ASSETS,  ‣ Equity to Assets Ratio,44,2,lần,0.0742014994
2019-Q4,RT_CAT_BANKING_SPECIFICS,Banking Specifics,45,1,,
2019-Q4,RT_BANK_NIM,  ‣ Net Interest Margin (NIM),46,2,%,0.0236115635
2019-Q4,RT_BANK_YIEA,  ‣ Yield on Earning Assets (YIEA),47,2,%,0.0913161
2019-Q4,RT_BANK_COF,  ‣ Cost of Funds (COF),48,2,%,0.0
2019-Q4,RT_BANK_NOII,  ‣ Non Interest Income,49,2,tỷ VNĐ,0.1925883298
2019-Q4,RT_BANK_CIR,  ‣ Cost to Income Ratio (CIR),50,2,%,-0.8659737332
2019-Q4,RT_BANK_LOAN_GROWTH,  ‣ Loan Growth,51,2,%,0.1359816713
2019-Q4,RT_BANK_DEPOSIT_GROWTH,  ‣ Deposit Growth,52,2,%,0.1271860245
2019-Q4,RT_BANK_LDR,  ‣ Loan to Deposit Ratio (LDR),53,2,%,1.016976303
2019-Q4,RT_BANK_NPL,  ‣ Non Performing Loans Ratio (NPL),54,2,%,0.0102138478
2019-Q4,RT_BANK_NPL_COVERAGE,  ‣ NPL Coverage Ratio,55,2,%,-0.8655733486
2019-Q4,RT_BANK_PROVISION_TO_LOANS,  ‣ Provision to Loans Ratio,56,2,%,-0.0023918996
2019-Q4,RT_BANK_CAR,  ‣ Capital Adequacy Ratio (CAR),57,2,%,0.0
2019-Q4,RT_BANK_CASA,  ‣ CASA Ratio,58,2,%,0.0462442389
2019-Q4,RT_BANK_EQUITY_TO_LOANS,  ‣ Equity to Loans Ratio,59,2,%,0.1132584889
2019-Q4,RT_BANK_LLR_TO_LOANS,  ‣ Loan Loss Reserve to Loans Ratio,60,2,%,0.0088408345
2019-Q3,RT_CAT_INFO_VALUATION,Valuation & Company Information,1,1,,
2019-Q3,RT_VALUE_PE,  ‣ P/E Ratio,2,2,lần,14.2711005305
2019-Q3,RT_VALUE_PB,  ‣ P/B Ratio,3,2,lần,0.8992962902
2019-Q3,RT_VALUE_PS,  ‣ P/S Ratio,4,2,lần,2.5465152801
2019-Q3,RT_VALUE_P_CF,  ‣ P/CF Ratio,5,2,lần,1.0294226422
2019-Q3,RT_VALUE_EV_EBITDA,  ‣ EV/EBITDA,6,2,lần,0.0
2019-Q3,RT_VALUE_DIVIDEND_YIELD,  ‣ Dividend Yield,7,2,%,0.0
2019-Q3,RT_VALUE_MARKET_CAP,  ‣ Market Capitalization,8,2,tỷ VNĐ,3518853756000.0
2019-Q3,RT_VALUE_EPS,  ‣ Basic EPS,9,2,VNĐ,
2019-Q3,RT_VALUE_BETA,  ‣ Beta,10,2,lần,
2019-Q3,RT_VALUE_BVPS,  ‣ Book Value Per Share,11,2,VNĐ,
2019-Q3,RT_VALUE_EBIT,  ‣ EBIT,12,2,tỷ VNĐ,0.0
2019-Q3,RT_VALUE_EBITDA,  ‣ EBITDA,13,2,tỷ VNĐ,0.0
2019-Q3,RT_VALUE_EQUITY,  ‣ Owner's Equity,14,2,tỷ VNĐ,0.0
2019-Q3,RT_VALUE_OUTSTANDING_SHARES,  ‣ Outstanding Shares,15,2,cổ phiếu,319895796.0
2019-Q3,RT_CAT_PROFITABILITY,Profitability & Efficiency,16,1,,
2019-Q3,RT_PRT_ROE,  ‣ ROE %,17,2,%,0.0643525521
2019-Q3,RT_PRT_ROA,  ‣ ROA %,18,2,%,0.0054607851
2019-Q3,RT_PRT_ROIC,  ‣ ROIC %,19,2,%,0.0
2019-Q3,RT_PRT_GROSS_MARGIN,  ‣ Gross Profit Margin %,20,2,%,0.2638716312
2019-Q3,RT_PRT_EBIT_MARGIN,  ‣ EBIT Margin %,21,2,%,0.0
2019-Q3,RT_PRT_PRE_TAX_MARGIN,  ‣ Pre Tax Profit Margin %,22,2,%,0.2239130545
2019-Q3,RT_PRT_NET_MARGIN,  ‣ Net Profit Margin %,23,2,%,0.1784386079
2019-Q3,RT_EFF_ATR,  ‣ Asset Turnover,24,2,vòng,0.0
2019-Q3,RT_EFF_FATR,  ‣ Fixed Asset Turnover,25,2,vòng,0.0
2019-Q3,RT_EFF_DSO,  ‣ Days Sales Outstanding,26,2,ngày,0.0
2019-Q3,RT_EFF_DIO,  ‣ Days Inventory Outstanding,27,2,ngày,0.0
2019-Q3,RT_EFF_DPO,  ‣ Days Payable Outstanding,28,2,ngày,0.0
2019-Q3,RT_EFF_CASH_CYCLE,  ‣ Cash Conversion Cycle,29,2,ngày,0.0
2019-Q3,RT_CAT_LIQUIDITY_SAFETY,Liquidity & Financial Safety,30,1,,
2019-Q3,RT_LQD_CR,  ‣ Current Ratio,31,2,lần,0.0
2019-Q3,RT_LQD_QR,  ‣ Quick Ratio,32,2,lần,0.0
2019-Q3,RT_LQD_CASH_RATIO,  ‣ Cash Ratio,33,2,lần,0.0
2019-Q3,RT_ASSETS_CURRENT_DEPOSITS,  ‣ Current Deposits,34,2,tỷ VNĐ,
2019-Q3,RT_ASSETS_DEPOSITS_SPECIAL,  ‣ Special Purpose Deposits,35,2,tỷ VNĐ,
2019-Q3,RT_ASSETS_DEPOSITS_CUSTOMERS,  ‣ Customer Deposits,36,2,tỷ VNĐ,
2019-Q3,RT_ASSETS_MARGIN_DEPOSITS,  ‣ Margin Deposits,37,2,tỷ VNĐ,
2019-Q3,RT_CAT_FINANCIAL_LEVERAGE,Financial Leverage,38,1,,
2019-Q3,RT_LEV_DE,  ‣ Debt to Equity Ratio,39,2,lần,10.9794860432
2019-Q3,RT_LEV_LOAN_EQUITY,  ‣ Loans to Equity Ratio,40,2,lần,0.0
2019-Q3,RT_LEV_DA,  ‣ Debt to Assets Ratio,41,2,lần,
2019-Q3,RT_LEV_FINANCIAL_LEVERAGE,  ‣ Financial Leverage,42,2,lần,0.0
2019-Q3,RT_LEV_EQUITY_TO_LIABILITIES,  ‣ Equity to Liabilities Ratio,43,2,lần,0.0910789445
2019-Q3,RT_LEV_EQUITY_TO_ASSETS,  ‣ Equity to Assets Ratio,44,2,lần,0.0834760353
2019-Q3,RT_CAT_BANKING_SPECIFICS,Banking Specifics,45,1,,
2019-Q3,RT_BANK_NIM,  ‣ Net Interest Margin (NIM),46,2,%,0.0279262527
2019-Q3,RT_BANK_YIEA,  ‣ Yield on Earning Assets (YIEA),47,2,%,0.0888682427
2019-Q3,RT_BANK_COF,  ‣ Cost of Funds (COF),48,2,%,0.0
2019-Q3,RT_BANK_NOII,  ‣ Non Interest Income,49,2,tỷ VNĐ,0.2131360696
2019-Q3,RT_BANK_CIR,  ‣ Cost to Income Ratio (CIR),50,2,%,-0.7170836143
2019-Q3,RT_BANK_LOAN_GROWTH,  ‣ Loan Growth,51,2,%,0.0280310098
2019-Q3,RT_BANK_DEPOSIT_GROWTH,  ‣ Deposit Growth,52,2,%,0.023894996
2019-Q3,RT_BANK_LDR,  ‣ Loan to Deposit Ratio (LDR),53,2,%,1.013133217
2019-Q3,RT_BANK_NPL,  ‣ Non Performing Loans Ratio (NPL),54,2,%,0.0106894565
2019-Q3,RT_BANK_NPL_COVERAGE,  ‣ NPL Coverage Ratio,55,2,%,-0.838225248
2019-Q3,RT_BANK_PROVISION_TO_LOANS,  ‣ Provision to Loans Ratio,56,2,%,-0.0018062441
2019-Q3,RT_BANK_CAR,  ‣ Capital Adequacy Ratio (CAR),57,2,%,0.0
2019-Q3,RT_BANK_CASA,  ‣ CASA Ratio,58,2,%,0.0445357082
2019-Q3,RT_BANK_EQUITY_TO_LOANS,  ‣ Equity to Loans Ratio,59,2,%,0.1226328157
2019-Q3,RT_BANK_LLR_TO_LOANS,  ‣ Loan Loss Reserve to Loans Ratio,60,2,%,0.0089601723
2019-Q2,RT_CAT_INFO_VALUATION,Valuation & Company Information,1,1,,
2019-Q2,RT_VALUE_PE,  ‣ P/E Ratio,2,2,lần,13.2428416862
2019-Q2,RT_VALUE_PB,  ‣ P/B Ratio,3,2,lần,0.8187182239
2019-Q2,RT_VALUE_PS,  ‣ P/S Ratio,4,2,lần,2.366080002
2019-Q2,RT_VALUE_P_CF,  ‣ P/CF Ratio,5,2,lần,0.713780393
2019-Q2,RT_VALUE_EV_EBITDA,  ‣ EV/EBITDA,6,2,lần,0.0
2019-Q2,RT_VALUE_DIVIDEND_YIELD,  ‣ Dividend Yield,7,2,%,0.0
2019-Q2,RT_VALUE_MARKET_CAP,  ‣ Market Capitalization,8,2,tỷ VNĐ,3147134841048.0
2019-Q2,RT_VALUE_EPS,  ‣ Basic EPS,9,2,VNĐ,
2019-Q2,RT_VALUE_BETA,  ‣ Beta,10,2,lần,
2019-Q2,RT_VALUE_BVPS,  ‣ Book Value Per Share,11,2,VNĐ,
2019-Q2,RT_VALUE_EBIT,  ‣ EBIT,12,2,tỷ VNĐ,0.0
2019-Q2,RT_VALUE_EBITDA,  ‣ EBITDA,13,2,tỷ VNĐ,0.0
2019-Q2,RT_VALUE_EQUITY,  ‣ Owner's Equity,14,2,tỷ VNĐ,0.0
2019-Q2,RT_VALUE_OUTSTANDING_SHARES,  ‣ Outstanding Shares,15,2,cổ phiếu,319895796.0
2019-Q2,RT_CAT_PROFITABILITY,Profitability & Efficiency,16,1,,
2019-Q2,RT_PRT_ROE,  ‣ ROE %,17,2,%,0.0629062745
2019-Q2,RT_PRT_ROA,  ‣ ROA %,18,2,%,0.0054886975
2019-Q2,RT_PRT_ROIC,  ‣ ROIC %,19,2,%,0.0
2019-Q2,RT_PRT_GROSS_MARGIN,  ‣ Gross Profit Margin %,20,2,%,0.2549122062
2019-Q2,RT_PRT_EBIT_MARGIN,  ‣ EBIT Margin %,21,2,%,0.0
2019-Q2,RT_PRT_PRE_TAX_MARGIN,  ‣ Pre Tax Profit Margin %,22,2,%,0.2232936497
2019-Q2,RT_PRT_NET_MARGIN,  ‣ Net Profit Margin %,23,2,%,0.1786686014
2019-Q2,RT_EFF_ATR,  ‣ Asset Turnover,24,2,vòng,0.0
2019-Q2,RT_EFF_FATR,  ‣ Fixed Asset Turnover,25,2,vòng,0.0
2019-Q2,RT_EFF_DSO,  ‣ Days Sales Outstanding,26,2,ngày,0.0
2019-Q2,RT_EFF_DIO,  ‣ Days Inventory Outstanding,27,2,ngày,0.0
2019-Q2,RT_EFF_DPO,  ‣ Days Payable Outstanding,28,2,ngày,0.0
2019-Q2,RT_EFF_CASH_CYCLE,  ‣ Cash Conversion Cycle,29,2,ngày,0.0
2019-Q2,RT_CAT_LIQUIDITY_SAFETY,Liquidity & Financial Safety,30,1,,
2019-Q2,RT_LQD_CR,  ‣ Current Ratio,31,2,lần,0.0
2019-Q2,RT_LQD_QR,  ‣ Quick Ratio,32,2,lần,0.0
2019-Q2,RT_LQD_CASH_RATIO,  ‣ Cash Ratio,33,2,lần,0.0
2019-Q2,RT_ASSETS_CURRENT_DEPOSITS,  ‣ Current Deposits,34,2,tỷ VNĐ,
2019-Q2,RT_ASSETS_DEPOSITS_SPECIAL,  ‣ Special Purpose Deposits,35,2,tỷ VNĐ,
2019-Q2,RT_ASSETS_DEPOSITS_CUSTOMERS,  ‣ Customer Deposits,36,2,tỷ VNĐ,
2019-Q2,RT_ASSETS_MARGIN_DEPOSITS,  ‣ Margin Deposits,37,2,tỷ VNĐ,
2019-Q2,RT_CAT_FINANCIAL_LEVERAGE,Financial Leverage,38,1,,
2019-Q2,RT_LEV_DE,  ‣ Debt to Equity Ratio,39,2,lần,11.4013240971
2019-Q2,RT_LEV_LOAN_EQUITY,  ‣ Loans to Equity Ratio,40,2,lần,0.0
2019-Q2,RT_LEV_DA,  ‣ Debt to Assets Ratio,41,2,lần,
2019-Q2,RT_LEV_FINANCIAL_LEVERAGE,  ‣ Financial Leverage,42,2,lần,0.0
2019-Q2,RT_LEV_EQUITY_TO_LIABILITIES,  ‣ Equity to Liabilities Ratio,43,2,lần,0.0877091109
2019-Q2,RT_LEV_EQUITY_TO_ASSETS,  ‣ Equity to Assets Ratio,44,2,lần,0.0806365508
2019-Q2,RT_CAT_BANKING_SPECIFICS,Banking Specifics,45,1,,
2019-Q2,RT_BANK_NIM,  ‣ Net Interest Margin (NIM),46,2,%,0.0280240854
2019-Q2,RT_BANK_YIEA,  ‣ Yield on Earning Assets (YIEA),47,2,%,0.0895067242
2019-Q2,RT_BANK_COF,  ‣ Cost of Funds (COF),48,2,%,0.0
2019-Q2,RT_BANK_NOII,  ‣ Non Interest Income,49,2,tỷ VNĐ,0.1600603401
2019-Q2,RT_BANK_CIR,  ‣ Cost to Income Ratio (CIR),50,2,%,-0.7349431227
2019-Q2,RT_BANK_LOAN_GROWTH,  ‣ Loan Growth,51,2,%,0.0393885769
2019-Q2,RT_BANK_DEPOSIT_GROWTH,  ‣ Deposit Growth,52,2,%,0.0314065916
2019-Q2,RT_BANK_LDR,  ‣ Loan to Deposit Ratio (LDR),53,2,%,1.0090571405
2019-Q2,RT_BANK_NPL,  ‣ Non Performing Loans Ratio (NPL),54,2,%,0.011484366
2019-Q2,RT_BANK_NPL_COVERAGE,  ‣ NPL Coverage Ratio,55,2,%,-0.7754267839
2019-Q2,RT_BANK_PROVISION_TO_LOANS,  ‣ Provision to Loans Ratio,56,2,%,-0.0014283421
2019-Q2,RT_BANK_CAR,  ‣ Capital Adequacy Ratio (CAR),57,2,%,0.0
2019-Q2,RT_BANK_CASA,  ‣ CASA Ratio,58,2,%,0.0443095274
2019-Q2,RT_BANK_EQUITY_TO_LOANS,  ‣ Equity to Loans Ratio,59,2,%,0.1238498236
2019-Q2,RT_BANK_LLR_TO_LOANS,  ‣ Loan Loss Reserve to Loans Ratio,60,2,%,0.008905285
2019-Q1,RT_CAT_INFO_VALUATION,Valuation & Company Information,1,1,,
2019-Q1,RT_VALUE_PE,  ‣ P/E Ratio,2,2,lần,13.3966633483
2019-Q1,RT_VALUE_PB,  ‣ P/B Ratio,3,2,lần,0.8328667809
2019-Q1,RT_VALUE_PS,  ‣ P/S Ratio,4,2,lần,2.5142937126
2019-Q1,RT_VALUE_P_CF,  ‣ P/CF Ratio,5,2,lần,4.542083626
2019-Q1,RT_VALUE_EV_EBITDA,  ‣ EV/EBITDA,6,2,lần,0.0
2019-Q1,RT_VALUE_DIVIDEND_YIELD,  ‣ Dividend Yield,7,2,%,0.0
2019-Q1,RT_VALUE_MARKET_CAP,  ‣ Market Capitalization,8,2,tỷ VNĐ,3174325983708.0
2019-Q1,RT_VALUE_EPS,  ‣ Basic EPS,9,2,VNĐ,
2019-Q1,RT_VALUE_BETA,  ‣ Beta,10,2,lần,
2019-Q1,RT_VALUE_BVPS,  ‣ Book Value Per Share,11,2,VNĐ,
2019-Q1,RT_VALUE_EBIT,  ‣ EBIT,12,2,tỷ VNĐ,0.0
2019-Q1,RT_VALUE_EBITDA,  ‣ EBITDA,13,2,tỷ VNĐ,0.0
2019-Q1,RT_VALUE_EQUITY,  ‣ Owner's Equity,14,2,tỷ VNĐ,0.0
2019-Q1,RT_VALUE_OUTSTANDING_SHARES,  ‣ Outstanding Shares,15,2,cổ phiếu,319895796.0
2019-Q1,RT_CAT_PROFITABILITY,Profitability & Efficiency,16,1,,
2019-Q1,RT_PRT_ROE,  ‣ ROE %,17,2,%,0.0635846348
2019-Q1,RT_PRT_ROA,  ‣ ROA %,18,2,%,0.005752137
2019-Q1,RT_PRT_ROIC,  ‣ ROIC %,19,2,%,0.0
2019-Q1,RT_PRT_GROSS_MARGIN,  ‣ Gross Profit Margin %,20,2,%,0.2653297553
2019-Q1,RT_PRT_EBIT_MARGIN,  ‣ EBIT Margin %,21,2,%,0.0
2019-Q1,RT_PRT_PRE_TAX_MARGIN,  ‣ Pre Tax Profit Margin %,22,2,%,0.2348825199
2019-Q1,RT_PRT_NET_MARGIN,  ‣ Net Profit Margin %,23,2,%,0.1876805923
2019-Q1,RT_EFF_ATR,  ‣ Asset Turnover,24,2,vòng,0.0
2019-Q1,RT_EFF_FATR,  ‣ Fixed Asset Turnover,25,2,vòng,0.0
2019-Q1,RT_EFF_DSO,  ‣ Days Sales Outstanding,26,2,ngày,0.0
2019-Q1,RT_EFF_DIO,  ‣ Days Inventory Outstanding,27,2,ngày,0.0
2019-Q1,RT_EFF_DPO,  ‣ Days Payable Outstanding,28,2,ngày,0.0
2019-Q1,RT_EFF_CASH_CYCLE,  ‣ Cash Conversion Cycle,29,2,ngày,0.0
2019-Q1,RT_CAT_LIQUIDITY_SAFETY,Liquidity & Financial Safety,30,1,,
2019-Q1,RT_LQD_CR,  ‣ Current Ratio,31,2,lần,0.0
2019-Q1,RT_LQD_QR,  ‣ Quick Ratio,32,2,lần,0.0
2019-Q1,RT_LQD_CASH_RATIO,  ‣ Cash Ratio,33,2,lần,0.0
2019-Q1,RT_ASSETS_CURRENT_DEPOSITS,  ‣ Current Deposits,34,2,tỷ VNĐ,
2019-Q1,RT_ASSETS_DEPOSITS_SPECIAL,  ‣ Special Purpose Deposits,35,2,tỷ VNĐ,
2019-Q1,RT_ASSETS_DEPOSITS_CUSTOMERS,  ‣ Customer Deposits,36,2,tỷ VNĐ,
2019-Q1,RT_ASSETS_MARGIN_DEPOSITS,  ‣ Margin Deposits,37,2,tỷ VNĐ,
2019-Q1,RT_CAT_FINANCIAL_LEVERAGE,Financial Leverage,38,1,,
2019-Q1,RT_LEV_DE,  ‣ Debt to Equity Ratio,39,2,lần,10.4758169403
2019-Q1,RT_LEV_LOAN_EQUITY,  ‣ Loans to Equity Ratio,40,2,lần,0.0
2019-Q1,RT_LEV_DA,  ‣ Debt to Assets Ratio,41,2,lần,
2019-Q1,RT_LEV_FINANCIAL_LEVERAGE,  ‣ Financial Leverage,42,2,lần,0.0
2019-Q1,RT_LEV_EQUITY_TO_LIABILITIES,  ‣ Equity to Liabilities Ratio,43,2,lần,0.0954579491
2019-Q1,RT_LEV_EQUITY_TO_ASSETS,  ‣ Equity to Assets Ratio,44,2,lần,0.0871397658
2019-Q1,RT_CAT_BANKING_SPECIFICS,Banking Specifics,45,1,,
2019-Q1,RT_BANK_NIM,  ‣ Net Interest Margin (NIM),46,2,%,0.0278056433
2019-Q1,RT_BANK_YIEA,  ‣ Yield on Earning Assets (YIEA),47,2,%,0.0899929799
2019-Q1,RT_BANK_COF,  ‣ Cost of Funds (COF),48,2,%,0.0
2019-Q1,RT_BANK_NOII,  ‣ Non Interest Income,49,2,tỷ VNĐ,0.0654516214
2019-Q1,RT_BANK_CIR,  ‣ Cost to Income Ratio (CIR),50,2,%,-0.7364538074
2019-Q1,RT_BANK_LOAN_GROWTH,  ‣ Loan Growth,51,2,%,0.0132066734
2019-Q1,RT_BANK_DEPOSIT_GROWTH,  ‣ Deposit Growth,52,2,%,0.0210932921
2019-Q1,RT_BANK_LDR,  ‣ Loan to Deposit Ratio (LDR),53,2,%,1.0013080854
2019-Q1,RT_BANK_NPL,  ‣ Non Performing Loans Ratio (NPL),54,2,%,0.0099805363
2019-Q1,RT_BANK_NPL_COVERAGE,  ‣ NPL Coverage Ratio,55,2,%,-0.8674902946
2019-Q1,RT_BANK_PROVISION_TO_LOANS,  ‣ Provision to Loans Ratio,56,2,%,-0.0013478298
2019-Q1,RT_BANK_CAR,  ‣ Capital Adequacy Ratio (CAR),57,2,%,0.0
2019-Q1,RT_BANK_CASA,  ‣ CASA Ratio,58,2,%,0.0424478587
2019-Q1,RT_BANK_EQUITY_TO_LOANS,  ‣ Equity to Loans Ratio,59,2,%,0.1276346001
2019-Q1,RT_BANK_LLR_TO_LOANS,  ‣ Loan Loss Reserve to Loans Ratio,60,2,%,0.0086580184
2018-Q4,RT_CAT_INFO_VALUATION,Valuation & Company Information,1,1,,
2018-Q4,RT_VALUE_PE,  ‣ P/E Ratio,2,2,lần,14.9362197431
2018-Q4,RT_VALUE_PB,  ‣ P/B Ratio,3,2,lần,0.9127335588
2018-Q4,RT_VALUE_PS,  ‣ P/S Ratio,4,2,lần,2.7248754677
2018-Q4,RT_VALUE_P_CF,  ‣ P/CF Ratio,5,2,lần,3.6303753278
2018-Q4,RT_VALUE_EV_EBITDA,  ‣ EV/EBITDA,6,2,lần,0.0
2018-Q4,RT_VALUE_DIVIDEND_YIELD,  ‣ Dividend Yield,7,2,%,0.0
2018-Q4,RT_VALUE_MARKET_CAP,  ‣ Market Capitalization,8,2,tỷ VNĐ,3422885017200.0
2018-Q4,RT_VALUE_EPS,  ‣ Basic EPS,9,2,VNĐ,
2018-Q4,RT_VALUE_BETA,  ‣ Beta,10,2,lần,
2018-Q4,RT_VALUE_BVPS,  ‣ Book Value Per Share,11,2,VNĐ,
2018-Q4,RT_VALUE_EBIT,  ‣ EBIT,12,2,tỷ VNĐ,0.0
2018-Q4,RT_VALUE_EBITDA,  ‣ EBITDA,13,2,tỷ VNĐ,0.0
2018-Q4,RT_VALUE_EQUITY,  ‣ Owner's Equity,14,2,tỷ VNĐ,0.0
2018-Q4,RT_VALUE_OUTSTANDING_SHARES,  ‣ Outstanding Shares,15,2,cổ phiếu,319895796.0
2018-Q4,RT_CAT_PROFITABILITY,Profitability & Efficiency,16,1,,
2018-Q4,RT_PRT_ROE,  ‣ ROE %,17,2,%,0.0635160586
2018-Q4,RT_PRT_ROA,  ‣ ROA %,18,2,%,0.0058236785
2018-Q4,RT_PRT_ROIC,  ‣ ROIC %,19,2,%,0.0
2018-Q4,RT_PRT_GROSS_MARGIN,  ‣ Gross Profit Margin %,20,2,%,0.2608946935
2018-Q4,RT_PRT_EBIT_MARGIN,  ‣ EBIT Margin %,21,2,%,0.0
2018-Q4,RT_PRT_PRE_TAX_MARGIN,  ‣ Pre Tax Profit Margin %,22,2,%,0.2309272212
2018-Q4,RT_PRT_NET_MARGIN,  ‣ Net Profit Margin %,23,2,%,0.18460119
2018-Q4,RT_EFF_ATR,  ‣ Asset Turnover,24,2,vòng,0.0
2018-Q4,RT_EFF_FATR,  ‣ Fixed Asset Turnover,25,2,vòng,0.0
2018-Q4,RT_EFF_DSO,  ‣ Days Sales Outstanding,26,2,ngày,0.0
2018-Q4,RT_EFF_DIO,  ‣ Days Inventory Outstanding,27,2,ngày,0.0
2018-Q4,RT_EFF_DPO,  ‣ Days Payable Outstanding,28,2,ngày,0.0
2018-Q4,RT_EFF_CASH_CYCLE,  ‣ Cash Conversion Cycle,29,2,ngày,0.0
2018-Q4,RT_CAT_LIQUIDITY_SAFETY,Liquidity & Financial Safety,30,1,,
2018-Q4,RT_LQD_CR,  ‣ Current Ratio,31,2,lần,0.0
2018-Q4,RT_LQD_QR,  ‣ Quick Ratio,32,2,lần,0.0
2018-Q4,RT_LQD_CASH_RATIO,  ‣ Cash Ratio,33,2,lần,0.0
2018-Q4,RT_ASSETS_CURRENT_DEPOSITS,  ‣ Current Deposits,34,2,tỷ VNĐ,
2018-Q4,RT_ASSETS_DEPOSITS_SPECIAL,  ‣ Special Purpose Deposits,35,2,tỷ VNĐ,
2018-Q4,RT_ASSETS_DEPOSITS_CUSTOMERS,  ‣ Customer Deposits,36,2,tỷ VNĐ,
2018-Q4,RT_ASSETS_MARGIN_DEPOSITS,  ‣ Margin Deposits,37,2,tỷ VNĐ,
2018-Q4,RT_CAT_FINANCIAL_LEVERAGE,Financial Leverage,38,1,,
2018-Q4,RT_LEV_DE,  ‣ Debt to Equity Ratio,39,2,lần,10.2821718722
2018-Q4,RT_LEV_LOAN_EQUITY,  ‣ Loans to Equity Ratio,40,2,lần,0.0
2018-Q4,RT_LEV_DA,  ‣ Debt to Assets Ratio,41,2,lần,
2018-Q4,RT_LEV_FINANCIAL_LEVERAGE,  ‣ Financial Leverage,42,2,lần,0.0
2018-Q4,RT_LEV_EQUITY_TO_LIABILITIES,  ‣ Equity to Liabilities Ratio,43,2,lần,0.0972557172
2018-Q4,RT_LEV_EQUITY_TO_ASSETS,  ‣ Equity to Assets Ratio,44,2,lần,0.0886354162
2018-Q4,RT_CAT_BANKING_SPECIFICS,Banking Specifics,45,1,,
2018-Q4,RT_BANK_NIM,  ‣ Net Interest Margin (NIM),46,2,%,0.0272918906
2018-Q4,RT_BANK_YIEA,  ‣ Yield on Earning Assets (YIEA),47,2,%,0.0887911763
2018-Q4,RT_BANK_COF,  ‣ Cost of Funds (COF),48,2,%,-0.0614806651
2018-Q4,RT_BANK_NOII,  ‣ Non Interest Income,49,2,tỷ VNĐ,0.2877991037
2018-Q4,RT_BANK_CIR,  ‣ Cost to Income Ratio (CIR),50,2,%,-0.7391053065
2018-Q4,RT_BANK_LOAN_GROWTH,  ‣ Loan Growth,51,2,%,0.1938988644
2018-Q4,RT_BANK_DEPOSIT_GROWTH,  ‣ Deposit Growth,52,2,%,0.1179736009
2018-Q4,RT_BANK_LDR,  ‣ Loan to Deposit Ratio (LDR),53,2,%,1.0091020876
2018-Q4,RT_BANK_NPL,  ‣ Non Performing Loans Ratio (NPL),54,2,%,0.0094231154
2018-Q4,RT_BANK_NPL_COVERAGE,  ‣ NPL Coverage Ratio,55,2,%,-0.9189969681
2018-Q4,RT_BANK_PROVISION_TO_LOANS,  ‣ Provision to Loans Ratio,56,2,%,-0.0013901676
2018-Q4,RT_BANK_CAR,  ‣ Capital Adequacy Ratio (CAR),57,2,%,0.0
2018-Q4,RT_BANK_CASA,  ‣ CASA Ratio,58,2,%,0.0317524144
2018-Q4,RT_BANK_EQUITY_TO_LOANS,  ‣ Equity to Loans Ratio,59,2,%,0.1272444274
2018-Q4,RT_BANK_LLR_TO_LOANS,  ‣ Loan Loss Reserve to Loans Ratio,60,2,%,0.0086598145
2018-Q3,RT_CAT_INFO_VALUATION,Valuation & Company Information,1,1,,
2018-Q3,RT_VALUE_PE,  ‣ P/E Ratio,2,2,lần,14.8236523195
2018-Q3,RT_VALUE_PB,  ‣ P/B Ratio,3,2,lần,0.9299756605
2018-Q3,RT_VALUE_PS,  ‣ P/S Ratio,4,2,lần,2.8932796054
2018-Q3,RT_VALUE_P_CF,  ‣ P/CF Ratio,5,2,lần,1.229820637
2018-Q3,RT_VALUE_EV_EBITDA,  ‣ EV/EBITDA,6,2,lần,0.0
2018-Q3,RT_VALUE_DIVIDEND_YIELD,  ‣ Dividend Yield,7,2,%,0.0
2018-Q3,RT_VALUE_MARKET_CAP,  ‣ Market Capitalization,8,2,tỷ VNĐ,3438879807000.0
2018-Q3,RT_VALUE_EPS,  ‣ Basic EPS,9,2,VNĐ,
2018-Q3,RT_VALUE_BETA,  ‣ Beta,10,2,lần,
2018-Q3,RT_VALUE_BVPS,  ‣ Book Value Per Share,11,2,VNĐ,
2018-Q3,RT_VALUE_EBIT,  ‣ EBIT,12,2,tỷ VNĐ,0.0
2018-Q3,RT_VALUE_EBITDA,  ‣ EBITDA,13,2,tỷ VNĐ,0.0
2018-Q3,RT_VALUE_EQUITY,  ‣ Owner's Equity,14,2,tỷ VNĐ,0.0
2018-Q3,RT_VALUE_OUTSTANDING_SHARES,  ‣ Outstanding Shares,15,2,cổ phiếu,319895796.0
2018-Q3,RT_CAT_PROFITABILITY,Profitability & Efficiency,16,1,,
2018-Q3,RT_PRT_ROE,  ‣ ROE %,17,2,%,0.0639760627
2018-Q3,RT_PRT_ROA,  ‣ ROA %,18,2,%,0.0059699559
2018-Q3,RT_PRT_ROIC,  ‣ ROIC %,19,2,%,0.0
2018-Q3,RT_PRT_GROSS_MARGIN,  ‣ Gross Profit Margin %,20,2,%,0.2738918453
2018-Q3,RT_PRT_EBIT_MARGIN,  ‣ EBIT Margin %,21,2,%,0.0
2018-Q3,RT_PRT_PRE_TAX_MARGIN,  ‣ Pre Tax Profit Margin %,22,2,%,0.2443177755
2018-Q3,RT_PRT_NET_MARGIN,  ‣ Net Profit Margin %,23,2,%,0.1951799424
2018-Q3,RT_EFF_ATR,  ‣ Asset Turnover,24,2,vòng,0.0
2018-Q3,RT_EFF_FATR,  ‣ Fixed Asset Turnover,25,2,vòng,0.0
2018-Q3,RT_EFF_DSO,  ‣ Days Sales Outstanding,26,2,ngày,0.0
2018-Q3,RT_EFF_DIO,  ‣ Days Inventory Outstanding,27,2,ngày,0.0
2018-Q3,RT_EFF_DPO,  ‣ Days Payable Outstanding,28,2,ngày,0.0
2018-Q3,RT_EFF_CASH_CYCLE,  ‣ Cash Conversion Cycle,29,2,ngày,0.0
2018-Q3,RT_CAT_LIQUIDITY_SAFETY,Liquidity & Financial Safety,30,1,,
2018-Q3,RT_LQD_CR,  ‣ Current Ratio,31,2,lần,0.0
2018-Q3,RT_LQD_QR,  ‣ Quick Ratio,32,2,lần,0.0
2018-Q3,RT_LQD_CASH_RATIO,  ‣ Cash Ratio,33,2,lần,0.0
2018-Q3,RT_ASSETS_CURRENT_DEPOSITS,  ‣ Current Deposits,34,2,tỷ VNĐ,
2018-Q3,RT_ASSETS_DEPOSITS_SPECIAL,  ‣ Special Purpose Deposits,35,2,tỷ VNĐ,
2018-Q3,RT_ASSETS_DEPOSITS_CUSTOMERS,  ‣ Customer Deposits,36,2,tỷ VNĐ,
2018-Q3,RT_ASSETS_MARGIN_DEPOSITS,  ‣ Margin Deposits,37,2,tỷ VNĐ,
2018-Q3,RT_CAT_FINANCIAL_LEVERAGE,Financial Leverage,38,1,,
2018-Q3,RT_LEV_DE,  ‣ Debt to Equity Ratio,39,2,lần,9.6691196455
2018-Q3,RT_LEV_LOAN_EQUITY,  ‣ Loans to Equity Ratio,40,2,lần,0.0
2018-Q3,RT_LEV_DA,  ‣ Debt to Assets Ratio,41,2,lần,
2018-Q3,RT_LEV_FINANCIAL_LEVERAGE,  ‣ Financial Leverage,42,2,lần,0.0
2018-Q3,RT_LEV_EQUITY_TO_LIABILITIES,  ‣ Equity to Liabilities Ratio,43,2,lần,0.1034220319
2018-Q3,RT_LEV_EQUITY_TO_ASSETS,  ‣ Equity to Assets Ratio,44,2,lần,0.0937284456
2018-Q3,RT_CAT_BANKING_SPECIFICS,Banking Specifics,45,1,,
2018-Q3,RT_BANK_NIM,  ‣ Net Interest Margin (NIM),46,2,%,0.0288001118
2018-Q3,RT_BANK_YIEA,  ‣ Yield on Earning Assets (YIEA),47,2,%,0.0890846469
2018-Q3,RT_BANK_COF,  ‣ Cost of Funds (COF),48,2,%,0.0
2018-Q3,RT_BANK_NOII,  ‣ Non Interest Income,49,2,tỷ VNĐ,0.2390466339
2018-Q3,RT_BANK_CIR,  ‣ Cost to Income Ratio (CIR),50,2,%,-0.7511878282
2018-Q3,RT_BANK_LOAN_GROWTH,  ‣ Loan Growth,51,2,%,0.0023293254
2018-Q3,RT_BANK_DEPOSIT_GROWTH,  ‣ Deposit Growth,52,2,%,-0.009526802
2018-Q3,RT_BANK_LDR,  ‣ Loan to Deposit Ratio (LDR),53,2,%,0.9903963099
2018-Q3,RT_BANK_NPL,  ‣ Non Performing Loans Ratio (NPL),54,2,%,0.0101503079
2018-Q3,RT_BANK_NPL_COVERAGE,  ‣ NPL Coverage Ratio,55,2,%,-0.8911421073
2018-Q3,RT_BANK_PROVISION_TO_LOANS,  ‣ Provision to Loans Ratio,56,2,%,-0.0013287341
2018-Q3,RT_BANK_CAR,  ‣ Capital Adequacy Ratio (CAR),57,2,%,0.0
2018-Q3,RT_BANK_CASA,  ‣ CASA Ratio,58,2,%,0.0256926592
2018-Q3,RT_BANK_EQUITY_TO_LOANS,  ‣ Equity to Loans Ratio,59,2,%,0.1349318083
2018-Q3,RT_BANK_LLR_TO_LOANS,  ‣ Loan Loss Reserve to Loans Ratio,60,2,%,0.0090453668
2018-Q2,RT_CAT_INFO_VALUATION,Valuation & Company Information,1,1,,
2018-Q2,RT_VALUE_PE,  ‣ P/E Ratio,2,2,lần,15.1490425193
2018-Q2,RT_VALUE_PB,  ‣ P/B Ratio,3,2,lần,0.8967096249
2018-Q2,RT_VALUE_PS,  ‣ P/S Ratio,4,2,lần,2.8225025338
2018-Q2,RT_VALUE_P_CF,  ‣ P/CF Ratio,5,2,lần,1.4853346525
2018-Q2,RT_VALUE_EV_EBITDA,  ‣ EV/EBITDA,6,2,lần,0.0
2018-Q2,RT_VALUE_DIVIDEND_YIELD,  ‣ Dividend Yield,7,2,%,0.0
2018-Q2,RT_VALUE_MARKET_CAP,  ‣ Market Capitalization,8,2,tỷ VNĐ,3262937119200.0
2018-Q2,RT_VALUE_EPS,  ‣ Basic EPS,9,2,VNĐ,
2018-Q2,RT_VALUE_BETA,  ‣ Beta,10,2,lần,
2018-Q2,RT_VALUE_BVPS,  ‣ Book Value Per Share,11,2,VNĐ,
2018-Q2,RT_VALUE_EBIT,  ‣ EBIT,12,2,tỷ VNĐ,0.0
2018-Q2,RT_VALUE_EBITDA,  ‣ EBITDA,13,2,tỷ VNĐ,0.0
2018-Q2,RT_VALUE_EQUITY,  ‣ Owner's Equity,14,2,tỷ VNĐ,0.0
2018-Q2,RT_VALUE_OUTSTANDING_SHARES,  ‣ Outstanding Shares,15,2,cổ phiếu,319895796.0
2018-Q2,RT_CAT_PROFITABILITY,Profitability & Efficiency,16,1,,
2018-Q2,RT_PRT_ROE,  ‣ ROE %,17,2,%,0.0602066067
2018-Q2,RT_PRT_ROA,  ‣ ROA %,18,2,%,0.0057288027
2018-Q2,RT_PRT_ROIC,  ‣ ROIC %,19,2,%,0.0
2018-Q2,RT_PRT_GROSS_MARGIN,  ‣ Gross Profit Margin %,20,2,%,0.2806528125
2018-Q2,RT_PRT_EBIT_MARGIN,  ‣ EBIT Margin %,21,2,%,0.0
2018-Q2,RT_PRT_PRE_TAX_MARGIN,  ‣ Pre Tax Profit Margin %,22,2,%,0.2335274436
2018-Q2,RT_PRT_NET_MARGIN,  ‣ Net Profit Margin %,23,2,%,0.1863155728
2018-Q2,RT_EFF_ATR,  ‣ Asset Turnover,24,2,vòng,0.0
2018-Q2,RT_EFF_FATR,  ‣ Fixed Asset Turnover,25,2,vòng,0.0
2018-Q2,RT_EFF_DSO,  ‣ Days Sales Outstanding,26,2,ngày,0.0
2018-Q2,RT_EFF_DIO,  ‣ Days Inventory Outstanding,27,2,ngày,0.0
2018-Q2,RT_EFF_DPO,  ‣ Days Payable Outstanding,28,2,ngày,0.0
2018-Q2,RT_EFF_CASH_CYCLE,  ‣ Cash Conversion Cycle,29,2,ngày,0.0
2018-Q2,RT_CAT_LIQUIDITY_SAFETY,Liquidity & Financial Safety,30,1,,
2018-Q2,RT_LQD_CR,  ‣ Current Ratio,31,2,lần,0.0
2018-Q2,RT_LQD_QR,  ‣ Quick Ratio,32,2,lần,0.0
2018-Q2,RT_LQD_CASH_RATIO,  ‣ Cash Ratio,33,2,lần,0.0
2018-Q2,RT_ASSETS_CURRENT_DEPOSITS,  ‣ Current Deposits,34,2,tỷ VNĐ,
2018-Q2,RT_ASSETS_DEPOSITS_SPECIAL,  ‣ Special Purpose Deposits,35,2,tỷ VNĐ,
2018-Q2,RT_ASSETS_DEPOSITS_CUSTOMERS,  ‣ Customer Deposits,36,2,tỷ VNĐ,
2018-Q2,RT_ASSETS_MARGIN_DEPOSITS,  ‣ Margin Deposits,37,2,tỷ VNĐ,
2018-Q2,RT_CAT_FINANCIAL_LEVERAGE,Financial Leverage,38,1,,
2018-Q2,RT_LEV_DE,  ‣ Debt to Equity Ratio,39,2,lần,9.7872292128
2018-Q2,RT_LEV_LOAN_EQUITY,  ‣ Loans to Equity Ratio,40,2,lần,0.0
2018-Q2,RT_LEV_DA,  ‣ Debt to Assets Ratio,41,2,lần,
2018-Q2,RT_LEV_FINANCIAL_LEVERAGE,  ‣ Financial Leverage,42,2,lần,0.0
2018-Q2,RT_LEV_EQUITY_TO_LIABILITIES,  ‣ Equity to Liabilities Ratio,43,2,lần,0.1021739635
2018-Q2,RT_LEV_EQUITY_TO_ASSETS,  ‣ Equity to Assets Ratio,44,2,lần,0.0927022111
2018-Q2,RT_CAT_BANKING_SPECIFICS,Banking Specifics,45,1,,
2018-Q2,RT_BANK_NIM,  ‣ Net Interest Margin (NIM),46,2,%,0.0301930891
2018-Q2,RT_BANK_YIEA,  ‣ Yield on Earning Assets (YIEA),47,2,%,0.0903803268
2018-Q2,RT_BANK_COF,  ‣ Cost of Funds (COF),48,2,%,0.0
2018-Q2,RT_BANK_NOII,  ‣ Non Interest Income,49,2,tỷ VNĐ,0.2005088217
2018-Q2,RT_BANK_CIR,  ‣ Cost to Income Ratio (CIR),50,2,%,-0.6884687075
2018-Q2,RT_BANK_LOAN_GROWTH,  ‣ Loan Growth,51,2,%,0.0362071128
2018-Q2,RT_BANK_DEPOSIT_GROWTH,  ‣ Deposit Growth,52,2,%,0.0164531168
2018-Q2,RT_BANK_LDR,  ‣ Loan to Deposit Ratio (LDR),53,2,%,0.9786813331
2018-Q2,RT_BANK_NPL,  ‣ Non Performing Loans Ratio (NPL),54,2,%,0.0088860505
2018-Q2,RT_BANK_NPL_COVERAGE,  ‣ NPL Coverage Ratio,55,2,%,-0.9828323531
2018-Q2,RT_BANK_PROVISION_TO_LOANS,  ‣ Provision to Loans Ratio,56,2,%,-0.0021363497
2018-Q2,RT_BANK_CAR,  ‣ Capital Adequacy Ratio (CAR),57,2,%,0.0
2018-Q2,RT_BANK_CASA,  ‣ CASA Ratio,58,2,%,0.0303267298
2018-Q2,RT_BANK_EQUITY_TO_LOANS,  ‣ Equity to Loans Ratio,59,2,%,0.133087184
2018-Q2,RT_BANK_LLR_TO_LOANS,  ‣ Loan Loss Reserve to Loans Ratio,60,2,%,0.008733498
2018-Q1,RT_CAT_INFO_VALUATION,Valuation & Company Information,1,1,,
2018-Q1,RT_VALUE_PE,  ‣ P/E Ratio,2,2,lần,15.8113362782
2018-Q1,RT_VALUE_PB,  ‣ P/B Ratio,3,2,lần,0.905692485
2018-Q1,RT_VALUE_PS,  ‣ P/S Ratio,4,2,lần,2.7518519245
2018-Q1,RT_VALUE_P_CF,  ‣ P/CF Ratio,5,2,lần,0.8457948651
2018-Q1,RT_VALUE_EV_EBITDA,  ‣ EV/EBITDA,6,2,lần,0.0
2018-Q1,RT_VALUE_DIVIDEND_YIELD,  ‣ Dividend Yield,7,2,%,0.0
2018-Q1,RT_VALUE_MARKET_CAP,  ‣ Market Capitalization,8,2,tỷ VNĐ,3228580000000.0
2018-Q1,RT_VALUE_EPS,  ‣ Basic EPS,9,2,VNĐ,
2018-Q1,RT_VALUE_BETA,  ‣ Beta,10,2,lần,
2018-Q1,RT_VALUE_BVPS,  ‣ Book Value Per Share,11,2,VNĐ,
2018-Q1,RT_VALUE_EBIT,  ‣ EBIT,12,2,tỷ VNĐ,0.0
2018-Q1,RT_VALUE_EBITDA,  ‣ EBITDA,13,2,tỷ VNĐ,0.0
2018-Q1,RT_VALUE_EQUITY,  ‣ Owner's Equity,14,2,tỷ VNĐ,0.0
2018-Q1,RT_VALUE_OUTSTANDING_SHARES,  ‣ Outstanding Shares,15,2,cổ phiếu,296200000.0
2018-Q1,RT_CAT_PROFITABILITY,Profitability & Efficiency,16,1,,
2018-Q1,RT_PRT_ROE,  ‣ ROE %,17,2,%,0.0578163766
2018-Q1,RT_PRT_ROA,  ‣ ROA %,18,2,%,0.0056085841
2018-Q1,RT_PRT_ROIC,  ‣ ROIC %,19,2,%,0.0
2018-Q1,RT_PRT_GROSS_MARGIN,  ‣ Gross Profit Margin %,20,2,%,0.2709132581
2018-Q1,RT_PRT_EBIT_MARGIN,  ‣ EBIT Margin %,21,2,%,0.0
2018-Q1,RT_PRT_PRE_TAX_MARGIN,  ‣ Pre Tax Profit Margin %,22,2,%,0.2185701294
2018-Q1,RT_PRT_NET_MARGIN,  ‣ Net Profit Margin %,23,2,%,0.1740429699
2018-Q1,RT_EFF_ATR,  ‣ Asset Turnover,24,2,vòng,0.0
2018-Q1,RT_EFF_FATR,  ‣ Fixed Asset Turnover,25,2,vòng,0.0
2018-Q1,RT_EFF_DSO,  ‣ Days Sales Outstanding,26,2,ngày,0.0
2018-Q1,RT_EFF_DIO,  ‣ Days Inventory Outstanding,27,2,ngày,0.0
2018-Q1,RT_EFF_DPO,  ‣ Days Payable Outstanding,28,2,ngày,0.0
2018-Q1,RT_EFF_CASH_CYCLE,  ‣ Cash Conversion Cycle,29,2,ngày,0.0
2018-Q1,RT_CAT_LIQUIDITY_SAFETY,Liquidity & Financial Safety,30,1,,
2018-Q1,RT_LQD_CR,  ‣ Current Ratio,31,2,lần,0.0
2018-Q1,RT_LQD_QR,  ‣ Quick Ratio,32,2,lần,0.0
2018-Q1,RT_LQD_CASH_RATIO,  ‣ Cash Ratio,33,2,lần,0.0
2018-Q1,RT_ASSETS_CURRENT_DEPOSITS,  ‣ Current Deposits,34,2,tỷ VNĐ,
2018-Q1,RT_ASSETS_DEPOSITS_SPECIAL,  ‣ Special Purpose Deposits,35,2,tỷ VNĐ,
2018-Q1,RT_ASSETS_DEPOSITS_CUSTOMERS,  ‣ Customer Deposits,36,2,tỷ VNĐ,
2018-Q1,RT_ASSETS_MARGIN_DEPOSITS,  ‣ Margin Deposits,37,2,tỷ VNĐ,
2018-Q1,RT_CAT_FINANCIAL_LEVERAGE,Financial Leverage,38,1,,
2018-Q1,RT_LEV_DE,  ‣ Debt to Equity Ratio,39,2,lần,9.9113379682
2018-Q1,RT_LEV_LOAN_EQUITY,  ‣ Loans to Equity Ratio,40,2,lần,0.0
2018-Q1,RT_LEV_DA,  ‣ Debt to Assets Ratio,41,2,lần,
2018-Q1,RT_LEV_FINANCIAL_LEVERAGE,  ‣ Financial Leverage,42,2,lần,0.0
2018-Q1,RT_LEV_EQUITY_TO_LIABILITIES,  ‣ Equity to Liabilities Ratio,43,2,lần,0.1008945516
2018-Q1,RT_LEV_EQUITY_TO_ASSETS,  ‣ Equity to Assets Ratio,44,2,lần,0.091647789
2018-Q1,RT_CAT_BANKING_SPECIFICS,Banking Specifics,45,1,,
2018-Q1,RT_BANK_NIM,  ‣ Net Interest Margin (NIM),46,2,%,0.032198124
2018-Q1,RT_BANK_YIEA,  ‣ Yield on Earning Assets (YIEA),47,2,%,0.0926531034
2018-Q1,RT_BANK_COF,  ‣ Cost of Funds (COF),48,2,%,0.0
2018-Q1,RT_BANK_NOII,  ‣ Non Interest Income,49,2,tỷ VNĐ,0.2884143912
2018-Q1,RT_BANK_CIR,  ‣ Cost to Income Ratio (CIR),50,2,%,-0.7295552863
2018-Q1,RT_BANK_LOAN_GROWTH,  ‣ Loan Growth,51,2,%,0.0688876759
2018-Q1,RT_BANK_DEPOSIT_GROWTH,  ‣ Deposit Growth,52,2,%,0.0520808855
2018-Q1,RT_BANK_LDR,  ‣ Loan to Deposit Ratio (LDR),53,2,%,0.9600239944
2018-Q1,RT_BANK_NPL,  ‣ Non Performing Loans Ratio (NPL),54,2,%,0.0088668129
2018-Q1,RT_BANK_NPL_COVERAGE,  ‣ NPL Coverage Ratio,55,2,%,-0.9398444178
2018-Q1,RT_BANK_PROVISION_TO_LOANS,  ‣ Provision to Loans Ratio,56,2,%,-0.0025180891
2018-Q1,RT_BANK_CAR,  ‣ Capital Adequacy Ratio (CAR),57,2,%,0.0
2018-Q1,RT_BANK_CASA,  ‣ CASA Ratio,58,2,%,0.0470985705
2018-Q1,RT_BANK_EQUITY_TO_LOANS,  ‣ Equity to Loans Ratio,59,2,%,0.1368336526
2018-Q1,RT_BANK_LLR_TO_LOANS,  ‣ Loan Loss Reserve to Loans Ratio,60,2,%,0.0083334246
