period,id,name,order,level,off_balance,unit,value
2026-Q2,BS_TOTAL_ASSETS,Total Assets,1,1,False,VNĐ,615502468000000.0
2026-Q2,BS_CASH_AND_PRECIOUS_METALS,Cash and Precious Metals,2,1,False,VNĐ,1723756000000.0
2026-Q2,BS_BALANCES_WITH_SBV,Balances With SBV,3,1,False,VNĐ,6738497000000.0
2026-Q2,BS_PLACEMENTS_AND_LOANS_TO_CREDIT_INSTITUTIONS,Placements and Loans to Credit Institutions,4,1,False,VNĐ,112143781000000.0
2026-Q2,BS_PLACEMENTS_WITH_CREDIT_INSTITUTIONS,  ‣ Placements With Credit Institutions,5,2,False,VNĐ,103200981000000.0
2026-Q2,BS_LOANS_TO_CREDIT_INSTITUTIONS,  ‣ Loans to Credit Institutions,6,2,False,VNĐ,8999777000000.0
2026-Q2,BS_PROVISION_CREDIT_INSTITUTIONS,  ‣ Provision Credit Institutions,7,2,False,VNĐ,-56977000000.0
2026-Q2,BS_TRADING_SECURITIES,Trading Securities,8,1,False,VNĐ,763400000000.0
2026-Q2,BS_TRADING_SECURITIES_GROSS,  ‣ Trading Securities Gross,9,2,False,VNĐ,763400000000.0
2026-Q2,BS_PROVISION_TRADING_SECURITIES,  ‣ Provision Trading Securities,10,2,False,VNĐ,0.0
2026-Q2,BS_DERIVATIVES_AND_OTHER_FINANCIAL_ASSETS,Derivatives and Other Financial Assets,11,1,False,VNĐ,101742000000.0
2026-Q2,BS_LOANS_TO_CUSTOMERS,Loans to Customers,12,1,False,VNĐ,424148666000000.0
2026-Q2,BS_LOANS_TO_CUSTOMERS_GROSS,  ‣ Loans to Customers Gross,13,2,False,VNĐ,429464738000000.0
2026-Q2,BS_PROVISION_LOANS_TO_CUSTOMERS,  ‣ Provision Loans to Customers,14,2,False,VNĐ,-5316072000000.0
2026-Q2,BS_DEBT_PURCHASES,Debt Purchases,15,1,False,VNĐ,0.0
2026-Q2,BS_DEBT_PURCHASES_GROSS,  ‣ Debt Purchases Gross,16,2,False,VNĐ,0.0
2026-Q2,BS_PROVISION_DEBT_PURCHASES,  ‣ Provision Debt Purchases,17,2,False,VNĐ,0.0
2026-Q2,BS_INVESTMENT_SECURITIES,Investment Securities,18,1,False,VNĐ,57995921000000.0
2026-Q2,BS_AVAILABLE_FOR_SALE_SECURITIES,  ‣ Available for Sale Securities,19,2,False,VNĐ,57995921000000.0
2026-Q2,BS_HELD_TO_MATURITY_SECURITIES,  ‣ Held to Maturity Securities,20,2,False,VNĐ,0.0
2026-Q2,BS_PROVISION_INVESTMENT_SECURITIES,  ‣ Provision Investment Securities,21,2,False,VNĐ,0.0
2026-Q2,BS_LONG_TERM_INVESTMENTS,Long Term Investments,22,1,False,VNĐ,436800000000.0
2026-Q2,BS_INVESTMENTS_IN_JOINT_VENTURES,  ‣ Investments in Joint Ventures,23,2,False,VNĐ,0.0
2026-Q2,BS_CAPITAL_CONTRIBUTION_JOINT_VENTURES,  ‣ Capital Contribution Joint Ventures,24,2,False,VNĐ,0.0
2026-Q2,BS_INVESTMENTS_IN_ASSOCIATES,  ‣ Investments in Associates,25,2,False,VNĐ,0.0
2026-Q2,BS_OTHER_LONG_TERM_INVESTMENTS,  ‣ Other Long Term Investments,26,2,False,VNĐ,436800000000.0
2026-Q2,BS_PROVISION_LONG_TERM_INVESTMENTS,  ‣ Provision Long Term Investments,27,2,False,VNĐ,0.0
2026-Q2,BS_FIXED_ASSETS,Fixed Assets,28,1,False,VNĐ,3277378000000.0
2026-Q2,BS_TANGIBLE_FIXED_ASSETS,  ‣ Tangible Fixed Assets,29,2,False,VNĐ,1929848000000.0
2026-Q2,BS_TANGIBLE_FIXED_ASSETS_COST,    • Tangible Fixed Assets Cost,30,3,False,VNĐ,3954115000000.0
2026-Q2,BS_TANGIBLE_FIXED_ASSETS_ACCUMULATED_DEPRECIATION,    • Tangible Fixed Assets Accumulated Depreciation,31,3,False,VNĐ,-2024267000000.0
2026-Q2,BS_FINANCE_LEASE_FIXED_ASSETS,  ‣ Finance Lease Fixed Assets,32,2,False,VNĐ,0.0
2026-Q2,BS_FINANCE_LEASE_FIXED_ASSETS_COST,    • Finance Lease Fixed Assets Cost,33,3,False,VNĐ,0.0
2026-Q2,BS_FINANCE_LEASE_FIXED_ASSETS_ACCUMULATED_DEPRECIATION,    • Finance Lease Fixed Assets Accumulated Depreciation,34,3,False,VNĐ,-0.0
2026-Q2,BS_INTANGIBLE_FIXED_ASSETS,  ‣ Intangible Fixed Assets,35,2,False,VNĐ,1347530000000.0
2026-Q2,BS_INTANGIBLE_FIXED_ASSETS_COST,    • Intangible Fixed Assets Cost,36,3,False,VNĐ,1667766000000.0
2026-Q2,BS_INTANGIBLE_FIXED_ASSETS_ACCUMULATED_DEPRECIATION,    • Intangible Fixed Assets Accumulated Depreciation,37,3,False,VNĐ,-320236000000.0
2026-Q2,BS_INVESTMENT_PROPERTIES,Investment Properties,38,1,False,VNĐ,0.0
2026-Q2,BS_INVESTMENT_PROPERTIES_COST,  ‣ Investment Properties Cost,39,2,False,VNĐ,0.0
2026-Q2,BS_INVESTMENT_PROPERTIES_ACCUMULATED_DEPRECIATION,  ‣ Investment Properties Accumulated Depreciation,40,2,False,VNĐ,-0.0
2026-Q2,BS_OTHER_ASSETS,Other Assets,41,1,False,VNĐ,8172527000000.0
2026-Q2,BS_RECEIVABLES,  ‣ Receivables,42,2,False,VNĐ,1114252000000.0
2026-Q2,BS_INTEREST_AND_FEE_RECEIVABLES,  ‣ Interest and Fee Receivables,43,2,False,VNĐ,4709966000000.0
2026-Q2,BS_DEFERRED_TAX_ASSETS,  ‣ Deferred Tax Assets,44,2,False,VNĐ,0.0
2026-Q2,BS_OTHER_ASSETS_DETAIL,  ‣ Other Assets Detail,45,2,False,VNĐ,2356160000000.0
2026-Q2,BS_GOODWILL,  ‣ Goodwill,46,2,False,VNĐ,
2026-Q2,BS_PROVISION_OTHER_ASSETS,  ‣ Provision Other Assets,47,2,False,VNĐ,-7851000000.0
2026-Q2,BS_TOTAL_LIABILITIES_AND_EQUITY,Total Liabilities and Equity,48,1,False,VNĐ,615502468000000.0
2026-Q2,BS_TOTAL_LIABILITIES,Total Liabilities,49,1,False,VNĐ,572471987000000.0
2026-Q2,BS_DUE_TO_GOVERNMENT_AND_SBV,  ‣ Due to Government and SBV,50,2,False,VNĐ,16750498000000.0
2026-Q2,BS_PLACEMENTS_AND_BORROWINGS_FROM_CREDIT_INSTITUTIONS,  ‣ Placements and Borrowings from Credit Institutions,51,2,False,VNĐ,112149446000000.0
2026-Q2,BS_PLACEMENTS_FROM_CREDIT_INSTITUTIONS,    • Placements from Credit Institutions,52,3,False,VNĐ,105252421000000.0
2026-Q2,BS_BORROWINGS_FROM_CREDIT_INSTITUTIONS,    • Borrowings from Credit Institutions,53,3,False,VNĐ,6897025000000.0
2026-Q2,BS_CUSTOMER_DEPOSITS,  ‣ Customer Deposits,54,2,False,VNĐ,353513314000000.0
2026-Q2,BS_DERIVATIVES_AND_OTHER_FINANCIAL_LIABILITIES,  ‣ Derivatives and Other Financial Liabilities,55,2,False,VNĐ,0.0
2026-Q2,BS_FUNDS_AND_ENTRUSTED_INVESTMENTS,  ‣ Funds and Entrusted Investments,56,2,False,VNĐ,0.0
2026-Q2,BS_VALUABLE_PAPERS_ISSUED,  ‣ Valuable Papers Issued,57,2,False,VNĐ,78967906000000.0
2026-Q2,BS_OTHER_LIABILITIES,  ‣ Other Liabilities,58,2,False,VNĐ,11090823000000.0
2026-Q2,BS_INTEREST_AND_FEE_PAYABLES,    • Interest and Fee Payables,59,3,False,VNĐ,9728645000000.0
2026-Q2,BS_DEFERRED_TAX_LIABILITIES,    • Deferred Tax Liabilities,60,3,False,VNĐ,
2026-Q2,BS_OTHER_PAYABLES_AND_LIABILITIES,    • Other Payables and Liabilities,61,3,False,VNĐ,1362178000000.0
2026-Q2,BS_OTHER_PROVISIONS,    • Other Provisions,62,3,False,VNĐ,0.0
2026-Q2,BS_EQUITY,Equity,63,1,False,VNĐ,43030481000000.0
2026-Q2,BS_CHARTER_CAPITAL_AND_FUNDS,  ‣ Charter Capital and Funds,64,2,False,VNĐ,29872878000000.0
2026-Q2,BS_CHARTER_CAPITAL,    • Charter Capital,65,3,False,VNĐ,29872821000000.0
2026-Q2,BS_SHARE_PREMIUM,    • Share Premium,66,3,False,VNĐ,57000000.0
2026-Q2,BS_TREASURY_SHARES,    • Treasury Shares,67,3,False,VNĐ,0.0
2026-Q2,BS_OTHER_CAPITAL,    • Other Capital,68,3,False,VNĐ,0.0
2026-Q2,BS_RESERVES,  ‣ Reserves,69,2,False,VNĐ,7810467000000.0
2026-Q2,BS_FOREIGN_EXCHANGE_DIFFERENCES,  ‣ Foreign Exchange Differences,70,2,False,VNĐ,0.0
2026-Q2,BS_ASSET_REVALUATION_DIFFERENCES,  ‣ Asset Revaluation Differences,71,2,False,VNĐ,0.0
2026-Q2,BS_RETAINED_EARNINGS,  ‣ Retained Earnings,72,2,False,VNĐ,5347136000000.0
2026-Q2,BS_MINORITY_INTEREST,Minority Interest,73,1,False,VNĐ,0.0
2026-Q2,BS_OFF_BALANCE_SHEET_ITEMS,Off Balance Sheet Items,74,1,True,VNĐ,
2026-Q2,BS_LOAN_GUARANTEES,  ‣ Loan Guarantees,75,2,True,VNĐ,
2026-Q2,BS_FX_COMMITMENTS,  ‣ FX Commitments,76,2,True,VNĐ,12095521000000.0
2026-Q2,BS_COMMITMENTS_TO_BUY_FX,    • Commitments to Buy FX,77,3,True,VNĐ,1278578000000.0
2026-Q2,BS_COMMITMENTS_TO_SELL_FX,    • Commitments to Sell FX,78,3,True,VNĐ,133313000000.0
2026-Q2,BS_SWAP_COMMITMENTS,    • Swap Commitments,79,3,True,VNĐ,135034537000000.0
2026-Q2,BS_FUTURE_COMMITMENTS,    • Future Commitments,80,3,True,VNĐ,0.0
2026-Q2,BS_IRREVOCABLE_LOAN_COMMITMENTS,  ‣ Irrevocable Loan Commitments,81,2,True,VNĐ,0.0
2026-Q2,BS_LC_COMMITMENTS,  ‣ LC Commitments,82,2,True,VNĐ,172948000000.0
2026-Q2,BS_OTHER_GUARANTEES,  ‣ Other Guarantees,83,2,True,VNĐ,3254683000000.0
2026-Q2,BS_OTHER_COMMITMENTS,  ‣ Other Commitments,84,2,True,VNĐ,12020653000000.0
2026-Q1,BS_TOTAL_ASSETS,Total Assets,1,1,False,VNĐ,580859917000000.0
2026-Q1,BS_CASH_AND_PRECIOUS_METALS,Cash and Precious Metals,2,1,False,VNĐ,1980398000000.0
2026-Q1,BS_BALANCES_WITH_SBV,Balances With SBV,3,1,False,VNĐ,2385870000000.0
2026-Q1,BS_PLACEMENTS_AND_LOANS_TO_CREDIT_INSTITUTIONS,Placements and Loans to Credit Institutions,4,1,False,VNĐ,105372063000000.0
2026-Q1,BS_PLACEMENTS_WITH_CREDIT_INSTITUTIONS,  ‣ Placements With Credit Institutions,5,2,False,VNĐ,103472063000000.0
2026-Q1,BS_LOANS_TO_CREDIT_INSTITUTIONS,  ‣ Loans to Credit Institutions,6,2,False,VNĐ,1956977000000.0
2026-Q1,BS_PROVISION_CREDIT_INSTITUTIONS,  ‣ Provision Credit Institutions,7,2,False,VNĐ,-56977000000.0
2026-Q1,BS_TRADING_SECURITIES,Trading Securities,8,1,False,VNĐ,632504000000.0
2026-Q1,BS_TRADING_SECURITIES_GROSS,  ‣ Trading Securities Gross,9,2,False,VNĐ,632504000000.0
2026-Q1,BS_PROVISION_TRADING_SECURITIES,  ‣ Provision Trading Securities,10,2,False,VNĐ,0.0
2026-Q1,BS_DERIVATIVES_AND_OTHER_FINANCIAL_ASSETS,Derivatives and Other Financial Assets,11,1,False,VNĐ,0.0
2026-Q1,BS_LOANS_TO_CUSTOMERS,Loans to Customers,12,1,False,VNĐ,397873229000000.0
2026-Q1,BS_LOANS_TO_CUSTOMERS_GROSS,  ‣ Loans to Customers Gross,13,2,False,VNĐ,403026034000000.0
2026-Q1,BS_PROVISION_LOANS_TO_CUSTOMERS,  ‣ Provision Loans to Customers,14,2,False,VNĐ,-5152805000000.0
2026-Q1,BS_DEBT_PURCHASES,Debt Purchases,15,1,False,VNĐ,0.0
2026-Q1,BS_DEBT_PURCHASES_GROSS,  ‣ Debt Purchases Gross,16,2,False,VNĐ,0.0
2026-Q1,BS_PROVISION_DEBT_PURCHASES,  ‣ Provision Debt Purchases,17,2,False,VNĐ,0.0
2026-Q1,BS_INVESTMENT_SECURITIES,Investment Securities,18,1,False,VNĐ,53159591000000.0
2026-Q1,BS_AVAILABLE_FOR_SALE_SECURITIES,  ‣ Available for Sale Securities,19,2,False,VNĐ,53159591000000.0
2026-Q1,BS_HELD_TO_MATURITY_SECURITIES,  ‣ Held to Maturity Securities,20,2,False,VNĐ,0.0
2026-Q1,BS_PROVISION_INVESTMENT_SECURITIES,  ‣ Provision Investment Securities,21,2,False,VNĐ,0.0
2026-Q1,BS_LONG_TERM_INVESTMENTS,Long Term Investments,22,1,False,VNĐ,300000000000.0
2026-Q1,BS_INVESTMENTS_IN_JOINT_VENTURES,  ‣ Investments in Joint Ventures,23,2,False,VNĐ,0.0
2026-Q1,BS_CAPITAL_CONTRIBUTION_JOINT_VENTURES,  ‣ Capital Contribution Joint Ventures,24,2,False,VNĐ,0.0
2026-Q1,BS_INVESTMENTS_IN_ASSOCIATES,  ‣ Investments in Associates,25,2,False,VNĐ,0.0
2026-Q1,BS_OTHER_LONG_TERM_INVESTMENTS,  ‣ Other Long Term Investments,26,2,False,VNĐ,300000000000.0
2026-Q1,BS_PROVISION_LONG_TERM_INVESTMENTS,  ‣ Provision Long Term Investments,27,2,False,VNĐ,0.0
2026-Q1,BS_FIXED_ASSETS,Fixed Assets,28,1,False,VNĐ,3300740000000.0
2026-Q1,BS_TANGIBLE_FIXED_ASSETS,  ‣ Tangible Fixed Assets,29,2,False,VNĐ,2002347000000.0
2026-Q1,BS_TANGIBLE_FIXED_ASSETS_COST,    • Tangible Fixed Assets Cost,30,3,False,VNĐ,3961213000000.0
2026-Q1,BS_TANGIBLE_FIXED_ASSETS_ACCUMULATED_DEPRECIATION,    • Tangible Fixed Assets Accumulated Depreciation,31,3,False,VNĐ,-1958866000000.0
2026-Q1,BS_FINANCE_LEASE_FIXED_ASSETS,  ‣ Finance Lease Fixed Assets,32,2,False,VNĐ,0.0
2026-Q1,BS_FINANCE_LEASE_FIXED_ASSETS_COST,    • Finance Lease Fixed Assets Cost,33,3,False,VNĐ,0.0
2026-Q1,BS_FINANCE_LEASE_FIXED_ASSETS_ACCUMULATED_DEPRECIATION,    • Finance Lease Fixed Assets Accumulated Depreciation,34,3,False,VNĐ,-0.0
2026-Q1,BS_INTANGIBLE_FIXED_ASSETS,  ‣ Intangible Fixed Assets,35,2,False,VNĐ,1298393000000.0
2026-Q1,BS_INTANGIBLE_FIXED_ASSETS_COST,    • Intangible Fixed Assets Cost,36,3,False,VNĐ,1602523000000.0
2026-Q1,BS_INTANGIBLE_FIXED_ASSETS_ACCUMULATED_DEPRECIATION,    • Intangible Fixed Assets Accumulated Depreciation,37,3,False,VNĐ,-304130000000.0
2026-Q1,BS_INVESTMENT_PROPERTIES,Investment Properties,38,1,False,VNĐ,0.0
2026-Q1,BS_INVESTMENT_PROPERTIES_COST,  ‣ Investment Properties Cost,39,2,False,VNĐ,0.0
2026-Q1,BS_INVESTMENT_PROPERTIES_ACCUMULATED_DEPRECIATION,  ‣ Investment Properties Accumulated Depreciation,40,2,False,VNĐ,-0.0
2026-Q1,BS_OTHER_ASSETS,Other Assets,41,1,False,VNĐ,15855522000000.0
2026-Q1,BS_RECEIVABLES,  ‣ Receivables,42,2,False,VNĐ,9492359000000.0
2026-Q1,BS_INTEREST_AND_FEE_RECEIVABLES,  ‣ Interest and Fee Receivables,43,2,False,VNĐ,4543996000000.0
2026-Q1,BS_DEFERRED_TAX_ASSETS,  ‣ Deferred Tax Assets,44,2,False,VNĐ,0.0
2026-Q1,BS_OTHER_ASSETS_DETAIL,  ‣ Other Assets Detail,45,2,False,VNĐ,1833273000000.0
2026-Q1,BS_GOODWILL,  ‣ Goodwill,46,2,False,VNĐ,
2026-Q1,BS_PROVISION_OTHER_ASSETS,  ‣ Provision Other Assets,47,2,False,VNĐ,-14106000000.0
2026-Q1,BS_TOTAL_LIABILITIES_AND_EQUITY,Total Liabilities and Equity,48,1,False,VNĐ,580859917000000.0
2026-Q1,BS_TOTAL_LIABILITIES,Total Liabilities,49,1,False,VNĐ,531388252000000.0
2026-Q1,BS_DUE_TO_GOVERNMENT_AND_SBV,  ‣ Due to Government and SBV,50,2,False,VNĐ,11778208000000.0
2026-Q1,BS_PLACEMENTS_AND_BORROWINGS_FROM_CREDIT_INSTITUTIONS,  ‣ Placements and Borrowings from Credit Institutions,51,2,False,VNĐ,99519893000000.0
2026-Q1,BS_PLACEMENTS_FROM_CREDIT_INSTITUTIONS,    • Placements from Credit Institutions,52,3,False,VNĐ,97674821000000.0
2026-Q1,BS_BORROWINGS_FROM_CREDIT_INSTITUTIONS,    • Borrowings from Credit Institutions,53,3,False,VNĐ,1845072000000.0
2026-Q1,BS_CUSTOMER_DEPOSITS,  ‣ Customer Deposits,54,2,False,VNĐ,345760324000000.0
2026-Q1,BS_DERIVATIVES_AND_OTHER_FINANCIAL_LIABILITIES,  ‣ Derivatives and Other Financial Liabilities,55,2,False,VNĐ,85547000000.0
2026-Q1,BS_FUNDS_AND_ENTRUSTED_INVESTMENTS,  ‣ Funds and Entrusted Investments,56,2,False,VNĐ,0.0
2026-Q1,BS_VALUABLE_PAPERS_ISSUED,  ‣ Valuable Papers Issued,57,2,False,VNĐ,63896606000000.0
2026-Q1,BS_OTHER_LIABILITIES,  ‣ Other Liabilities,58,2,False,VNĐ,10347674000000.0
2026-Q1,BS_INTEREST_AND_FEE_PAYABLES,    • Interest and Fee Payables,59,3,False,VNĐ,9172001000000.0
2026-Q1,BS_DEFERRED_TAX_LIABILITIES,    • Deferred Tax Liabilities,60,3,False,VNĐ,
2026-Q1,BS_OTHER_PAYABLES_AND_LIABILITIES,    • Other Payables and Liabilities,61,3,False,VNĐ,1175673000000.0
2026-Q1,BS_OTHER_PROVISIONS,    • Other Provisions,62,3,False,VNĐ,0.0
2026-Q1,BS_EQUITY,Equity,63,1,False,VNĐ,49471665000000.0
2026-Q1,BS_CHARTER_CAPITAL_AND_FUNDS,  ‣ Charter Capital and Funds,64,2,False,VNĐ,29872878000000.0
2026-Q1,BS_CHARTER_CAPITAL,    • Charter Capital,65,3,False,VNĐ,29872821000000.0
2026-Q1,BS_SHARE_PREMIUM,    • Share Premium,66,3,False,VNĐ,57000000.0
2026-Q1,BS_TREASURY_SHARES,    • Treasury Shares,67,3,False,VNĐ,0.0
2026-Q1,BS_OTHER_CAPITAL,    • Other Capital,68,3,False,VNĐ,0.0
2026-Q1,BS_RESERVES,  ‣ Reserves,69,2,False,VNĐ,7810467000000.0
2026-Q1,BS_FOREIGN_EXCHANGE_DIFFERENCES,  ‣ Foreign Exchange Differences,70,2,False,VNĐ,0.0
2026-Q1,BS_ASSET_REVALUATION_DIFFERENCES,  ‣ Asset Revaluation Differences,71,2,False,VNĐ,0.0
2026-Q1,BS_RETAINED_EARNINGS,  ‣ Retained Earnings,72,2,False,VNĐ,11788320000000.0
2026-Q1,BS_MINORITY_INTEREST,Minority Interest,73,1,False,VNĐ,0.0
2026-Q1,BS_OFF_BALANCE_SHEET_ITEMS,Off Balance Sheet Items,74,1,True,VNĐ,
2026-Q1,BS_LOAN_GUARANTEES,  ‣ Loan Guarantees,75,2,True,VNĐ,
2026-Q1,BS_FX_COMMITMENTS,  ‣ FX Commitments,76,2,True,VNĐ,9029513000000.0
2026-Q1,BS_COMMITMENTS_TO_BUY_FX,    • Commitments to Buy FX,77,3,True,VNĐ,16892000000.0
2026-Q1,BS_COMMITMENTS_TO_SELL_FX,    • Commitments to Sell FX,78,3,True,VNĐ,2997359000000.0
2026-Q1,BS_SWAP_COMMITMENTS,    • Swap Commitments,79,3,True,VNĐ,156283471000000.0
2026-Q1,BS_FUTURE_COMMITMENTS,    • Future Commitments,80,3,True,VNĐ,0.0
2026-Q1,BS_IRREVOCABLE_LOAN_COMMITMENTS,  ‣ Irrevocable Loan Commitments,81,2,True,VNĐ,0.0
2026-Q1,BS_LC_COMMITMENTS,  ‣ LC Commitments,82,2,True,VNĐ,544424000000.0
2026-Q1,BS_OTHER_GUARANTEES,  ‣ Other Guarantees,83,2,True,VNĐ,3064612000000.0
2026-Q1,BS_OTHER_COMMITMENTS,  ‣ Other Commitments,84,2,True,VNĐ,5476480000000.0
2025-Q4,BS_TOTAL_ASSETS,Total Assets,1,1,False,VNĐ,605584514000000.0
2025-Q4,BS_CASH_AND_PRECIOUS_METALS,Cash and Precious Metals,2,1,False,VNĐ,1085336000000.0
2025-Q4,BS_BALANCES_WITH_SBV,Balances With SBV,3,1,False,VNĐ,35403824000000.0
2025-Q4,BS_PLACEMENTS_AND_LOANS_TO_CREDIT_INSTITUTIONS,Placements and Loans to Credit Institutions,4,1,False,VNĐ,116332027000000.0
2025-Q4,BS_PLACEMENTS_WITH_CREDIT_INSTITUTIONS,  ‣ Placements With Credit Institutions,5,2,False,VNĐ,115682027000000.0
2025-Q4,BS_LOANS_TO_CREDIT_INSTITUTIONS,  ‣ Loans to Credit Institutions,6,2,False,VNĐ,706977000000.0
2025-Q4,BS_PROVISION_CREDIT_INSTITUTIONS,  ‣ Provision Credit Institutions,7,2,False,VNĐ,-56977000000.0
2025-Q4,BS_TRADING_SECURITIES,Trading Securities,8,1,False,VNĐ,631423000000.0
2025-Q4,BS_TRADING_SECURITIES_GROSS,  ‣ Trading Securities Gross,9,2,False,VNĐ,631423000000.0
2025-Q4,BS_PROVISION_TRADING_SECURITIES,  ‣ Provision Trading Securities,10,2,False,VNĐ,0.0
2025-Q4,BS_DERIVATIVES_AND_OTHER_FINANCIAL_ASSETS,Derivatives and Other Financial Assets,11,1,False,VNĐ,230751000000.0
2025-Q4,BS_LOANS_TO_CUSTOMERS,Loans to Customers,12,1,False,VNĐ,386867042000000.0
2025-Q4,BS_LOANS_TO_CUSTOMERS_GROSS,  ‣ Loans to Customers Gross,13,2,False,VNĐ,391746491000000.0
2025-Q4,BS_PROVISION_LOANS_TO_CUSTOMERS,  ‣ Provision Loans to Customers,14,2,False,VNĐ,-4879449000000.0
2025-Q4,BS_DEBT_PURCHASES,Debt Purchases,15,1,False,VNĐ,0.0
2025-Q4,BS_DEBT_PURCHASES_GROSS,  ‣ Debt Purchases Gross,16,2,False,VNĐ,0.0
2025-Q4,BS_PROVISION_DEBT_PURCHASES,  ‣ Provision Debt Purchases,17,2,False,VNĐ,0.0
2025-Q4,BS_INVESTMENT_SECURITIES,Investment Securities,18,1,False,VNĐ,52767786000000.0
2025-Q4,BS_AVAILABLE_FOR_SALE_SECURITIES,  ‣ Available for Sale Securities,19,2,False,VNĐ,52767786000000.0
2025-Q4,BS_HELD_TO_MATURITY_SECURITIES,  ‣ Held to Maturity Securities,20,2,False,VNĐ,0.0
2025-Q4,BS_PROVISION_INVESTMENT_SECURITIES,  ‣ Provision Investment Securities,21,2,False,VNĐ,0.0
2025-Q4,BS_LONG_TERM_INVESTMENTS,Long Term Investments,22,1,False,VNĐ,998921000000.0
2025-Q4,BS_INVESTMENTS_IN_JOINT_VENTURES,  ‣ Investments in Joint Ventures,23,2,False,VNĐ,0.0
2025-Q4,BS_CAPITAL_CONTRIBUTION_JOINT_VENTURES,  ‣ Capital Contribution Joint Ventures,24,2,False,VNĐ,0.0
2025-Q4,BS_INVESTMENTS_IN_ASSOCIATES,  ‣ Investments in Associates,25,2,False,VNĐ,0.0
2025-Q4,BS_OTHER_LONG_TERM_INVESTMENTS,  ‣ Other Long Term Investments,26,2,False,VNĐ,998921000000.0
2025-Q4,BS_PROVISION_LONG_TERM_INVESTMENTS,  ‣ Provision Long Term Investments,27,2,False,VNĐ,0.0
2025-Q4,BS_FIXED_ASSETS,Fixed Assets,28,1,False,VNĐ,3260158000000.0
2025-Q4,BS_TANGIBLE_FIXED_ASSETS,  ‣ Tangible Fixed Assets,29,2,False,VNĐ,2070805000000.0
2025-Q4,BS_TANGIBLE_FIXED_ASSETS_COST,    • Tangible Fixed Assets Cost,30,3,False,VNĐ,3964760000000.0
2025-Q4,BS_TANGIBLE_FIXED_ASSETS_ACCUMULATED_DEPRECIATION,    • Tangible Fixed Assets Accumulated Depreciation,31,3,False,VNĐ,-1893955000000.0
2025-Q4,BS_FINANCE_LEASE_FIXED_ASSETS,  ‣ Finance Lease Fixed Assets,32,2,False,VNĐ,0.0
2025-Q4,BS_FINANCE_LEASE_FIXED_ASSETS_COST,    • Finance Lease Fixed Assets Cost,33,3,False,VNĐ,0.0
2025-Q4,BS_FINANCE_LEASE_FIXED_ASSETS_ACCUMULATED_DEPRECIATION,    • Finance Lease Fixed Assets Accumulated Depreciation,34,3,False,VNĐ,-0.0
2025-Q4,BS_INTANGIBLE_FIXED_ASSETS,  ‣ Intangible Fixed Assets,35,2,False,VNĐ,1189353000000.0
2025-Q4,BS_INTANGIBLE_FIXED_ASSETS_COST,    • Intangible Fixed Assets Cost,36,3,False,VNĐ,1477144000000.0
2025-Q4,BS_INTANGIBLE_FIXED_ASSETS_ACCUMULATED_DEPRECIATION,    • Intangible Fixed Assets Accumulated Depreciation,37,3,False,VNĐ,-287791000000.0
2025-Q4,BS_INVESTMENT_PROPERTIES,Investment Properties,38,1,False,VNĐ,0.0
2025-Q4,BS_INVESTMENT_PROPERTIES_COST,  ‣ Investment Properties Cost,39,2,False,VNĐ,0.0
2025-Q4,BS_INVESTMENT_PROPERTIES_ACCUMULATED_DEPRECIATION,  ‣ Investment Properties Accumulated Depreciation,40,2,False,VNĐ,-0.0
2025-Q4,BS_OTHER_ASSETS,Other Assets,41,1,False,VNĐ,8007246000000.0
2025-Q4,BS_RECEIVABLES,  ‣ Receivables,42,2,False,VNĐ,1301554000000.0
2025-Q4,BS_INTEREST_AND_FEE_RECEIVABLES,  ‣ Interest and Fee Receivables,43,2,False,VNĐ,5028558000000.0
2025-Q4,BS_DEFERRED_TAX_ASSETS,  ‣ Deferred Tax Assets,44,2,False,VNĐ,0.0
2025-Q4,BS_OTHER_ASSETS_DETAIL,  ‣ Other Assets Detail,45,2,False,VNĐ,1691240000000.0
2025-Q4,BS_GOODWILL,  ‣ Goodwill,46,2,False,VNĐ,
2025-Q4,BS_PROVISION_OTHER_ASSETS,  ‣ Provision Other Assets,47,2,False,VNĐ,-14106000000.0
2025-Q4,BS_TOTAL_LIABILITIES_AND_EQUITY,Total Liabilities and Equity,48,1,False,VNĐ,605584514000000.0
2025-Q4,BS_TOTAL_LIABILITIES,Total Liabilities,49,1,False,VNĐ,558392040000000.0
2025-Q4,BS_DUE_TO_GOVERNMENT_AND_SBV,  ‣ Due to Government and SBV,50,2,False,VNĐ,17703773000000.0
2025-Q4,BS_PLACEMENTS_AND_BORROWINGS_FROM_CREDIT_INSTITUTIONS,  ‣ Placements and Borrowings from Credit Institutions,51,2,False,VNĐ,127848267000000.0
2025-Q4,BS_PLACEMENTS_FROM_CREDIT_INSTITUTIONS,    • Placements from Credit Institutions,52,3,False,VNĐ,125592803000000.0
2025-Q4,BS_BORROWINGS_FROM_CREDIT_INSTITUTIONS,    • Borrowings from Credit Institutions,53,3,False,VNĐ,2255464000000.0
2025-Q4,BS_CUSTOMER_DEPOSITS,  ‣ Customer Deposits,54,2,False,VNĐ,337583366000000.0
2025-Q4,BS_DERIVATIVES_AND_OTHER_FINANCIAL_LIABILITIES,  ‣ Derivatives and Other Financial Liabilities,55,2,False,VNĐ,0.0
2025-Q4,BS_FUNDS_AND_ENTRUSTED_INVESTMENTS,  ‣ Funds and Entrusted Investments,56,2,False,VNĐ,0.0
2025-Q4,BS_VALUABLE_PAPERS_ISSUED,  ‣ Valuable Papers Issued,57,2,False,VNĐ,64097013000000.0
2025-Q4,BS_OTHER_LIABILITIES,  ‣ Other Liabilities,58,2,False,VNĐ,11159621000000.0
2025-Q4,BS_INTEREST_AND_FEE_PAYABLES,    • Interest and Fee Payables,59,3,False,VNĐ,9456479000000.0
2025-Q4,BS_DEFERRED_TAX_LIABILITIES,    • Deferred Tax Liabilities,60,3,False,VNĐ,
2025-Q4,BS_OTHER_PAYABLES_AND_LIABILITIES,    • Other Payables and Liabilities,61,3,False,VNĐ,1703142000000.0
2025-Q4,BS_OTHER_PROVISIONS,    • Other Provisions,62,3,False,VNĐ,0.0
2025-Q4,BS_EQUITY,Equity,63,1,False,VNĐ,47192474000000.0
2025-Q4,BS_CHARTER_CAPITAL_AND_FUNDS,  ‣ Charter Capital and Funds,64,2,False,VNĐ,29872878000000.0
2025-Q4,BS_CHARTER_CAPITAL,    • Charter Capital,65,3,False,VNĐ,29872821000000.0
2025-Q4,BS_SHARE_PREMIUM,    • Share Premium,66,3,False,VNĐ,57000000.0
2025-Q4,BS_TREASURY_SHARES,    • Treasury Shares,67,3,False,VNĐ,0.0
2025-Q4,BS_OTHER_CAPITAL,    • Other Capital,68,3,False,VNĐ,0.0
2025-Q4,BS_RESERVES,  ‣ Reserves,69,2,False,VNĐ,7810467000000.0
2025-Q4,BS_FOREIGN_EXCHANGE_DIFFERENCES,  ‣ Foreign Exchange Differences,70,2,False,VNĐ,0.0
2025-Q4,BS_ASSET_REVALUATION_DIFFERENCES,  ‣ Asset Revaluation Differences,71,2,False,VNĐ,0.0
2025-Q4,BS_RETAINED_EARNINGS,  ‣ Retained Earnings,72,2,False,VNĐ,9509129000000.0
2025-Q4,BS_MINORITY_INTEREST,Minority Interest,73,1,False,VNĐ,0.0
2025-Q4,BS_OFF_BALANCE_SHEET_ITEMS,Off Balance Sheet Items,74,1,True,VNĐ,
2025-Q4,BS_LOAN_GUARANTEES,  ‣ Loan Guarantees,75,2,True,VNĐ,
2025-Q4,BS_FX_COMMITMENTS,  ‣ FX Commitments,76,2,True,VNĐ,11036552000000.0
2025-Q4,BS_COMMITMENTS_TO_BUY_FX,    • Commitments to Buy FX,77,3,True,VNĐ,26759000000.0
2025-Q4,BS_COMMITMENTS_TO_SELL_FX,    • Commitments to Sell FX,78,3,True,VNĐ,456000000.0
2025-Q4,BS_SWAP_COMMITMENTS,    • Swap Commitments,79,3,True,VNĐ,167241016000000.0
2025-Q4,BS_FUTURE_COMMITMENTS,    • Future Commitments,80,3,True,VNĐ,0.0
2025-Q4,BS_IRREVOCABLE_LOAN_COMMITMENTS,  ‣ Irrevocable Loan Commitments,81,2,True,VNĐ,0.0
2025-Q4,BS_LC_COMMITMENTS,  ‣ LC Commitments,82,2,True,VNĐ,477322000000.0
2025-Q4,BS_OTHER_GUARANTEES,  ‣ Other Guarantees,83,2,True,VNĐ,3834187000000.0
2025-Q4,BS_OTHER_COMMITMENTS,  ‣ Other Commitments,84,2,True,VNĐ,4841102000000.0
2025-Q3,BS_TOTAL_ASSETS,Total Assets,1,1,False,VNĐ,539149295000000.0
2025-Q3,BS_CASH_AND_PRECIOUS_METALS,Cash and Precious Metals,2,1,False,VNĐ,1259399000000.0
2025-Q3,BS_BALANCES_WITH_SBV,Balances With SBV,3,1,False,VNĐ,2790270000000.0
2025-Q3,BS_PLACEMENTS_AND_LOANS_TO_CREDIT_INSTITUTIONS,Placements and Loans to Credit Institutions,4,1,False,VNĐ,92959287000000.0
2025-Q3,BS_PLACEMENTS_WITH_CREDIT_INSTITUTIONS,  ‣ Placements With Credit Institutions,5,2,False,VNĐ,92659287000000.0
2025-Q3,BS_LOANS_TO_CREDIT_INSTITUTIONS,  ‣ Loans to Credit Institutions,6,2,False,VNĐ,356977000000.0
2025-Q3,BS_PROVISION_CREDIT_INSTITUTIONS,  ‣ Provision Credit Institutions,7,2,False,VNĐ,-56977000000.0
2025-Q3,BS_TRADING_SECURITIES,Trading Securities,8,1,False,VNĐ,89677000000.0
2025-Q3,BS_TRADING_SECURITIES_GROSS,  ‣ Trading Securities Gross,9,2,False,VNĐ,89677000000.0
2025-Q3,BS_PROVISION_TRADING_SECURITIES,  ‣ Provision Trading Securities,10,2,False,VNĐ,0.0
2025-Q3,BS_DERIVATIVES_AND_OTHER_FINANCIAL_ASSETS,Derivatives and Other Financial Assets,11,1,False,VNĐ,22383000000.0
2025-Q3,BS_LOANS_TO_CUSTOMERS,Loans to Customers,12,1,False,VNĐ,382641630000000.0
2025-Q3,BS_LOANS_TO_CUSTOMERS_GROSS,  ‣ Loans to Customers Gross,13,2,False,VNĐ,387897531000000.0
2025-Q3,BS_PROVISION_LOANS_TO_CUSTOMERS,  ‣ Provision Loans to Customers,14,2,False,VNĐ,-5255901000000.0
2025-Q3,BS_DEBT_PURCHASES,Debt Purchases,15,1,False,VNĐ,0.0
2025-Q3,BS_DEBT_PURCHASES_GROSS,  ‣ Debt Purchases Gross,16,2,False,VNĐ,0.0
2025-Q3,BS_PROVISION_DEBT_PURCHASES,  ‣ Provision Debt Purchases,17,2,False,VNĐ,0.0
2025-Q3,BS_INVESTMENT_SECURITIES,Investment Securities,18,1,False,VNĐ,49232215000000.0
2025-Q3,BS_AVAILABLE_FOR_SALE_SECURITIES,  ‣ Available for Sale Securities,19,2,False,VNĐ,49232215000000.0
2025-Q3,BS_HELD_TO_MATURITY_SECURITIES,  ‣ Held to Maturity Securities,20,2,False,VNĐ,0.0
2025-Q3,BS_PROVISION_INVESTMENT_SECURITIES,  ‣ Provision Investment Securities,21,2,False,VNĐ,0.0
2025-Q3,BS_LONG_TERM_INVESTMENTS,Long Term Investments,22,1,False,VNĐ,516021000000.0
2025-Q3,BS_INVESTMENTS_IN_JOINT_VENTURES,  ‣ Investments in Joint Ventures,23,2,False,VNĐ,0.0
2025-Q3,BS_CAPITAL_CONTRIBUTION_JOINT_VENTURES,  ‣ Capital Contribution Joint Ventures,24,2,False,VNĐ,0.0
2025-Q3,BS_INVESTMENTS_IN_ASSOCIATES,  ‣ Investments in Associates,25,2,False,VNĐ,0.0
2025-Q3,BS_OTHER_LONG_TERM_INVESTMENTS,  ‣ Other Long Term Investments,26,2,False,VNĐ,516021000000.0
2025-Q3,BS_PROVISION_LONG_TERM_INVESTMENTS,  ‣ Provision Long Term Investments,27,2,False,VNĐ,0.0
2025-Q3,BS_FIXED_ASSETS,Fixed Assets,28,1,False,VNĐ,3089671000000.0
2025-Q3,BS_TANGIBLE_FIXED_ASSETS,  ‣ Tangible Fixed Assets,29,2,False,VNĐ,2058831000000.0
2025-Q3,BS_TANGIBLE_FIXED_ASSETS_COST,    • Tangible Fixed Assets Cost,30,3,False,VNĐ,3951844000000.0
2025-Q3,BS_TANGIBLE_FIXED_ASSETS_ACCUMULATED_DEPRECIATION,    • Tangible Fixed Assets Accumulated Depreciation,31,3,False,VNĐ,-1893013000000.0
2025-Q3,BS_FINANCE_LEASE_FIXED_ASSETS,  ‣ Finance Lease Fixed Assets,32,2,False,VNĐ,0.0
2025-Q3,BS_FINANCE_LEASE_FIXED_ASSETS_COST,    • Finance Lease Fixed Assets Cost,33,3,False,VNĐ,0.0
2025-Q3,BS_FINANCE_LEASE_FIXED_ASSETS_ACCUMULATED_DEPRECIATION,    • Finance Lease Fixed Assets Accumulated Depreciation,34,3,False,VNĐ,-0.0
2025-Q3,BS_INTANGIBLE_FIXED_ASSETS,  ‣ Intangible Fixed Assets,35,2,False,VNĐ,1030840000000.0
2025-Q3,BS_INTANGIBLE_FIXED_ASSETS_COST,    • Intangible Fixed Assets Cost,36,3,False,VNĐ,1303868000000.0
2025-Q3,BS_INTANGIBLE_FIXED_ASSETS_ACCUMULATED_DEPRECIATION,    • Intangible Fixed Assets Accumulated Depreciation,37,3,False,VNĐ,-273028000000.0
2025-Q3,BS_INVESTMENT_PROPERTIES,Investment Properties,38,1,False,VNĐ,0.0
2025-Q3,BS_INVESTMENT_PROPERTIES_COST,  ‣ Investment Properties Cost,39,2,False,VNĐ,0.0
2025-Q3,BS_INVESTMENT_PROPERTIES_ACCUMULATED_DEPRECIATION,  ‣ Investment Properties Accumulated Depreciation,40,2,False,VNĐ,-0.0
2025-Q3,BS_OTHER_ASSETS,Other Assets,41,1,False,VNĐ,6548742000000.0
2025-Q3,BS_RECEIVABLES,  ‣ Receivables,42,2,False,VNĐ,1636236000000.0
2025-Q3,BS_INTEREST_AND_FEE_RECEIVABLES,  ‣ Interest and Fee Receivables,43,2,False,VNĐ,4228517000000.0
2025-Q3,BS_DEFERRED_TAX_ASSETS,  ‣ Deferred Tax Assets,44,2,False,VNĐ,0.0
2025-Q3,BS_OTHER_ASSETS_DETAIL,  ‣ Other Assets Detail,45,2,False,VNĐ,695014000000.0
2025-Q3,BS_GOODWILL,  ‣ Goodwill,46,2,False,VNĐ,
2025-Q3,BS_PROVISION_OTHER_ASSETS,  ‣ Provision Other Assets,47,2,False,VNĐ,-11025000000.0
2025-Q3,BS_TOTAL_LIABILITIES_AND_EQUITY,Total Liabilities and Equity,48,1,False,VNĐ,539149295000000.0
2025-Q3,BS_TOTAL_LIABILITIES,Total Liabilities,49,1,False,VNĐ,495687409000000.0
2025-Q3,BS_DUE_TO_GOVERNMENT_AND_SBV,  ‣ Due to Government and SBV,50,2,False,VNĐ,56492000000.0
2025-Q3,BS_PLACEMENTS_AND_BORROWINGS_FROM_CREDIT_INSTITUTIONS,  ‣ Placements and Borrowings from Credit Institutions,51,2,False,VNĐ,95448484000000.0
2025-Q3,BS_PLACEMENTS_FROM_CREDIT_INSTITUTIONS,    • Placements from Credit Institutions,52,3,False,VNĐ,93106803000000.0
2025-Q3,BS_BORROWINGS_FROM_CREDIT_INSTITUTIONS,    • Borrowings from Credit Institutions,53,3,False,VNĐ,2341681000000.0
2025-Q3,BS_CUSTOMER_DEPOSITS,  ‣ Customer Deposits,54,2,False,VNĐ,326179413000000.0
2025-Q3,BS_DERIVATIVES_AND_OTHER_FINANCIAL_LIABILITIES,  ‣ Derivatives and Other Financial Liabilities,55,2,False,VNĐ,0.0
2025-Q3,BS_FUNDS_AND_ENTRUSTED_INVESTMENTS,  ‣ Funds and Entrusted Investments,56,2,False,VNĐ,0.0
2025-Q3,BS_VALUABLE_PAPERS_ISSUED,  ‣ Valuable Papers Issued,57,2,False,VNĐ,63458923000000.0
2025-Q3,BS_OTHER_LIABILITIES,  ‣ Other Liabilities,58,2,False,VNĐ,10544097000000.0
2025-Q3,BS_INTEREST_AND_FEE_PAYABLES,    • Interest and Fee Payables,59,3,False,VNĐ,8804906000000.0
2025-Q3,BS_DEFERRED_TAX_LIABILITIES,    • Deferred Tax Liabilities,60,3,False,VNĐ,
2025-Q3,BS_OTHER_PAYABLES_AND_LIABILITIES,    • Other Payables and Liabilities,61,3,False,VNĐ,1739191000000.0
2025-Q3,BS_OTHER_PROVISIONS,    • Other Provisions,62,3,False,VNĐ,0.0
2025-Q3,BS_EQUITY,Equity,63,1,False,VNĐ,43461886000000.0
2025-Q3,BS_CHARTER_CAPITAL_AND_FUNDS,  ‣ Charter Capital and Funds,64,2,False,VNĐ,29872878000000.0
2025-Q3,BS_CHARTER_CAPITAL,    • Charter Capital,65,3,False,VNĐ,29872821000000.0
2025-Q3,BS_SHARE_PREMIUM,    • Share Premium,66,3,False,VNĐ,57000000.0
2025-Q3,BS_TREASURY_SHARES,    • Treasury Shares,67,3,False,VNĐ,0.0
2025-Q3,BS_OTHER_CAPITAL,    • Other Capital,68,3,False,VNĐ,0.0
2025-Q3,BS_RESERVES,  ‣ Reserves,69,2,False,VNĐ,5640216000000.0
2025-Q3,BS_FOREIGN_EXCHANGE_DIFFERENCES,  ‣ Foreign Exchange Differences,70,2,False,VNĐ,0.0
2025-Q3,BS_ASSET_REVALUATION_DIFFERENCES,  ‣ Asset Revaluation Differences,71,2,False,VNĐ,0.0
2025-Q3,BS_RETAINED_EARNINGS,  ‣ Retained Earnings,72,2,False,VNĐ,7948792000000.0
2025-Q3,BS_MINORITY_INTEREST,Minority Interest,73,1,False,VNĐ,0.0
2025-Q3,BS_OFF_BALANCE_SHEET_ITEMS,Off Balance Sheet Items,74,1,True,VNĐ,
2025-Q3,BS_LOAN_GUARANTEES,  ‣ Loan Guarantees,75,2,True,VNĐ,
2025-Q3,BS_FX_COMMITMENTS,  ‣ FX Commitments,76,2,True,VNĐ,39883000000.0
2025-Q3,BS_COMMITMENTS_TO_BUY_FX,    • Commitments to Buy FX,77,3,True,VNĐ,1774142000000.0
2025-Q3,BS_COMMITMENTS_TO_SELL_FX,    • Commitments to Sell FX,78,3,True,VNĐ,1694986000000.0
2025-Q3,BS_SWAP_COMMITMENTS,    • Swap Commitments,79,3,True,VNĐ,98888871000000.0
2025-Q3,BS_FUTURE_COMMITMENTS,    • Future Commitments,80,3,True,VNĐ,0.0
2025-Q3,BS_IRREVOCABLE_LOAN_COMMITMENTS,  ‣ Irrevocable Loan Commitments,81,2,True,VNĐ,0.0
2025-Q3,BS_LC_COMMITMENTS,  ‣ LC Commitments,82,2,True,VNĐ,326926000000.0
2025-Q3,BS_OTHER_GUARANTEES,  ‣ Other Guarantees,83,2,True,VNĐ,3406527000000.0
2025-Q3,BS_OTHER_COMMITMENTS,  ‣ Other Commitments,84,2,True,VNĐ,4891372000000.0
2025-Q2,BS_TOTAL_ASSETS,Total Assets,1,1,False,VNĐ,513612864000000.0
2025-Q2,BS_CASH_AND_PRECIOUS_METALS,Cash and Precious Metals,2,1,False,VNĐ,1477250000000.0
2025-Q2,BS_BALANCES_WITH_SBV,Balances With SBV,3,1,False,VNĐ,1745328000000.0
2025-Q2,BS_PLACEMENTS_AND_LOANS_TO_CREDIT_INSTITUTIONS,Placements and Loans to Credit Institutions,4,1,False,VNĐ,79666765000000.0
2025-Q2,BS_PLACEMENTS_WITH_CREDIT_INSTITUTIONS,  ‣ Placements With Credit Institutions,5,2,False,VNĐ,78703525000000.0
2025-Q2,BS_LOANS_TO_CREDIT_INSTITUTIONS,  ‣ Loans to Credit Institutions,6,2,False,VNĐ,1020217000000.0
2025-Q2,BS_PROVISION_CREDIT_INSTITUTIONS,  ‣ Provision Credit Institutions,7,2,False,VNĐ,-56977000000.0
2025-Q2,BS_TRADING_SECURITIES,Trading Securities,8,1,False,VNĐ,284599000000.0
2025-Q2,BS_TRADING_SECURITIES_GROSS,  ‣ Trading Securities Gross,9,2,False,VNĐ,284599000000.0
2025-Q2,BS_PROVISION_TRADING_SECURITIES,  ‣ Provision Trading Securities,10,2,False,VNĐ,0.0
2025-Q2,BS_DERIVATIVES_AND_OTHER_FINANCIAL_ASSETS,Derivatives and Other Financial Assets,11,1,False,VNĐ,0.0
2025-Q2,BS_LOANS_TO_CUSTOMERS,Loans to Customers,12,1,False,VNĐ,363890539000000.0
2025-Q2,BS_LOANS_TO_CUSTOMERS_GROSS,  ‣ Loans to Customers Gross,13,2,False,VNĐ,368726513000000.0
2025-Q2,BS_PROVISION_LOANS_TO_CUSTOMERS,  ‣ Provision Loans to Customers,14,2,False,VNĐ,-4835974000000.0
2025-Q2,BS_DEBT_PURCHASES,Debt Purchases,15,1,False,VNĐ,0.0
2025-Q2,BS_DEBT_PURCHASES_GROSS,  ‣ Debt Purchases Gross,16,2,False,VNĐ,0.0
2025-Q2,BS_PROVISION_DEBT_PURCHASES,  ‣ Provision Debt Purchases,17,2,False,VNĐ,0.0
2025-Q2,BS_INVESTMENT_SECURITIES,Investment Securities,18,1,False,VNĐ,52671748000000.0
2025-Q2,BS_AVAILABLE_FOR_SALE_SECURITIES,  ‣ Available for Sale Securities,19,2,False,VNĐ,52671748000000.0
2025-Q2,BS_HELD_TO_MATURITY_SECURITIES,  ‣ Held to Maturity Securities,20,2,False,VNĐ,0.0
2025-Q2,BS_PROVISION_INVESTMENT_SECURITIES,  ‣ Provision Investment Securities,21,2,False,VNĐ,0.0
2025-Q2,BS_LONG_TERM_INVESTMENTS,Long Term Investments,22,1,False,VNĐ,516021000000.0
2025-Q2,BS_INVESTMENTS_IN_JOINT_VENTURES,  ‣ Investments in Joint Ventures,23,2,False,VNĐ,0.0
2025-Q2,BS_CAPITAL_CONTRIBUTION_JOINT_VENTURES,  ‣ Capital Contribution Joint Ventures,24,2,False,VNĐ,0.0
2025-Q2,BS_INVESTMENTS_IN_ASSOCIATES,  ‣ Investments in Associates,25,2,False,VNĐ,0.0
2025-Q2,BS_OTHER_LONG_TERM_INVESTMENTS,  ‣ Other Long Term Investments,26,2,False,VNĐ,516021000000.0
2025-Q2,BS_PROVISION_LONG_TERM_INVESTMENTS,  ‣ Provision Long Term Investments,27,2,False,VNĐ,0.0
2025-Q2,BS_FIXED_ASSETS,Fixed Assets,28,1,False,VNĐ,2715805000000.0
2025-Q2,BS_TANGIBLE_FIXED_ASSETS,  ‣ Tangible Fixed Assets,29,2,False,VNĐ,1685631000000.0
2025-Q2,BS_TANGIBLE_FIXED_ASSETS_COST,    • Tangible Fixed Assets Cost,30,3,False,VNĐ,3508363000000.0
2025-Q2,BS_TANGIBLE_FIXED_ASSETS_ACCUMULATED_DEPRECIATION,    • Tangible Fixed Assets Accumulated Depreciation,31,3,False,VNĐ,-1822732000000.0
2025-Q2,BS_FINANCE_LEASE_FIXED_ASSETS,  ‣ Finance Lease Fixed Assets,32,2,False,VNĐ,0.0
2025-Q2,BS_FINANCE_LEASE_FIXED_ASSETS_COST,    • Finance Lease Fixed Assets Cost,33,3,False,VNĐ,0.0
2025-Q2,BS_FINANCE_LEASE_FIXED_ASSETS_ACCUMULATED_DEPRECIATION,    • Finance Lease Fixed Assets Accumulated Depreciation,34,3,False,VNĐ,-0.0
2025-Q2,BS_INTANGIBLE_FIXED_ASSETS,  ‣ Intangible Fixed Assets,35,2,False,VNĐ,1030174000000.0
2025-Q2,BS_INTANGIBLE_FIXED_ASSETS_COST,    • Intangible Fixed Assets Cost,36,3,False,VNĐ,1292620000000.0
2025-Q2,BS_INTANGIBLE_FIXED_ASSETS_ACCUMULATED_DEPRECIATION,    • Intangible Fixed Assets Accumulated Depreciation,37,3,False,VNĐ,-262446000000.0
2025-Q2,BS_INVESTMENT_PROPERTIES,Investment Properties,38,1,False,VNĐ,0.0
2025-Q2,BS_INVESTMENT_PROPERTIES_COST,  ‣ Investment Properties Cost,39,2,False,VNĐ,0.0
2025-Q2,BS_INVESTMENT_PROPERTIES_ACCUMULATED_DEPRECIATION,  ‣ Investment Properties Accumulated Depreciation,40,2,False,VNĐ,-0.0
2025-Q2,BS_OTHER_ASSETS,Other Assets,41,1,False,VNĐ,10644809000000.0
2025-Q2,BS_RECEIVABLES,  ‣ Receivables,42,2,False,VNĐ,1691713000000.0
2025-Q2,BS_INTEREST_AND_FEE_RECEIVABLES,  ‣ Interest and Fee Receivables,43,2,False,VNĐ,8303657000000.0
2025-Q2,BS_DEFERRED_TAX_ASSETS,  ‣ Deferred Tax Assets,44,2,False,VNĐ,0.0
2025-Q2,BS_OTHER_ASSETS_DETAIL,  ‣ Other Assets Detail,45,2,False,VNĐ,660464000000.0
2025-Q2,BS_GOODWILL,  ‣ Goodwill,46,2,False,VNĐ,
2025-Q2,BS_PROVISION_OTHER_ASSETS,  ‣ Provision Other Assets,47,2,False,VNĐ,-11025000000.0
2025-Q2,BS_TOTAL_LIABILITIES_AND_EQUITY,Total Liabilities and Equity,48,1,False,VNĐ,513612864000000.0
2025-Q2,BS_TOTAL_LIABILITIES,Total Liabilities,49,1,False,VNĐ,472912992000000.0
2025-Q2,BS_DUE_TO_GOVERNMENT_AND_SBV,  ‣ Due to Government and SBV,50,2,False,VNĐ,6548402000000.0
2025-Q2,BS_PLACEMENTS_AND_BORROWINGS_FROM_CREDIT_INSTITUTIONS,  ‣ Placements and Borrowings from Credit Institutions,51,2,False,VNĐ,88181434000000.0
2025-Q2,BS_PLACEMENTS_FROM_CREDIT_INSTITUTIONS,    • Placements from Credit Institutions,52,3,False,VNĐ,85408333000000.0
2025-Q2,BS_BORROWINGS_FROM_CREDIT_INSTITUTIONS,    • Borrowings from Credit Institutions,53,3,False,VNĐ,2773101000000.0
2025-Q2,BS_CUSTOMER_DEPOSITS,  ‣ Customer Deposits,54,2,False,VNĐ,313174113000000.0
2025-Q2,BS_DERIVATIVES_AND_OTHER_FINANCIAL_LIABILITIES,  ‣ Derivatives and Other Financial Liabilities,55,2,False,VNĐ,236648000000.0
2025-Q2,BS_FUNDS_AND_ENTRUSTED_INVESTMENTS,  ‣ Funds and Entrusted Investments,56,2,False,VNĐ,0.0
2025-Q2,BS_VALUABLE_PAPERS_ISSUED,  ‣ Valuable Papers Issued,57,2,False,VNĐ,55261471000000.0
2025-Q2,BS_OTHER_LIABILITIES,  ‣ Other Liabilities,58,2,False,VNĐ,9510924000000.0
2025-Q2,BS_INTEREST_AND_FEE_PAYABLES,    • Interest and Fee Payables,59,3,False,VNĐ,7848166000000.0
2025-Q2,BS_DEFERRED_TAX_LIABILITIES,    • Deferred Tax Liabilities,60,3,False,VNĐ,
2025-Q2,BS_OTHER_PAYABLES_AND_LIABILITIES,    • Other Payables and Liabilities,61,3,False,VNĐ,1662758000000.0
2025-Q2,BS_OTHER_PROVISIONS,    • Other Provisions,62,3,False,VNĐ,0.0
2025-Q2,BS_EQUITY,Equity,63,1,False,VNĐ,40699872000000.0
2025-Q2,BS_CHARTER_CAPITAL_AND_FUNDS,  ‣ Charter Capital and Funds,64,2,False,VNĐ,29872878000000.0
2025-Q2,BS_CHARTER_CAPITAL,    • Charter Capital,65,3,False,VNĐ,29872821000000.0
2025-Q2,BS_SHARE_PREMIUM,    • Share Premium,66,3,False,VNĐ,57000000.0
2025-Q2,BS_TREASURY_SHARES,    • Treasury Shares,67,3,False,VNĐ,0.0
2025-Q2,BS_OTHER_CAPITAL,    • Other Capital,68,3,False,VNĐ,0.0
2025-Q2,BS_RESERVES,  ‣ Reserves,69,2,False,VNĐ,5640216000000.0
2025-Q2,BS_FOREIGN_EXCHANGE_DIFFERENCES,  ‣ Foreign Exchange Differences,70,2,False,VNĐ,0.0
2025-Q2,BS_ASSET_REVALUATION_DIFFERENCES,  ‣ Asset Revaluation Differences,71,2,False,VNĐ,0.0
2025-Q2,BS_RETAINED_EARNINGS,  ‣ Retained Earnings,72,2,False,VNĐ,5186778000000.0
2025-Q2,BS_MINORITY_INTEREST,Minority Interest,73,1,False,VNĐ,0.0
2025-Q2,BS_OFF_BALANCE_SHEET_ITEMS,Off Balance Sheet Items,74,1,True,VNĐ,
2025-Q2,BS_LOAN_GUARANTEES,  ‣ Loan Guarantees,75,2,True,VNĐ,
2025-Q2,BS_FX_COMMITMENTS,  ‣ FX Commitments,76,2,True,VNĐ,43954000000.0
2025-Q2,BS_COMMITMENTS_TO_BUY_FX,    • Commitments to Buy FX,77,3,True,VNĐ,1959962000000.0
2025-Q2,BS_COMMITMENTS_TO_SELL_FX,    • Commitments to Sell FX,78,3,True,VNĐ,158366000000.0
2025-Q2,BS_SWAP_COMMITMENTS,    • Swap Commitments,79,3,True,VNĐ,162134330000000.0
2025-Q2,BS_FUTURE_COMMITMENTS,    • Future Commitments,80,3,True,VNĐ,0.0
2025-Q2,BS_IRREVOCABLE_LOAN_COMMITMENTS,  ‣ Irrevocable Loan Commitments,81,2,True,VNĐ,0.0
2025-Q2,BS_LC_COMMITMENTS,  ‣ LC Commitments,82,2,True,VNĐ,1050473000000.0
2025-Q2,BS_OTHER_GUARANTEES,  ‣ Other Guarantees,83,2,True,VNĐ,3760941000000.0
2025-Q2,BS_OTHER_COMMITMENTS,  ‣ Other Commitments,84,2,True,VNĐ,2596309000000.0
2025-Q1,BS_TOTAL_ASSETS,Total Assets,1,1,False,VNĐ,499894623000000.0
2025-Q1,BS_CASH_AND_PRECIOUS_METALS,Cash and Precious Metals,2,1,False,VNĐ,1655185000000.0
2025-Q1,BS_BALANCES_WITH_SBV,Balances With SBV,3,1,False,VNĐ,2611228000000.0
2025-Q1,BS_PLACEMENTS_AND_LOANS_TO_CREDIT_INSTITUTIONS,Placements and Loans to Credit Institutions,4,1,False,VNĐ,76032350000000.0
2025-Q1,BS_PLACEMENTS_WITH_CREDIT_INSTITUTIONS,  ‣ Placements With Credit Institutions,5,2,False,VNĐ,75532350000000.0
2025-Q1,BS_LOANS_TO_CREDIT_INSTITUTIONS,  ‣ Loans to Credit Institutions,6,2,False,VNĐ,556977000000.0
2025-Q1,BS_PROVISION_CREDIT_INSTITUTIONS,  ‣ Provision Credit Institutions,7,2,False,VNĐ,-56977000000.0
2025-Q1,BS_TRADING_SECURITIES,Trading Securities,8,1,False,VNĐ,662393000000.0
2025-Q1,BS_TRADING_SECURITIES_GROSS,  ‣ Trading Securities Gross,9,2,False,VNĐ,662393000000.0
2025-Q1,BS_PROVISION_TRADING_SECURITIES,  ‣ Provision Trading Securities,10,2,False,VNĐ,0.0
2025-Q1,BS_DERIVATIVES_AND_OTHER_FINANCIAL_ASSETS,Derivatives and Other Financial Assets,11,1,False,VNĐ,79890000000.0
2025-Q1,BS_LOANS_TO_CUSTOMERS,Loans to Customers,12,1,False,VNĐ,347669189000000.0
2025-Q1,BS_LOANS_TO_CUSTOMERS_GROSS,  ‣ Loans to Customers Gross,13,2,False,VNĐ,352194088000000.0
2025-Q1,BS_PROVISION_LOANS_TO_CUSTOMERS,  ‣ Provision Loans to Customers,14,2,False,VNĐ,-4524899000000.0
2025-Q1,BS_DEBT_PURCHASES,Debt Purchases,15,1,False,VNĐ,0.0
2025-Q1,BS_DEBT_PURCHASES_GROSS,  ‣ Debt Purchases Gross,16,2,False,VNĐ,0.0
2025-Q1,BS_PROVISION_DEBT_PURCHASES,  ‣ Provision Debt Purchases,17,2,False,VNĐ,0.0
2025-Q1,BS_INVESTMENT_SECURITIES,Investment Securities,18,1,False,VNĐ,60039792000000.0
2025-Q1,BS_AVAILABLE_FOR_SALE_SECURITIES,  ‣ Available for Sale Securities,19,2,False,VNĐ,60039792000000.0
2025-Q1,BS_HELD_TO_MATURITY_SECURITIES,  ‣ Held to Maturity Securities,20,2,False,VNĐ,0.0
2025-Q1,BS_PROVISION_INVESTMENT_SECURITIES,  ‣ Provision Investment Securities,21,2,False,VNĐ,0.0
2025-Q1,BS_LONG_TERM_INVESTMENTS,Long Term Investments,22,1,False,VNĐ,516021000000.0
2025-Q1,BS_INVESTMENTS_IN_JOINT_VENTURES,  ‣ Investments in Joint Ventures,23,2,False,VNĐ,0.0
2025-Q1,BS_CAPITAL_CONTRIBUTION_JOINT_VENTURES,  ‣ Capital Contribution Joint Ventures,24,2,False,VNĐ,0.0
2025-Q1,BS_INVESTMENTS_IN_ASSOCIATES,  ‣ Investments in Associates,25,2,False,VNĐ,0.0
2025-Q1,BS_OTHER_LONG_TERM_INVESTMENTS,  ‣ Other Long Term Investments,26,2,False,VNĐ,516021000000.0
2025-Q1,BS_PROVISION_LONG_TERM_INVESTMENTS,  ‣ Provision Long Term Investments,27,2,False,VNĐ,0.0
2025-Q1,BS_FIXED_ASSETS,Fixed Assets,28,1,False,VNĐ,2770998000000.0
2025-Q1,BS_TANGIBLE_FIXED_ASSETS,  ‣ Tangible Fixed Assets,29,2,False,VNĐ,1744133000000.0
2025-Q1,BS_TANGIBLE_FIXED_ASSETS_COST,    • Tangible Fixed Assets Cost,30,3,False,VNĐ,3540171000000.0
2025-Q1,BS_TANGIBLE_FIXED_ASSETS_ACCUMULATED_DEPRECIATION,    • Tangible Fixed Assets Accumulated Depreciation,31,3,False,VNĐ,-1796038000000.0
2025-Q1,BS_FINANCE_LEASE_FIXED_ASSETS,  ‣ Finance Lease Fixed Assets,32,2,False,VNĐ,0.0
2025-Q1,BS_FINANCE_LEASE_FIXED_ASSETS_COST,    • Finance Lease Fixed Assets Cost,33,3,False,VNĐ,0.0
2025-Q1,BS_FINANCE_LEASE_FIXED_ASSETS_ACCUMULATED_DEPRECIATION,    • Finance Lease Fixed Assets Accumulated Depreciation,34,3,False,VNĐ,-0.0
2025-Q1,BS_INTANGIBLE_FIXED_ASSETS,  ‣ Intangible Fixed Assets,35,2,False,VNĐ,1026865000000.0
2025-Q1,BS_INTANGIBLE_FIXED_ASSETS_COST,    • Intangible Fixed Assets Cost,36,3,False,VNĐ,1279176000000.0
2025-Q1,BS_INTANGIBLE_FIXED_ASSETS_ACCUMULATED_DEPRECIATION,    • Intangible Fixed Assets Accumulated Depreciation,37,3,False,VNĐ,-252311000000.0
2025-Q1,BS_INVESTMENT_PROPERTIES,Investment Properties,38,1,False,VNĐ,0.0
2025-Q1,BS_INVESTMENT_PROPERTIES_COST,  ‣ Investment Properties Cost,39,2,False,VNĐ,0.0
2025-Q1,BS_INVESTMENT_PROPERTIES_ACCUMULATED_DEPRECIATION,  ‣ Investment Properties Accumulated Depreciation,40,2,False,VNĐ,-0.0
2025-Q1,BS_OTHER_ASSETS,Other Assets,41,1,False,VNĐ,7857577000000.0
2025-Q1,BS_RECEIVABLES,  ‣ Receivables,42,2,False,VNĐ,1446202000000.0
2025-Q1,BS_INTEREST_AND_FEE_RECEIVABLES,  ‣ Interest and Fee Receivables,43,2,False,VNĐ,5740235000000.0
2025-Q1,BS_DEFERRED_TAX_ASSETS,  ‣ Deferred Tax Assets,44,2,False,VNĐ,0.0
2025-Q1,BS_OTHER_ASSETS_DETAIL,  ‣ Other Assets Detail,45,2,False,VNĐ,677543000000.0
2025-Q1,BS_GOODWILL,  ‣ Goodwill,46,2,False,VNĐ,
2025-Q1,BS_PROVISION_OTHER_ASSETS,  ‣ Provision Other Assets,47,2,False,VNĐ,-6403000000.0
2025-Q1,BS_TOTAL_LIABILITIES_AND_EQUITY,Total Liabilities and Equity,48,1,False,VNĐ,499894623000000.0
2025-Q1,BS_TOTAL_LIABILITIES,Total Liabilities,49,1,False,VNĐ,454022417000000.0
2025-Q1,BS_DUE_TO_GOVERNMENT_AND_SBV,  ‣ Due to Government and SBV,50,2,False,VNĐ,5840391000000.0
2025-Q1,BS_PLACEMENTS_AND_BORROWINGS_FROM_CREDIT_INSTITUTIONS,  ‣ Placements and Borrowings from Credit Institutions,51,2,False,VNĐ,91539306000000.0
2025-Q1,BS_PLACEMENTS_FROM_CREDIT_INSTITUTIONS,    • Placements from Credit Institutions,52,3,False,VNĐ,88804352000000.0
2025-Q1,BS_BORROWINGS_FROM_CREDIT_INSTITUTIONS,    • Borrowings from Credit Institutions,53,3,False,VNĐ,2734954000000.0
2025-Q1,BS_CUSTOMER_DEPOSITS,  ‣ Customer Deposits,54,2,False,VNĐ,293154504000000.0
2025-Q1,BS_DERIVATIVES_AND_OTHER_FINANCIAL_LIABILITIES,  ‣ Derivatives and Other Financial Liabilities,55,2,False,VNĐ,0.0
2025-Q1,BS_FUNDS_AND_ENTRUSTED_INVESTMENTS,  ‣ Funds and Entrusted Investments,56,2,False,VNĐ,0.0
2025-Q1,BS_VALUABLE_PAPERS_ISSUED,  ‣ Valuable Papers Issued,57,2,False,VNĐ,54205857000000.0
2025-Q1,BS_OTHER_LIABILITIES,  ‣ Other Liabilities,58,2,False,VNĐ,9282359000000.0
2025-Q1,BS_INTEREST_AND_FEE_PAYABLES,    • Interest and Fee Payables,59,3,False,VNĐ,7560650000000.0
2025-Q1,BS_DEFERRED_TAX_LIABILITIES,    • Deferred Tax Liabilities,60,3,False,VNĐ,
2025-Q1,BS_OTHER_PAYABLES_AND_LIABILITIES,    • Other Payables and Liabilities,61,3,False,VNĐ,1721709000000.0
2025-Q1,BS_OTHER_PROVISIONS,    • Other Provisions,62,3,False,VNĐ,0.0
2025-Q1,BS_EQUITY,Equity,63,1,False,VNĐ,45872206000000.0
2025-Q1,BS_CHARTER_CAPITAL_AND_FUNDS,  ‣ Charter Capital and Funds,64,2,False,VNĐ,29872878000000.0
2025-Q1,BS_CHARTER_CAPITAL,    • Charter Capital,65,3,False,VNĐ,29872821000000.0
2025-Q1,BS_SHARE_PREMIUM,    • Share Premium,66,3,False,VNĐ,57000000.0
2025-Q1,BS_TREASURY_SHARES,    • Treasury Shares,67,3,False,VNĐ,0.0
2025-Q1,BS_OTHER_CAPITAL,    • Other Capital,68,3,False,VNĐ,0.0
2025-Q1,BS_RESERVES,  ‣ Reserves,69,2,False,VNĐ,5640216000000.0
2025-Q1,BS_FOREIGN_EXCHANGE_DIFFERENCES,  ‣ Foreign Exchange Differences,70,2,False,VNĐ,0.0
2025-Q1,BS_ASSET_REVALUATION_DIFFERENCES,  ‣ Asset Revaluation Differences,71,2,False,VNĐ,0.0
2025-Q1,BS_RETAINED_EARNINGS,  ‣ Retained Earnings,72,2,False,VNĐ,10359112000000.0
2025-Q1,BS_MINORITY_INTEREST,Minority Interest,73,1,False,VNĐ,0.0
2025-Q1,BS_OFF_BALANCE_SHEET_ITEMS,Off Balance Sheet Items,74,1,True,VNĐ,
2025-Q1,BS_LOAN_GUARANTEES,  ‣ Loan Guarantees,75,2,True,VNĐ,
2025-Q1,BS_FX_COMMITMENTS,  ‣ FX Commitments,76,2,True,VNĐ,43370000000.0
2025-Q1,BS_COMMITMENTS_TO_BUY_FX,    • Commitments to Buy FX,77,3,True,VNĐ,3526731000000.0
2025-Q1,BS_COMMITMENTS_TO_SELL_FX,    • Commitments to Sell FX,78,3,True,VNĐ,3532517000000.0
2025-Q1,BS_SWAP_COMMITMENTS,    • Swap Commitments,79,3,True,VNĐ,175919635000000.0
2025-Q1,BS_FUTURE_COMMITMENTS,    • Future Commitments,80,3,True,VNĐ,0.0
2025-Q1,BS_IRREVOCABLE_LOAN_COMMITMENTS,  ‣ Irrevocable Loan Commitments,81,2,True,VNĐ,0.0
2025-Q1,BS_LC_COMMITMENTS,  ‣ LC Commitments,82,2,True,VNĐ,569154000000.0
2025-Q1,BS_OTHER_GUARANTEES,  ‣ Other Guarantees,83,2,True,VNĐ,2835199000000.0
2025-Q1,BS_OTHER_COMMITMENTS,  ‣ Other Commitments,84,2,True,VNĐ,1946486000000.0
2024-Q4,BS_TOTAL_ASSETS,Total Assets,1,1,False,VNĐ,508330398000000.0
2024-Q4,BS_CASH_AND_PRECIOUS_METALS,Cash and Precious Metals,2,1,False,VNĐ,1162384000000.0
2024-Q4,BS_BALANCES_WITH_SBV,Balances With SBV,3,1,False,VNĐ,14369534000000.0
2024-Q4,BS_PLACEMENTS_AND_LOANS_TO_CREDIT_INSTITUTIONS,Placements and Loans to Credit Institutions,4,1,False,VNĐ,96455319000000.0
2024-Q4,BS_PLACEMENTS_WITH_CREDIT_INSTITUTIONS,  ‣ Placements With Credit Institutions,5,2,False,VNĐ,89027361000000.0
2024-Q4,BS_LOANS_TO_CREDIT_INSTITUTIONS,  ‣ Loans to Credit Institutions,6,2,False,VNĐ,7484935000000.0
2024-Q4,BS_PROVISION_CREDIT_INSTITUTIONS,  ‣ Provision Credit Institutions,7,2,False,VNĐ,-56977000000.0
2024-Q4,BS_TRADING_SECURITIES,Trading Securities,8,1,False,VNĐ,660321000000.0
2024-Q4,BS_TRADING_SECURITIES_GROSS,  ‣ Trading Securities Gross,9,2,False,VNĐ,660321000000.0
2024-Q4,BS_PROVISION_TRADING_SECURITIES,  ‣ Provision Trading Securities,10,2,False,VNĐ,0.0
2024-Q4,BS_DERIVATIVES_AND_OTHER_FINANCIAL_ASSETS,Derivatives and Other Financial Assets,11,1,False,VNĐ,9137000000.0
2024-Q4,BS_LOANS_TO_CUSTOMERS,Loans to Customers,12,1,False,VNĐ,327276218000000.0
2024-Q4,BS_LOANS_TO_CUSTOMERS_GROSS,  ‣ Loans to Customers Gross,13,2,False,VNĐ,331606315000000.0
2024-Q4,BS_PROVISION_LOANS_TO_CUSTOMERS,  ‣ Provision Loans to Customers,14,2,False,VNĐ,-4330097000000.0
2024-Q4,BS_DEBT_PURCHASES,Debt Purchases,15,1,False,VNĐ,0.0
2024-Q4,BS_DEBT_PURCHASES_GROSS,  ‣ Debt Purchases Gross,16,2,False,VNĐ,0.0
2024-Q4,BS_PROVISION_DEBT_PURCHASES,  ‣ Provision Debt Purchases,17,2,False,VNĐ,0.0
2024-Q4,BS_INVESTMENT_SECURITIES,Investment Securities,18,1,False,VNĐ,58080339000000.0
2024-Q4,BS_AVAILABLE_FOR_SALE_SECURITIES,  ‣ Available for Sale Securities,19,2,False,VNĐ,58080339000000.0
2024-Q4,BS_HELD_TO_MATURITY_SECURITIES,  ‣ Held to Maturity Securities,20,2,False,VNĐ,0.0
2024-Q4,BS_PROVISION_INVESTMENT_SECURITIES,  ‣ Provision Investment Securities,21,2,False,VNĐ,0.0
2024-Q4,BS_LONG_TERM_INVESTMENTS,Long Term Investments,22,1,False,VNĐ,548808000000.0
2024-Q4,BS_INVESTMENTS_IN_JOINT_VENTURES,  ‣ Investments in Joint Ventures,23,2,False,VNĐ,0.0
2024-Q4,BS_CAPITAL_CONTRIBUTION_JOINT_VENTURES,  ‣ Capital Contribution Joint Ventures,24,2,False,VNĐ,0.0
2024-Q4,BS_INVESTMENTS_IN_ASSOCIATES,  ‣ Investments in Associates,25,2,False,VNĐ,0.0
2024-Q4,BS_OTHER_LONG_TERM_INVESTMENTS,  ‣ Other Long Term Investments,26,2,False,VNĐ,548808000000.0
2024-Q4,BS_PROVISION_LONG_TERM_INVESTMENTS,  ‣ Provision Long Term Investments,27,2,False,VNĐ,0.0
2024-Q4,BS_FIXED_ASSETS,Fixed Assets,28,1,False,VNĐ,2731787000000.0
2024-Q4,BS_TANGIBLE_FIXED_ASSETS,  ‣ Tangible Fixed Assets,29,2,False,VNĐ,1715789000000.0
2024-Q4,BS_TANGIBLE_FIXED_ASSETS_COST,    • Tangible Fixed Assets Cost,30,3,False,VNĐ,3469789000000.0
2024-Q4,BS_TANGIBLE_FIXED_ASSETS_ACCUMULATED_DEPRECIATION,    • Tangible Fixed Assets Accumulated Depreciation,31,3,False,VNĐ,-1754000000000.0
2024-Q4,BS_FINANCE_LEASE_FIXED_ASSETS,  ‣ Finance Lease Fixed Assets,32,2,False,VNĐ,0.0
2024-Q4,BS_FINANCE_LEASE_FIXED_ASSETS_COST,    • Finance Lease Fixed Assets Cost,33,3,False,VNĐ,0.0
2024-Q4,BS_FINANCE_LEASE_FIXED_ASSETS_ACCUMULATED_DEPRECIATION,    • Finance Lease Fixed Assets Accumulated Depreciation,34,3,False,VNĐ,-0.0
2024-Q4,BS_INTANGIBLE_FIXED_ASSETS,  ‣ Intangible Fixed Assets,35,2,False,VNĐ,1015998000000.0
2024-Q4,BS_INTANGIBLE_FIXED_ASSETS_COST,    • Intangible Fixed Assets Cost,36,3,False,VNĐ,1258422000000.0
2024-Q4,BS_INTANGIBLE_FIXED_ASSETS_ACCUMULATED_DEPRECIATION,    • Intangible Fixed Assets Accumulated Depreciation,37,3,False,VNĐ,-242424000000.0
2024-Q4,BS_INVESTMENT_PROPERTIES,Investment Properties,38,1,False,VNĐ,0.0
2024-Q4,BS_INVESTMENT_PROPERTIES_COST,  ‣ Investment Properties Cost,39,2,False,VNĐ,0.0
2024-Q4,BS_INVESTMENT_PROPERTIES_ACCUMULATED_DEPRECIATION,  ‣ Investment Properties Accumulated Depreciation,40,2,False,VNĐ,-0.0
2024-Q4,BS_OTHER_ASSETS,Other Assets,41,1,False,VNĐ,7036551000000.0
2024-Q4,BS_RECEIVABLES,  ‣ Receivables,42,2,False,VNĐ,1535761000000.0
2024-Q4,BS_INTEREST_AND_FEE_RECEIVABLES,  ‣ Interest and Fee Receivables,43,2,False,VNĐ,4745521000000.0
2024-Q4,BS_DEFERRED_TAX_ASSETS,  ‣ Deferred Tax Assets,44,2,False,VNĐ,0.0
2024-Q4,BS_OTHER_ASSETS_DETAIL,  ‣ Other Assets Detail,45,2,False,VNĐ,761672000000.0
2024-Q4,BS_GOODWILL,  ‣ Goodwill,46,2,False,VNĐ,
2024-Q4,BS_PROVISION_OTHER_ASSETS,  ‣ Provision Other Assets,47,2,False,VNĐ,-6403000000.0
2024-Q4,BS_TOTAL_LIABILITIES_AND_EQUITY,Total Liabilities and Equity,48,1,False,VNĐ,508330398000000.0
2024-Q4,BS_TOTAL_LIABILITIES,Total Liabilities,49,1,False,VNĐ,464992098000000.0
2024-Q4,BS_DUE_TO_GOVERNMENT_AND_SBV,  ‣ Due to Government and SBV,50,2,False,VNĐ,1271377000000.0
2024-Q4,BS_PLACEMENTS_AND_BORROWINGS_FROM_CREDIT_INSTITUTIONS,  ‣ Placements and Borrowings from Credit Institutions,51,2,False,VNĐ,115349011000000.0
2024-Q4,BS_PLACEMENTS_FROM_CREDIT_INSTITUTIONS,    • Placements from Credit Institutions,52,3,False,VNĐ,105407431000000.0
2024-Q4,BS_BORROWINGS_FROM_CREDIT_INSTITUTIONS,    • Borrowings from Credit Institutions,53,3,False,VNĐ,9941580000000.0
2024-Q4,BS_CUSTOMER_DEPOSITS,  ‣ Customer Deposits,54,2,False,VNĐ,283171846000000.0
2024-Q4,BS_DERIVATIVES_AND_OTHER_FINANCIAL_LIABILITIES,  ‣ Derivatives and Other Financial Liabilities,55,2,False,VNĐ,0.0
2024-Q4,BS_FUNDS_AND_ENTRUSTED_INVESTMENTS,  ‣ Funds and Entrusted Investments,56,2,False,VNĐ,0.0
2024-Q4,BS_VALUABLE_PAPERS_ISSUED,  ‣ Valuable Papers Issued,57,2,False,VNĐ,55458916000000.0
2024-Q4,BS_OTHER_LIABILITIES,  ‣ Other Liabilities,58,2,False,VNĐ,9740948000000.0
2024-Q4,BS_INTEREST_AND_FEE_PAYABLES,    • Interest and Fee Payables,59,3,False,VNĐ,7816590000000.0
2024-Q4,BS_DEFERRED_TAX_LIABILITIES,    • Deferred Tax Liabilities,60,3,False,VNĐ,
2024-Q4,BS_OTHER_PAYABLES_AND_LIABILITIES,    • Other Payables and Liabilities,61,3,False,VNĐ,1924358000000.0
2024-Q4,BS_OTHER_PROVISIONS,    • Other Provisions,62,3,False,VNĐ,0.0
2024-Q4,BS_EQUITY,Equity,63,1,False,VNĐ,43338300000000.0
2024-Q4,BS_CHARTER_CAPITAL_AND_FUNDS,  ‣ Charter Capital and Funds,64,2,False,VNĐ,25576221000000.0
2024-Q4,BS_CHARTER_CAPITAL,    • Charter Capital,65,3,False,VNĐ,25576164000000.0
2024-Q4,BS_SHARE_PREMIUM,    • Share Premium,66,3,False,VNĐ,57000000.0
2024-Q4,BS_TREASURY_SHARES,    • Treasury Shares,67,3,False,VNĐ,0.0
2024-Q4,BS_OTHER_CAPITAL,    • Other Capital,68,3,False,VNĐ,0.0
2024-Q4,BS_RESERVES,  ‣ Reserves,69,2,False,VNĐ,5640216000000.0
2024-Q4,BS_FOREIGN_EXCHANGE_DIFFERENCES,  ‣ Foreign Exchange Differences,70,2,False,VNĐ,0.0
2024-Q4,BS_ASSET_REVALUATION_DIFFERENCES,  ‣ Asset Revaluation Differences,71,2,False,VNĐ,0.0
2024-Q4,BS_RETAINED_EARNINGS,  ‣ Retained Earnings,72,2,False,VNĐ,12121863000000.0
2024-Q4,BS_MINORITY_INTEREST,Minority Interest,73,1,False,VNĐ,0.0
2024-Q4,BS_OFF_BALANCE_SHEET_ITEMS,Off Balance Sheet Items,74,1,True,VNĐ,
2024-Q4,BS_LOAN_GUARANTEES,  ‣ Loan Guarantees,75,2,True,VNĐ,
2024-Q4,BS_FX_COMMITMENTS,  ‣ FX Commitments,76,2,True,VNĐ,47370000000.0
2024-Q4,BS_COMMITMENTS_TO_BUY_FX,    • Commitments to Buy FX,77,3,True,VNĐ,5678169000000.0
2024-Q4,BS_COMMITMENTS_TO_SELL_FX,    • Commitments to Sell FX,78,3,True,VNĐ,4148345000000.0
2024-Q4,BS_SWAP_COMMITMENTS,    • Swap Commitments,79,3,True,VNĐ,163830870000000.0
2024-Q4,BS_FUTURE_COMMITMENTS,    • Future Commitments,80,3,True,VNĐ,0.0
2024-Q4,BS_IRREVOCABLE_LOAN_COMMITMENTS,  ‣ Irrevocable Loan Commitments,81,2,True,VNĐ,0.0
2024-Q4,BS_LC_COMMITMENTS,  ‣ LC Commitments,82,2,True,VNĐ,484545000000.0
2024-Q4,BS_OTHER_GUARANTEES,  ‣ Other Guarantees,83,2,True,VNĐ,3017938000000.0
2024-Q4,BS_OTHER_COMMITMENTS,  ‣ Other Commitments,84,2,True,VNĐ,5526892000000.0
2024-Q3,BS_TOTAL_ASSETS,Total Assets,1,1,False,VNĐ,455804658000000.0
2024-Q3,BS_CASH_AND_PRECIOUS_METALS,Cash and Precious Metals,2,1,False,VNĐ,1769880000000.0
2024-Q3,BS_BALANCES_WITH_SBV,Balances With SBV,3,1,False,VNĐ,7490028000000.0
2024-Q3,BS_PLACEMENTS_AND_LOANS_TO_CREDIT_INSTITUTIONS,Placements and Loans to Credit Institutions,4,1,False,VNĐ,63644983000000.0
2024-Q3,BS_PLACEMENTS_WITH_CREDIT_INSTITUTIONS,  ‣ Placements With Credit Institutions,5,2,False,VNĐ,63544983000000.0
2024-Q3,BS_LOANS_TO_CREDIT_INSTITUTIONS,  ‣ Loans to Credit Institutions,6,2,False,VNĐ,156977000000.0
2024-Q3,BS_PROVISION_CREDIT_INSTITUTIONS,  ‣ Provision Credit Institutions,7,2,False,VNĐ,-56977000000.0
2024-Q3,BS_TRADING_SECURITIES,Trading Securities,8,1,False,VNĐ,481090000000.0
2024-Q3,BS_TRADING_SECURITIES_GROSS,  ‣ Trading Securities Gross,9,2,False,VNĐ,481090000000.0
2024-Q3,BS_PROVISION_TRADING_SECURITIES,  ‣ Provision Trading Securities,10,2,False,VNĐ,0.0
2024-Q3,BS_DERIVATIVES_AND_OTHER_FINANCIAL_ASSETS,Derivatives and Other Financial Assets,11,1,False,VNĐ,175385000000.0
2024-Q3,BS_LOANS_TO_CUSTOMERS,Loans to Customers,12,1,False,VNĐ,314910347000000.0
2024-Q3,BS_LOANS_TO_CUSTOMERS_GROSS,  ‣ Loans to Customers Gross,13,2,False,VNĐ,319770412000000.0
2024-Q3,BS_PROVISION_LOANS_TO_CUSTOMERS,  ‣ Provision Loans to Customers,14,2,False,VNĐ,-4860065000000.0
2024-Q3,BS_DEBT_PURCHASES,Debt Purchases,15,1,False,VNĐ,0.0
2024-Q3,BS_DEBT_PURCHASES_GROSS,  ‣ Debt Purchases Gross,16,2,False,VNĐ,0.0
2024-Q3,BS_PROVISION_DEBT_PURCHASES,  ‣ Provision Debt Purchases,17,2,False,VNĐ,0.0
2024-Q3,BS_INVESTMENT_SECURITIES,Investment Securities,18,1,False,VNĐ,54269859000000.0
2024-Q3,BS_AVAILABLE_FOR_SALE_SECURITIES,  ‣ Available for Sale Securities,19,2,False,VNĐ,54269859000000.0
2024-Q3,BS_HELD_TO_MATURITY_SECURITIES,  ‣ Held to Maturity Securities,20,2,False,VNĐ,0.0
2024-Q3,BS_PROVISION_INVESTMENT_SECURITIES,  ‣ Provision Investment Securities,21,2,False,VNĐ,0.0
2024-Q3,BS_LONG_TERM_INVESTMENTS,Long Term Investments,22,1,False,VNĐ,548808000000.0
2024-Q3,BS_INVESTMENTS_IN_JOINT_VENTURES,  ‣ Investments in Joint Ventures,23,2,False,VNĐ,0.0
2024-Q3,BS_CAPITAL_CONTRIBUTION_JOINT_VENTURES,  ‣ Capital Contribution Joint Ventures,24,2,False,VNĐ,0.0
2024-Q3,BS_INVESTMENTS_IN_ASSOCIATES,  ‣ Investments in Associates,25,2,False,VNĐ,0.0
2024-Q3,BS_OTHER_LONG_TERM_INVESTMENTS,  ‣ Other Long Term Investments,26,2,False,VNĐ,548808000000.0
2024-Q3,BS_PROVISION_LONG_TERM_INVESTMENTS,  ‣ Provision Long Term Investments,27,2,False,VNĐ,0.0
2024-Q3,BS_FIXED_ASSETS,Fixed Assets,28,1,False,VNĐ,2504342000000.0
2024-Q3,BS_TANGIBLE_FIXED_ASSETS,  ‣ Tangible Fixed Assets,29,2,False,VNĐ,1536542000000.0
2024-Q3,BS_TANGIBLE_FIXED_ASSETS_COST,    • Tangible Fixed Assets Cost,30,3,False,VNĐ,3397690000000.0
2024-Q3,BS_TANGIBLE_FIXED_ASSETS_ACCUMULATED_DEPRECIATION,    • Tangible Fixed Assets Accumulated Depreciation,31,3,False,VNĐ,-1861148000000.0
2024-Q3,BS_FINANCE_LEASE_FIXED_ASSETS,  ‣ Finance Lease Fixed Assets,32,2,False,VNĐ,0.0
2024-Q3,BS_FINANCE_LEASE_FIXED_ASSETS_COST,    • Finance Lease Fixed Assets Cost,33,3,False,VNĐ,0.0
2024-Q3,BS_FINANCE_LEASE_FIXED_ASSETS_ACCUMULATED_DEPRECIATION,    • Finance Lease Fixed Assets Accumulated Depreciation,34,3,False,VNĐ,-0.0
2024-Q3,BS_INTANGIBLE_FIXED_ASSETS,  ‣ Intangible Fixed Assets,35,2,False,VNĐ,967800000000.0
2024-Q3,BS_INTANGIBLE_FIXED_ASSETS_COST,    • Intangible Fixed Assets Cost,36,3,False,VNĐ,1201362000000.0
2024-Q3,BS_INTANGIBLE_FIXED_ASSETS_ACCUMULATED_DEPRECIATION,    • Intangible Fixed Assets Accumulated Depreciation,37,3,False,VNĐ,-233562000000.0
2024-Q3,BS_INVESTMENT_PROPERTIES,Investment Properties,38,1,False,VNĐ,0.0
2024-Q3,BS_INVESTMENT_PROPERTIES_COST,  ‣ Investment Properties Cost,39,2,False,VNĐ,0.0
2024-Q3,BS_INVESTMENT_PROPERTIES_ACCUMULATED_DEPRECIATION,  ‣ Investment Properties Accumulated Depreciation,40,2,False,VNĐ,-0.0
2024-Q3,BS_OTHER_ASSETS,Other Assets,41,1,False,VNĐ,10009936000000.0
2024-Q3,BS_RECEIVABLES,  ‣ Receivables,42,2,False,VNĐ,1494113000000.0
2024-Q3,BS_INTEREST_AND_FEE_RECEIVABLES,  ‣ Interest and Fee Receivables,43,2,False,VNĐ,7830745000000.0
2024-Q3,BS_DEFERRED_TAX_ASSETS,  ‣ Deferred Tax Assets,44,2,False,VNĐ,0.0
2024-Q3,BS_OTHER_ASSETS_DETAIL,  ‣ Other Assets Detail,45,2,False,VNĐ,692551000000.0
2024-Q3,BS_GOODWILL,  ‣ Goodwill,46,2,False,VNĐ,
2024-Q3,BS_PROVISION_OTHER_ASSETS,  ‣ Provision Other Assets,47,2,False,VNĐ,-7473000000.0
2024-Q3,BS_TOTAL_LIABILITIES_AND_EQUITY,Total Liabilities and Equity,48,1,False,VNĐ,455804658000000.0
2024-Q3,BS_TOTAL_LIABILITIES,Total Liabilities,49,1,False,VNĐ,415136174000000.0
2024-Q3,BS_DUE_TO_GOVERNMENT_AND_SBV,  ‣ Due to Government and SBV,50,2,False,VNĐ,1980074000000.0
2024-Q3,BS_PLACEMENTS_AND_BORROWINGS_FROM_CREDIT_INSTITUTIONS,  ‣ Placements and Borrowings from Credit Institutions,51,2,False,VNĐ,84881858000000.0
2024-Q3,BS_PLACEMENTS_FROM_CREDIT_INSTITUTIONS,    • Placements from Credit Institutions,52,3,False,VNĐ,82144873000000.0
2024-Q3,BS_BORROWINGS_FROM_CREDIT_INSTITUTIONS,    • Borrowings from Credit Institutions,53,3,False,VNĐ,2736985000000.0
2024-Q3,BS_CUSTOMER_DEPOSITS,  ‣ Customer Deposits,54,2,False,VNĐ,271302521000000.0
2024-Q3,BS_DERIVATIVES_AND_OTHER_FINANCIAL_LIABILITIES,  ‣ Derivatives and Other Financial Liabilities,55,2,False,VNĐ,0.0
2024-Q3,BS_FUNDS_AND_ENTRUSTED_INVESTMENTS,  ‣ Funds and Entrusted Investments,56,2,False,VNĐ,0.0
2024-Q3,BS_VALUABLE_PAPERS_ISSUED,  ‣ Valuable Papers Issued,57,2,False,VNĐ,47322651000000.0
2024-Q3,BS_OTHER_LIABILITIES,  ‣ Other Liabilities,58,2,False,VNĐ,9649070000000.0
2024-Q3,BS_INTEREST_AND_FEE_PAYABLES,    • Interest and Fee Payables,59,3,False,VNĐ,7384162000000.0
2024-Q3,BS_DEFERRED_TAX_LIABILITIES,    • Deferred Tax Liabilities,60,3,False,VNĐ,
2024-Q3,BS_OTHER_PAYABLES_AND_LIABILITIES,    • Other Payables and Liabilities,61,3,False,VNĐ,2264908000000.0
2024-Q3,BS_OTHER_PROVISIONS,    • Other Provisions,62,3,False,VNĐ,0.0
2024-Q3,BS_EQUITY,Equity,63,1,False,VNĐ,40668484000000.0
2024-Q3,BS_CHARTER_CAPITAL_AND_FUNDS,  ‣ Charter Capital and Funds,64,2,False,VNĐ,25576221000000.0
2024-Q3,BS_CHARTER_CAPITAL,    • Charter Capital,65,3,False,VNĐ,25576164000000.0
2024-Q3,BS_SHARE_PREMIUM,    • Share Premium,66,3,False,VNĐ,57000000.0
2024-Q3,BS_TREASURY_SHARES,    • Treasury Shares,67,3,False,VNĐ,0.0
2024-Q3,BS_OTHER_CAPITAL,    • Other Capital,68,3,False,VNĐ,0.0
2024-Q3,BS_RESERVES,  ‣ Reserves,69,2,False,VNĐ,3696036000000.0
2024-Q3,BS_FOREIGN_EXCHANGE_DIFFERENCES,  ‣ Foreign Exchange Differences,70,2,False,VNĐ,0.0
2024-Q3,BS_ASSET_REVALUATION_DIFFERENCES,  ‣ Asset Revaluation Differences,71,2,False,VNĐ,0.0
2024-Q3,BS_RETAINED_EARNINGS,  ‣ Retained Earnings,72,2,False,VNĐ,11396227000000.0
2024-Q3,BS_MINORITY_INTEREST,Minority Interest,73,1,False,VNĐ,0.0
2024-Q3,BS_OFF_BALANCE_SHEET_ITEMS,Off Balance Sheet Items,74,1,True,VNĐ,
2024-Q3,BS_LOAN_GUARANTEES,  ‣ Loan Guarantees,75,2,True,VNĐ,
2024-Q3,BS_FX_COMMITMENTS,  ‣ FX Commitments,76,2,True,VNĐ,47370000000.0
2024-Q3,BS_COMMITMENTS_TO_BUY_FX,    • Commitments to Buy FX,77,3,True,VNĐ,4789109000000.0
2024-Q3,BS_COMMITMENTS_TO_SELL_FX,    • Commitments to Sell FX,78,3,True,VNĐ,5306217000000.0
2024-Q3,BS_SWAP_COMMITMENTS,    • Swap Commitments,79,3,True,VNĐ,205516679000000.0
2024-Q3,BS_FUTURE_COMMITMENTS,    • Future Commitments,80,3,True,VNĐ,0.0
2024-Q3,BS_IRREVOCABLE_LOAN_COMMITMENTS,  ‣ Irrevocable Loan Commitments,81,2,True,VNĐ,0.0
2024-Q3,BS_LC_COMMITMENTS,  ‣ LC Commitments,82,2,True,VNĐ,635462000000.0
2024-Q3,BS_OTHER_GUARANTEES,  ‣ Other Guarantees,83,2,True,VNĐ,7747512000000.0
2024-Q3,BS_OTHER_COMMITMENTS,  ‣ Other Commitments,84,2,True,VNĐ,2375334000000.0
2024-Q2,BS_TOTAL_ASSETS,Total Assets,1,1,False,VNĐ,442582942000000.0
2024-Q2,BS_CASH_AND_PRECIOUS_METALS,Cash and Precious Metals,2,1,False,VNĐ,2199290000000.0
2024-Q2,BS_BALANCES_WITH_SBV,Balances With SBV,3,1,False,VNĐ,8647999000000.0
2024-Q2,BS_PLACEMENTS_AND_LOANS_TO_CREDIT_INSTITUTIONS,Placements and Loans to Credit Institutions,4,1,False,VNĐ,56075546000000.0
2024-Q2,BS_PLACEMENTS_WITH_CREDIT_INSTITUTIONS,  ‣ Placements With Credit Institutions,5,2,False,VNĐ,55675546000000.0
2024-Q2,BS_LOANS_TO_CREDIT_INSTITUTIONS,  ‣ Loans to Credit Institutions,6,2,False,VNĐ,456977000000.0
2024-Q2,BS_PROVISION_CREDIT_INSTITUTIONS,  ‣ Provision Credit Institutions,7,2,False,VNĐ,-56977000000.0
2024-Q2,BS_TRADING_SECURITIES,Trading Securities,8,1,False,VNĐ,275572000000.0
2024-Q2,BS_TRADING_SECURITIES_GROSS,  ‣ Trading Securities Gross,9,2,False,VNĐ,275572000000.0
2024-Q2,BS_PROVISION_TRADING_SECURITIES,  ‣ Provision Trading Securities,10,2,False,VNĐ,0.0
2024-Q2,BS_DERIVATIVES_AND_OTHER_FINANCIAL_ASSETS,Derivatives and Other Financial Assets,11,1,False,VNĐ,0.0
2024-Q2,BS_LOANS_TO_CUSTOMERS,Loans to Customers,12,1,False,VNĐ,313166615000000.0
2024-Q2,BS_LOANS_TO_CUSTOMERS_GROSS,  ‣ Loans to Customers Gross,13,2,False,VNĐ,317394669000000.0
2024-Q2,BS_PROVISION_LOANS_TO_CUSTOMERS,  ‣ Provision Loans to Customers,14,2,False,VNĐ,-4228054000000.0
2024-Q2,BS_DEBT_PURCHASES,Debt Purchases,15,1,False,VNĐ,21796000000.0
2024-Q2,BS_DEBT_PURCHASES_GROSS,  ‣ Debt Purchases Gross,16,2,False,VNĐ,21961000000.0
2024-Q2,BS_PROVISION_DEBT_PURCHASES,  ‣ Provision Debt Purchases,17,2,False,VNĐ,-165000000.0
2024-Q2,BS_INVESTMENT_SECURITIES,Investment Securities,18,1,False,VNĐ,51287574000000.0
2024-Q2,BS_AVAILABLE_FOR_SALE_SECURITIES,  ‣ Available for Sale Securities,19,2,False,VNĐ,51287574000000.0
2024-Q2,BS_HELD_TO_MATURITY_SECURITIES,  ‣ Held to Maturity Securities,20,2,False,VNĐ,0.0
2024-Q2,BS_PROVISION_INVESTMENT_SECURITIES,  ‣ Provision Investment Securities,21,2,False,VNĐ,0.0
2024-Q2,BS_LONG_TERM_INVESTMENTS,Long Term Investments,22,1,False,VNĐ,548808000000.0
2024-Q2,BS_INVESTMENTS_IN_JOINT_VENTURES,  ‣ Investments in Joint Ventures,23,2,False,VNĐ,0.0
2024-Q2,BS_CAPITAL_CONTRIBUTION_JOINT_VENTURES,  ‣ Capital Contribution Joint Ventures,24,2,False,VNĐ,0.0
2024-Q2,BS_INVESTMENTS_IN_ASSOCIATES,  ‣ Investments in Associates,25,2,False,VNĐ,0.0
2024-Q2,BS_OTHER_LONG_TERM_INVESTMENTS,  ‣ Other Long Term Investments,26,2,False,VNĐ,548808000000.0
2024-Q2,BS_PROVISION_LONG_TERM_INVESTMENTS,  ‣ Provision Long Term Investments,27,2,False,VNĐ,0.0
2024-Q2,BS_FIXED_ASSETS,Fixed Assets,28,1,False,VNĐ,2390962000000.0
2024-Q2,BS_TANGIBLE_FIXED_ASSETS,  ‣ Tangible Fixed Assets,29,2,False,VNĐ,1564408000000.0
2024-Q2,BS_TANGIBLE_FIXED_ASSETS_COST,    • Tangible Fixed Assets Cost,30,3,False,VNĐ,3397886000000.0
2024-Q2,BS_TANGIBLE_FIXED_ASSETS_ACCUMULATED_DEPRECIATION,    • Tangible Fixed Assets Accumulated Depreciation,31,3,False,VNĐ,-1833478000000.0
2024-Q2,BS_FINANCE_LEASE_FIXED_ASSETS,  ‣ Finance Lease Fixed Assets,32,2,False,VNĐ,0.0
2024-Q2,BS_FINANCE_LEASE_FIXED_ASSETS_COST,    • Finance Lease Fixed Assets Cost,33,3,False,VNĐ,0.0
2024-Q2,BS_FINANCE_LEASE_FIXED_ASSETS_ACCUMULATED_DEPRECIATION,    • Finance Lease Fixed Assets Accumulated Depreciation,34,3,False,VNĐ,-0.0
2024-Q2,BS_INTANGIBLE_FIXED_ASSETS,  ‣ Intangible Fixed Assets,35,2,False,VNĐ,826554000000.0
2024-Q2,BS_INTANGIBLE_FIXED_ASSETS_COST,    • Intangible Fixed Assets Cost,36,3,False,VNĐ,1053116000000.0
2024-Q2,BS_INTANGIBLE_FIXED_ASSETS_ACCUMULATED_DEPRECIATION,    • Intangible Fixed Assets Accumulated Depreciation,37,3,False,VNĐ,-226562000000.0
2024-Q2,BS_INVESTMENT_PROPERTIES,Investment Properties,38,1,False,VNĐ,0.0
2024-Q2,BS_INVESTMENT_PROPERTIES_COST,  ‣ Investment Properties Cost,39,2,False,VNĐ,0.0
2024-Q2,BS_INVESTMENT_PROPERTIES_ACCUMULATED_DEPRECIATION,  ‣ Investment Properties Accumulated Depreciation,40,2,False,VNĐ,-0.0
2024-Q2,BS_OTHER_ASSETS,Other Assets,41,1,False,VNĐ,7968780000000.0
2024-Q2,BS_RECEIVABLES,  ‣ Receivables,42,2,False,VNĐ,1277269000000.0
2024-Q2,BS_INTEREST_AND_FEE_RECEIVABLES,  ‣ Interest and Fee Receivables,43,2,False,VNĐ,6078404000000.0
2024-Q2,BS_DEFERRED_TAX_ASSETS,  ‣ Deferred Tax Assets,44,2,False,VNĐ,0.0
2024-Q2,BS_OTHER_ASSETS_DETAIL,  ‣ Other Assets Detail,45,2,False,VNĐ,620543000000.0
2024-Q2,BS_GOODWILL,  ‣ Goodwill,46,2,False,VNĐ,
2024-Q2,BS_PROVISION_OTHER_ASSETS,  ‣ Provision Other Assets,47,2,False,VNĐ,-7436000000.0
2024-Q2,BS_TOTAL_LIABILITIES_AND_EQUITY,Total Liabilities and Equity,48,1,False,VNĐ,442582942000000.0
2024-Q2,BS_TOTAL_LIABILITIES,Total Liabilities,49,1,False,VNĐ,404245239000000.0
2024-Q2,BS_DUE_TO_GOVERNMENT_AND_SBV,  ‣ Due to Government and SBV,50,2,False,VNĐ,92953000000.0
2024-Q2,BS_PLACEMENTS_AND_BORROWINGS_FROM_CREDIT_INSTITUTIONS,  ‣ Placements and Borrowings from Credit Institutions,51,2,False,VNĐ,55667404000000.0
2024-Q2,BS_PLACEMENTS_FROM_CREDIT_INSTITUTIONS,    • Placements from Credit Institutions,52,3,False,VNĐ,54882345000000.0
2024-Q2,BS_BORROWINGS_FROM_CREDIT_INSTITUTIONS,    • Borrowings from Credit Institutions,53,3,False,VNĐ,785059000000.0
2024-Q2,BS_CUSTOMER_DEPOSITS,  ‣ Customer Deposits,54,2,False,VNĐ,288097945000000.0
2024-Q2,BS_DERIVATIVES_AND_OTHER_FINANCIAL_LIABILITIES,  ‣ Derivatives and Other Financial Liabilities,55,2,False,VNĐ,1272649000000.0
2024-Q2,BS_FUNDS_AND_ENTRUSTED_INVESTMENTS,  ‣ Funds and Entrusted Investments,56,2,False,VNĐ,0.0
2024-Q2,BS_VALUABLE_PAPERS_ISSUED,  ‣ Valuable Papers Issued,57,2,False,VNĐ,48844801000000.0
2024-Q2,BS_OTHER_LIABILITIES,  ‣ Other Liabilities,58,2,False,VNĐ,10269487000000.0
2024-Q2,BS_INTEREST_AND_FEE_PAYABLES,    • Interest and Fee Payables,59,3,False,VNĐ,7083729000000.0
2024-Q2,BS_DEFERRED_TAX_LIABILITIES,    • Deferred Tax Liabilities,60,3,False,VNĐ,
2024-Q2,BS_OTHER_PAYABLES_AND_LIABILITIES,    • Other Payables and Liabilities,61,3,False,VNĐ,3185758000000.0
2024-Q2,BS_OTHER_PROVISIONS,    • Other Provisions,62,3,False,VNĐ,0.0
2024-Q2,BS_EQUITY,Equity,63,1,False,VNĐ,38337703000000.0
2024-Q2,BS_CHARTER_CAPITAL_AND_FUNDS,  ‣ Charter Capital and Funds,64,2,False,VNĐ,25576221000000.0
2024-Q2,BS_CHARTER_CAPITAL,    • Charter Capital,65,3,False,VNĐ,25576164000000.0
2024-Q2,BS_SHARE_PREMIUM,    • Share Premium,66,3,False,VNĐ,57000000.0
2024-Q2,BS_TREASURY_SHARES,    • Treasury Shares,67,3,False,VNĐ,0.0
2024-Q2,BS_OTHER_CAPITAL,    • Other Capital,68,3,False,VNĐ,0.0
2024-Q2,BS_RESERVES,  ‣ Reserves,69,2,False,VNĐ,3696036000000.0
2024-Q2,BS_FOREIGN_EXCHANGE_DIFFERENCES,  ‣ Foreign Exchange Differences,70,2,False,VNĐ,0.0
2024-Q2,BS_ASSET_REVALUATION_DIFFERENCES,  ‣ Asset Revaluation Differences,71,2,False,VNĐ,0.0
2024-Q2,BS_RETAINED_EARNINGS,  ‣ Retained Earnings,72,2,False,VNĐ,9065446000000.0
2024-Q2,BS_MINORITY_INTEREST,Minority Interest,73,1,False,VNĐ,0.0
2024-Q2,BS_OFF_BALANCE_SHEET_ITEMS,Off Balance Sheet Items,74,1,True,VNĐ,
2024-Q2,BS_LOAN_GUARANTEES,  ‣ Loan Guarantees,75,2,True,VNĐ,
2024-Q2,BS_FX_COMMITMENTS,  ‣ FX Commitments,76,2,True,VNĐ,51370000000.0
2024-Q2,BS_COMMITMENTS_TO_BUY_FX,    • Commitments to Buy FX,77,3,True,VNĐ,4648438000000.0
2024-Q2,BS_COMMITMENTS_TO_SELL_FX,    • Commitments to Sell FX,78,3,True,VNĐ,3197798000000.0
2024-Q2,BS_SWAP_COMMITMENTS,    • Swap Commitments,79,3,True,VNĐ,166961047000000.0
2024-Q2,BS_FUTURE_COMMITMENTS,    • Future Commitments,80,3,True,VNĐ,0.0
2024-Q2,BS_IRREVOCABLE_LOAN_COMMITMENTS,  ‣ Irrevocable Loan Commitments,81,2,True,VNĐ,0.0
2024-Q2,BS_LC_COMMITMENTS,  ‣ LC Commitments,82,2,True,VNĐ,385939000000.0
2024-Q2,BS_OTHER_GUARANTEES,  ‣ Other Guarantees,83,2,True,VNĐ,2699083000000.0
2024-Q2,BS_OTHER_COMMITMENTS,  ‣ Other Commitments,84,2,True,VNĐ,4773870000000.0
2024-Q1,BS_TOTAL_ASSETS,Total Assets,1,1,False,VNĐ,409763817000000.0
2024-Q1,BS_CASH_AND_PRECIOUS_METALS,Cash and Precious Metals,2,1,False,VNĐ,2233613000000.0
2024-Q1,BS_BALANCES_WITH_SBV,Balances With SBV,3,1,False,VNĐ,11256898000000.0
2024-Q1,BS_PLACEMENTS_AND_LOANS_TO_CREDIT_INSTITUTIONS,Placements and Loans to Credit Institutions,4,1,False,VNĐ,42276056000000.0
2024-Q1,BS_PLACEMENTS_WITH_CREDIT_INSTITUTIONS,  ‣ Placements With Credit Institutions,5,2,False,VNĐ,42176056000000.0
2024-Q1,BS_LOANS_TO_CREDIT_INSTITUTIONS,  ‣ Loans to Credit Institutions,6,2,False,VNĐ,156977000000.0
2024-Q1,BS_PROVISION_CREDIT_INSTITUTIONS,  ‣ Provision Credit Institutions,7,2,False,VNĐ,-56977000000.0
2024-Q1,BS_TRADING_SECURITIES,Trading Securities,8,1,False,VNĐ,592920000000.0
2024-Q1,BS_TRADING_SECURITIES_GROSS,  ‣ Trading Securities Gross,9,2,False,VNĐ,592920000000.0
2024-Q1,BS_PROVISION_TRADING_SECURITIES,  ‣ Provision Trading Securities,10,2,False,VNĐ,0.0
2024-Q1,BS_DERIVATIVES_AND_OTHER_FINANCIAL_ASSETS,Derivatives and Other Financial Assets,11,1,False,VNĐ,0.0
2024-Q1,BS_LOANS_TO_CUSTOMERS,Loans to Customers,12,1,False,VNĐ,303890677000000.0
2024-Q1,BS_LOANS_TO_CUSTOMERS_GROSS,  ‣ Loans to Customers Gross,13,2,False,VNĐ,307686513000000.0
2024-Q1,BS_PROVISION_LOANS_TO_CUSTOMERS,  ‣ Provision Loans to Customers,14,2,False,VNĐ,-3795836000000.0
2024-Q1,BS_DEBT_PURCHASES,Debt Purchases,15,1,False,VNĐ,21796000000.0
2024-Q1,BS_DEBT_PURCHASES_GROSS,  ‣ Debt Purchases Gross,16,2,False,VNĐ,21961000000.0
2024-Q1,BS_PROVISION_DEBT_PURCHASES,  ‣ Provision Debt Purchases,17,2,False,VNĐ,-165000000.0
2024-Q1,BS_INVESTMENT_SECURITIES,Investment Securities,18,1,False,VNĐ,40961073000000.0
2024-Q1,BS_AVAILABLE_FOR_SALE_SECURITIES,  ‣ Available for Sale Securities,19,2,False,VNĐ,40961073000000.0
2024-Q1,BS_HELD_TO_MATURITY_SECURITIES,  ‣ Held to Maturity Securities,20,2,False,VNĐ,0.0
2024-Q1,BS_PROVISION_INVESTMENT_SECURITIES,  ‣ Provision Investment Securities,21,2,False,VNĐ,0.0
2024-Q1,BS_LONG_TERM_INVESTMENTS,Long Term Investments,22,1,False,VNĐ,348718000000.0
2024-Q1,BS_INVESTMENTS_IN_JOINT_VENTURES,  ‣ Investments in Joint Ventures,23,2,False,VNĐ,0.0
2024-Q1,BS_CAPITAL_CONTRIBUTION_JOINT_VENTURES,  ‣ Capital Contribution Joint Ventures,24,2,False,VNĐ,0.0
2024-Q1,BS_INVESTMENTS_IN_ASSOCIATES,  ‣ Investments in Associates,25,2,False,VNĐ,0.0
2024-Q1,BS_OTHER_LONG_TERM_INVESTMENTS,  ‣ Other Long Term Investments,26,2,False,VNĐ,348718000000.0
2024-Q1,BS_PROVISION_LONG_TERM_INVESTMENTS,  ‣ Provision Long Term Investments,27,2,False,VNĐ,0.0
2024-Q1,BS_FIXED_ASSETS,Fixed Assets,28,1,False,VNĐ,1975090000000.0
2024-Q1,BS_TANGIBLE_FIXED_ASSETS,  ‣ Tangible Fixed Assets,29,2,False,VNĐ,1186263000000.0
2024-Q1,BS_TANGIBLE_FIXED_ASSETS_COST,    • Tangible Fixed Assets Cost,30,3,False,VNĐ,2975545000000.0
2024-Q1,BS_TANGIBLE_FIXED_ASSETS_ACCUMULATED_DEPRECIATION,    • Tangible Fixed Assets Accumulated Depreciation,31,3,False,VNĐ,-1789282000000.0
2024-Q1,BS_FINANCE_LEASE_FIXED_ASSETS,  ‣ Finance Lease Fixed Assets,32,2,False,VNĐ,0.0
2024-Q1,BS_FINANCE_LEASE_FIXED_ASSETS_COST,    • Finance Lease Fixed Assets Cost,33,3,False,VNĐ,0.0
2024-Q1,BS_FINANCE_LEASE_FIXED_ASSETS_ACCUMULATED_DEPRECIATION,    • Finance Lease Fixed Assets Accumulated Depreciation,34,3,False,VNĐ,-0.0
2024-Q1,BS_INTANGIBLE_FIXED_ASSETS,  ‣ Intangible Fixed Assets,35,2,False,VNĐ,788827000000.0
2024-Q1,BS_INTANGIBLE_FIXED_ASSETS_COST,    • Intangible Fixed Assets Cost,36,3,False,VNĐ,1010173000000.0
2024-Q1,BS_INTANGIBLE_FIXED_ASSETS_ACCUMULATED_DEPRECIATION,    • Intangible Fixed Assets Accumulated Depreciation,37,3,False,VNĐ,-221346000000.0
2024-Q1,BS_INVESTMENT_PROPERTIES,Investment Properties,38,1,False,VNĐ,0.0
2024-Q1,BS_INVESTMENT_PROPERTIES_COST,  ‣ Investment Properties Cost,39,2,False,VNĐ,0.0
2024-Q1,BS_INVESTMENT_PROPERTIES_ACCUMULATED_DEPRECIATION,  ‣ Investment Properties Accumulated Depreciation,40,2,False,VNĐ,-0.0
2024-Q1,BS_OTHER_ASSETS,Other Assets,41,1,False,VNĐ,6206976000000.0
2024-Q1,BS_RECEIVABLES,  ‣ Receivables,42,2,False,VNĐ,1530843000000.0
2024-Q1,BS_INTEREST_AND_FEE_RECEIVABLES,  ‣ Interest and Fee Receivables,43,2,False,VNĐ,4033947000000.0
2024-Q1,BS_DEFERRED_TAX_ASSETS,  ‣ Deferred Tax Assets,44,2,False,VNĐ,0.0
2024-Q1,BS_OTHER_ASSETS_DETAIL,  ‣ Other Assets Detail,45,2,False,VNĐ,649622000000.0
2024-Q1,BS_GOODWILL,  ‣ Goodwill,46,2,False,VNĐ,
2024-Q1,BS_PROVISION_OTHER_ASSETS,  ‣ Provision Other Assets,47,2,False,VNĐ,-7436000000.0
2024-Q1,BS_TOTAL_LIABILITIES_AND_EQUITY,Total Liabilities and Equity,48,1,False,VNĐ,409763817000000.0
2024-Q1,BS_TOTAL_LIABILITIES,Total Liabilities,49,1,False,VNĐ,373347756000000.0
2024-Q1,BS_DUE_TO_GOVERNMENT_AND_SBV,  ‣ Due to Government and SBV,50,2,False,VNĐ,1089160000000.0
2024-Q1,BS_PLACEMENTS_AND_BORROWINGS_FROM_CREDIT_INSTITUTIONS,  ‣ Placements and Borrowings from Credit Institutions,51,2,False,VNĐ,55855161000000.0
2024-Q1,BS_PLACEMENTS_FROM_CREDIT_INSTITUTIONS,    • Placements from Credit Institutions,52,3,False,VNĐ,53823862000000.0
2024-Q1,BS_BORROWINGS_FROM_CREDIT_INSTITUTIONS,    • Borrowings from Credit Institutions,53,3,False,VNĐ,2031299000000.0
2024-Q1,BS_CUSTOMER_DEPOSITS,  ‣ Customer Deposits,54,2,False,VNĐ,261994464000000.0
2024-Q1,BS_DERIVATIVES_AND_OTHER_FINANCIAL_LIABILITIES,  ‣ Derivatives and Other Financial Liabilities,55,2,False,VNĐ,634430000000.0
2024-Q1,BS_FUNDS_AND_ENTRUSTED_INVESTMENTS,  ‣ Funds and Entrusted Investments,56,2,False,VNĐ,0.0
2024-Q1,BS_VALUABLE_PAPERS_ISSUED,  ‣ Valuable Papers Issued,57,2,False,VNĐ,42497939000000.0
2024-Q1,BS_OTHER_LIABILITIES,  ‣ Other Liabilities,58,2,False,VNĐ,11276602000000.0
2024-Q1,BS_INTEREST_AND_FEE_PAYABLES,    • Interest and Fee Payables,59,3,False,VNĐ,7607470000000.0
2024-Q1,BS_DEFERRED_TAX_LIABILITIES,    • Deferred Tax Liabilities,60,3,False,VNĐ,
2024-Q1,BS_OTHER_PAYABLES_AND_LIABILITIES,    • Other Payables and Liabilities,61,3,False,VNĐ,3669132000000.0
2024-Q1,BS_OTHER_PROVISIONS,    • Other Provisions,62,3,False,VNĐ,0.0
2024-Q1,BS_EQUITY,Equity,63,1,False,VNĐ,36416061000000.0
2024-Q1,BS_CHARTER_CAPITAL_AND_FUNDS,  ‣ Charter Capital and Funds,64,2,False,VNĐ,25576221000000.0
2024-Q1,BS_CHARTER_CAPITAL,    • Charter Capital,65,3,False,VNĐ,25576164000000.0
2024-Q1,BS_SHARE_PREMIUM,    • Share Premium,66,3,False,VNĐ,57000000.0
2024-Q1,BS_TREASURY_SHARES,    • Treasury Shares,67,3,False,VNĐ,0.0
2024-Q1,BS_OTHER_CAPITAL,    • Other Capital,68,3,False,VNĐ,0.0
2024-Q1,BS_RESERVES,  ‣ Reserves,69,2,False,VNĐ,3696036000000.0
2024-Q1,BS_FOREIGN_EXCHANGE_DIFFERENCES,  ‣ Foreign Exchange Differences,70,2,False,VNĐ,0.0
2024-Q1,BS_ASSET_REVALUATION_DIFFERENCES,  ‣ Asset Revaluation Differences,71,2,False,VNĐ,0.0
2024-Q1,BS_RETAINED_EARNINGS,  ‣ Retained Earnings,72,2,False,VNĐ,7143804000000.0
2024-Q1,BS_MINORITY_INTEREST,Minority Interest,73,1,False,VNĐ,0.0
2024-Q1,BS_OFF_BALANCE_SHEET_ITEMS,Off Balance Sheet Items,74,1,True,VNĐ,
2024-Q1,BS_LOAN_GUARANTEES,  ‣ Loan Guarantees,75,2,True,VNĐ,
2024-Q1,BS_FX_COMMITMENTS,  ‣ FX Commitments,76,2,True,VNĐ,51340000000.0
2024-Q1,BS_COMMITMENTS_TO_BUY_FX,    • Commitments to Buy FX,77,3,True,VNĐ,580484000000.0
2024-Q1,BS_COMMITMENTS_TO_SELL_FX,    • Commitments to Sell FX,78,3,True,VNĐ,3291337000000.0
2024-Q1,BS_SWAP_COMMITMENTS,    • Swap Commitments,79,3,True,VNĐ,184348710000000.0
2024-Q1,BS_FUTURE_COMMITMENTS,    • Future Commitments,80,3,True,VNĐ,0.0
2024-Q1,BS_IRREVOCABLE_LOAN_COMMITMENTS,  ‣ Irrevocable Loan Commitments,81,2,True,VNĐ,0.0
2024-Q1,BS_LC_COMMITMENTS,  ‣ LC Commitments,82,2,True,VNĐ,473609000000.0
2024-Q1,BS_OTHER_GUARANTEES,  ‣ Other Guarantees,83,2,True,VNĐ,3769594000000.0
2024-Q1,BS_OTHER_COMMITMENTS,  ‣ Other Commitments,84,2,True,VNĐ,4738351000000.0
2023-Q4,BS_TOTAL_ASSETS,Total Assets,1,1,False,VNĐ,382863179000000.0
2023-Q4,BS_CASH_AND_PRECIOUS_METALS,Cash and Precious Metals,2,1,False,VNĐ,2382762000000.0
2023-Q4,BS_BALANCES_WITH_SBV,Balances With SBV,3,1,False,VNĐ,14578444000000.0
2023-Q4,BS_PLACEMENTS_AND_LOANS_TO_CREDIT_INSTITUTIONS,Placements and Loans to Credit Institutions,4,1,False,VNĐ,35527676000000.0
2023-Q4,BS_PLACEMENTS_WITH_CREDIT_INSTITUTIONS,  ‣ Placements With Credit Institutions,5,2,False,VNĐ,35059076000000.0
2023-Q4,BS_LOANS_TO_CREDIT_INSTITUTIONS,  ‣ Loans to Credit Institutions,6,2,False,VNĐ,526177000000.0
2023-Q4,BS_PROVISION_CREDIT_INSTITUTIONS,  ‣ Provision Credit Institutions,7,2,False,VNĐ,-57577000000.0
2023-Q4,BS_TRADING_SECURITIES,Trading Securities,8,1,False,VNĐ,580440000000.0
2023-Q4,BS_TRADING_SECURITIES_GROSS,  ‣ Trading Securities Gross,9,2,False,VNĐ,580440000000.0
2023-Q4,BS_PROVISION_TRADING_SECURITIES,  ‣ Provision Trading Securities,10,2,False,VNĐ,0.0
2023-Q4,BS_DERIVATIVES_AND_OTHER_FINANCIAL_ASSETS,Derivatives and Other Financial Assets,11,1,False,VNĐ,0.0
2023-Q4,BS_LOANS_TO_CUSTOMERS,Loans to Customers,12,1,False,VNĐ,271972649000000.0
2023-Q4,BS_LOANS_TO_CUSTOMERS_GROSS,  ‣ Loans to Customers Gross,13,2,False,VNĐ,275430884000000.0
2023-Q4,BS_PROVISION_LOANS_TO_CUSTOMERS,  ‣ Provision Loans to Customers,14,2,False,VNĐ,-3458235000000.0
2023-Q4,BS_DEBT_PURCHASES,Debt Purchases,15,1,False,VNĐ,21796000000.0
2023-Q4,BS_DEBT_PURCHASES_GROSS,  ‣ Debt Purchases Gross,16,2,False,VNĐ,21961000000.0
2023-Q4,BS_PROVISION_DEBT_PURCHASES,  ‣ Provision Debt Purchases,17,2,False,VNĐ,-165000000.0
2023-Q4,BS_INVESTMENT_SECURITIES,Investment Securities,18,1,False,VNĐ,46844368000000.0
2023-Q4,BS_AVAILABLE_FOR_SALE_SECURITIES,  ‣ Available for Sale Securities,19,2,False,VNĐ,46844368000000.0
2023-Q4,BS_HELD_TO_MATURITY_SECURITIES,  ‣ Held to Maturity Securities,20,2,False,VNĐ,0.0
2023-Q4,BS_PROVISION_INVESTMENT_SECURITIES,  ‣ Provision Investment Securities,21,2,False,VNĐ,0.0
2023-Q4,BS_LONG_TERM_INVESTMENTS,Long Term Investments,22,1,False,VNĐ,348718000000.0
2023-Q4,BS_INVESTMENTS_IN_JOINT_VENTURES,  ‣ Investments in Joint Ventures,23,2,False,VNĐ,0.0
2023-Q4,BS_CAPITAL_CONTRIBUTION_JOINT_VENTURES,  ‣ Capital Contribution Joint Ventures,24,2,False,VNĐ,0.0
2023-Q4,BS_INVESTMENTS_IN_ASSOCIATES,  ‣ Investments in Associates,25,2,False,VNĐ,0.0
2023-Q4,BS_OTHER_LONG_TERM_INVESTMENTS,  ‣ Other Long Term Investments,26,2,False,VNĐ,348718000000.0
2023-Q4,BS_PROVISION_LONG_TERM_INVESTMENTS,  ‣ Provision Long Term Investments,27,2,False,VNĐ,0.0
2023-Q4,BS_FIXED_ASSETS,Fixed Assets,28,1,False,VNĐ,1949987000000.0
2023-Q4,BS_TANGIBLE_FIXED_ASSETS,  ‣ Tangible Fixed Assets,29,2,False,VNĐ,1170643000000.0
2023-Q4,BS_TANGIBLE_FIXED_ASSETS_COST,    • Tangible Fixed Assets Cost,30,3,False,VNĐ,2940904000000.0
2023-Q4,BS_TANGIBLE_FIXED_ASSETS_ACCUMULATED_DEPRECIATION,    • Tangible Fixed Assets Accumulated Depreciation,31,3,False,VNĐ,-1770261000000.0
2023-Q4,BS_FINANCE_LEASE_FIXED_ASSETS,  ‣ Finance Lease Fixed Assets,32,2,False,VNĐ,0.0
2023-Q4,BS_FINANCE_LEASE_FIXED_ASSETS_COST,    • Finance Lease Fixed Assets Cost,33,3,False,VNĐ,0.0
2023-Q4,BS_FINANCE_LEASE_FIXED_ASSETS_ACCUMULATED_DEPRECIATION,    • Finance Lease Fixed Assets Accumulated Depreciation,34,3,False,VNĐ,-0.0
2023-Q4,BS_INTANGIBLE_FIXED_ASSETS,  ‣ Intangible Fixed Assets,35,2,False,VNĐ,779344000000.0
2023-Q4,BS_INTANGIBLE_FIXED_ASSETS_COST,    • Intangible Fixed Assets Cost,36,3,False,VNĐ,996036000000.0
2023-Q4,BS_INTANGIBLE_FIXED_ASSETS_ACCUMULATED_DEPRECIATION,    • Intangible Fixed Assets Accumulated Depreciation,37,3,False,VNĐ,-216692000000.0
2023-Q4,BS_INVESTMENT_PROPERTIES,Investment Properties,38,1,False,VNĐ,0.0
2023-Q4,BS_INVESTMENT_PROPERTIES_COST,  ‣ Investment Properties Cost,39,2,False,VNĐ,0.0
2023-Q4,BS_INVESTMENT_PROPERTIES_ACCUMULATED_DEPRECIATION,  ‣ Investment Properties Accumulated Depreciation,40,2,False,VNĐ,-0.0
2023-Q4,BS_OTHER_ASSETS,Other Assets,41,1,False,VNĐ,8656339000000.0
2023-Q4,BS_RECEIVABLES,  ‣ Receivables,42,2,False,VNĐ,3050171000000.0
2023-Q4,BS_INTEREST_AND_FEE_RECEIVABLES,  ‣ Interest and Fee Receivables,43,2,False,VNĐ,5037867000000.0
2023-Q4,BS_DEFERRED_TAX_ASSETS,  ‣ Deferred Tax Assets,44,2,False,VNĐ,0.0
2023-Q4,BS_OTHER_ASSETS_DETAIL,  ‣ Other Assets Detail,45,2,False,VNĐ,575737000000.0
2023-Q4,BS_GOODWILL,  ‣ Goodwill,46,2,False,VNĐ,
2023-Q4,BS_PROVISION_OTHER_ASSETS,  ‣ Provision Other Assets,47,2,False,VNĐ,-7436000000.0
2023-Q4,BS_TOTAL_LIABILITIES_AND_EQUITY,Total Liabilities and Equity,48,1,False,VNĐ,382863179000000.0
2023-Q4,BS_TOTAL_LIABILITIES,Total Liabilities,49,1,False,VNĐ,348745779000000.0
2023-Q4,BS_DUE_TO_GOVERNMENT_AND_SBV,  ‣ Due to Government and SBV,50,2,False,VNĐ,89576000000.0
2023-Q4,BS_PLACEMENTS_AND_BORROWINGS_FROM_CREDIT_INSTITUTIONS,  ‣ Placements and Borrowings from Credit Institutions,51,2,False,VNĐ,50112429000000.0
2023-Q4,BS_PLACEMENTS_FROM_CREDIT_INSTITUTIONS,    • Placements from Credit Institutions,52,3,False,VNĐ,47152604000000.0
2023-Q4,BS_BORROWINGS_FROM_CREDIT_INSTITUTIONS,    • Borrowings from Credit Institutions,53,3,False,VNĐ,2959825000000.0
2023-Q4,BS_CUSTOMER_DEPOSITS,  ‣ Customer Deposits,54,2,False,VNĐ,237391609000000.0
2023-Q4,BS_DERIVATIVES_AND_OTHER_FINANCIAL_LIABILITIES,  ‣ Derivatives and Other Financial Liabilities,55,2,False,VNĐ,75786000000.0
2023-Q4,BS_FUNDS_AND_ENTRUSTED_INVESTMENTS,  ‣ Funds and Entrusted Investments,56,2,False,VNĐ,0.0
2023-Q4,BS_VALUABLE_PAPERS_ISSUED,  ‣ Valuable Papers Issued,57,2,False,VNĐ,47909881000000.0
2023-Q4,BS_OTHER_LIABILITIES,  ‣ Other Liabilities,58,2,False,VNĐ,13166498000000.0
2023-Q4,BS_INTEREST_AND_FEE_PAYABLES,    • Interest and Fee Payables,59,3,False,VNĐ,9839488000000.0
2023-Q4,BS_DEFERRED_TAX_LIABILITIES,    • Deferred Tax Liabilities,60,3,False,VNĐ,
2023-Q4,BS_OTHER_PAYABLES_AND_LIABILITIES,    • Other Payables and Liabilities,61,3,False,VNĐ,3327010000000.0
2023-Q4,BS_OTHER_PROVISIONS,    • Other Provisions,62,3,False,VNĐ,0.0
2023-Q4,BS_EQUITY,Equity,63,1,False,VNĐ,34117400000000.0
2023-Q4,BS_CHARTER_CAPITAL_AND_FUNDS,  ‣ Charter Capital and Funds,64,2,False,VNĐ,25576221000000.0
2023-Q4,BS_CHARTER_CAPITAL,    • Charter Capital,65,3,False,VNĐ,25576164000000.0
2023-Q4,BS_SHARE_PREMIUM,    • Share Premium,66,3,False,VNĐ,57000000.0
2023-Q4,BS_TREASURY_SHARES,    • Treasury Shares,67,3,False,VNĐ,0.0
2023-Q4,BS_OTHER_CAPITAL,    • Other Capital,68,3,False,VNĐ,0.0
2023-Q4,BS_RESERVES,  ‣ Reserves,69,2,False,VNĐ,3696036000000.0
2023-Q4,BS_FOREIGN_EXCHANGE_DIFFERENCES,  ‣ Foreign Exchange Differences,70,2,False,VNĐ,0.0
2023-Q4,BS_ASSET_REVALUATION_DIFFERENCES,  ‣ Asset Revaluation Differences,71,2,False,VNĐ,0.0
2023-Q4,BS_RETAINED_EARNINGS,  ‣ Retained Earnings,72,2,False,VNĐ,4845143000000.0
2023-Q4,BS_MINORITY_INTEREST,Minority Interest,73,1,False,VNĐ,0.0
2023-Q4,BS_OFF_BALANCE_SHEET_ITEMS,Off Balance Sheet Items,74,1,True,VNĐ,
2023-Q4,BS_LOAN_GUARANTEES,  ‣ Loan Guarantees,75,2,True,VNĐ,
2023-Q4,BS_FX_COMMITMENTS,  ‣ FX Commitments,76,2,True,VNĐ,55340000000.0
2023-Q4,BS_COMMITMENTS_TO_BUY_FX,    • Commitments to Buy FX,77,3,True,VNĐ,0.0
2023-Q4,BS_COMMITMENTS_TO_SELL_FX,    • Commitments to Sell FX,78,3,True,VNĐ,2902200000000.0
2023-Q4,BS_SWAP_COMMITMENTS,    • Swap Commitments,79,3,True,VNĐ,159248551000000.0
2023-Q4,BS_FUTURE_COMMITMENTS,    • Future Commitments,80,3,True,VNĐ,0.0
2023-Q4,BS_IRREVOCABLE_LOAN_COMMITMENTS,  ‣ Irrevocable Loan Commitments,81,2,True,VNĐ,0.0
2023-Q4,BS_LC_COMMITMENTS,  ‣ LC Commitments,82,2,True,VNĐ,679398000000.0
2023-Q4,BS_OTHER_GUARANTEES,  ‣ Other Guarantees,83,2,True,VNĐ,1706763000000.0
2023-Q4,BS_OTHER_COMMITMENTS,  ‣ Other Commitments,84,2,True,VNĐ,4486870000000.0
2023-Q3,BS_TOTAL_ASSETS,Total Assets,1,1,False,VNĐ,365450226000000.0
2023-Q3,BS_CASH_AND_PRECIOUS_METALS,Cash and Precious Metals,2,1,False,VNĐ,2287117000000.0
2023-Q3,BS_BALANCES_WITH_SBV,Balances With SBV,3,1,False,VNĐ,7932859000000.0
2023-Q3,BS_PLACEMENTS_AND_LOANS_TO_CREDIT_INSTITUTIONS,Placements and Loans to Credit Institutions,4,1,False,VNĐ,35009513000000.0
2023-Q3,BS_PLACEMENTS_WITH_CREDIT_INSTITUTIONS,  ‣ Placements With Credit Institutions,5,2,False,VNĐ,34909513000000.0
2023-Q3,BS_LOANS_TO_CREDIT_INSTITUTIONS,  ‣ Loans to Credit Institutions,6,2,False,VNĐ,157577000000.0
2023-Q3,BS_PROVISION_CREDIT_INSTITUTIONS,  ‣ Provision Credit Institutions,7,2,False,VNĐ,-57577000000.0
2023-Q3,BS_TRADING_SECURITIES,Trading Securities,8,1,False,VNĐ,436500000000.0
2023-Q3,BS_TRADING_SECURITIES_GROSS,  ‣ Trading Securities Gross,9,2,False,VNĐ,436500000000.0
2023-Q3,BS_PROVISION_TRADING_SECURITIES,  ‣ Provision Trading Securities,10,2,False,VNĐ,0.0
2023-Q3,BS_DERIVATIVES_AND_OTHER_FINANCIAL_ASSETS,Derivatives and Other Financial Assets,11,1,False,VNĐ,69669000000.0
2023-Q3,BS_LOANS_TO_CUSTOMERS,Loans to Customers,12,1,False,VNĐ,258650700000000.0
2023-Q3,BS_LOANS_TO_CUSTOMERS_GROSS,  ‣ Loans to Customers Gross,13,2,False,VNĐ,263621213000000.0
2023-Q3,BS_PROVISION_LOANS_TO_CUSTOMERS,  ‣ Provision Loans to Customers,14,2,False,VNĐ,-4970513000000.0
2023-Q3,BS_DEBT_PURCHASES,Debt Purchases,15,1,False,VNĐ,22986000000.0
2023-Q3,BS_DEBT_PURCHASES_GROSS,  ‣ Debt Purchases Gross,16,2,False,VNĐ,23170000000.0
2023-Q3,BS_PROVISION_DEBT_PURCHASES,  ‣ Provision Debt Purchases,17,2,False,VNĐ,-184000000.0
2023-Q3,BS_INVESTMENT_SECURITIES,Investment Securities,18,1,False,VNĐ,42523215000000.0
2023-Q3,BS_AVAILABLE_FOR_SALE_SECURITIES,  ‣ Available for Sale Securities,19,2,False,VNĐ,42523215000000.0
2023-Q3,BS_HELD_TO_MATURITY_SECURITIES,  ‣ Held to Maturity Securities,20,2,False,VNĐ,0.0
2023-Q3,BS_PROVISION_INVESTMENT_SECURITIES,  ‣ Provision Investment Securities,21,2,False,VNĐ,0.0
2023-Q3,BS_LONG_TERM_INVESTMENTS,Long Term Investments,22,1,False,VNĐ,315931000000.0
2023-Q3,BS_INVESTMENTS_IN_JOINT_VENTURES,  ‣ Investments in Joint Ventures,23,2,False,VNĐ,0.0
2023-Q3,BS_CAPITAL_CONTRIBUTION_JOINT_VENTURES,  ‣ Capital Contribution Joint Ventures,24,2,False,VNĐ,0.0
2023-Q3,BS_INVESTMENTS_IN_ASSOCIATES,  ‣ Investments in Associates,25,2,False,VNĐ,0.0
2023-Q3,BS_OTHER_LONG_TERM_INVESTMENTS,  ‣ Other Long Term Investments,26,2,False,VNĐ,315931000000.0
2023-Q3,BS_PROVISION_LONG_TERM_INVESTMENTS,  ‣ Provision Long Term Investments,27,2,False,VNĐ,0.0
2023-Q3,BS_FIXED_ASSETS,Fixed Assets,28,1,False,VNĐ,1903921000000.0
2023-Q3,BS_TANGIBLE_FIXED_ASSETS,  ‣ Tangible Fixed Assets,29,2,False,VNĐ,1181318000000.0
2023-Q3,BS_TANGIBLE_FIXED_ASSETS_COST,    • Tangible Fixed Assets Cost,30,3,False,VNĐ,2948397000000.0
2023-Q3,BS_TANGIBLE_FIXED_ASSETS_ACCUMULATED_DEPRECIATION,    • Tangible Fixed Assets Accumulated Depreciation,31,3,False,VNĐ,-1767079000000.0
2023-Q3,BS_FINANCE_LEASE_FIXED_ASSETS,  ‣ Finance Lease Fixed Assets,32,2,False,VNĐ,0.0
2023-Q3,BS_FINANCE_LEASE_FIXED_ASSETS_COST,    • Finance Lease Fixed Assets Cost,33,3,False,VNĐ,0.0
2023-Q3,BS_FINANCE_LEASE_FIXED_ASSETS_ACCUMULATED_DEPRECIATION,    • Finance Lease Fixed Assets Accumulated Depreciation,34,3,False,VNĐ,-0.0
2023-Q3,BS_INTANGIBLE_FIXED_ASSETS,  ‣ Intangible Fixed Assets,35,2,False,VNĐ,722603000000.0
2023-Q3,BS_INTANGIBLE_FIXED_ASSETS_COST,    • Intangible Fixed Assets Cost,36,3,False,VNĐ,934885000000.0
2023-Q3,BS_INTANGIBLE_FIXED_ASSETS_ACCUMULATED_DEPRECIATION,    • Intangible Fixed Assets Accumulated Depreciation,37,3,False,VNĐ,-212282000000.0
2023-Q3,BS_INVESTMENT_PROPERTIES,Investment Properties,38,1,False,VNĐ,0.0
2023-Q3,BS_INVESTMENT_PROPERTIES_COST,  ‣ Investment Properties Cost,39,2,False,VNĐ,0.0
2023-Q3,BS_INVESTMENT_PROPERTIES_ACCUMULATED_DEPRECIATION,  ‣ Investment Properties Accumulated Depreciation,40,2,False,VNĐ,-0.0
2023-Q3,BS_OTHER_ASSETS,Other Assets,41,1,False,VNĐ,16297815000000.0
2023-Q3,BS_RECEIVABLES,  ‣ Receivables,42,2,False,VNĐ,10053727000000.0
2023-Q3,BS_INTEREST_AND_FEE_RECEIVABLES,  ‣ Interest and Fee Receivables,43,2,False,VNĐ,5670319000000.0
2023-Q3,BS_DEFERRED_TAX_ASSETS,  ‣ Deferred Tax Assets,44,2,False,VNĐ,0.0
2023-Q3,BS_OTHER_ASSETS_DETAIL,  ‣ Other Assets Detail,45,2,False,VNĐ,580854000000.0
2023-Q3,BS_GOODWILL,  ‣ Goodwill,46,2,False,VNĐ,
2023-Q3,BS_PROVISION_OTHER_ASSETS,  ‣ Provision Other Assets,47,2,False,VNĐ,-7085000000.0
2023-Q3,BS_TOTAL_LIABILITIES_AND_EQUITY,Total Liabilities and Equity,48,1,False,VNĐ,365450226000000.0
2023-Q3,BS_TOTAL_LIABILITIES,Total Liabilities,49,1,False,VNĐ,338960676000000.0
2023-Q3,BS_DUE_TO_GOVERNMENT_AND_SBV,  ‣ Due to Government and SBV,50,2,False,VNĐ,106926000000.0
2023-Q3,BS_PLACEMENTS_AND_BORROWINGS_FROM_CREDIT_INSTITUTIONS,  ‣ Placements and Borrowings from Credit Institutions,51,2,False,VNĐ,49917175000000.0
2023-Q3,BS_PLACEMENTS_FROM_CREDIT_INSTITUTIONS,    • Placements from Credit Institutions,52,3,False,VNĐ,48024202000000.0
2023-Q3,BS_BORROWINGS_FROM_CREDIT_INSTITUTIONS,    • Borrowings from Credit Institutions,53,3,False,VNĐ,1892973000000.0
2023-Q3,BS_CUSTOMER_DEPOSITS,  ‣ Customer Deposits,54,2,False,VNĐ,228401117000000.0
2023-Q3,BS_DERIVATIVES_AND_OTHER_FINANCIAL_LIABILITIES,  ‣ Derivatives and Other Financial Liabilities,55,2,False,VNĐ,0.0
2023-Q3,BS_FUNDS_AND_ENTRUSTED_INVESTMENTS,  ‣ Funds and Entrusted Investments,56,2,False,VNĐ,0.0
2023-Q3,BS_VALUABLE_PAPERS_ISSUED,  ‣ Valuable Papers Issued,57,2,False,VNĐ,46134820000000.0
2023-Q3,BS_OTHER_LIABILITIES,  ‣ Other Liabilities,58,2,False,VNĐ,14400638000000.0
2023-Q3,BS_INTEREST_AND_FEE_PAYABLES,    • Interest and Fee Payables,59,3,False,VNĐ,9721186000000.0
2023-Q3,BS_DEFERRED_TAX_LIABILITIES,    • Deferred Tax Liabilities,60,3,False,VNĐ,
2023-Q3,BS_OTHER_PAYABLES_AND_LIABILITIES,    • Other Payables and Liabilities,61,3,False,VNĐ,4679452000000.0
2023-Q3,BS_OTHER_PROVISIONS,    • Other Provisions,62,3,False,VNĐ,0.0
2023-Q3,BS_EQUITY,Equity,63,1,False,VNĐ,26489550000000.0
2023-Q3,BS_CHARTER_CAPITAL_AND_FUNDS,  ‣ Charter Capital and Funds,64,2,False,VNĐ,20576221000000.0
2023-Q3,BS_CHARTER_CAPITAL,    • Charter Capital,65,3,False,VNĐ,20576164000000.0
2023-Q3,BS_SHARE_PREMIUM,    • Share Premium,66,3,False,VNĐ,57000000.0
2023-Q3,BS_TREASURY_SHARES,    • Treasury Shares,67,3,False,VNĐ,0.0
2023-Q3,BS_OTHER_CAPITAL,    • Other Capital,68,3,False,VNĐ,0.0
2023-Q3,BS_RESERVES,  ‣ Reserves,69,2,False,VNĐ,2860199000000.0
2023-Q3,BS_FOREIGN_EXCHANGE_DIFFERENCES,  ‣ Foreign Exchange Differences,70,2,False,VNĐ,0.0
2023-Q3,BS_ASSET_REVALUATION_DIFFERENCES,  ‣ Asset Revaluation Differences,71,2,False,VNĐ,0.0
2023-Q3,BS_RETAINED_EARNINGS,  ‣ Retained Earnings,72,2,False,VNĐ,3053130000000.0
2023-Q3,BS_MINORITY_INTEREST,Minority Interest,73,1,False,VNĐ,0.0
2023-Q3,BS_OFF_BALANCE_SHEET_ITEMS,Off Balance Sheet Items,74,1,True,VNĐ,
2023-Q3,BS_LOAN_GUARANTEES,  ‣ Loan Guarantees,75,2,True,VNĐ,
2023-Q3,BS_FX_COMMITMENTS,  ‣ FX Commitments,76,2,True,VNĐ,55340000000.0
2023-Q3,BS_COMMITMENTS_TO_BUY_FX,    • Commitments to Buy FX,77,3,True,VNĐ,3967373000000.0
2023-Q3,BS_COMMITMENTS_TO_SELL_FX,    • Commitments to Sell FX,78,3,True,VNĐ,5069180000000.0
2023-Q3,BS_SWAP_COMMITMENTS,    • Swap Commitments,79,3,True,VNĐ,134912450000000.0
2023-Q3,BS_FUTURE_COMMITMENTS,    • Future Commitments,80,3,True,VNĐ,0.0
2023-Q3,BS_IRREVOCABLE_LOAN_COMMITMENTS,  ‣ Irrevocable Loan Commitments,81,2,True,VNĐ,0.0
2023-Q3,BS_LC_COMMITMENTS,  ‣ LC Commitments,82,2,True,VNĐ,666874000000.0
2023-Q3,BS_OTHER_GUARANTEES,  ‣ Other Guarantees,83,2,True,VNĐ,1175970000000.0
2023-Q3,BS_OTHER_COMMITMENTS,  ‣ Other Commitments,84,2,True,VNĐ,4862425000000.0
2023-Q2,BS_TOTAL_ASSETS,Total Assets,1,1,False,VNĐ,350242811000000.0
2023-Q2,BS_CASH_AND_PRECIOUS_METALS,Cash and Precious Metals,2,1,False,VNĐ,2014854000000.0
2023-Q2,BS_BALANCES_WITH_SBV,Balances With SBV,3,1,False,VNĐ,7086938000000.0
2023-Q2,BS_PLACEMENTS_AND_LOANS_TO_CREDIT_INSTITUTIONS,Placements and Loans to Credit Institutions,4,1,False,VNĐ,30454260000000.0
2023-Q2,BS_PLACEMENTS_WITH_CREDIT_INSTITUTIONS,  ‣ Placements With Credit Institutions,5,2,False,VNĐ,30354260000000.0
2023-Q2,BS_LOANS_TO_CREDIT_INSTITUTIONS,  ‣ Loans to Credit Institutions,6,2,False,VNĐ,157577000000.0
2023-Q2,BS_PROVISION_CREDIT_INSTITUTIONS,  ‣ Provision Credit Institutions,7,2,False,VNĐ,-57577000000.0
2023-Q2,BS_TRADING_SECURITIES,Trading Securities,8,1,False,VNĐ,0.0
2023-Q2,BS_TRADING_SECURITIES_GROSS,  ‣ Trading Securities Gross,9,2,False,VNĐ,0.0
2023-Q2,BS_PROVISION_TRADING_SECURITIES,  ‣ Provision Trading Securities,10,2,False,VNĐ,0.0
2023-Q2,BS_DERIVATIVES_AND_OTHER_FINANCIAL_ASSETS,Derivatives and Other Financial Assets,11,1,False,VNĐ,434885000000.0
2023-Q2,BS_LOANS_TO_CUSTOMERS,Loans to Customers,12,1,False,VNĐ,248954090000000.0
2023-Q2,BS_LOANS_TO_CUSTOMERS_GROSS,  ‣ Loans to Customers Gross,13,2,False,VNĐ,253391827000000.0
2023-Q2,BS_PROVISION_LOANS_TO_CUSTOMERS,  ‣ Provision Loans to Customers,14,2,False,VNĐ,-4437737000000.0
2023-Q2,BS_DEBT_PURCHASES,Debt Purchases,15,1,False,VNĐ,26442000000.0
2023-Q2,BS_DEBT_PURCHASES_GROSS,  ‣ Debt Purchases Gross,16,2,False,VNĐ,26729000000.0
2023-Q2,BS_PROVISION_DEBT_PURCHASES,  ‣ Provision Debt Purchases,17,2,False,VNĐ,-287000000.0
2023-Q2,BS_INVESTMENT_SECURITIES,Investment Securities,18,1,False,VNĐ,44457215000000.0
2023-Q2,BS_AVAILABLE_FOR_SALE_SECURITIES,  ‣ Available for Sale Securities,19,2,False,VNĐ,44457215000000.0
2023-Q2,BS_HELD_TO_MATURITY_SECURITIES,  ‣ Held to Maturity Securities,20,2,False,VNĐ,0.0
2023-Q2,BS_PROVISION_INVESTMENT_SECURITIES,  ‣ Provision Investment Securities,21,2,False,VNĐ,0.0
2023-Q2,BS_LONG_TERM_INVESTMENTS,Long Term Investments,22,1,False,VNĐ,315931000000.0
2023-Q2,BS_INVESTMENTS_IN_JOINT_VENTURES,  ‣ Investments in Joint Ventures,23,2,False,VNĐ,0.0
2023-Q2,BS_CAPITAL_CONTRIBUTION_JOINT_VENTURES,  ‣ Capital Contribution Joint Ventures,24,2,False,VNĐ,0.0
2023-Q2,BS_INVESTMENTS_IN_ASSOCIATES,  ‣ Investments in Associates,25,2,False,VNĐ,0.0
2023-Q2,BS_OTHER_LONG_TERM_INVESTMENTS,  ‣ Other Long Term Investments,26,2,False,VNĐ,315931000000.0
2023-Q2,BS_PROVISION_LONG_TERM_INVESTMENTS,  ‣ Provision Long Term Investments,27,2,False,VNĐ,0.0
2023-Q2,BS_FIXED_ASSETS,Fixed Assets,28,1,False,VNĐ,1788824000000.0
2023-Q2,BS_TANGIBLE_FIXED_ASSETS,  ‣ Tangible Fixed Assets,29,2,False,VNĐ,1214160000000.0
2023-Q2,BS_TANGIBLE_FIXED_ASSETS_COST,    • Tangible Fixed Assets Cost,30,3,False,VNĐ,2935225000000.0
2023-Q2,BS_TANGIBLE_FIXED_ASSETS_ACCUMULATED_DEPRECIATION,    • Tangible Fixed Assets Accumulated Depreciation,31,3,False,VNĐ,-1721065000000.0
2023-Q2,BS_FINANCE_LEASE_FIXED_ASSETS,  ‣ Finance Lease Fixed Assets,32,2,False,VNĐ,0.0
2023-Q2,BS_FINANCE_LEASE_FIXED_ASSETS_COST,    • Finance Lease Fixed Assets Cost,33,3,False,VNĐ,0.0
2023-Q2,BS_FINANCE_LEASE_FIXED_ASSETS_ACCUMULATED_DEPRECIATION,    • Finance Lease Fixed Assets Accumulated Depreciation,34,3,False,VNĐ,-0.0
2023-Q2,BS_INTANGIBLE_FIXED_ASSETS,  ‣ Intangible Fixed Assets,35,2,False,VNĐ,574664000000.0
2023-Q2,BS_INTANGIBLE_FIXED_ASSETS_COST,    • Intangible Fixed Assets Cost,36,3,False,VNĐ,780272000000.0
2023-Q2,BS_INTANGIBLE_FIXED_ASSETS_ACCUMULATED_DEPRECIATION,    • Intangible Fixed Assets Accumulated Depreciation,37,3,False,VNĐ,-205608000000.0
2023-Q2,BS_INVESTMENT_PROPERTIES,Investment Properties,38,1,False,VNĐ,0.0
2023-Q2,BS_INVESTMENT_PROPERTIES_COST,  ‣ Investment Properties Cost,39,2,False,VNĐ,0.0
2023-Q2,BS_INVESTMENT_PROPERTIES_ACCUMULATED_DEPRECIATION,  ‣ Investment Properties Accumulated Depreciation,40,2,False,VNĐ,-0.0
2023-Q2,BS_OTHER_ASSETS,Other Assets,41,1,False,VNĐ,14709372000000.0
2023-Q2,BS_RECEIVABLES,  ‣ Receivables,42,2,False,VNĐ,10130970000000.0
2023-Q2,BS_INTEREST_AND_FEE_RECEIVABLES,  ‣ Interest and Fee Receivables,43,2,False,VNĐ,3996044000000.0
2023-Q2,BS_DEFERRED_TAX_ASSETS,  ‣ Deferred Tax Assets,44,2,False,VNĐ,0.0
2023-Q2,BS_OTHER_ASSETS_DETAIL,  ‣ Other Assets Detail,45,2,False,VNĐ,589443000000.0
2023-Q2,BS_GOODWILL,  ‣ Goodwill,46,2,False,VNĐ,
2023-Q2,BS_PROVISION_OTHER_ASSETS,  ‣ Provision Other Assets,47,2,False,VNĐ,-7085000000.0
2023-Q2,BS_TOTAL_LIABILITIES_AND_EQUITY,Total Liabilities and Equity,48,1,False,VNĐ,350242811000000.0
2023-Q2,BS_TOTAL_LIABILITIES,Total Liabilities,49,1,False,VNĐ,324746111000000.0
2023-Q2,BS_DUE_TO_GOVERNMENT_AND_SBV,  ‣ Due to Government and SBV,50,2,False,VNĐ,113392000000.0
2023-Q2,BS_PLACEMENTS_AND_BORROWINGS_FROM_CREDIT_INSTITUTIONS,  ‣ Placements and Borrowings from Credit Institutions,51,2,False,VNĐ,44060199000000.0
2023-Q2,BS_PLACEMENTS_FROM_CREDIT_INSTITUTIONS,    • Placements from Credit Institutions,52,3,False,VNĐ,42231940000000.0
2023-Q2,BS_BORROWINGS_FROM_CREDIT_INSTITUTIONS,    • Borrowings from Credit Institutions,53,3,False,VNĐ,1828259000000.0
2023-Q2,BS_CUSTOMER_DEPOSITS,  ‣ Customer Deposits,54,2,False,VNĐ,224126483000000.0
2023-Q2,BS_DERIVATIVES_AND_OTHER_FINANCIAL_LIABILITIES,  ‣ Derivatives and Other Financial Liabilities,55,2,False,VNĐ,0.0
2023-Q2,BS_FUNDS_AND_ENTRUSTED_INVESTMENTS,  ‣ Funds and Entrusted Investments,56,2,False,VNĐ,0.0
2023-Q2,BS_VALUABLE_PAPERS_ISSUED,  ‣ Valuable Papers Issued,57,2,False,VNĐ,42960401000000.0
2023-Q2,BS_OTHER_LIABILITIES,  ‣ Other Liabilities,58,2,False,VNĐ,13485636000000.0
2023-Q2,BS_INTEREST_AND_FEE_PAYABLES,    • Interest and Fee Payables,59,3,False,VNĐ,8949302000000.0
2023-Q2,BS_DEFERRED_TAX_LIABILITIES,    • Deferred Tax Liabilities,60,3,False,VNĐ,
2023-Q2,BS_OTHER_PAYABLES_AND_LIABILITIES,    • Other Payables and Liabilities,61,3,False,VNĐ,4536334000000.0
2023-Q2,BS_OTHER_PROVISIONS,    • Other Provisions,62,3,False,VNĐ,0.0
2023-Q2,BS_EQUITY,Equity,63,1,False,VNĐ,25496700000000.0
2023-Q2,BS_CHARTER_CAPITAL_AND_FUNDS,  ‣ Charter Capital and Funds,64,2,False,VNĐ,17291111000000.0
2023-Q2,BS_CHARTER_CAPITAL,    • Charter Capital,65,3,False,VNĐ,17291054000000.0
2023-Q2,BS_SHARE_PREMIUM,    • Share Premium,66,3,False,VNĐ,57000000.0
2023-Q2,BS_TREASURY_SHARES,    • Treasury Shares,67,3,False,VNĐ,0.0
2023-Q2,BS_OTHER_CAPITAL,    • Other Capital,68,3,False,VNĐ,0.0
2023-Q2,BS_RESERVES,  ‣ Reserves,69,2,False,VNĐ,2860199000000.0
2023-Q2,BS_FOREIGN_EXCHANGE_DIFFERENCES,  ‣ Foreign Exchange Differences,70,2,False,VNĐ,0.0
2023-Q2,BS_ASSET_REVALUATION_DIFFERENCES,  ‣ Asset Revaluation Differences,71,2,False,VNĐ,0.0
2023-Q2,BS_RETAINED_EARNINGS,  ‣ Retained Earnings,72,2,False,VNĐ,5345390000000.0
2023-Q2,BS_MINORITY_INTEREST,Minority Interest,73,1,False,VNĐ,0.0
2023-Q2,BS_OFF_BALANCE_SHEET_ITEMS,Off Balance Sheet Items,74,1,True,VNĐ,
2023-Q2,BS_LOAN_GUARANTEES,  ‣ Loan Guarantees,75,2,True,VNĐ,
2023-Q2,BS_FX_COMMITMENTS,  ‣ FX Commitments,76,2,True,VNĐ,57340000000.0
2023-Q2,BS_COMMITMENTS_TO_BUY_FX,    • Commitments to Buy FX,77,3,True,VNĐ,1085100000.0
2023-Q2,BS_COMMITMENTS_TO_SELL_FX,    • Commitments to Sell FX,78,3,True,VNĐ,2739159000.0
2023-Q2,BS_SWAP_COMMITMENTS,    • Swap Commitments,79,3,True,VNĐ,144695507000000.0
2023-Q2,BS_FUTURE_COMMITMENTS,    • Future Commitments,80,3,True,VNĐ,0.0
2023-Q2,BS_IRREVOCABLE_LOAN_COMMITMENTS,  ‣ Irrevocable Loan Commitments,81,2,True,VNĐ,0.0
2023-Q2,BS_LC_COMMITMENTS,  ‣ LC Commitments,82,2,True,VNĐ,1594988000000.0
2023-Q2,BS_OTHER_GUARANTEES,  ‣ Other Guarantees,83,2,True,VNĐ,928239000000.0
2023-Q2,BS_OTHER_COMMITMENTS,  ‣ Other Commitments,84,2,True,VNĐ,7235000000.0
2023-Q1,BS_TOTAL_ASSETS,Total Assets,1,1,False,VNĐ,337196586000000.0
2023-Q1,BS_CASH_AND_PRECIOUS_METALS,Cash and Precious Metals,2,1,False,VNĐ,2524365000000.0
2023-Q1,BS_BALANCES_WITH_SBV,Balances With SBV,3,1,False,VNĐ,4043470000000.0
2023-Q1,BS_PLACEMENTS_AND_LOANS_TO_CREDIT_INSTITUTIONS,Placements and Loans to Credit Institutions,4,1,False,VNĐ,31948513000000.0
2023-Q1,BS_PLACEMENTS_WITH_CREDIT_INSTITUTIONS,  ‣ Placements With Credit Institutions,5,2,False,VNĐ,31748513000000.0
2023-Q1,BS_LOANS_TO_CREDIT_INSTITUTIONS,  ‣ Loans to Credit Institutions,6,2,False,VNĐ,258198000000.0
2023-Q1,BS_PROVISION_CREDIT_INSTITUTIONS,  ‣ Provision Credit Institutions,7,2,False,VNĐ,-58198000000.0
2023-Q1,BS_TRADING_SECURITIES,Trading Securities,8,1,False,VNĐ,562980000000.0
2023-Q1,BS_TRADING_SECURITIES_GROSS,  ‣ Trading Securities Gross,9,2,False,VNĐ,562980000000.0
2023-Q1,BS_PROVISION_TRADING_SECURITIES,  ‣ Provision Trading Securities,10,2,False,VNĐ,0.0
2023-Q1,BS_DERIVATIVES_AND_OTHER_FINANCIAL_ASSETS,Derivatives and Other Financial Assets,11,1,False,VNĐ,360271000000.0
2023-Q1,BS_LOANS_TO_CUSTOMERS,Loans to Customers,12,1,False,VNĐ,238205151000000.0
2023-Q1,BS_LOANS_TO_CUSTOMERS_GROSS,  ‣ Loans to Customers Gross,13,2,False,VNĐ,242116244000000.0
2023-Q1,BS_PROVISION_LOANS_TO_CUSTOMERS,  ‣ Provision Loans to Customers,14,2,False,VNĐ,-3911093000000.0
2023-Q1,BS_DEBT_PURCHASES,Debt Purchases,15,1,False,VNĐ,53284000000.0
2023-Q1,BS_DEBT_PURCHASES_GROSS,  ‣ Debt Purchases Gross,16,2,False,VNĐ,53785000000.0
2023-Q1,BS_PROVISION_DEBT_PURCHASES,  ‣ Provision Debt Purchases,17,2,False,VNĐ,-501000000.0
2023-Q1,BS_INVESTMENT_SECURITIES,Investment Securities,18,1,False,VNĐ,48419980000000.0
2023-Q1,BS_AVAILABLE_FOR_SALE_SECURITIES,  ‣ Available for Sale Securities,19,2,False,VNĐ,48419980000000.0
2023-Q1,BS_HELD_TO_MATURITY_SECURITIES,  ‣ Held to Maturity Securities,20,2,False,VNĐ,0.0
2023-Q1,BS_PROVISION_INVESTMENT_SECURITIES,  ‣ Provision Investment Securities,21,2,False,VNĐ,0.0
2023-Q1,BS_LONG_TERM_INVESTMENTS,Long Term Investments,22,1,False,VNĐ,315931000000.0
2023-Q1,BS_INVESTMENTS_IN_JOINT_VENTURES,  ‣ Investments in Joint Ventures,23,2,False,VNĐ,0.0
2023-Q1,BS_CAPITAL_CONTRIBUTION_JOINT_VENTURES,  ‣ Capital Contribution Joint Ventures,24,2,False,VNĐ,0.0
2023-Q1,BS_INVESTMENTS_IN_ASSOCIATES,  ‣ Investments in Associates,25,2,False,VNĐ,0.0
2023-Q1,BS_OTHER_LONG_TERM_INVESTMENTS,  ‣ Other Long Term Investments,26,2,False,VNĐ,315931000000.0
2023-Q1,BS_PROVISION_LONG_TERM_INVESTMENTS,  ‣ Provision Long Term Investments,27,2,False,VNĐ,0.0
2023-Q1,BS_FIXED_ASSETS,Fixed Assets,28,1,False,VNĐ,1727636000000.0
2023-Q1,BS_TANGIBLE_FIXED_ASSETS,  ‣ Tangible Fixed Assets,29,2,False,VNĐ,1207981000000.0
2023-Q1,BS_TANGIBLE_FIXED_ASSETS_COST,    • Tangible Fixed Assets Cost,30,3,False,VNĐ,2893572000000.0
2023-Q1,BS_TANGIBLE_FIXED_ASSETS_ACCUMULATED_DEPRECIATION,    • Tangible Fixed Assets Accumulated Depreciation,31,3,False,VNĐ,-1685591000000.0
2023-Q1,BS_FINANCE_LEASE_FIXED_ASSETS,  ‣ Finance Lease Fixed Assets,32,2,False,VNĐ,0.0
2023-Q1,BS_FINANCE_LEASE_FIXED_ASSETS_COST,    • Finance Lease Fixed Assets Cost,33,3,False,VNĐ,0.0
2023-Q1,BS_FINANCE_LEASE_FIXED_ASSETS_ACCUMULATED_DEPRECIATION,    • Finance Lease Fixed Assets Accumulated Depreciation,34,3,False,VNĐ,-0.0
2023-Q1,BS_INTANGIBLE_FIXED_ASSETS,  ‣ Intangible Fixed Assets,35,2,False,VNĐ,519655000000.0
2023-Q1,BS_INTANGIBLE_FIXED_ASSETS_COST,    • Intangible Fixed Assets Cost,36,3,False,VNĐ,716617000000.0
2023-Q1,BS_INTANGIBLE_FIXED_ASSETS_ACCUMULATED_DEPRECIATION,    • Intangible Fixed Assets Accumulated Depreciation,37,3,False,VNĐ,-196962000000.0
2023-Q1,BS_INVESTMENT_PROPERTIES,Investment Properties,38,1,False,VNĐ,0.0
2023-Q1,BS_INVESTMENT_PROPERTIES_COST,  ‣ Investment Properties Cost,39,2,False,VNĐ,0.0
2023-Q1,BS_INVESTMENT_PROPERTIES_ACCUMULATED_DEPRECIATION,  ‣ Investment Properties Accumulated Depreciation,40,2,False,VNĐ,-0.0
2023-Q1,BS_OTHER_ASSETS,Other Assets,41,1,False,VNĐ,9035005000000.0
2023-Q1,BS_RECEIVABLES,  ‣ Receivables,42,2,False,VNĐ,4531281000000.0
2023-Q1,BS_INTEREST_AND_FEE_RECEIVABLES,  ‣ Interest and Fee Receivables,43,2,False,VNĐ,3884338000000.0
2023-Q1,BS_DEFERRED_TAX_ASSETS,  ‣ Deferred Tax Assets,44,2,False,VNĐ,0.0
2023-Q1,BS_OTHER_ASSETS_DETAIL,  ‣ Other Assets Detail,45,2,False,VNĐ,626471000000.0
2023-Q1,BS_GOODWILL,  ‣ Goodwill,46,2,False,VNĐ,
2023-Q1,BS_PROVISION_OTHER_ASSETS,  ‣ Provision Other Assets,47,2,False,VNĐ,-7085000000.0
2023-Q1,BS_TOTAL_LIABILITIES_AND_EQUITY,Total Liabilities and Equity,48,1,False,VNĐ,337196586000000.0
2023-Q1,BS_TOTAL_LIABILITIES,Total Liabilities,49,1,False,VNĐ,311898116000000.0
2023-Q1,BS_DUE_TO_GOVERNMENT_AND_SBV,  ‣ Due to Government and SBV,50,2,False,VNĐ,765967000000.0
2023-Q1,BS_PLACEMENTS_AND_BORROWINGS_FROM_CREDIT_INSTITUTIONS,  ‣ Placements and Borrowings from Credit Institutions,51,2,False,VNĐ,26405019000000.0
2023-Q1,BS_PLACEMENTS_FROM_CREDIT_INSTITUTIONS,    • Placements from Credit Institutions,52,3,False,VNĐ,24574870000000.0
2023-Q1,BS_BORROWINGS_FROM_CREDIT_INSTITUTIONS,    • Borrowings from Credit Institutions,53,3,False,VNĐ,1830149000000.0
2023-Q1,BS_CUSTOMER_DEPOSITS,  ‣ Customer Deposits,54,2,False,VNĐ,227283140000000.0
2023-Q1,BS_DERIVATIVES_AND_OTHER_FINANCIAL_LIABILITIES,  ‣ Derivatives and Other Financial Liabilities,55,2,False,VNĐ,0.0
2023-Q1,BS_FUNDS_AND_ENTRUSTED_INVESTMENTS,  ‣ Funds and Entrusted Investments,56,2,False,VNĐ,0.0
2023-Q1,BS_VALUABLE_PAPERS_ISSUED,  ‣ Valuable Papers Issued,57,2,False,VNĐ,45301184000000.0
2023-Q1,BS_OTHER_LIABILITIES,  ‣ Other Liabilities,58,2,False,VNĐ,12142806000000.0
2023-Q1,BS_INTEREST_AND_FEE_PAYABLES,    • Interest and Fee Payables,59,3,False,VNĐ,7593034000000.0
2023-Q1,BS_DEFERRED_TAX_LIABILITIES,    • Deferred Tax Liabilities,60,3,False,VNĐ,
2023-Q1,BS_OTHER_PAYABLES_AND_LIABILITIES,    • Other Payables and Liabilities,61,3,False,VNĐ,4549772000000.0
2023-Q1,BS_OTHER_PROVISIONS,    • Other Provisions,62,3,False,VNĐ,0.0
2023-Q1,BS_EQUITY,Equity,63,1,False,VNĐ,25298470000000.0
2023-Q1,BS_CHARTER_CAPITAL_AND_FUNDS,  ‣ Charter Capital and Funds,64,2,False,VNĐ,17291111000000.0
2023-Q1,BS_CHARTER_CAPITAL,    • Charter Capital,65,3,False,VNĐ,17291054000000.0
2023-Q1,BS_SHARE_PREMIUM,    • Share Premium,66,3,False,VNĐ,57000000.0
2023-Q1,BS_TREASURY_SHARES,    • Treasury Shares,67,3,False,VNĐ,0.0
2023-Q1,BS_OTHER_CAPITAL,    • Other Capital,68,3,False,VNĐ,0.0
2023-Q1,BS_RESERVES,  ‣ Reserves,69,2,False,VNĐ,2860199000000.0
2023-Q1,BS_FOREIGN_EXCHANGE_DIFFERENCES,  ‣ Foreign Exchange Differences,70,2,False,VNĐ,0.0
2023-Q1,BS_ASSET_REVALUATION_DIFFERENCES,  ‣ Asset Revaluation Differences,71,2,False,VNĐ,0.0
2023-Q1,BS_RETAINED_EARNINGS,  ‣ Retained Earnings,72,2,False,VNĐ,5147160000000.0
2023-Q1,BS_MINORITY_INTEREST,Minority Interest,73,1,False,VNĐ,0.0
2023-Q1,BS_OFF_BALANCE_SHEET_ITEMS,Off Balance Sheet Items,74,1,True,VNĐ,
2023-Q1,BS_LOAN_GUARANTEES,  ‣ Loan Guarantees,75,2,True,VNĐ,
2023-Q1,BS_FX_COMMITMENTS,  ‣ FX Commitments,76,2,True,VNĐ,57340000000.0
2023-Q1,BS_COMMITMENTS_TO_BUY_FX,    • Commitments to Buy FX,77,3,True,VNĐ,2914476000000.0
2023-Q1,BS_COMMITMENTS_TO_SELL_FX,    • Commitments to Sell FX,78,3,True,VNĐ,6596986000000.0
2023-Q1,BS_SWAP_COMMITMENTS,    • Swap Commitments,79,3,True,VNĐ,104602188000000.0
2023-Q1,BS_FUTURE_COMMITMENTS,    • Future Commitments,80,3,True,VNĐ,0.0
2023-Q1,BS_IRREVOCABLE_LOAN_COMMITMENTS,  ‣ Irrevocable Loan Commitments,81,2,True,VNĐ,0.0
2023-Q1,BS_LC_COMMITMENTS,  ‣ LC Commitments,82,2,True,VNĐ,975700000000.0
2023-Q1,BS_OTHER_GUARANTEES,  ‣ Other Guarantees,83,2,True,VNĐ,943901000000.0
2023-Q1,BS_OTHER_COMMITMENTS,  ‣ Other Commitments,84,2,True,VNĐ,65554000000.0
2022-Q4,BS_TOTAL_ASSETS,Total Assets,1,1,False,VNĐ,327745847000000.0
2022-Q4,BS_CASH_AND_PRECIOUS_METALS,Cash and Precious Metals,2,1,False,VNĐ,2983877000000.0
2022-Q4,BS_BALANCES_WITH_SBV,Balances With SBV,3,1,False,VNĐ,10323700000000.0
2022-Q4,BS_PLACEMENTS_AND_LOANS_TO_CREDIT_INSTITUTIONS,Placements and Loans to Credit Institutions,4,1,False,VNĐ,31967998000000.0
2022-Q4,BS_PLACEMENTS_WITH_CREDIT_INSTITUTIONS,  ‣ Placements With Credit Institutions,5,2,False,VNĐ,31367998000000.0
2022-Q4,BS_LOANS_TO_CREDIT_INSTITUTIONS,  ‣ Loans to Credit Institutions,6,2,False,VNĐ,658198000000.0
2022-Q4,BS_PROVISION_CREDIT_INSTITUTIONS,  ‣ Provision Credit Institutions,7,2,False,VNĐ,-58198000000.0
2022-Q4,BS_TRADING_SECURITIES,Trading Securities,8,1,False,VNĐ,566280000000.0
2022-Q4,BS_TRADING_SECURITIES_GROSS,  ‣ Trading Securities Gross,9,2,False,VNĐ,566280000000.0
2022-Q4,BS_PROVISION_TRADING_SECURITIES,  ‣ Provision Trading Securities,10,2,False,VNĐ,0.0
2022-Q4,BS_DERIVATIVES_AND_OTHER_FINANCIAL_ASSETS,Derivatives and Other Financial Assets,11,1,False,VNĐ,0.0
2022-Q4,BS_LOANS_TO_CUSTOMERS,Loans to Customers,12,1,False,VNĐ,230636976000000.0
2022-Q4,BS_LOANS_TO_CUSTOMERS_GROSS,  ‣ Loans to Customers Gross,13,2,False,VNĐ,235506871000000.0
2022-Q4,BS_PROVISION_LOANS_TO_CUSTOMERS,  ‣ Provision Loans to Customers,14,2,False,VNĐ,-4869895000000.0
2022-Q4,BS_DEBT_PURCHASES,Debt Purchases,15,1,False,VNĐ,257484000000.0
2022-Q4,BS_DEBT_PURCHASES_GROSS,  ‣ Debt Purchases Gross,16,2,False,VNĐ,260453000000.0
2022-Q4,BS_PROVISION_DEBT_PURCHASES,  ‣ Provision Debt Purchases,17,2,False,VNĐ,-2969000000.0
2022-Q4,BS_INVESTMENT_SECURITIES,Investment Securities,18,1,False,VNĐ,42007290000000.0
2022-Q4,BS_AVAILABLE_FOR_SALE_SECURITIES,  ‣ Available for Sale Securities,19,2,False,VNĐ,42007290000000.0
2022-Q4,BS_HELD_TO_MATURITY_SECURITIES,  ‣ Held to Maturity Securities,20,2,False,VNĐ,0.0
2022-Q4,BS_PROVISION_INVESTMENT_SECURITIES,  ‣ Provision Investment Securities,21,2,False,VNĐ,0.0
2022-Q4,BS_LONG_TERM_INVESTMENTS,Long Term Investments,22,1,False,VNĐ,315931000000.0
2022-Q4,BS_INVESTMENTS_IN_JOINT_VENTURES,  ‣ Investments in Joint Ventures,23,2,False,VNĐ,0.0
2022-Q4,BS_CAPITAL_CONTRIBUTION_JOINT_VENTURES,  ‣ Capital Contribution Joint Ventures,24,2,False,VNĐ,0.0
2022-Q4,BS_INVESTMENTS_IN_ASSOCIATES,  ‣ Investments in Associates,25,2,False,VNĐ,0.0
2022-Q4,BS_OTHER_LONG_TERM_INVESTMENTS,  ‣ Other Long Term Investments,26,2,False,VNĐ,315931000000.0
2022-Q4,BS_PROVISION_LONG_TERM_INVESTMENTS,  ‣ Provision Long Term Investments,27,2,False,VNĐ,0.0
2022-Q4,BS_FIXED_ASSETS,Fixed Assets,28,1,False,VNĐ,1693198000000.0
2022-Q4,BS_TANGIBLE_FIXED_ASSETS,  ‣ Tangible Fixed Assets,29,2,False,VNĐ,1202795000000.0
2022-Q4,BS_TANGIBLE_FIXED_ASSETS_COST,    • Tangible Fixed Assets Cost,30,3,False,VNĐ,2829739000000.0
2022-Q4,BS_TANGIBLE_FIXED_ASSETS_ACCUMULATED_DEPRECIATION,    • Tangible Fixed Assets Accumulated Depreciation,31,3,False,VNĐ,-1626944000000.0
2022-Q4,BS_FINANCE_LEASE_FIXED_ASSETS,  ‣ Finance Lease Fixed Assets,32,2,False,VNĐ,0.0
2022-Q4,BS_FINANCE_LEASE_FIXED_ASSETS_COST,    • Finance Lease Fixed Assets Cost,33,3,False,VNĐ,0.0
2022-Q4,BS_FINANCE_LEASE_FIXED_ASSETS_ACCUMULATED_DEPRECIATION,    • Finance Lease Fixed Assets Accumulated Depreciation,34,3,False,VNĐ,-0.0
2022-Q4,BS_INTANGIBLE_FIXED_ASSETS,  ‣ Intangible Fixed Assets,35,2,False,VNĐ,490403000000.0
2022-Q4,BS_INTANGIBLE_FIXED_ASSETS_COST,    • Intangible Fixed Assets Cost,36,3,False,VNĐ,678956000000.0
2022-Q4,BS_INTANGIBLE_FIXED_ASSETS_ACCUMULATED_DEPRECIATION,    • Intangible Fixed Assets Accumulated Depreciation,37,3,False,VNĐ,-188553000000.0
2022-Q4,BS_INVESTMENT_PROPERTIES,Investment Properties,38,1,False,VNĐ,0.0
2022-Q4,BS_INVESTMENT_PROPERTIES_COST,  ‣ Investment Properties Cost,39,2,False,VNĐ,0.0
2022-Q4,BS_INVESTMENT_PROPERTIES_ACCUMULATED_DEPRECIATION,  ‣ Investment Properties Accumulated Depreciation,40,2,False,VNĐ,-0.0
2022-Q4,BS_OTHER_ASSETS,Other Assets,41,1,False,VNĐ,6993113000000.0
2022-Q4,BS_RECEIVABLES,  ‣ Receivables,42,2,False,VNĐ,2185961000000.0
2022-Q4,BS_INTEREST_AND_FEE_RECEIVABLES,  ‣ Interest and Fee Receivables,43,2,False,VNĐ,4149087000000.0
2022-Q4,BS_DEFERRED_TAX_ASSETS,  ‣ Deferred Tax Assets,44,2,False,VNĐ,0.0
2022-Q4,BS_OTHER_ASSETS_DETAIL,  ‣ Other Assets Detail,45,2,False,VNĐ,665150000000.0
2022-Q4,BS_GOODWILL,  ‣ Goodwill,46,2,False,VNĐ,
2022-Q4,BS_PROVISION_OTHER_ASSETS,  ‣ Provision Other Assets,47,2,False,VNĐ,-7085000000.0
2022-Q4,BS_TOTAL_LIABILITIES_AND_EQUITY,Total Liabilities and Equity,48,1,False,VNĐ,327745847000000.0
2022-Q4,BS_TOTAL_LIABILITIES,Total Liabilities,49,1,False,VNĐ,303690693000000.0
2022-Q4,BS_DUE_TO_GOVERNMENT_AND_SBV,  ‣ Due to Government and SBV,50,2,False,VNĐ,3076781000000.0
2022-Q4,BS_PLACEMENTS_AND_BORROWINGS_FROM_CREDIT_INSTITUTIONS,  ‣ Placements and Borrowings from Credit Institutions,51,2,False,VNĐ,39660022000000.0
2022-Q4,BS_PLACEMENTS_FROM_CREDIT_INSTITUTIONS,    • Placements from Credit Institutions,52,3,False,VNĐ,37694447000000.0
2022-Q4,BS_BORROWINGS_FROM_CREDIT_INSTITUTIONS,    • Borrowings from Credit Institutions,53,3,False,VNĐ,1965575000000.0
2022-Q4,BS_CUSTOMER_DEPOSITS,  ‣ Customer Deposits,54,2,False,VNĐ,215888025000000.0
2022-Q4,BS_DERIVATIVES_AND_OTHER_FINANCIAL_LIABILITIES,  ‣ Derivatives and Other Financial Liabilities,55,2,False,VNĐ,42030000000.0
2022-Q4,BS_FUNDS_AND_ENTRUSTED_INVESTMENTS,  ‣ Funds and Entrusted Investments,56,2,False,VNĐ,0.0
2022-Q4,BS_VALUABLE_PAPERS_ISSUED,  ‣ Valuable Papers Issued,57,2,False,VNĐ,35048167000000.0
2022-Q4,BS_OTHER_LIABILITIES,  ‣ Other Liabilities,58,2,False,VNĐ,9975668000000.0
2022-Q4,BS_INTEREST_AND_FEE_PAYABLES,    • Interest and Fee Payables,59,3,False,VNĐ,6525149000000.0
2022-Q4,BS_DEFERRED_TAX_LIABILITIES,    • Deferred Tax Liabilities,60,3,False,VNĐ,
2022-Q4,BS_OTHER_PAYABLES_AND_LIABILITIES,    • Other Payables and Liabilities,61,3,False,VNĐ,3450519000000.0
2022-Q4,BS_OTHER_PROVISIONS,    • Other Provisions,62,3,False,VNĐ,0.0
2022-Q4,BS_EQUITY,Equity,63,1,False,VNĐ,24055154000000.0
2022-Q4,BS_CHARTER_CAPITAL_AND_FUNDS,  ‣ Charter Capital and Funds,64,2,False,VNĐ,17291111000000.0
2022-Q4,BS_CHARTER_CAPITAL,    • Charter Capital,65,3,False,VNĐ,17291054000000.0
2022-Q4,BS_SHARE_PREMIUM,    • Share Premium,66,3,False,VNĐ,57000000.0
2022-Q4,BS_TREASURY_SHARES,    • Treasury Shares,67,3,False,VNĐ,0.0
2022-Q4,BS_OTHER_CAPITAL,    • Other Capital,68,3,False,VNĐ,0.0
2022-Q4,BS_RESERVES,  ‣ Reserves,69,2,False,VNĐ,2860199000000.0
2022-Q4,BS_FOREIGN_EXCHANGE_DIFFERENCES,  ‣ Foreign Exchange Differences,70,2,False,VNĐ,0.0
2022-Q4,BS_ASSET_REVALUATION_DIFFERENCES,  ‣ Asset Revaluation Differences,71,2,False,VNĐ,0.0
2022-Q4,BS_RETAINED_EARNINGS,  ‣ Retained Earnings,72,2,False,VNĐ,3903844000000.0
2022-Q4,BS_MINORITY_INTEREST,Minority Interest,73,1,False,VNĐ,0.0
2022-Q4,BS_OFF_BALANCE_SHEET_ITEMS,Off Balance Sheet Items,74,1,True,VNĐ,
2022-Q4,BS_LOAN_GUARANTEES,  ‣ Loan Guarantees,75,2,True,VNĐ,
2022-Q4,BS_FX_COMMITMENTS,  ‣ FX Commitments,76,2,True,VNĐ,59340000000.0
2022-Q4,BS_COMMITMENTS_TO_BUY_FX,    • Commitments to Buy FX,77,3,True,VNĐ,54514000000.0
2022-Q4,BS_COMMITMENTS_TO_SELL_FX,    • Commitments to Sell FX,78,3,True,VNĐ,32868000000.0
2022-Q4,BS_SWAP_COMMITMENTS,    • Swap Commitments,79,3,True,VNĐ,74267622000000.0
2022-Q4,BS_FUTURE_COMMITMENTS,    • Future Commitments,80,3,True,VNĐ,0.0
2022-Q4,BS_IRREVOCABLE_LOAN_COMMITMENTS,  ‣ Irrevocable Loan Commitments,81,2,True,VNĐ,0.0
2022-Q4,BS_LC_COMMITMENTS,  ‣ LC Commitments,82,2,True,VNĐ,1786014000000.0
2022-Q4,BS_OTHER_GUARANTEES,  ‣ Other Guarantees,83,2,True,VNĐ,944919000000.0
2022-Q4,BS_OTHER_COMMITMENTS,  ‣ Other Commitments,84,2,True,VNĐ,301096000000.0
2022-Q3,BS_TOTAL_ASSETS,Total Assets,1,1,False,VNĐ,313480212000000.0
2022-Q3,BS_CASH_AND_PRECIOUS_METALS,Cash and Precious Metals,2,1,False,VNĐ,2183066000000.0
2022-Q3,BS_BALANCES_WITH_SBV,Balances With SBV,3,1,False,VNĐ,5110792000000.0
2022-Q3,BS_PLACEMENTS_AND_LOANS_TO_CREDIT_INSTITUTIONS,Placements and Loans to Credit Institutions,4,1,False,VNĐ,27328032000000.0
2022-Q3,BS_PLACEMENTS_WITH_CREDIT_INSTITUTIONS,  ‣ Placements With Credit Institutions,5,2,False,VNĐ,26875302000000.0
2022-Q3,BS_LOANS_TO_CREDIT_INSTITUTIONS,  ‣ Loans to Credit Institutions,6,2,False,VNĐ,458198000000.0
2022-Q3,BS_PROVISION_CREDIT_INSTITUTIONS,  ‣ Provision Credit Institutions,7,2,False,VNĐ,-5468000000.0
2022-Q3,BS_TRADING_SECURITIES,Trading Securities,8,1,False,VNĐ,569880000000.0
2022-Q3,BS_TRADING_SECURITIES_GROSS,  ‣ Trading Securities Gross,9,2,False,VNĐ,569880000000.0
2022-Q3,BS_PROVISION_TRADING_SECURITIES,  ‣ Provision Trading Securities,10,2,False,VNĐ,0.0
2022-Q3,BS_DERIVATIVES_AND_OTHER_FINANCIAL_ASSETS,Derivatives and Other Financial Assets,11,1,False,VNĐ,0.0
2022-Q3,BS_LOANS_TO_CUSTOMERS,Loans to Customers,12,1,False,VNĐ,223380312000000.0
2022-Q3,BS_LOANS_TO_CUSTOMERS_GROSS,  ‣ Loans to Customers Gross,13,2,False,VNĐ,227943992000000.0
2022-Q3,BS_PROVISION_LOANS_TO_CUSTOMERS,  ‣ Provision Loans to Customers,14,2,False,VNĐ,-4563680000000.0
2022-Q3,BS_DEBT_PURCHASES,Debt Purchases,15,1,False,VNĐ,810472000000.0
2022-Q3,BS_DEBT_PURCHASES_GROSS,  ‣ Debt Purchases Gross,16,2,False,VNĐ,818287000000.0
2022-Q3,BS_PROVISION_DEBT_PURCHASES,  ‣ Provision Debt Purchases,17,2,False,VNĐ,-7815000000.0
2022-Q3,BS_INVESTMENT_SECURITIES,Investment Securities,18,1,False,VNĐ,43896381000000.0
2022-Q3,BS_AVAILABLE_FOR_SALE_SECURITIES,  ‣ Available for Sale Securities,19,2,False,VNĐ,43896381000000.0
2022-Q3,BS_HELD_TO_MATURITY_SECURITIES,  ‣ Held to Maturity Securities,20,2,False,VNĐ,0.0
2022-Q3,BS_PROVISION_INVESTMENT_SECURITIES,  ‣ Provision Investment Securities,21,2,False,VNĐ,0.0
2022-Q3,BS_LONG_TERM_INVESTMENTS,Long Term Investments,22,1,False,VNĐ,315931000000.0
2022-Q3,BS_INVESTMENTS_IN_JOINT_VENTURES,  ‣ Investments in Joint Ventures,23,2,False,VNĐ,0.0
2022-Q3,BS_CAPITAL_CONTRIBUTION_JOINT_VENTURES,  ‣ Capital Contribution Joint Ventures,24,2,False,VNĐ,0.0
2022-Q3,BS_INVESTMENTS_IN_ASSOCIATES,  ‣ Investments in Associates,25,2,False,VNĐ,0.0
2022-Q3,BS_OTHER_LONG_TERM_INVESTMENTS,  ‣ Other Long Term Investments,26,2,False,VNĐ,315931000000.0
2022-Q3,BS_PROVISION_LONG_TERM_INVESTMENTS,  ‣ Provision Long Term Investments,27,2,False,VNĐ,0.0
2022-Q3,BS_FIXED_ASSETS,Fixed Assets,28,1,False,VNĐ,1580388000000.0
2022-Q3,BS_TANGIBLE_FIXED_ASSETS,  ‣ Tangible Fixed Assets,29,2,False,VNĐ,1089799000000.0
2022-Q3,BS_TANGIBLE_FIXED_ASSETS_COST,    • Tangible Fixed Assets Cost,30,3,False,VNĐ,2679725000000.0
2022-Q3,BS_TANGIBLE_FIXED_ASSETS_ACCUMULATED_DEPRECIATION,    • Tangible Fixed Assets Accumulated Depreciation,31,3,False,VNĐ,-1589926000000.0
2022-Q3,BS_FINANCE_LEASE_FIXED_ASSETS,  ‣ Finance Lease Fixed Assets,32,2,False,VNĐ,0.0
2022-Q3,BS_FINANCE_LEASE_FIXED_ASSETS_COST,    • Finance Lease Fixed Assets Cost,33,3,False,VNĐ,0.0
2022-Q3,BS_FINANCE_LEASE_FIXED_ASSETS_ACCUMULATED_DEPRECIATION,    • Finance Lease Fixed Assets Accumulated Depreciation,34,3,False,VNĐ,-0.0
2022-Q3,BS_INTANGIBLE_FIXED_ASSETS,  ‣ Intangible Fixed Assets,35,2,False,VNĐ,490589000000.0
2022-Q3,BS_INTANGIBLE_FIXED_ASSETS_COST,    • Intangible Fixed Assets Cost,36,3,False,VNĐ,670145000000.0
2022-Q3,BS_INTANGIBLE_FIXED_ASSETS_ACCUMULATED_DEPRECIATION,    • Intangible Fixed Assets Accumulated Depreciation,37,3,False,VNĐ,-179556000000.0
2022-Q3,BS_INVESTMENT_PROPERTIES,Investment Properties,38,1,False,VNĐ,0.0
2022-Q3,BS_INVESTMENT_PROPERTIES_COST,  ‣ Investment Properties Cost,39,2,False,VNĐ,0.0
2022-Q3,BS_INVESTMENT_PROPERTIES_ACCUMULATED_DEPRECIATION,  ‣ Investment Properties Accumulated Depreciation,40,2,False,VNĐ,-0.0
2022-Q3,BS_OTHER_ASSETS,Other Assets,41,1,False,VNĐ,8304958000000.0
2022-Q3,BS_RECEIVABLES,  ‣ Receivables,42,2,False,VNĐ,2259248000000.0
2022-Q3,BS_INTEREST_AND_FEE_RECEIVABLES,  ‣ Interest and Fee Receivables,43,2,False,VNĐ,5423677000000.0
2022-Q3,BS_DEFERRED_TAX_ASSETS,  ‣ Deferred Tax Assets,44,2,False,VNĐ,0.0
2022-Q3,BS_OTHER_ASSETS_DETAIL,  ‣ Other Assets Detail,45,2,False,VNĐ,626952000000.0
2022-Q3,BS_GOODWILL,  ‣ Goodwill,46,2,False,VNĐ,
2022-Q3,BS_PROVISION_OTHER_ASSETS,  ‣ Provision Other Assets,47,2,False,VNĐ,-4919000000.0
2022-Q3,BS_TOTAL_LIABILITIES_AND_EQUITY,Total Liabilities and Equity,48,1,False,VNĐ,313480212000000.0
2022-Q3,BS_TOTAL_LIABILITIES,Total Liabilities,49,1,False,VNĐ,290092956000000.0
2022-Q3,BS_DUE_TO_GOVERNMENT_AND_SBV,  ‣ Due to Government and SBV,50,2,False,VNĐ,136881000000.0
2022-Q3,BS_PLACEMENTS_AND_BORROWINGS_FROM_CREDIT_INSTITUTIONS,  ‣ Placements and Borrowings from Credit Institutions,51,2,False,VNĐ,50597930000000.0
2022-Q3,BS_PLACEMENTS_FROM_CREDIT_INSTITUTIONS,    • Placements from Credit Institutions,52,3,False,VNĐ,39953028000000.0
2022-Q3,BS_BORROWINGS_FROM_CREDIT_INSTITUTIONS,    • Borrowings from Credit Institutions,53,3,False,VNĐ,10644902000000.0
2022-Q3,BS_CUSTOMER_DEPOSITS,  ‣ Customer Deposits,54,2,False,VNĐ,193533450000000.0
2022-Q3,BS_DERIVATIVES_AND_OTHER_FINANCIAL_LIABILITIES,  ‣ Derivatives and Other Financial Liabilities,55,2,False,VNĐ,287521000000.0
2022-Q3,BS_FUNDS_AND_ENTRUSTED_INVESTMENTS,  ‣ Funds and Entrusted Investments,56,2,False,VNĐ,0.0
2022-Q3,BS_VALUABLE_PAPERS_ISSUED,  ‣ Valuable Papers Issued,57,2,False,VNĐ,36738134000000.0
2022-Q3,BS_OTHER_LIABILITIES,  ‣ Other Liabilities,58,2,False,VNĐ,8799040000000.0
2022-Q3,BS_INTEREST_AND_FEE_PAYABLES,    • Interest and Fee Payables,59,3,False,VNĐ,5621029000000.0
2022-Q3,BS_DEFERRED_TAX_LIABILITIES,    • Deferred Tax Liabilities,60,3,False,VNĐ,
2022-Q3,BS_OTHER_PAYABLES_AND_LIABILITIES,    • Other Payables and Liabilities,61,3,False,VNĐ,3178011000000.0
2022-Q3,BS_OTHER_PROVISIONS,    • Other Provisions,62,3,False,VNĐ,0.0
2022-Q3,BS_EQUITY,Equity,63,1,False,VNĐ,23387256000000.0
2022-Q3,BS_CHARTER_CAPITAL_AND_FUNDS,  ‣ Charter Capital and Funds,64,2,False,VNĐ,15035917000000.0
2022-Q3,BS_CHARTER_CAPITAL,    • Charter Capital,65,3,False,VNĐ,15035860000000.0
2022-Q3,BS_SHARE_PREMIUM,    • Share Premium,66,3,False,VNĐ,57000000.0
2022-Q3,BS_TREASURY_SHARES,    • Treasury Shares,67,3,False,VNĐ,0.0
2022-Q3,BS_OTHER_CAPITAL,    • Other Capital,68,3,False,VNĐ,0.0
2022-Q3,BS_RESERVES,  ‣ Reserves,69,2,False,VNĐ,2183660000000.0
2022-Q3,BS_FOREIGN_EXCHANGE_DIFFERENCES,  ‣ Foreign Exchange Differences,70,2,False,VNĐ,0.0
2022-Q3,BS_ASSET_REVALUATION_DIFFERENCES,  ‣ Asset Revaluation Differences,71,2,False,VNĐ,0.0
2022-Q3,BS_RETAINED_EARNINGS,  ‣ Retained Earnings,72,2,False,VNĐ,6167679000000.0
2022-Q3,BS_MINORITY_INTEREST,Minority Interest,73,1,False,VNĐ,0.0
2022-Q3,BS_OFF_BALANCE_SHEET_ITEMS,Off Balance Sheet Items,74,1,True,VNĐ,
2022-Q3,BS_LOAN_GUARANTEES,  ‣ Loan Guarantees,75,2,True,VNĐ,
2022-Q3,BS_FX_COMMITMENTS,  ‣ FX Commitments,76,2,True,VNĐ,59340000000.0
2022-Q3,BS_COMMITMENTS_TO_BUY_FX,    • Commitments to Buy FX,77,3,True,VNĐ,2972450000000.0
2022-Q3,BS_COMMITMENTS_TO_SELL_FX,    • Commitments to Sell FX,78,3,True,VNĐ,2972450000000.0
2022-Q3,BS_SWAP_COMMITMENTS,    • Swap Commitments,79,3,True,VNĐ,92797573000000.0
2022-Q3,BS_FUTURE_COMMITMENTS,    • Future Commitments,80,3,True,VNĐ,0.0
2022-Q3,BS_IRREVOCABLE_LOAN_COMMITMENTS,  ‣ Irrevocable Loan Commitments,81,2,True,VNĐ,0.0
2022-Q3,BS_LC_COMMITMENTS,  ‣ LC Commitments,82,2,True,VNĐ,2250469000000.0
2022-Q3,BS_OTHER_GUARANTEES,  ‣ Other Guarantees,83,2,True,VNĐ,796636000000.0
2022-Q3,BS_OTHER_COMMITMENTS,  ‣ Other Commitments,84,2,True,VNĐ,2563155000000.0
2022-Q2,BS_TOTAL_ASSETS,Total Assets,1,1,False,VNĐ,300919233000000.0
2022-Q2,BS_CASH_AND_PRECIOUS_METALS,Cash and Precious Metals,2,1,False,VNĐ,2016854000000.0
2022-Q2,BS_BALANCES_WITH_SBV,Balances With SBV,3,1,False,VNĐ,4834479000000.0
2022-Q2,BS_PLACEMENTS_AND_LOANS_TO_CREDIT_INSTITUTIONS,Placements and Loans to Credit Institutions,4,1,False,VNĐ,19220966000000.0
2022-Q2,BS_PLACEMENTS_WITH_CREDIT_INSTITUTIONS,  ‣ Placements With Credit Institutions,5,2,False,VNĐ,18868236000000.0
2022-Q2,BS_LOANS_TO_CREDIT_INSTITUTIONS,  ‣ Loans to Credit Institutions,6,2,False,VNĐ,358198000000.0
2022-Q2,BS_PROVISION_CREDIT_INSTITUTIONS,  ‣ Provision Credit Institutions,7,2,False,VNĐ,-5468000000.0
2022-Q2,BS_TRADING_SECURITIES,Trading Securities,8,1,False,VNĐ,237085000000.0
2022-Q2,BS_TRADING_SECURITIES_GROSS,  ‣ Trading Securities Gross,9,2,False,VNĐ,237085000000.0
2022-Q2,BS_PROVISION_TRADING_SECURITIES,  ‣ Provision Trading Securities,10,2,False,VNĐ,0.0
2022-Q2,BS_DERIVATIVES_AND_OTHER_FINANCIAL_ASSETS,Derivatives and Other Financial Assets,11,1,False,VNĐ,0.0
2022-Q2,BS_LOANS_TO_CUSTOMERS,Loans to Customers,12,1,False,VNĐ,223055011000000.0
2022-Q2,BS_LOANS_TO_CUSTOMERS_GROSS,  ‣ Loans to Customers Gross,13,2,False,VNĐ,226914895000000.0
2022-Q2,BS_PROVISION_LOANS_TO_CUSTOMERS,  ‣ Provision Loans to Customers,14,2,False,VNĐ,-3859884000000.0
2022-Q2,BS_DEBT_PURCHASES,Debt Purchases,15,1,False,VNĐ,1558333000000.0
2022-Q2,BS_DEBT_PURCHASES_GROSS,  ‣ Debt Purchases Gross,16,2,False,VNĐ,1570109000000.0
2022-Q2,BS_PROVISION_DEBT_PURCHASES,  ‣ Provision Debt Purchases,17,2,False,VNĐ,-11776000000.0
2022-Q2,BS_INVESTMENT_SECURITIES,Investment Securities,18,1,False,VNĐ,42102592000000.0
2022-Q2,BS_AVAILABLE_FOR_SALE_SECURITIES,  ‣ Available for Sale Securities,19,2,False,VNĐ,42102592000000.0
2022-Q2,BS_HELD_TO_MATURITY_SECURITIES,  ‣ Held to Maturity Securities,20,2,False,VNĐ,0.0
2022-Q2,BS_PROVISION_INVESTMENT_SECURITIES,  ‣ Provision Investment Securities,21,2,False,VNĐ,0.0
2022-Q2,BS_LONG_TERM_INVESTMENTS,Long Term Investments,22,1,False,VNĐ,315931000000.0
2022-Q2,BS_INVESTMENTS_IN_JOINT_VENTURES,  ‣ Investments in Joint Ventures,23,2,False,VNĐ,0.0
2022-Q2,BS_CAPITAL_CONTRIBUTION_JOINT_VENTURES,  ‣ Capital Contribution Joint Ventures,24,2,False,VNĐ,0.0
2022-Q2,BS_INVESTMENTS_IN_ASSOCIATES,  ‣ Investments in Associates,25,2,False,VNĐ,0.0
2022-Q2,BS_OTHER_LONG_TERM_INVESTMENTS,  ‣ Other Long Term Investments,26,2,False,VNĐ,315931000000.0
2022-Q2,BS_PROVISION_LONG_TERM_INVESTMENTS,  ‣ Provision Long Term Investments,27,2,False,VNĐ,0.0
2022-Q2,BS_FIXED_ASSETS,Fixed Assets,28,1,False,VNĐ,1623875000000.0
2022-Q2,BS_TANGIBLE_FIXED_ASSETS,  ‣ Tangible Fixed Assets,29,2,False,VNĐ,1138576000000.0
2022-Q2,BS_TANGIBLE_FIXED_ASSETS_COST,    • Tangible Fixed Assets Cost,30,3,False,VNĐ,2679260000000.0
2022-Q2,BS_TANGIBLE_FIXED_ASSETS_ACCUMULATED_DEPRECIATION,    • Tangible Fixed Assets Accumulated Depreciation,31,3,False,VNĐ,-1540684000000.0
2022-Q2,BS_FINANCE_LEASE_FIXED_ASSETS,  ‣ Finance Lease Fixed Assets,32,2,False,VNĐ,0.0
2022-Q2,BS_FINANCE_LEASE_FIXED_ASSETS_COST,    • Finance Lease Fixed Assets Cost,33,3,False,VNĐ,0.0
2022-Q2,BS_FINANCE_LEASE_FIXED_ASSETS_ACCUMULATED_DEPRECIATION,    • Finance Lease Fixed Assets Accumulated Depreciation,34,3,False,VNĐ,-0.0
2022-Q2,BS_INTANGIBLE_FIXED_ASSETS,  ‣ Intangible Fixed Assets,35,2,False,VNĐ,485299000000.0
2022-Q2,BS_INTANGIBLE_FIXED_ASSETS_COST,    • Intangible Fixed Assets Cost,36,3,False,VNĐ,657084000000.0
2022-Q2,BS_INTANGIBLE_FIXED_ASSETS_ACCUMULATED_DEPRECIATION,    • Intangible Fixed Assets Accumulated Depreciation,37,3,False,VNĐ,-171785000000.0
2022-Q2,BS_INVESTMENT_PROPERTIES,Investment Properties,38,1,False,VNĐ,0.0
2022-Q2,BS_INVESTMENT_PROPERTIES_COST,  ‣ Investment Properties Cost,39,2,False,VNĐ,0.0
2022-Q2,BS_INVESTMENT_PROPERTIES_ACCUMULATED_DEPRECIATION,  ‣ Investment Properties Accumulated Depreciation,40,2,False,VNĐ,-0.0
2022-Q2,BS_OTHER_ASSETS,Other Assets,41,1,False,VNĐ,5954107000000.0
2022-Q2,BS_RECEIVABLES,  ‣ Receivables,42,2,False,VNĐ,1444292000000.0
2022-Q2,BS_INTEREST_AND_FEE_RECEIVABLES,  ‣ Interest and Fee Receivables,43,2,False,VNĐ,3881837000000.0
2022-Q2,BS_DEFERRED_TAX_ASSETS,  ‣ Deferred Tax Assets,44,2,False,VNĐ,0.0
2022-Q2,BS_OTHER_ASSETS_DETAIL,  ‣ Other Assets Detail,45,2,False,VNĐ,632897000000.0
2022-Q2,BS_GOODWILL,  ‣ Goodwill,46,2,False,VNĐ,
2022-Q2,BS_PROVISION_OTHER_ASSETS,  ‣ Provision Other Assets,47,2,False,VNĐ,-4919000000.0
2022-Q2,BS_TOTAL_LIABILITIES_AND_EQUITY,Total Liabilities and Equity,48,1,False,VNĐ,300919233000000.0
2022-Q2,BS_TOTAL_LIABILITIES,Total Liabilities,49,1,False,VNĐ,281168861000000.0
2022-Q2,BS_DUE_TO_GOVERNMENT_AND_SBV,  ‣ Due to Government and SBV,50,2,False,VNĐ,144909000000.0
2022-Q2,BS_PLACEMENTS_AND_BORROWINGS_FROM_CREDIT_INSTITUTIONS,  ‣ Placements and Borrowings from Credit Institutions,51,2,False,VNĐ,45619392000000.0
2022-Q2,BS_PLACEMENTS_FROM_CREDIT_INSTITUTIONS,    • Placements from Credit Institutions,52,3,False,VNĐ,35140008000000.0
2022-Q2,BS_BORROWINGS_FROM_CREDIT_INSTITUTIONS,    • Borrowings from Credit Institutions,53,3,False,VNĐ,10479384000000.0
2022-Q2,BS_CUSTOMER_DEPOSITS,  ‣ Customer Deposits,54,2,False,VNĐ,185787552000000.0
2022-Q2,BS_DERIVATIVES_AND_OTHER_FINANCIAL_LIABILITIES,  ‣ Derivatives and Other Financial Liabilities,55,2,False,VNĐ,74191000000.0
2022-Q2,BS_FUNDS_AND_ENTRUSTED_INVESTMENTS,  ‣ Funds and Entrusted Investments,56,2,False,VNĐ,0.0
2022-Q2,BS_VALUABLE_PAPERS_ISSUED,  ‣ Valuable Papers Issued,57,2,False,VNĐ,38849693000000.0
2022-Q2,BS_OTHER_LIABILITIES,  ‣ Other Liabilities,58,2,False,VNĐ,10693124000000.0
2022-Q2,BS_INTEREST_AND_FEE_PAYABLES,    • Interest and Fee Payables,59,3,False,VNĐ,5245692000000.0
2022-Q2,BS_DEFERRED_TAX_LIABILITIES,    • Deferred Tax Liabilities,60,3,False,VNĐ,
2022-Q2,BS_OTHER_PAYABLES_AND_LIABILITIES,    • Other Payables and Liabilities,61,3,False,VNĐ,5447432000000.0
2022-Q2,BS_OTHER_PROVISIONS,    • Other Provisions,62,3,False,VNĐ,0.0
2022-Q2,BS_EQUITY,Equity,63,1,False,VNĐ,19750372000000.0
2022-Q2,BS_CHARTER_CAPITAL_AND_FUNDS,  ‣ Charter Capital and Funds,64,2,False,VNĐ,12385920000000.0
2022-Q2,BS_CHARTER_CAPITAL,    • Charter Capital,65,3,False,VNĐ,12385863000000.0
2022-Q2,BS_SHARE_PREMIUM,    • Share Premium,66,3,False,VNĐ,57000000.0
2022-Q2,BS_TREASURY_SHARES,    • Treasury Shares,67,3,False,VNĐ,0.0
2022-Q2,BS_OTHER_CAPITAL,    • Other Capital,68,3,False,VNĐ,0.0
2022-Q2,BS_RESERVES,  ‣ Reserves,69,2,False,VNĐ,2183660000000.0
2022-Q2,BS_FOREIGN_EXCHANGE_DIFFERENCES,  ‣ Foreign Exchange Differences,70,2,False,VNĐ,0.0
2022-Q2,BS_ASSET_REVALUATION_DIFFERENCES,  ‣ Asset Revaluation Differences,71,2,False,VNĐ,0.0
2022-Q2,BS_RETAINED_EARNINGS,  ‣ Retained Earnings,72,2,False,VNĐ,5180792000000.0
2022-Q2,BS_MINORITY_INTEREST,Minority Interest,73,1,False,VNĐ,0.0
2022-Q2,BS_OFF_BALANCE_SHEET_ITEMS,Off Balance Sheet Items,74,1,True,VNĐ,
2022-Q2,BS_LOAN_GUARANTEES,  ‣ Loan Guarantees,75,2,True,VNĐ,
2022-Q2,BS_FX_COMMITMENTS,  ‣ FX Commitments,76,2,True,VNĐ,63340000000.0
2022-Q2,BS_COMMITMENTS_TO_BUY_FX,    • Commitments to Buy FX,77,3,True,VNĐ,630142000000.0
2022-Q2,BS_COMMITMENTS_TO_SELL_FX,    • Commitments to Sell FX,78,3,True,VNĐ,911669000000.0
2022-Q2,BS_SWAP_COMMITMENTS,    • Swap Commitments,79,3,True,VNĐ,104606776000000.0
2022-Q2,BS_FUTURE_COMMITMENTS,    • Future Commitments,80,3,True,VNĐ,0.0
2022-Q2,BS_IRREVOCABLE_LOAN_COMMITMENTS,  ‣ Irrevocable Loan Commitments,81,2,True,VNĐ,0.0
2022-Q2,BS_LC_COMMITMENTS,  ‣ LC Commitments,82,2,True,VNĐ,1363653000000.0
2022-Q2,BS_OTHER_GUARANTEES,  ‣ Other Guarantees,83,2,True,VNĐ,821024000000.0
2022-Q2,BS_OTHER_COMMITMENTS,  ‣ Other Commitments,84,2,True,VNĐ,2269990000000.0
2022-Q1,BS_TOTAL_ASSETS,Total Assets,1,1,False,VNĐ,284918135000000.0
2022-Q1,BS_CASH_AND_PRECIOUS_METALS,Cash and Precious Metals,2,1,False,VNĐ,2173387000000.0
2022-Q1,BS_BALANCES_WITH_SBV,Balances With SBV,3,1,False,VNĐ,10515268000000.0
2022-Q1,BS_PLACEMENTS_AND_LOANS_TO_CREDIT_INSTITUTIONS,Placements and Loans to Credit Institutions,4,1,False,VNĐ,17308765000000.0
2022-Q1,BS_PLACEMENTS_WITH_CREDIT_INSTITUTIONS,  ‣ Placements With Credit Institutions,5,2,False,VNĐ,16463583000000.0
2022-Q1,BS_LOANS_TO_CREDIT_INSTITUTIONS,  ‣ Loans to Credit Institutions,6,2,False,VNĐ,850650000000.0
2022-Q1,BS_PROVISION_CREDIT_INSTITUTIONS,  ‣ Provision Credit Institutions,7,2,False,VNĐ,-5468000000.0
2022-Q1,BS_TRADING_SECURITIES,Trading Securities,8,1,False,VNĐ,232878000000.0
2022-Q1,BS_TRADING_SECURITIES_GROSS,  ‣ Trading Securities Gross,9,2,False,VNĐ,232878000000.0
2022-Q1,BS_PROVISION_TRADING_SECURITIES,  ‣ Provision Trading Securities,10,2,False,VNĐ,0.0
2022-Q1,BS_DERIVATIVES_AND_OTHER_FINANCIAL_ASSETS,Derivatives and Other Financial Assets,11,1,False,VNĐ,132706000000.0
2022-Q1,BS_LOANS_TO_CUSTOMERS,Loans to Customers,12,1,False,VNĐ,204271906000000.0
2022-Q1,BS_LOANS_TO_CUSTOMERS_GROSS,  ‣ Loans to Customers Gross,13,2,False,VNĐ,207749028000000.0
2022-Q1,BS_PROVISION_LOANS_TO_CUSTOMERS,  ‣ Provision Loans to Customers,14,2,False,VNĐ,-3477122000000.0
2022-Q1,BS_DEBT_PURCHASES,Debt Purchases,15,1,False,VNĐ,0.0
2022-Q1,BS_DEBT_PURCHASES_GROSS,  ‣ Debt Purchases Gross,16,2,False,VNĐ,0.0
2022-Q1,BS_PROVISION_DEBT_PURCHASES,  ‣ Provision Debt Purchases,17,2,False,VNĐ,0.0
2022-Q1,BS_INVESTMENT_SECURITIES,Investment Securities,18,1,False,VNĐ,41408365000000.0
2022-Q1,BS_AVAILABLE_FOR_SALE_SECURITIES,  ‣ Available for Sale Securities,19,2,False,VNĐ,41425459000000.0
2022-Q1,BS_HELD_TO_MATURITY_SECURITIES,  ‣ Held to Maturity Securities,20,2,False,VNĐ,0.0
2022-Q1,BS_PROVISION_INVESTMENT_SECURITIES,  ‣ Provision Investment Securities,21,2,False,VNĐ,-17094000000.0
2022-Q1,BS_LONG_TERM_INVESTMENTS,Long Term Investments,22,1,False,VNĐ,315931000000.0
2022-Q1,BS_INVESTMENTS_IN_JOINT_VENTURES,  ‣ Investments in Joint Ventures,23,2,False,VNĐ,0.0
2022-Q1,BS_CAPITAL_CONTRIBUTION_JOINT_VENTURES,  ‣ Capital Contribution Joint Ventures,24,2,False,VNĐ,0.0
2022-Q1,BS_INVESTMENTS_IN_ASSOCIATES,  ‣ Investments in Associates,25,2,False,VNĐ,0.0
2022-Q1,BS_OTHER_LONG_TERM_INVESTMENTS,  ‣ Other Long Term Investments,26,2,False,VNĐ,315931000000.0
2022-Q1,BS_PROVISION_LONG_TERM_INVESTMENTS,  ‣ Provision Long Term Investments,27,2,False,VNĐ,0.0
2022-Q1,BS_FIXED_ASSETS,Fixed Assets,28,1,False,VNĐ,1609043000000.0
2022-Q1,BS_TANGIBLE_FIXED_ASSETS,  ‣ Tangible Fixed Assets,29,2,False,VNĐ,1124457000000.0
2022-Q1,BS_TANGIBLE_FIXED_ASSETS_COST,    • Tangible Fixed Assets Cost,30,3,False,VNĐ,2616102000000.0
2022-Q1,BS_TANGIBLE_FIXED_ASSETS_ACCUMULATED_DEPRECIATION,    • Tangible Fixed Assets Accumulated Depreciation,31,3,False,VNĐ,-1491645000000.0
2022-Q1,BS_FINANCE_LEASE_FIXED_ASSETS,  ‣ Finance Lease Fixed Assets,32,2,False,VNĐ,0.0
2022-Q1,BS_FINANCE_LEASE_FIXED_ASSETS_COST,    • Finance Lease Fixed Assets Cost,33,3,False,VNĐ,0.0
2022-Q1,BS_FINANCE_LEASE_FIXED_ASSETS_ACCUMULATED_DEPRECIATION,    • Finance Lease Fixed Assets Accumulated Depreciation,34,3,False,VNĐ,-0.0
2022-Q1,BS_INTANGIBLE_FIXED_ASSETS,  ‣ Intangible Fixed Assets,35,2,False,VNĐ,484586000000.0
2022-Q1,BS_INTANGIBLE_FIXED_ASSETS_COST,    • Intangible Fixed Assets Cost,36,3,False,VNĐ,672550000000.0
2022-Q1,BS_INTANGIBLE_FIXED_ASSETS_ACCUMULATED_DEPRECIATION,    • Intangible Fixed Assets Accumulated Depreciation,37,3,False,VNĐ,-187964000000.0
2022-Q1,BS_INVESTMENT_PROPERTIES,Investment Properties,38,1,False,VNĐ,0.0
2022-Q1,BS_INVESTMENT_PROPERTIES_COST,  ‣ Investment Properties Cost,39,2,False,VNĐ,0.0
2022-Q1,BS_INVESTMENT_PROPERTIES_ACCUMULATED_DEPRECIATION,  ‣ Investment Properties Accumulated Depreciation,40,2,False,VNĐ,-0.0
2022-Q1,BS_OTHER_ASSETS,Other Assets,41,1,False,VNĐ,6949886000000.0
2022-Q1,BS_RECEIVABLES,  ‣ Receivables,42,2,False,VNĐ,1472790000000.0
2022-Q1,BS_INTEREST_AND_FEE_RECEIVABLES,  ‣ Interest and Fee Receivables,43,2,False,VNĐ,4742877000000.0
2022-Q1,BS_DEFERRED_TAX_ASSETS,  ‣ Deferred Tax Assets,44,2,False,VNĐ,0.0
2022-Q1,BS_OTHER_ASSETS_DETAIL,  ‣ Other Assets Detail,45,2,False,VNĐ,739138000000.0
2022-Q1,BS_GOODWILL,  ‣ Goodwill,46,2,False,VNĐ,
2022-Q1,BS_PROVISION_OTHER_ASSETS,  ‣ Provision Other Assets,47,2,False,VNĐ,-4919000000.0
2022-Q1,BS_TOTAL_LIABILITIES_AND_EQUITY,Total Liabilities and Equity,48,1,False,VNĐ,284918135000000.0
2022-Q1,BS_TOTAL_LIABILITIES,Total Liabilities,49,1,False,VNĐ,266695475000000.0
2022-Q1,BS_DUE_TO_GOVERNMENT_AND_SBV,  ‣ Due to Government and SBV,50,2,False,VNĐ,153859000000.0
2022-Q1,BS_PLACEMENTS_AND_BORROWINGS_FROM_CREDIT_INSTITUTIONS,  ‣ Placements and Borrowings from Credit Institutions,51,2,False,VNĐ,42435310000000.0
2022-Q1,BS_PLACEMENTS_FROM_CREDIT_INSTITUTIONS,    • Placements from Credit Institutions,52,3,False,VNĐ,29143413000000.0
2022-Q1,BS_BORROWINGS_FROM_CREDIT_INSTITUTIONS,    • Borrowings from Credit Institutions,53,3,False,VNĐ,13291897000000.0
2022-Q1,BS_CUSTOMER_DEPOSITS,  ‣ Customer Deposits,54,2,False,VNĐ,177459816000000.0
2022-Q1,BS_DERIVATIVES_AND_OTHER_FINANCIAL_LIABILITIES,  ‣ Derivatives and Other Financial Liabilities,55,2,False,VNĐ,0.0
2022-Q1,BS_FUNDS_AND_ENTRUSTED_INVESTMENTS,  ‣ Funds and Entrusted Investments,56,2,False,VNĐ,0.0
2022-Q1,BS_VALUABLE_PAPERS_ISSUED,  ‣ Valuable Papers Issued,57,2,False,VNĐ,38887949000000.0
2022-Q1,BS_OTHER_LIABILITIES,  ‣ Other Liabilities,58,2,False,VNĐ,7758541000000.0
2022-Q1,BS_INTEREST_AND_FEE_PAYABLES,    • Interest and Fee Payables,59,3,False,VNĐ,5159118000000.0
2022-Q1,BS_DEFERRED_TAX_LIABILITIES,    • Deferred Tax Liabilities,60,3,False,VNĐ,
2022-Q1,BS_OTHER_PAYABLES_AND_LIABILITIES,    • Other Payables and Liabilities,61,3,False,VNĐ,2599423000000.0
2022-Q1,BS_OTHER_PROVISIONS,    • Other Provisions,62,3,False,VNĐ,0.0
2022-Q1,BS_EQUITY,Equity,63,1,False,VNĐ,18222660000000.0
2022-Q1,BS_CHARTER_CAPITAL_AND_FUNDS,  ‣ Charter Capital and Funds,64,2,False,VNĐ,12035962000000.0
2022-Q1,BS_CHARTER_CAPITAL,    • Charter Capital,65,3,False,VNĐ,12035905000000.0
2022-Q1,BS_SHARE_PREMIUM,    • Share Premium,66,3,False,VNĐ,57000000.0
2022-Q1,BS_TREASURY_SHARES,    • Treasury Shares,67,3,False,VNĐ,0.0
2022-Q1,BS_OTHER_CAPITAL,    • Other Capital,68,3,False,VNĐ,0.0
2022-Q1,BS_RESERVES,  ‣ Reserves,69,2,False,VNĐ,2183660000000.0
2022-Q1,BS_FOREIGN_EXCHANGE_DIFFERENCES,  ‣ Foreign Exchange Differences,70,2,False,VNĐ,0.0
2022-Q1,BS_ASSET_REVALUATION_DIFFERENCES,  ‣ Asset Revaluation Differences,71,2,False,VNĐ,0.0
2022-Q1,BS_RETAINED_EARNINGS,  ‣ Retained Earnings,72,2,False,VNĐ,4003038000000.0
2022-Q1,BS_MINORITY_INTEREST,Minority Interest,73,1,False,VNĐ,0.0
2022-Q1,BS_OFF_BALANCE_SHEET_ITEMS,Off Balance Sheet Items,74,1,True,VNĐ,
2022-Q1,BS_LOAN_GUARANTEES,  ‣ Loan Guarantees,75,2,True,VNĐ,
2022-Q1,BS_FX_COMMITMENTS,  ‣ FX Commitments,76,2,True,VNĐ,63340000000.0
2022-Q1,BS_COMMITMENTS_TO_BUY_FX,    • Commitments to Buy FX,77,3,True,VNĐ,1568268000000.0
2022-Q1,BS_COMMITMENTS_TO_SELL_FX,    • Commitments to Sell FX,78,3,True,VNĐ,1699791000000.0
2022-Q1,BS_SWAP_COMMITMENTS,    • Swap Commitments,79,3,True,VNĐ,104698475000000.0
2022-Q1,BS_FUTURE_COMMITMENTS,    • Future Commitments,80,3,True,VNĐ,0.0
2022-Q1,BS_IRREVOCABLE_LOAN_COMMITMENTS,  ‣ Irrevocable Loan Commitments,81,2,True,VNĐ,0.0
2022-Q1,BS_LC_COMMITMENTS,  ‣ LC Commitments,82,2,True,VNĐ,1378466000000.0
2022-Q1,BS_OTHER_GUARANTEES,  ‣ Other Guarantees,83,2,True,VNĐ,921548000000.0
2022-Q1,BS_OTHER_COMMITMENTS,  ‣ Other Commitments,84,2,True,VNĐ,1265061000000.0
2021-Q4,BS_TOTAL_ASSETS,Total Assets,1,1,False,VNĐ,289193879000000.0
2021-Q4,BS_CASH_AND_PRECIOUS_METALS,Cash and Precious Metals,2,1,False,VNĐ,2751278000000.0
2021-Q4,BS_BALANCES_WITH_SBV,Balances With SBV,3,1,False,VNĐ,9867646000000.0
2021-Q4,BS_PLACEMENTS_AND_LOANS_TO_CREDIT_INSTITUTIONS,Placements and Loans to Credit Institutions,4,1,False,VNĐ,22438493000000.0
2021-Q4,BS_PLACEMENTS_WITH_CREDIT_INSTITUTIONS,  ‣ Placements With Credit Institutions,5,2,False,VNĐ,21287760000000.0
2021-Q4,BS_LOANS_TO_CREDIT_INSTITUTIONS,  ‣ Loans to Credit Institutions,6,2,False,VNĐ,1150733000000.0
2021-Q4,BS_PROVISION_CREDIT_INSTITUTIONS,  ‣ Provision Credit Institutions,7,2,False,VNĐ,0.0
2021-Q4,BS_TRADING_SECURITIES,Trading Securities,8,1,False,VNĐ,232521000000.0
2021-Q4,BS_TRADING_SECURITIES_GROSS,  ‣ Trading Securities Gross,9,2,False,VNĐ,232521000000.0
2021-Q4,BS_PROVISION_TRADING_SECURITIES,  ‣ Provision Trading Securities,10,2,False,VNĐ,0.0
2021-Q4,BS_DERIVATIVES_AND_OTHER_FINANCIAL_ASSETS,Derivatives and Other Financial Assets,11,1,False,VNĐ,84831000000.0
2021-Q4,BS_LOANS_TO_CUSTOMERS,Loans to Customers,12,1,False,VNĐ,205783434000000.0
2021-Q4,BS_LOANS_TO_CUSTOMERS_GROSS,  ‣ Loans to Customers Gross,13,2,False,VNĐ,208954136000000.0
2021-Q4,BS_PROVISION_LOANS_TO_CUSTOMERS,  ‣ Provision Loans to Customers,14,2,False,VNĐ,-3170702000000.0
2021-Q4,BS_DEBT_PURCHASES,Debt Purchases,15,1,False,VNĐ,0.0
2021-Q4,BS_DEBT_PURCHASES_GROSS,  ‣ Debt Purchases Gross,16,2,False,VNĐ,0.0
2021-Q4,BS_PROVISION_DEBT_PURCHASES,  ‣ Provision Debt Purchases,17,2,False,VNĐ,0.0
2021-Q4,BS_INVESTMENT_SECURITIES,Investment Securities,18,1,False,VNĐ,38689486000000.0
2021-Q4,BS_AVAILABLE_FOR_SALE_SECURITIES,  ‣ Available for Sale Securities,19,2,False,VNĐ,38706805000000.0
2021-Q4,BS_HELD_TO_MATURITY_SECURITIES,  ‣ Held to Maturity Securities,20,2,False,VNĐ,0.0
2021-Q4,BS_PROVISION_INVESTMENT_SECURITIES,  ‣ Provision Investment Securities,21,2,False,VNĐ,-17319000000.0
2021-Q4,BS_LONG_TERM_INVESTMENTS,Long Term Investments,22,1,False,VNĐ,315931000000.0
2021-Q4,BS_INVESTMENTS_IN_JOINT_VENTURES,  ‣ Investments in Joint Ventures,23,2,False,VNĐ,0.0
2021-Q4,BS_CAPITAL_CONTRIBUTION_JOINT_VENTURES,  ‣ Capital Contribution Joint Ventures,24,2,False,VNĐ,0.0
2021-Q4,BS_INVESTMENTS_IN_ASSOCIATES,  ‣ Investments in Associates,25,2,False,VNĐ,0.0
2021-Q4,BS_OTHER_LONG_TERM_INVESTMENTS,  ‣ Other Long Term Investments,26,2,False,VNĐ,315931000000.0
2021-Q4,BS_PROVISION_LONG_TERM_INVESTMENTS,  ‣ Provision Long Term Investments,27,2,False,VNĐ,0.0
2021-Q4,BS_FIXED_ASSETS,Fixed Assets,28,1,False,VNĐ,1584457000000.0
2021-Q4,BS_TANGIBLE_FIXED_ASSETS,  ‣ Tangible Fixed Assets,29,2,False,VNĐ,1092819000000.0
2021-Q4,BS_TANGIBLE_FIXED_ASSETS_COST,    • Tangible Fixed Assets Cost,30,3,False,VNĐ,2530702000000.0
2021-Q4,BS_TANGIBLE_FIXED_ASSETS_ACCUMULATED_DEPRECIATION,    • Tangible Fixed Assets Accumulated Depreciation,31,3,False,VNĐ,-1437883000000.0
2021-Q4,BS_FINANCE_LEASE_FIXED_ASSETS,  ‣ Finance Lease Fixed Assets,32,2,False,VNĐ,0.0
2021-Q4,BS_FINANCE_LEASE_FIXED_ASSETS_COST,    • Finance Lease Fixed Assets Cost,33,3,False,VNĐ,0.0
2021-Q4,BS_FINANCE_LEASE_FIXED_ASSETS_ACCUMULATED_DEPRECIATION,    • Finance Lease Fixed Assets Accumulated Depreciation,34,3,False,VNĐ,-0.0
2021-Q4,BS_INTANGIBLE_FIXED_ASSETS,  ‣ Intangible Fixed Assets,35,2,False,VNĐ,491638000000.0
2021-Q4,BS_INTANGIBLE_FIXED_ASSETS_COST,    • Intangible Fixed Assets Cost,36,3,False,VNĐ,672549000000.0
2021-Q4,BS_INTANGIBLE_FIXED_ASSETS_ACCUMULATED_DEPRECIATION,    • Intangible Fixed Assets Accumulated Depreciation,37,3,False,VNĐ,-180911000000.0
2021-Q4,BS_INVESTMENT_PROPERTIES,Investment Properties,38,1,False,VNĐ,0.0
2021-Q4,BS_INVESTMENT_PROPERTIES_COST,  ‣ Investment Properties Cost,39,2,False,VNĐ,0.0
2021-Q4,BS_INVESTMENT_PROPERTIES_ACCUMULATED_DEPRECIATION,  ‣ Investment Properties Accumulated Depreciation,40,2,False,VNĐ,-0.0
2021-Q4,BS_OTHER_ASSETS,Other Assets,41,1,False,VNĐ,7445802000000.0
2021-Q4,BS_RECEIVABLES,  ‣ Receivables,42,2,False,VNĐ,1248734000000.0
2021-Q4,BS_INTEREST_AND_FEE_RECEIVABLES,  ‣ Interest and Fee Receivables,43,2,False,VNĐ,5383067000000.0
2021-Q4,BS_DEFERRED_TAX_ASSETS,  ‣ Deferred Tax Assets,44,2,False,VNĐ,0.0
2021-Q4,BS_OTHER_ASSETS_DETAIL,  ‣ Other Assets Detail,45,2,False,VNĐ,818920000000.0
2021-Q4,BS_GOODWILL,  ‣ Goodwill,46,2,False,VNĐ,
2021-Q4,BS_PROVISION_OTHER_ASSETS,  ‣ Provision Other Assets,47,2,False,VNĐ,-4919000000.0
2021-Q4,BS_TOTAL_LIABILITIES_AND_EQUITY,Total Liabilities and Equity,48,1,False,VNĐ,289193879000000.0
2021-Q4,BS_TOTAL_LIABILITIES,Total Liabilities,49,1,False,VNĐ,272392002000000.0
2021-Q4,BS_DUE_TO_GOVERNMENT_AND_SBV,  ‣ Due to Government and SBV,50,2,False,VNĐ,1702874000000.0
2021-Q4,BS_PLACEMENTS_AND_BORROWINGS_FROM_CREDIT_INSTITUTIONS,  ‣ Placements and Borrowings from Credit Institutions,51,2,False,VNĐ,46281380000000.0
2021-Q4,BS_PLACEMENTS_FROM_CREDIT_INSTITUTIONS,    • Placements from Credit Institutions,52,3,False,VNĐ,36848831000000.0
2021-Q4,BS_BORROWINGS_FROM_CREDIT_INSTITUTIONS,    • Borrowings from Credit Institutions,53,3,False,VNĐ,9432549000000.0
2021-Q4,BS_CUSTOMER_DEPOSITS,  ‣ Customer Deposits,54,2,False,VNĐ,180273213000000.0
2021-Q4,BS_DERIVATIVES_AND_OTHER_FINANCIAL_LIABILITIES,  ‣ Derivatives and Other Financial Liabilities,55,2,False,VNĐ,0.0
2021-Q4,BS_FUNDS_AND_ENTRUSTED_INVESTMENTS,  ‣ Funds and Entrusted Investments,56,2,False,VNĐ,0.0
2021-Q4,BS_VALUABLE_PAPERS_ISSUED,  ‣ Valuable Papers Issued,57,2,False,VNĐ,36737629000000.0
2021-Q4,BS_OTHER_LIABILITIES,  ‣ Other Liabilities,58,2,False,VNĐ,7396906000000.0
2021-Q4,BS_INTEREST_AND_FEE_PAYABLES,    • Interest and Fee Payables,59,3,False,VNĐ,5696602000000.0
2021-Q4,BS_DEFERRED_TAX_LIABILITIES,    • Deferred Tax Liabilities,60,3,False,VNĐ,
2021-Q4,BS_OTHER_PAYABLES_AND_LIABILITIES,    • Other Payables and Liabilities,61,3,False,VNĐ,1700304000000.0
2021-Q4,BS_OTHER_PROVISIONS,    • Other Provisions,62,3,False,VNĐ,0.0
2021-Q4,BS_EQUITY,Equity,63,1,False,VNĐ,16801877000000.0
2021-Q4,BS_CHARTER_CAPITAL_AND_FUNDS,  ‣ Charter Capital and Funds,64,2,False,VNĐ,12035962000000.0
2021-Q4,BS_CHARTER_CAPITAL,    • Charter Capital,65,3,False,VNĐ,12035905000000.0
2021-Q4,BS_SHARE_PREMIUM,    • Share Premium,66,3,False,VNĐ,57000000.0
2021-Q4,BS_TREASURY_SHARES,    • Treasury Shares,67,3,False,VNĐ,0.0
2021-Q4,BS_OTHER_CAPITAL,    • Other Capital,68,3,False,VNĐ,0.0
2021-Q4,BS_RESERVES,  ‣ Reserves,69,2,False,VNĐ,2183660000000.0
2021-Q4,BS_FOREIGN_EXCHANGE_DIFFERENCES,  ‣ Foreign Exchange Differences,70,2,False,VNĐ,0.0
2021-Q4,BS_ASSET_REVALUATION_DIFFERENCES,  ‣ Asset Revaluation Differences,71,2,False,VNĐ,0.0
2021-Q4,BS_RETAINED_EARNINGS,  ‣ Retained Earnings,72,2,False,VNĐ,2582255000000.0
2021-Q4,BS_MINORITY_INTEREST,Minority Interest,73,1,False,VNĐ,0.0
2021-Q4,BS_OFF_BALANCE_SHEET_ITEMS,Off Balance Sheet Items,74,1,True,VNĐ,
2021-Q4,BS_LOAN_GUARANTEES,  ‣ Loan Guarantees,75,2,True,VNĐ,
2021-Q4,BS_FX_COMMITMENTS,  ‣ FX Commitments,76,2,True,VNĐ,63340000000.0
2021-Q4,BS_COMMITMENTS_TO_BUY_FX,    • Commitments to Buy FX,77,3,True,VNĐ,2270761000000.0
2021-Q4,BS_COMMITMENTS_TO_SELL_FX,    • Commitments to Sell FX,78,3,True,VNĐ,1130987000000.0
2021-Q4,BS_SWAP_COMMITMENTS,    • Swap Commitments,79,3,True,VNĐ,69576248000000.0
2021-Q4,BS_FUTURE_COMMITMENTS,    • Future Commitments,80,3,True,VNĐ,0.0
2021-Q4,BS_IRREVOCABLE_LOAN_COMMITMENTS,  ‣ Irrevocable Loan Commitments,81,2,True,VNĐ,0.0
2021-Q4,BS_LC_COMMITMENTS,  ‣ LC Commitments,82,2,True,VNĐ,1281853000000.0
2021-Q4,BS_OTHER_GUARANTEES,  ‣ Other Guarantees,83,2,True,VNĐ,891795000000.0
2021-Q4,BS_OTHER_COMMITMENTS,  ‣ Other Commitments,84,2,True,VNĐ,2828995000000.0
2021-Q3,BS_TOTAL_ASSETS,Total Assets,1,1,False,VNĐ,254622581000000.0
2021-Q3,BS_CASH_AND_PRECIOUS_METALS,Cash and Precious Metals,2,1,False,VNĐ,1668953000000.0
2021-Q3,BS_BALANCES_WITH_SBV,Balances With SBV,3,1,False,VNĐ,2755885000000.0
2021-Q3,BS_PLACEMENTS_AND_LOANS_TO_CREDIT_INSTITUTIONS,Placements and Loans to Credit Institutions,4,1,False,VNĐ,11034155000000.0
2021-Q3,BS_PLACEMENTS_WITH_CREDIT_INSTITUTIONS,  ‣ Placements With Credit Institutions,5,2,False,VNĐ,10731379000000.0
2021-Q3,BS_LOANS_TO_CREDIT_INSTITUTIONS,  ‣ Loans to Credit Institutions,6,2,False,VNĐ,305551000000.0
2021-Q3,BS_PROVISION_CREDIT_INSTITUTIONS,  ‣ Provision Credit Institutions,7,2,False,VNĐ,-2775000000.0
2021-Q3,BS_TRADING_SECURITIES,Trading Securities,8,1,False,VNĐ,273120000000.0
2021-Q3,BS_TRADING_SECURITIES_GROSS,  ‣ Trading Securities Gross,9,2,False,VNĐ,273120000000.0
2021-Q3,BS_PROVISION_TRADING_SECURITIES,  ‣ Provision Trading Securities,10,2,False,VNĐ,0.0
2021-Q3,BS_DERIVATIVES_AND_OTHER_FINANCIAL_ASSETS,Derivatives and Other Financial Assets,11,1,False,VNĐ,173623000000.0
2021-Q3,BS_LOANS_TO_CUSTOMERS,Loans to Customers,12,1,False,VNĐ,193096468000000.0
2021-Q3,BS_LOANS_TO_CUSTOMERS_GROSS,  ‣ Loans to Customers Gross,13,2,False,VNĐ,195829616000000.0
2021-Q3,BS_PROVISION_LOANS_TO_CUSTOMERS,  ‣ Provision Loans to Customers,14,2,False,VNĐ,-2733148000000.0
2021-Q3,BS_DEBT_PURCHASES,Debt Purchases,15,1,False,VNĐ,0.0
2021-Q3,BS_DEBT_PURCHASES_GROSS,  ‣ Debt Purchases Gross,16,2,False,VNĐ,0.0
2021-Q3,BS_PROVISION_DEBT_PURCHASES,  ‣ Provision Debt Purchases,17,2,False,VNĐ,0.0
2021-Q3,BS_INVESTMENT_SECURITIES,Investment Securities,18,1,False,VNĐ,35402506000000.0
2021-Q3,BS_AVAILABLE_FOR_SALE_SECURITIES,  ‣ Available for Sale Securities,19,2,False,VNĐ,35414472000000.0
2021-Q3,BS_HELD_TO_MATURITY_SECURITIES,  ‣ Held to Maturity Securities,20,2,False,VNĐ,0.0
2021-Q3,BS_PROVISION_INVESTMENT_SECURITIES,  ‣ Provision Investment Securities,21,2,False,VNĐ,-11966000000.0
2021-Q3,BS_LONG_TERM_INVESTMENTS,Long Term Investments,22,1,False,VNĐ,315931000000.0
2021-Q3,BS_INVESTMENTS_IN_JOINT_VENTURES,  ‣ Investments in Joint Ventures,23,2,False,VNĐ,0.0
2021-Q3,BS_CAPITAL_CONTRIBUTION_JOINT_VENTURES,  ‣ Capital Contribution Joint Ventures,24,2,False,VNĐ,0.0
2021-Q3,BS_INVESTMENTS_IN_ASSOCIATES,  ‣ Investments in Associates,25,2,False,VNĐ,0.0
2021-Q3,BS_OTHER_LONG_TERM_INVESTMENTS,  ‣ Other Long Term Investments,26,2,False,VNĐ,315931000000.0
2021-Q3,BS_PROVISION_LONG_TERM_INVESTMENTS,  ‣ Provision Long Term Investments,27,2,False,VNĐ,0.0
2021-Q3,BS_FIXED_ASSETS,Fixed Assets,28,1,False,VNĐ,1611775000000.0
2021-Q3,BS_TANGIBLE_FIXED_ASSETS,  ‣ Tangible Fixed Assets,29,2,False,VNĐ,1114055000000.0
2021-Q3,BS_TANGIBLE_FIXED_ASSETS_COST,    • Tangible Fixed Assets Cost,30,3,False,VNĐ,2513579000000.0
2021-Q3,BS_TANGIBLE_FIXED_ASSETS_ACCUMULATED_DEPRECIATION,    • Tangible Fixed Assets Accumulated Depreciation,31,3,False,VNĐ,-1399524000000.0
2021-Q3,BS_FINANCE_LEASE_FIXED_ASSETS,  ‣ Finance Lease Fixed Assets,32,2,False,VNĐ,0.0
2021-Q3,BS_FINANCE_LEASE_FIXED_ASSETS_COST,    • Finance Lease Fixed Assets Cost,33,3,False,VNĐ,0.0
2021-Q3,BS_FINANCE_LEASE_FIXED_ASSETS_ACCUMULATED_DEPRECIATION,    • Finance Lease Fixed Assets Accumulated Depreciation,34,3,False,VNĐ,-0.0
2021-Q3,BS_INTANGIBLE_FIXED_ASSETS,  ‣ Intangible Fixed Assets,35,2,False,VNĐ,497720000000.0
2021-Q3,BS_INTANGIBLE_FIXED_ASSETS_COST,    • Intangible Fixed Assets Cost,36,3,False,VNĐ,671289000000.0
2021-Q3,BS_INTANGIBLE_FIXED_ASSETS_ACCUMULATED_DEPRECIATION,    • Intangible Fixed Assets Accumulated Depreciation,37,3,False,VNĐ,-173569000000.0
2021-Q3,BS_INVESTMENT_PROPERTIES,Investment Properties,38,1,False,VNĐ,0.0
2021-Q3,BS_INVESTMENT_PROPERTIES_COST,  ‣ Investment Properties Cost,39,2,False,VNĐ,0.0
2021-Q3,BS_INVESTMENT_PROPERTIES_ACCUMULATED_DEPRECIATION,  ‣ Investment Properties Accumulated Depreciation,40,2,False,VNĐ,-0.0
2021-Q3,BS_OTHER_ASSETS,Other Assets,41,1,False,VNĐ,8290165000000.0
2021-Q3,BS_RECEIVABLES,  ‣ Receivables,42,2,False,VNĐ,1084796000000.0
2021-Q3,BS_INTEREST_AND_FEE_RECEIVABLES,  ‣ Interest and Fee Receivables,43,2,False,VNĐ,6428842000000.0
2021-Q3,BS_DEFERRED_TAX_ASSETS,  ‣ Deferred Tax Assets,44,2,False,VNĐ,0.0
2021-Q3,BS_OTHER_ASSETS_DETAIL,  ‣ Other Assets Detail,45,2,False,VNĐ,779979000000.0
2021-Q3,BS_GOODWILL,  ‣ Goodwill,46,2,False,VNĐ,
2021-Q3,BS_PROVISION_OTHER_ASSETS,  ‣ Provision Other Assets,47,2,False,VNĐ,-3452000000.0
2021-Q3,BS_TOTAL_LIABILITIES_AND_EQUITY,Total Liabilities and Equity,48,1,False,VNĐ,254622581000000.0
2021-Q3,BS_TOTAL_LIABILITIES,Total Liabilities,49,1,False,VNĐ,238465414000000.0
2021-Q3,BS_DUE_TO_GOVERNMENT_AND_SBV,  ‣ Due to Government and SBV,50,2,False,VNĐ,182015000000.0
2021-Q3,BS_PLACEMENTS_AND_BORROWINGS_FROM_CREDIT_INSTITUTIONS,  ‣ Placements and Borrowings from Credit Institutions,51,2,False,VNĐ,18577936000000.0
2021-Q3,BS_PLACEMENTS_FROM_CREDIT_INSTITUTIONS,    • Placements from Credit Institutions,52,3,False,VNĐ,15690230000000.0
2021-Q3,BS_BORROWINGS_FROM_CREDIT_INSTITUTIONS,    • Borrowings from Credit Institutions,53,3,False,VNĐ,2887706000000.0
2021-Q3,BS_CUSTOMER_DEPOSITS,  ‣ Customer Deposits,54,2,False,VNĐ,178842254000000.0
2021-Q3,BS_DERIVATIVES_AND_OTHER_FINANCIAL_LIABILITIES,  ‣ Derivatives and Other Financial Liabilities,55,2,False,VNĐ,0.0
2021-Q3,BS_FUNDS_AND_ENTRUSTED_INVESTMENTS,  ‣ Funds and Entrusted Investments,56,2,False,VNĐ,0.0
2021-Q3,BS_VALUABLE_PAPERS_ISSUED,  ‣ Valuable Papers Issued,57,2,False,VNĐ,33641484000000.0
2021-Q3,BS_OTHER_LIABILITIES,  ‣ Other Liabilities,58,2,False,VNĐ,7221725000000.0
2021-Q3,BS_INTEREST_AND_FEE_PAYABLES,    • Interest and Fee Payables,59,3,False,VNĐ,5497122000000.0
2021-Q3,BS_DEFERRED_TAX_LIABILITIES,    • Deferred Tax Liabilities,60,3,False,VNĐ,
2021-Q3,BS_OTHER_PAYABLES_AND_LIABILITIES,    • Other Payables and Liabilities,61,3,False,VNĐ,1724603000000.0
2021-Q3,BS_OTHER_PROVISIONS,    • Other Provisions,62,3,False,VNĐ,0.0
2021-Q3,BS_EQUITY,Equity,63,1,False,VNĐ,16157167000000.0
2021-Q3,BS_CHARTER_CAPITAL_AND_FUNDS,  ‣ Charter Capital and Funds,64,2,False,VNĐ,12035962000000.0
2021-Q3,BS_CHARTER_CAPITAL,    • Charter Capital,65,3,False,VNĐ,12035905000000.0
2021-Q3,BS_SHARE_PREMIUM,    • Share Premium,66,3,False,VNĐ,57000000.0
2021-Q3,BS_TREASURY_SHARES,    • Treasury Shares,67,3,False,VNĐ,0.0
2021-Q3,BS_OTHER_CAPITAL,    • Other Capital,68,3,False,VNĐ,0.0
2021-Q3,BS_RESERVES,  ‣ Reserves,69,2,False,VNĐ,1752673000000.0
2021-Q3,BS_FOREIGN_EXCHANGE_DIFFERENCES,  ‣ Foreign Exchange Differences,70,2,False,VNĐ,0.0
2021-Q3,BS_ASSET_REVALUATION_DIFFERENCES,  ‣ Asset Revaluation Differences,71,2,False,VNĐ,0.0
2021-Q3,BS_RETAINED_EARNINGS,  ‣ Retained Earnings,72,2,False,VNĐ,2368532000000.0
2021-Q3,BS_MINORITY_INTEREST,Minority Interest,73,1,False,VNĐ,0.0
2021-Q3,BS_OFF_BALANCE_SHEET_ITEMS,Off Balance Sheet Items,74,1,True,VNĐ,
2021-Q3,BS_LOAN_GUARANTEES,  ‣ Loan Guarantees,75,2,True,VNĐ,
2021-Q3,BS_FX_COMMITMENTS,  ‣ FX Commitments,76,2,True,VNĐ,63580000000.0
2021-Q3,BS_COMMITMENTS_TO_BUY_FX,    • Commitments to Buy FX,77,3,True,VNĐ,5385376000000.0
2021-Q3,BS_COMMITMENTS_TO_SELL_FX,    • Commitments to Sell FX,78,3,True,VNĐ,719669000000.0
2021-Q3,BS_SWAP_COMMITMENTS,    • Swap Commitments,79,3,True,VNĐ,68321017000000.0
2021-Q3,BS_FUTURE_COMMITMENTS,    • Future Commitments,80,3,True,VNĐ,0.0
2021-Q3,BS_IRREVOCABLE_LOAN_COMMITMENTS,  ‣ Irrevocable Loan Commitments,81,2,True,VNĐ,0.0
2021-Q3,BS_LC_COMMITMENTS,  ‣ LC Commitments,82,2,True,VNĐ,618694000000.0
2021-Q3,BS_OTHER_GUARANTEES,  ‣ Other Guarantees,83,2,True,VNĐ,1068275000000.0
2021-Q3,BS_OTHER_COMMITMENTS,  ‣ Other Commitments,84,2,True,VNĐ,1666082000000.0
2021-Q2,BS_TOTAL_ASSETS,Total Assets,1,1,False,VNĐ,255497176000000.0
2021-Q2,BS_CASH_AND_PRECIOUS_METALS,Cash and Precious Metals,2,1,False,VNĐ,2348534000000.0
2021-Q2,BS_BALANCES_WITH_SBV,Balances With SBV,3,1,False,VNĐ,3725024000000.0
2021-Q2,BS_PLACEMENTS_AND_LOANS_TO_CREDIT_INSTITUTIONS,Placements and Loans to Credit Institutions,4,1,False,VNĐ,16434544000000.0
2021-Q2,BS_PLACEMENTS_WITH_CREDIT_INSTITUTIONS,  ‣ Placements With Credit Institutions,5,2,False,VNĐ,15068593000000.0
2021-Q2,BS_LOANS_TO_CREDIT_INSTITUTIONS,  ‣ Loans to Credit Institutions,6,2,False,VNĐ,1365951000000.0
2021-Q2,BS_PROVISION_CREDIT_INSTITUTIONS,  ‣ Provision Credit Institutions,7,2,False,VNĐ,0.0
2021-Q2,BS_TRADING_SECURITIES,Trading Securities,8,1,False,VNĐ,276240000000.0
2021-Q2,BS_TRADING_SECURITIES_GROSS,  ‣ Trading Securities Gross,9,2,False,VNĐ,276240000000.0
2021-Q2,BS_PROVISION_TRADING_SECURITIES,  ‣ Provision Trading Securities,10,2,False,VNĐ,0.0
2021-Q2,BS_DERIVATIVES_AND_OTHER_FINANCIAL_ASSETS,Derivatives and Other Financial Assets,11,1,False,VNĐ,134089000000.0
2021-Q2,BS_LOANS_TO_CUSTOMERS,Loans to Customers,12,1,False,VNĐ,188760793000000.0
2021-Q2,BS_LOANS_TO_CUSTOMERS_GROSS,  ‣ Loans to Customers Gross,13,2,False,VNĐ,191227753000000.0
2021-Q2,BS_PROVISION_LOANS_TO_CUSTOMERS,  ‣ Provision Loans to Customers,14,2,False,VNĐ,-2466960000000.0
2021-Q2,BS_DEBT_PURCHASES,Debt Purchases,15,1,False,VNĐ,0.0
2021-Q2,BS_DEBT_PURCHASES_GROSS,  ‣ Debt Purchases Gross,16,2,False,VNĐ,0.0
2021-Q2,BS_PROVISION_DEBT_PURCHASES,  ‣ Provision Debt Purchases,17,2,False,VNĐ,0.0
2021-Q2,BS_INVESTMENT_SECURITIES,Investment Securities,18,1,False,VNĐ,33425497000000.0
2021-Q2,BS_AVAILABLE_FOR_SALE_SECURITIES,  ‣ Available for Sale Securities,19,2,False,VNĐ,33439746000000.0
2021-Q2,BS_HELD_TO_MATURITY_SECURITIES,  ‣ Held to Maturity Securities,20,2,False,VNĐ,0.0
2021-Q2,BS_PROVISION_INVESTMENT_SECURITIES,  ‣ Provision Investment Securities,21,2,False,VNĐ,-14249000000.0
2021-Q2,BS_LONG_TERM_INVESTMENTS,Long Term Investments,22,1,False,VNĐ,315931000000.0
2021-Q2,BS_INVESTMENTS_IN_JOINT_VENTURES,  ‣ Investments in Joint Ventures,23,2,False,VNĐ,0.0
2021-Q2,BS_CAPITAL_CONTRIBUTION_JOINT_VENTURES,  ‣ Capital Contribution Joint Ventures,24,2,False,VNĐ,0.0
2021-Q2,BS_INVESTMENTS_IN_ASSOCIATES,  ‣ Investments in Associates,25,2,False,VNĐ,0.0
2021-Q2,BS_OTHER_LONG_TERM_INVESTMENTS,  ‣ Other Long Term Investments,26,2,False,VNĐ,315931000000.0
2021-Q2,BS_PROVISION_LONG_TERM_INVESTMENTS,  ‣ Provision Long Term Investments,27,2,False,VNĐ,0.0
2021-Q2,BS_FIXED_ASSETS,Fixed Assets,28,1,False,VNĐ,1648718000000.0
2021-Q2,BS_TANGIBLE_FIXED_ASSETS,  ‣ Tangible Fixed Assets,29,2,False,VNĐ,1144725000000.0
2021-Q2,BS_TANGIBLE_FIXED_ASSETS_COST,    • Tangible Fixed Assets Cost,30,3,False,VNĐ,2493623000000.0
2021-Q2,BS_TANGIBLE_FIXED_ASSETS_ACCUMULATED_DEPRECIATION,    • Tangible Fixed Assets Accumulated Depreciation,31,3,False,VNĐ,-1348898000000.0
2021-Q2,BS_FINANCE_LEASE_FIXED_ASSETS,  ‣ Finance Lease Fixed Assets,32,2,False,VNĐ,0.0
2021-Q2,BS_FINANCE_LEASE_FIXED_ASSETS_COST,    • Finance Lease Fixed Assets Cost,33,3,False,VNĐ,0.0
2021-Q2,BS_FINANCE_LEASE_FIXED_ASSETS_ACCUMULATED_DEPRECIATION,    • Finance Lease Fixed Assets Accumulated Depreciation,34,3,False,VNĐ,-0.0
2021-Q2,BS_INTANGIBLE_FIXED_ASSETS,  ‣ Intangible Fixed Assets,35,2,False,VNĐ,503993000000.0
2021-Q2,BS_INTANGIBLE_FIXED_ASSETS_COST,    • Intangible Fixed Assets Cost,36,3,False,VNĐ,670211000000.0
2021-Q2,BS_INTANGIBLE_FIXED_ASSETS_ACCUMULATED_DEPRECIATION,    • Intangible Fixed Assets Accumulated Depreciation,37,3,False,VNĐ,-166218000000.0
2021-Q2,BS_INVESTMENT_PROPERTIES,Investment Properties,38,1,False,VNĐ,0.0
2021-Q2,BS_INVESTMENT_PROPERTIES_COST,  ‣ Investment Properties Cost,39,2,False,VNĐ,0.0
2021-Q2,BS_INVESTMENT_PROPERTIES_ACCUMULATED_DEPRECIATION,  ‣ Investment Properties Accumulated Depreciation,40,2,False,VNĐ,-0.0
2021-Q2,BS_OTHER_ASSETS,Other Assets,41,1,False,VNĐ,8427806000000.0
2021-Q2,BS_RECEIVABLES,  ‣ Receivables,42,2,False,VNĐ,937998000000.0
2021-Q2,BS_INTEREST_AND_FEE_RECEIVABLES,  ‣ Interest and Fee Receivables,43,2,False,VNĐ,6575483000000.0
2021-Q2,BS_DEFERRED_TAX_ASSETS,  ‣ Deferred Tax Assets,44,2,False,VNĐ,0.0
2021-Q2,BS_OTHER_ASSETS_DETAIL,  ‣ Other Assets Detail,45,2,False,VNĐ,917777000000.0
2021-Q2,BS_GOODWILL,  ‣ Goodwill,46,2,False,VNĐ,
2021-Q2,BS_PROVISION_OTHER_ASSETS,  ‣ Provision Other Assets,47,2,False,VNĐ,-3452000000.0
2021-Q2,BS_TOTAL_LIABILITIES_AND_EQUITY,Total Liabilities and Equity,48,1,False,VNĐ,255497176000000.0
2021-Q2,BS_TOTAL_LIABILITIES,Total Liabilities,49,1,False,VNĐ,239951080000000.0
2021-Q2,BS_DUE_TO_GOVERNMENT_AND_SBV,  ‣ Due to Government and SBV,50,2,False,VNĐ,194112000000.0
2021-Q2,BS_PLACEMENTS_AND_BORROWINGS_FROM_CREDIT_INSTITUTIONS,  ‣ Placements and Borrowings from Credit Institutions,51,2,False,VNĐ,11403874000000.0
2021-Q2,BS_PLACEMENTS_FROM_CREDIT_INSTITUTIONS,    • Placements from Credit Institutions,52,3,False,VNĐ,8686051000000.0
2021-Q2,BS_BORROWINGS_FROM_CREDIT_INSTITUTIONS,    • Borrowings from Credit Institutions,53,3,False,VNĐ,2717823000000.0
2021-Q2,BS_CUSTOMER_DEPOSITS,  ‣ Customer Deposits,54,2,False,VNĐ,186172609000000.0
2021-Q2,BS_DERIVATIVES_AND_OTHER_FINANCIAL_LIABILITIES,  ‣ Derivatives and Other Financial Liabilities,55,2,False,VNĐ,0.0
2021-Q2,BS_FUNDS_AND_ENTRUSTED_INVESTMENTS,  ‣ Funds and Entrusted Investments,56,2,False,VNĐ,0.0
2021-Q2,BS_VALUABLE_PAPERS_ISSUED,  ‣ Valuable Papers Issued,57,2,False,VNĐ,35357555000000.0
2021-Q2,BS_OTHER_LIABILITIES,  ‣ Other Liabilities,58,2,False,VNĐ,6822930000000.0
2021-Q2,BS_INTEREST_AND_FEE_PAYABLES,    • Interest and Fee Payables,59,3,False,VNĐ,5438728000000.0
2021-Q2,BS_DEFERRED_TAX_LIABILITIES,    • Deferred Tax Liabilities,60,3,False,VNĐ,
2021-Q2,BS_OTHER_PAYABLES_AND_LIABILITIES,    • Other Payables and Liabilities,61,3,False,VNĐ,1384202000000.0
2021-Q2,BS_OTHER_PROVISIONS,    • Other Provisions,62,3,False,VNĐ,0.0
2021-Q2,BS_EQUITY,Equity,63,1,False,VNĐ,15546096000000.0
2021-Q2,BS_CHARTER_CAPITAL_AND_FUNDS,  ‣ Charter Capital and Funds,64,2,False,VNĐ,10746446000000.0
2021-Q2,BS_CHARTER_CAPITAL,    • Charter Capital,65,3,False,VNĐ,10746389000000.0
2021-Q2,BS_SHARE_PREMIUM,    • Share Premium,66,3,False,VNĐ,57000000.0
2021-Q2,BS_TREASURY_SHARES,    • Treasury Shares,67,3,False,VNĐ,0.0
2021-Q2,BS_OTHER_CAPITAL,    • Other Capital,68,3,False,VNĐ,0.0
2021-Q2,BS_RESERVES,  ‣ Reserves,69,2,False,VNĐ,1752673000000.0
2021-Q2,BS_FOREIGN_EXCHANGE_DIFFERENCES,  ‣ Foreign Exchange Differences,70,2,False,VNĐ,0.0
2021-Q2,BS_ASSET_REVALUATION_DIFFERENCES,  ‣ Asset Revaluation Differences,71,2,False,VNĐ,0.0
2021-Q2,BS_RETAINED_EARNINGS,  ‣ Retained Earnings,72,2,False,VNĐ,3046977000000.0
2021-Q2,BS_MINORITY_INTEREST,Minority Interest,73,1,False,VNĐ,0.0
2021-Q2,BS_OFF_BALANCE_SHEET_ITEMS,Off Balance Sheet Items,74,1,True,VNĐ,
2021-Q2,BS_LOAN_GUARANTEES,  ‣ Loan Guarantees,75,2,True,VNĐ,
2021-Q2,BS_FX_COMMITMENTS,  ‣ FX Commitments,76,2,True,VNĐ,0.0
2021-Q2,BS_COMMITMENTS_TO_BUY_FX,    • Commitments to Buy FX,77,3,True,VNĐ,1599033000000.0
2021-Q2,BS_COMMITMENTS_TO_SELL_FX,    • Commitments to Sell FX,78,3,True,VNĐ,2982866000000.0
2021-Q2,BS_SWAP_COMMITMENTS,    • Swap Commitments,79,3,True,VNĐ,0.0
2021-Q2,BS_FUTURE_COMMITMENTS,    • Future Commitments,80,3,True,VNĐ,0.0
2021-Q2,BS_IRREVOCABLE_LOAN_COMMITMENTS,  ‣ Irrevocable Loan Commitments,81,2,True,VNĐ,0.0
2021-Q2,BS_LC_COMMITMENTS,  ‣ LC Commitments,82,2,True,VNĐ,670336000000.0
2021-Q2,BS_OTHER_GUARANTEES,  ‣ Other Guarantees,83,2,True,VNĐ,1095985000000.0
2021-Q2,BS_OTHER_COMMITMENTS,  ‣ Other Commitments,84,2,True,VNĐ,1211395000000.0
2021-Q1,BS_TOTAL_ASSETS,Total Assets,1,1,False,VNĐ,245208214000000.0
2021-Q1,BS_CASH_AND_PRECIOUS_METALS,Cash and Precious Metals,2,1,False,VNĐ,1859621000000.0
2021-Q1,BS_BALANCES_WITH_SBV,Balances With SBV,3,1,False,VNĐ,1984284000000.0
2021-Q1,BS_PLACEMENTS_AND_LOANS_TO_CREDIT_INSTITUTIONS,Placements and Loans to Credit Institutions,4,1,False,VNĐ,18116079000000.0
2021-Q1,BS_PLACEMENTS_WITH_CREDIT_INSTITUTIONS,  ‣ Placements With Credit Institutions,5,2,False,VNĐ,15741266000000.0
2021-Q1,BS_LOANS_TO_CREDIT_INSTITUTIONS,  ‣ Loans to Credit Institutions,6,2,False,VNĐ,2374813000000.0
2021-Q1,BS_PROVISION_CREDIT_INSTITUTIONS,  ‣ Provision Credit Institutions,7,2,False,VNĐ,0.0
2021-Q1,BS_TRADING_SECURITIES,Trading Securities,8,1,False,VNĐ,276930000000.0
2021-Q1,BS_TRADING_SECURITIES_GROSS,  ‣ Trading Securities Gross,9,2,False,VNĐ,276930000000.0
2021-Q1,BS_PROVISION_TRADING_SECURITIES,  ‣ Provision Trading Securities,10,2,False,VNĐ,0.0
2021-Q1,BS_DERIVATIVES_AND_OTHER_FINANCIAL_ASSETS,Derivatives and Other Financial Assets,11,1,False,VNĐ,216292000000.0
2021-Q1,BS_LOANS_TO_CUSTOMERS,Loans to Customers,12,1,False,VNĐ,180264042000000.0
2021-Q1,BS_LOANS_TO_CUSTOMERS_GROSS,  ‣ Loans to Customers Gross,13,2,False,VNĐ,182739243000000.0
2021-Q1,BS_PROVISION_LOANS_TO_CUSTOMERS,  ‣ Provision Loans to Customers,14,2,False,VNĐ,-2475201000000.0
2021-Q1,BS_DEBT_PURCHASES,Debt Purchases,15,1,False,VNĐ,0.0
2021-Q1,BS_DEBT_PURCHASES_GROSS,  ‣ Debt Purchases Gross,16,2,False,VNĐ,0.0
2021-Q1,BS_PROVISION_DEBT_PURCHASES,  ‣ Provision Debt Purchases,17,2,False,VNĐ,0.0
2021-Q1,BS_INVESTMENT_SECURITIES,Investment Securities,18,1,False,VNĐ,31804886000000.0
2021-Q1,BS_AVAILABLE_FOR_SALE_SECURITIES,  ‣ Available for Sale Securities,19,2,False,VNĐ,31819202000000.0
2021-Q1,BS_HELD_TO_MATURITY_SECURITIES,  ‣ Held to Maturity Securities,20,2,False,VNĐ,0.0
2021-Q1,BS_PROVISION_INVESTMENT_SECURITIES,  ‣ Provision Investment Securities,21,2,False,VNĐ,-14316000000.0
2021-Q1,BS_LONG_TERM_INVESTMENTS,Long Term Investments,22,1,False,VNĐ,315931000000.0
2021-Q1,BS_INVESTMENTS_IN_JOINT_VENTURES,  ‣ Investments in Joint Ventures,23,2,False,VNĐ,0.0
2021-Q1,BS_CAPITAL_CONTRIBUTION_JOINT_VENTURES,  ‣ Capital Contribution Joint Ventures,24,2,False,VNĐ,0.0
2021-Q1,BS_INVESTMENTS_IN_ASSOCIATES,  ‣ Investments in Associates,25,2,False,VNĐ,0.0
2021-Q1,BS_OTHER_LONG_TERM_INVESTMENTS,  ‣ Other Long Term Investments,26,2,False,VNĐ,315931000000.0
2021-Q1,BS_PROVISION_LONG_TERM_INVESTMENTS,  ‣ Provision Long Term Investments,27,2,False,VNĐ,0.0
2021-Q1,BS_FIXED_ASSETS,Fixed Assets,28,1,False,VNĐ,1588556000000.0
2021-Q1,BS_TANGIBLE_FIXED_ASSETS,  ‣ Tangible Fixed Assets,29,2,False,VNĐ,1121155000000.0
2021-Q1,BS_TANGIBLE_FIXED_ASSETS_COST,    • Tangible Fixed Assets Cost,30,3,False,VNĐ,2436141000000.0
2021-Q1,BS_TANGIBLE_FIXED_ASSETS_ACCUMULATED_DEPRECIATION,    • Tangible Fixed Assets Accumulated Depreciation,31,3,False,VNĐ,-1314986000000.0
2021-Q1,BS_FINANCE_LEASE_FIXED_ASSETS,  ‣ Finance Lease Fixed Assets,32,2,False,VNĐ,0.0
2021-Q1,BS_FINANCE_LEASE_FIXED_ASSETS_COST,    • Finance Lease Fixed Assets Cost,33,3,False,VNĐ,0.0
2021-Q1,BS_FINANCE_LEASE_FIXED_ASSETS_ACCUMULATED_DEPRECIATION,    • Finance Lease Fixed Assets Accumulated Depreciation,34,3,False,VNĐ,-0.0
2021-Q1,BS_INTANGIBLE_FIXED_ASSETS,  ‣ Intangible Fixed Assets,35,2,False,VNĐ,467401000000.0
2021-Q1,BS_INTANGIBLE_FIXED_ASSETS_COST,    • Intangible Fixed Assets Cost,36,3,False,VNĐ,625819000000.0
2021-Q1,BS_INTANGIBLE_FIXED_ASSETS_ACCUMULATED_DEPRECIATION,    • Intangible Fixed Assets Accumulated Depreciation,37,3,False,VNĐ,-158418000000.0
2021-Q1,BS_INVESTMENT_PROPERTIES,Investment Properties,38,1,False,VNĐ,0.0
2021-Q1,BS_INVESTMENT_PROPERTIES_COST,  ‣ Investment Properties Cost,39,2,False,VNĐ,0.0
2021-Q1,BS_INVESTMENT_PROPERTIES_ACCUMULATED_DEPRECIATION,  ‣ Investment Properties Accumulated Depreciation,40,2,False,VNĐ,-0.0
2021-Q1,BS_OTHER_ASSETS,Other Assets,41,1,False,VNĐ,8781593000000.0
2021-Q1,BS_RECEIVABLES,  ‣ Receivables,42,2,False,VNĐ,1286643000000.0
2021-Q1,BS_INTEREST_AND_FEE_RECEIVABLES,  ‣ Interest and Fee Receivables,43,2,False,VNĐ,6224044000000.0
2021-Q1,BS_DEFERRED_TAX_ASSETS,  ‣ Deferred Tax Assets,44,2,False,VNĐ,0.0
2021-Q1,BS_OTHER_ASSETS_DETAIL,  ‣ Other Assets Detail,45,2,False,VNĐ,1274037000000.0
2021-Q1,BS_GOODWILL,  ‣ Goodwill,46,2,False,VNĐ,
2021-Q1,BS_PROVISION_OTHER_ASSETS,  ‣ Provision Other Assets,47,2,False,VNĐ,-3131000000.0
2021-Q1,BS_TOTAL_LIABILITIES_AND_EQUITY,Total Liabilities and Equity,48,1,False,VNĐ,245208214000000.0
2021-Q1,BS_TOTAL_LIABILITIES,Total Liabilities,49,1,False,VNĐ,230099514000000.0
2021-Q1,BS_DUE_TO_GOVERNMENT_AND_SBV,  ‣ Due to Government and SBV,50,2,False,VNĐ,209628000000.0
2021-Q1,BS_PLACEMENTS_AND_BORROWINGS_FROM_CREDIT_INSTITUTIONS,  ‣ Placements and Borrowings from Credit Institutions,51,2,False,VNĐ,17312132000000.0
2021-Q1,BS_PLACEMENTS_FROM_CREDIT_INSTITUTIONS,    • Placements from Credit Institutions,52,3,False,VNĐ,13895033000000.0
2021-Q1,BS_BORROWINGS_FROM_CREDIT_INSTITUTIONS,    • Borrowings from Credit Institutions,53,3,False,VNĐ,3417099000000.0
2021-Q1,BS_CUSTOMER_DEPOSITS,  ‣ Customer Deposits,54,2,False,VNĐ,176178834000000.0
2021-Q1,BS_DERIVATIVES_AND_OTHER_FINANCIAL_LIABILITIES,  ‣ Derivatives and Other Financial Liabilities,55,2,False,VNĐ,0.0
2021-Q1,BS_FUNDS_AND_ENTRUSTED_INVESTMENTS,  ‣ Funds and Entrusted Investments,56,2,False,VNĐ,0.0
2021-Q1,BS_VALUABLE_PAPERS_ISSUED,  ‣ Valuable Papers Issued,57,2,False,VNĐ,30116532000000.0
2021-Q1,BS_OTHER_LIABILITIES,  ‣ Other Liabilities,58,2,False,VNĐ,6282388000000.0
2021-Q1,BS_INTEREST_AND_FEE_PAYABLES,    • Interest and Fee Payables,59,3,False,VNĐ,4480615000000.0
2021-Q1,BS_DEFERRED_TAX_LIABILITIES,    • Deferred Tax Liabilities,60,3,False,VNĐ,
2021-Q1,BS_OTHER_PAYABLES_AND_LIABILITIES,    • Other Payables and Liabilities,61,3,False,VNĐ,1801773000000.0
2021-Q1,BS_OTHER_PROVISIONS,    • Other Provisions,62,3,False,VNĐ,0.0
2021-Q1,BS_EQUITY,Equity,63,1,False,VNĐ,15108700000000.0
2021-Q1,BS_CHARTER_CAPITAL_AND_FUNDS,  ‣ Charter Capital and Funds,64,2,False,VNĐ,10746446000000.0
2021-Q1,BS_CHARTER_CAPITAL,    • Charter Capital,65,3,False,VNĐ,10746389000000.0
2021-Q1,BS_SHARE_PREMIUM,    • Share Premium,66,3,False,VNĐ,57000000.0
2021-Q1,BS_TREASURY_SHARES,    • Treasury Shares,67,3,False,VNĐ,0.0
2021-Q1,BS_OTHER_CAPITAL,    • Other Capital,68,3,False,VNĐ,0.0
2021-Q1,BS_RESERVES,  ‣ Reserves,69,2,False,VNĐ,1752673000000.0
2021-Q1,BS_FOREIGN_EXCHANGE_DIFFERENCES,  ‣ Foreign Exchange Differences,70,2,False,VNĐ,0.0
2021-Q1,BS_ASSET_REVALUATION_DIFFERENCES,  ‣ Asset Revaluation Differences,71,2,False,VNĐ,0.0
2021-Q1,BS_RETAINED_EARNINGS,  ‣ Retained Earnings,72,2,False,VNĐ,2609581000000.0
2021-Q1,BS_MINORITY_INTEREST,Minority Interest,73,1,False,VNĐ,0.0
2021-Q1,BS_OFF_BALANCE_SHEET_ITEMS,Off Balance Sheet Items,74,1,True,VNĐ,
2021-Q1,BS_LOAN_GUARANTEES,  ‣ Loan Guarantees,75,2,True,VNĐ,
2021-Q1,BS_FX_COMMITMENTS,  ‣ FX Commitments,76,2,True,VNĐ,66657000000.0
2021-Q1,BS_COMMITMENTS_TO_BUY_FX,    • Commitments to Buy FX,77,3,True,VNĐ,3140018000000.0
2021-Q1,BS_COMMITMENTS_TO_SELL_FX,    • Commitments to Sell FX,78,3,True,VNĐ,2516538000000.0
2021-Q1,BS_SWAP_COMMITMENTS,    • Swap Commitments,79,3,True,VNĐ,54054428000000.0
2021-Q1,BS_FUTURE_COMMITMENTS,    • Future Commitments,80,3,True,VNĐ,0.0
2021-Q1,BS_IRREVOCABLE_LOAN_COMMITMENTS,  ‣ Irrevocable Loan Commitments,81,2,True,VNĐ,0.0
2021-Q1,BS_LC_COMMITMENTS,  ‣ LC Commitments,82,2,True,VNĐ,649457000000.0
2021-Q1,BS_OTHER_GUARANTEES,  ‣ Other Guarantees,83,2,True,VNĐ,1114576000000.0
2021-Q1,BS_OTHER_COMMITMENTS,  ‣ Other Commitments,84,2,True,VNĐ,1917060000000.0
2020-Q4,BS_TOTAL_ASSETS,Total Assets,1,1,False,VNĐ,242342951000000.0
2020-Q4,BS_CASH_AND_PRECIOUS_METALS,Cash and Precious Metals,2,1,False,VNĐ,3499270000000.0
2020-Q4,BS_BALANCES_WITH_SBV,Balances With SBV,3,1,False,VNĐ,6758980000000.0
2020-Q4,BS_PLACEMENTS_AND_LOANS_TO_CREDIT_INSTITUTIONS,Placements and Loans to Credit Institutions,4,1,False,VNĐ,13959435000000.0
2020-Q4,BS_PLACEMENTS_WITH_CREDIT_INSTITUTIONS,  ‣ Placements With Credit Institutions,5,2,False,VNĐ,13543185000000.0
2020-Q4,BS_LOANS_TO_CREDIT_INSTITUTIONS,  ‣ Loans to Credit Institutions,6,2,False,VNĐ,416250000000.0
2020-Q4,BS_PROVISION_CREDIT_INSTITUTIONS,  ‣ Provision Credit Institutions,7,2,False,VNĐ,0.0
2020-Q4,BS_TRADING_SECURITIES,Trading Securities,8,1,False,VNĐ,279000000000.0
2020-Q4,BS_TRADING_SECURITIES_GROSS,  ‣ Trading Securities Gross,9,2,False,VNĐ,279000000000.0
2020-Q4,BS_PROVISION_TRADING_SECURITIES,  ‣ Provision Trading Securities,10,2,False,VNĐ,0.0
2020-Q4,BS_DERIVATIVES_AND_OTHER_FINANCIAL_ASSETS,Derivatives and Other Financial Assets,11,1,False,VNĐ,218101000000.0
2020-Q4,BS_LOANS_TO_CUSTOMERS,Loans to Customers,12,1,False,VNĐ,174356335000000.0
2020-Q4,BS_LOANS_TO_CUSTOMERS_GROSS,  ‣ Loans to Customers Gross,13,2,False,VNĐ,176621536000000.0
2020-Q4,BS_PROVISION_LOANS_TO_CUSTOMERS,  ‣ Provision Loans to Customers,14,2,False,VNĐ,-2265201000000.0
2020-Q4,BS_DEBT_PURCHASES,Debt Purchases,15,1,False,VNĐ,0.0
2020-Q4,BS_DEBT_PURCHASES_GROSS,  ‣ Debt Purchases Gross,16,2,False,VNĐ,0.0
2020-Q4,BS_PROVISION_DEBT_PURCHASES,  ‣ Provision Debt Purchases,17,2,False,VNĐ,0.0
2020-Q4,BS_INVESTMENT_SECURITIES,Investment Securities,18,1,False,VNĐ,33360012000000.0
2020-Q4,BS_AVAILABLE_FOR_SALE_SECURITIES,  ‣ Available for Sale Securities,19,2,False,VNĐ,33374329000000.0
2020-Q4,BS_HELD_TO_MATURITY_SECURITIES,  ‣ Held to Maturity Securities,20,2,False,VNĐ,0.0
2020-Q4,BS_PROVISION_INVESTMENT_SECURITIES,  ‣ Provision Investment Securities,21,2,False,VNĐ,-14317000000.0
2020-Q4,BS_LONG_TERM_INVESTMENTS,Long Term Investments,22,1,False,VNĐ,315931000000.0
2020-Q4,BS_INVESTMENTS_IN_JOINT_VENTURES,  ‣ Investments in Joint Ventures,23,2,False,VNĐ,0.0
2020-Q4,BS_CAPITAL_CONTRIBUTION_JOINT_VENTURES,  ‣ Capital Contribution Joint Ventures,24,2,False,VNĐ,0.0
2020-Q4,BS_INVESTMENTS_IN_ASSOCIATES,  ‣ Investments in Associates,25,2,False,VNĐ,0.0
2020-Q4,BS_OTHER_LONG_TERM_INVESTMENTS,  ‣ Other Long Term Investments,26,2,False,VNĐ,315931000000.0
2020-Q4,BS_PROVISION_LONG_TERM_INVESTMENTS,  ‣ Provision Long Term Investments,27,2,False,VNĐ,0.0
2020-Q4,BS_FIXED_ASSETS,Fixed Assets,28,1,False,VNĐ,1620975000000.0
2020-Q4,BS_TANGIBLE_FIXED_ASSETS,  ‣ Tangible Fixed Assets,29,2,False,VNĐ,1147320000000.0
2020-Q4,BS_TANGIBLE_FIXED_ASSETS_COST,    • Tangible Fixed Assets Cost,30,3,False,VNĐ,2408825000000.0
2020-Q4,BS_TANGIBLE_FIXED_ASSETS_ACCUMULATED_DEPRECIATION,    • Tangible Fixed Assets Accumulated Depreciation,31,3,False,VNĐ,-1261505000000.0
2020-Q4,BS_FINANCE_LEASE_FIXED_ASSETS,  ‣ Finance Lease Fixed Assets,32,2,False,VNĐ,0.0
2020-Q4,BS_FINANCE_LEASE_FIXED_ASSETS_COST,    • Finance Lease Fixed Assets Cost,33,3,False,VNĐ,0.0
2020-Q4,BS_FINANCE_LEASE_FIXED_ASSETS_ACCUMULATED_DEPRECIATION,    • Finance Lease Fixed Assets Accumulated Depreciation,34,3,False,VNĐ,-0.0
2020-Q4,BS_INTANGIBLE_FIXED_ASSETS,  ‣ Intangible Fixed Assets,35,2,False,VNĐ,473655000000.0
2020-Q4,BS_INTANGIBLE_FIXED_ASSETS_COST,    • Intangible Fixed Assets Cost,36,3,False,VNĐ,625215000000.0
2020-Q4,BS_INTANGIBLE_FIXED_ASSETS_ACCUMULATED_DEPRECIATION,    • Intangible Fixed Assets Accumulated Depreciation,37,3,False,VNĐ,-151560000000.0
2020-Q4,BS_INVESTMENT_PROPERTIES,Investment Properties,38,1,False,VNĐ,0.0
2020-Q4,BS_INVESTMENT_PROPERTIES_COST,  ‣ Investment Properties Cost,39,2,False,VNĐ,0.0
2020-Q4,BS_INVESTMENT_PROPERTIES_ACCUMULATED_DEPRECIATION,  ‣ Investment Properties Accumulated Depreciation,40,2,False,VNĐ,-0.0
2020-Q4,BS_OTHER_ASSETS,Other Assets,41,1,False,VNĐ,7974912000000.0
2020-Q4,BS_RECEIVABLES,  ‣ Receivables,42,2,False,VNĐ,836730000000.0
2020-Q4,BS_INTEREST_AND_FEE_RECEIVABLES,  ‣ Interest and Fee Receivables,43,2,False,VNĐ,6046092000000.0
2020-Q4,BS_DEFERRED_TAX_ASSETS,  ‣ Deferred Tax Assets,44,2,False,VNĐ,0.0
2020-Q4,BS_OTHER_ASSETS_DETAIL,  ‣ Other Assets Detail,45,2,False,VNĐ,1095221000000.0
2020-Q4,BS_GOODWILL,  ‣ Goodwill,46,2,False,VNĐ,
2020-Q4,BS_PROVISION_OTHER_ASSETS,  ‣ Provision Other Assets,47,2,False,VNĐ,-3131000000.0
2020-Q4,BS_TOTAL_LIABILITIES_AND_EQUITY,Total Liabilities and Equity,48,1,False,VNĐ,242342951000000.0
2020-Q4,BS_TOTAL_LIABILITIES,Total Liabilities,49,1,False,VNĐ,228111225000000.0
2020-Q4,BS_DUE_TO_GOVERNMENT_AND_SBV,  ‣ Due to Government and SBV,50,2,False,VNĐ,224189000000.0
2020-Q4,BS_PLACEMENTS_AND_BORROWINGS_FROM_CREDIT_INSTITUTIONS,  ‣ Placements and Borrowings from Credit Institutions,51,2,False,VNĐ,14745116000000.0
2020-Q4,BS_PLACEMENTS_FROM_CREDIT_INSTITUTIONS,    • Placements from Credit Institutions,52,3,False,VNĐ,12018250000000.0
2020-Q4,BS_BORROWINGS_FROM_CREDIT_INSTITUTIONS,    • Borrowings from Credit Institutions,53,3,False,VNĐ,2726866000000.0
2020-Q4,BS_CUSTOMER_DEPOSITS,  ‣ Customer Deposits,54,2,False,VNĐ,174525987000000.0
2020-Q4,BS_DERIVATIVES_AND_OTHER_FINANCIAL_LIABILITIES,  ‣ Derivatives and Other Financial Liabilities,55,2,False,VNĐ,0.0
2020-Q4,BS_FUNDS_AND_ENTRUSTED_INVESTMENTS,  ‣ Funds and Entrusted Investments,56,2,False,VNĐ,0.0
2020-Q4,BS_VALUABLE_PAPERS_ISSUED,  ‣ Valuable Papers Issued,57,2,False,VNĐ,32251205000000.0
2020-Q4,BS_OTHER_LIABILITIES,  ‣ Other Liabilities,58,2,False,VNĐ,6364728000000.0
2020-Q4,BS_INTEREST_AND_FEE_PAYABLES,    • Interest and Fee Payables,59,3,False,VNĐ,5086061000000.0
2020-Q4,BS_DEFERRED_TAX_LIABILITIES,    • Deferred Tax Liabilities,60,3,False,VNĐ,
2020-Q4,BS_OTHER_PAYABLES_AND_LIABILITIES,    • Other Payables and Liabilities,61,3,False,VNĐ,1278667000000.0
2020-Q4,BS_OTHER_PROVISIONS,    • Other Provisions,62,3,False,VNĐ,0.0
2020-Q4,BS_EQUITY,Equity,63,1,False,VNĐ,14231726000000.0
2020-Q4,BS_CHARTER_CAPITAL_AND_FUNDS,  ‣ Charter Capital and Funds,64,2,False,VNĐ,10746446000000.0
2020-Q4,BS_CHARTER_CAPITAL,    • Charter Capital,65,3,False,VNĐ,10746389000000.0
2020-Q4,BS_SHARE_PREMIUM,    • Share Premium,66,3,False,VNĐ,57000000.0
2020-Q4,BS_TREASURY_SHARES,    • Treasury Shares,67,3,False,VNĐ,0.0
2020-Q4,BS_OTHER_CAPITAL,    • Other Capital,68,3,False,VNĐ,0.0
2020-Q4,BS_RESERVES,  ‣ Reserves,69,2,False,VNĐ,1752673000000.0
2020-Q4,BS_FOREIGN_EXCHANGE_DIFFERENCES,  ‣ Foreign Exchange Differences,70,2,False,VNĐ,0.0
2020-Q4,BS_ASSET_REVALUATION_DIFFERENCES,  ‣ Asset Revaluation Differences,71,2,False,VNĐ,0.0
2020-Q4,BS_RETAINED_EARNINGS,  ‣ Retained Earnings,72,2,False,VNĐ,1732607000000.0
2020-Q4,BS_MINORITY_INTEREST,Minority Interest,73,1,False,VNĐ,0.0
2020-Q4,BS_OFF_BALANCE_SHEET_ITEMS,Off Balance Sheet Items,74,1,True,VNĐ,
2020-Q4,BS_LOAN_GUARANTEES,  ‣ Loan Guarantees,75,2,True,VNĐ,
2020-Q4,BS_FX_COMMITMENTS,  ‣ FX Commitments,76,2,True,VNĐ,67222000000.0
2020-Q4,BS_COMMITMENTS_TO_BUY_FX,    • Commitments to Buy FX,77,3,True,VNĐ,906652000000.0
2020-Q4,BS_COMMITMENTS_TO_SELL_FX,    • Commitments to Sell FX,78,3,True,VNĐ,450832000000.0
2020-Q4,BS_SWAP_COMMITMENTS,    • Swap Commitments,79,3,True,VNĐ,38248302000000.0
2020-Q4,BS_FUTURE_COMMITMENTS,    • Future Commitments,80,3,True,VNĐ,0.0
2020-Q4,BS_IRREVOCABLE_LOAN_COMMITMENTS,  ‣ Irrevocable Loan Commitments,81,2,True,VNĐ,0.0
2020-Q4,BS_LC_COMMITMENTS,  ‣ LC Commitments,82,2,True,VNĐ,429900000000.0
2020-Q4,BS_OTHER_GUARANTEES,  ‣ Other Guarantees,83,2,True,VNĐ,1327012000000.0
2020-Q4,BS_OTHER_COMMITMENTS,  ‣ Other Commitments,84,2,True,VNĐ,2181277000000.0
2020-Q3,BS_TOTAL_ASSETS,Total Assets,1,1,False,VNĐ,211978406000000.0
2020-Q3,BS_CASH_AND_PRECIOUS_METALS,Cash and Precious Metals,2,1,False,VNĐ,2232006000000.0
2020-Q3,BS_BALANCES_WITH_SBV,Balances With SBV,3,1,False,VNĐ,1937133000000.0
2020-Q3,BS_PLACEMENTS_AND_LOANS_TO_CREDIT_INSTITUTIONS,Placements and Loans to Credit Institutions,4,1,False,VNĐ,3124010000000.0
2020-Q3,BS_PLACEMENTS_WITH_CREDIT_INSTITUTIONS,  ‣ Placements With Credit Institutions,5,2,False,VNĐ,2624010000000.0
2020-Q3,BS_LOANS_TO_CREDIT_INSTITUTIONS,  ‣ Loans to Credit Institutions,6,2,False,VNĐ,500000000000.0
2020-Q3,BS_PROVISION_CREDIT_INSTITUTIONS,  ‣ Provision Credit Institutions,7,2,False,VNĐ,0.0
2020-Q3,BS_TRADING_SECURITIES,Trading Securities,8,1,False,VNĐ,278190000000.0
2020-Q3,BS_TRADING_SECURITIES_GROSS,  ‣ Trading Securities Gross,9,2,False,VNĐ,278190000000.0
2020-Q3,BS_PROVISION_TRADING_SECURITIES,  ‣ Provision Trading Securities,10,2,False,VNĐ,0.0
2020-Q3,BS_DERIVATIVES_AND_OTHER_FINANCIAL_ASSETS,Derivatives and Other Financial Assets,11,1,False,VNĐ,216465000000.0
2020-Q3,BS_LOANS_TO_CUSTOMERS,Loans to Customers,12,1,False,VNĐ,157237398000000.0
2020-Q3,BS_LOANS_TO_CUSTOMERS_GROSS,  ‣ Loans to Customers Gross,13,2,False,VNĐ,159149390000000.0
2020-Q3,BS_PROVISION_LOANS_TO_CUSTOMERS,  ‣ Provision Loans to Customers,14,2,False,VNĐ,-1911992000000.0
2020-Q3,BS_DEBT_PURCHASES,Debt Purchases,15,1,False,VNĐ,0.0
2020-Q3,BS_DEBT_PURCHASES_GROSS,  ‣ Debt Purchases Gross,16,2,False,VNĐ,0.0
2020-Q3,BS_PROVISION_DEBT_PURCHASES,  ‣ Provision Debt Purchases,17,2,False,VNĐ,0.0
2020-Q3,BS_INVESTMENT_SECURITIES,Investment Securities,18,1,False,VNĐ,36234864000000.0
2020-Q3,BS_AVAILABLE_FOR_SALE_SECURITIES,  ‣ Available for Sale Securities,19,2,False,VNĐ,36438580000000.0
2020-Q3,BS_HELD_TO_MATURITY_SECURITIES,  ‣ Held to Maturity Securities,20,2,False,VNĐ,0.0
2020-Q3,BS_PROVISION_INVESTMENT_SECURITIES,  ‣ Provision Investment Securities,21,2,False,VNĐ,-203716000000.0
2020-Q3,BS_LONG_TERM_INVESTMENTS,Long Term Investments,22,1,False,VNĐ,315931000000.0
2020-Q3,BS_INVESTMENTS_IN_JOINT_VENTURES,  ‣ Investments in Joint Ventures,23,2,False,VNĐ,0.0
2020-Q3,BS_CAPITAL_CONTRIBUTION_JOINT_VENTURES,  ‣ Capital Contribution Joint Ventures,24,2,False,VNĐ,0.0
2020-Q3,BS_INVESTMENTS_IN_ASSOCIATES,  ‣ Investments in Associates,25,2,False,VNĐ,0.0
2020-Q3,BS_OTHER_LONG_TERM_INVESTMENTS,  ‣ Other Long Term Investments,26,2,False,VNĐ,315931000000.0
2020-Q3,BS_PROVISION_LONG_TERM_INVESTMENTS,  ‣ Provision Long Term Investments,27,2,False,VNĐ,0.0
2020-Q3,BS_FIXED_ASSETS,Fixed Assets,28,1,False,VNĐ,1541824000000.0
2020-Q3,BS_TANGIBLE_FIXED_ASSETS,  ‣ Tangible Fixed Assets,29,2,False,VNĐ,1062587000000.0
2020-Q3,BS_TANGIBLE_FIXED_ASSETS_COST,    • Tangible Fixed Assets Cost,30,3,False,VNĐ,2277701000000.0
2020-Q3,BS_TANGIBLE_FIXED_ASSETS_ACCUMULATED_DEPRECIATION,    • Tangible Fixed Assets Accumulated Depreciation,31,3,False,VNĐ,-1215114000000.0
2020-Q3,BS_FINANCE_LEASE_FIXED_ASSETS,  ‣ Finance Lease Fixed Assets,32,2,False,VNĐ,0.0
2020-Q3,BS_FINANCE_LEASE_FIXED_ASSETS_COST,    • Finance Lease Fixed Assets Cost,33,3,False,VNĐ,0.0
2020-Q3,BS_FINANCE_LEASE_FIXED_ASSETS_ACCUMULATED_DEPRECIATION,    • Finance Lease Fixed Assets Accumulated Depreciation,34,3,False,VNĐ,-0.0
2020-Q3,BS_INTANGIBLE_FIXED_ASSETS,  ‣ Intangible Fixed Assets,35,2,False,VNĐ,479237000000.0
2020-Q3,BS_INTANGIBLE_FIXED_ASSETS_COST,    • Intangible Fixed Assets Cost,36,3,False,VNĐ,623946000000.0
2020-Q3,BS_INTANGIBLE_FIXED_ASSETS_ACCUMULATED_DEPRECIATION,    • Intangible Fixed Assets Accumulated Depreciation,37,3,False,VNĐ,-144709000000.0
2020-Q3,BS_INVESTMENT_PROPERTIES,Investment Properties,38,1,False,VNĐ,0.0
2020-Q3,BS_INVESTMENT_PROPERTIES_COST,  ‣ Investment Properties Cost,39,2,False,VNĐ,0.0
2020-Q3,BS_INVESTMENT_PROPERTIES_ACCUMULATED_DEPRECIATION,  ‣ Investment Properties Accumulated Depreciation,40,2,False,VNĐ,-0.0
2020-Q3,BS_OTHER_ASSETS,Other Assets,41,1,False,VNĐ,8860585000000.0
2020-Q3,BS_RECEIVABLES,  ‣ Receivables,42,2,False,VNĐ,1763856000000.0
2020-Q3,BS_INTEREST_AND_FEE_RECEIVABLES,  ‣ Interest and Fee Receivables,43,2,False,VNĐ,6023757000000.0
2020-Q3,BS_DEFERRED_TAX_ASSETS,  ‣ Deferred Tax Assets,44,2,False,VNĐ,0.0
2020-Q3,BS_OTHER_ASSETS_DETAIL,  ‣ Other Assets Detail,45,2,False,VNĐ,1072972000000.0
2020-Q3,BS_GOODWILL,  ‣ Goodwill,46,2,False,VNĐ,
2020-Q3,BS_PROVISION_OTHER_ASSETS,  ‣ Provision Other Assets,47,2,False,VNĐ,0.0
2020-Q3,BS_TOTAL_LIABILITIES_AND_EQUITY,Total Liabilities and Equity,48,1,False,VNĐ,211978406000000.0
2020-Q3,BS_TOTAL_LIABILITIES,Total Liabilities,49,1,False,VNĐ,198213147000000.0
2020-Q3,BS_DUE_TO_GOVERNMENT_AND_SBV,  ‣ Due to Government and SBV,50,2,False,VNĐ,246210000000.0
2020-Q3,BS_PLACEMENTS_AND_BORROWINGS_FROM_CREDIT_INSTITUTIONS,  ‣ Placements and Borrowings from Credit Institutions,51,2,False,VNĐ,7731872000000.0
2020-Q3,BS_PLACEMENTS_FROM_CREDIT_INSTITUTIONS,    • Placements from Credit Institutions,52,3,False,VNĐ,4890231000000.0
2020-Q3,BS_BORROWINGS_FROM_CREDIT_INSTITUTIONS,    • Borrowings from Credit Institutions,53,3,False,VNĐ,2841641000000.0
2020-Q3,BS_CUSTOMER_DEPOSITS,  ‣ Customer Deposits,54,2,False,VNĐ,154611447000000.0
2020-Q3,BS_DERIVATIVES_AND_OTHER_FINANCIAL_LIABILITIES,  ‣ Derivatives and Other Financial Liabilities,55,2,False,VNĐ,0.0
2020-Q3,BS_FUNDS_AND_ENTRUSTED_INVESTMENTS,  ‣ Funds and Entrusted Investments,56,2,False,VNĐ,0.0
2020-Q3,BS_VALUABLE_PAPERS_ISSUED,  ‣ Valuable Papers Issued,57,2,False,VNĐ,29396232000000.0
2020-Q3,BS_OTHER_LIABILITIES,  ‣ Other Liabilities,58,2,False,VNĐ,6227386000000.0
2020-Q3,BS_INTEREST_AND_FEE_PAYABLES,    • Interest and Fee Payables,59,3,False,VNĐ,4733492000000.0
2020-Q3,BS_DEFERRED_TAX_LIABILITIES,    • Deferred Tax Liabilities,60,3,False,VNĐ,
2020-Q3,BS_OTHER_PAYABLES_AND_LIABILITIES,    • Other Payables and Liabilities,61,3,False,VNĐ,1493894000000.0
2020-Q3,BS_OTHER_PROVISIONS,    • Other Provisions,62,3,False,VNĐ,0.0
2020-Q3,BS_EQUITY,Equity,63,1,False,VNĐ,13765259000000.0
2020-Q3,BS_CHARTER_CAPITAL_AND_FUNDS,  ‣ Charter Capital and Funds,64,2,False,VNĐ,9769540000000.0
2020-Q3,BS_CHARTER_CAPITAL,    • Charter Capital,65,3,False,VNĐ,9769483000000.0
2020-Q3,BS_SHARE_PREMIUM,    • Share Premium,66,3,False,VNĐ,57000000.0
2020-Q3,BS_TREASURY_SHARES,    • Treasury Shares,67,3,False,VNĐ,0.0
2020-Q3,BS_OTHER_CAPITAL,    • Other Capital,68,3,False,VNĐ,0.0
2020-Q3,BS_RESERVES,  ‣ Reserves,69,2,False,VNĐ,1473387000000.0
2020-Q3,BS_FOREIGN_EXCHANGE_DIFFERENCES,  ‣ Foreign Exchange Differences,70,2,False,VNĐ,0.0
2020-Q3,BS_ASSET_REVALUATION_DIFFERENCES,  ‣ Asset Revaluation Differences,71,2,False,VNĐ,0.0
2020-Q3,BS_RETAINED_EARNINGS,  ‣ Retained Earnings,72,2,False,VNĐ,2522332000000.0
2020-Q3,BS_MINORITY_INTEREST,Minority Interest,73,1,False,VNĐ,0.0
2020-Q3,BS_OFF_BALANCE_SHEET_ITEMS,Off Balance Sheet Items,74,1,True,VNĐ,
2020-Q3,BS_LOAN_GUARANTEES,  ‣ Loan Guarantees,75,2,True,VNĐ,
2020-Q3,BS_FX_COMMITMENTS,  ‣ FX Commitments,76,2,True,VNĐ,36373000000.0
2020-Q3,BS_COMMITMENTS_TO_BUY_FX,    • Commitments to Buy FX,77,3,True,VNĐ,1288320000000.0
2020-Q3,BS_COMMITMENTS_TO_SELL_FX,    • Commitments to Sell FX,78,3,True,VNĐ,1473794000000.0
2020-Q3,BS_SWAP_COMMITMENTS,    • Swap Commitments,79,3,True,VNĐ,37265869000000.0
2020-Q3,BS_FUTURE_COMMITMENTS,    • Future Commitments,80,3,True,VNĐ,0.0
2020-Q3,BS_IRREVOCABLE_LOAN_COMMITMENTS,  ‣ Irrevocable Loan Commitments,81,2,True,VNĐ,0.0
2020-Q3,BS_LC_COMMITMENTS,  ‣ LC Commitments,82,2,True,VNĐ,551273000000.0
2020-Q3,BS_OTHER_GUARANTEES,  ‣ Other Guarantees,83,2,True,VNĐ,1644718000000.0
2020-Q3,BS_OTHER_COMMITMENTS,  ‣ Other Commitments,84,2,True,VNĐ,81475000000.0
2020-Q2,BS_TOTAL_ASSETS,Total Assets,1,1,False,VNĐ,213729207000000.0
2020-Q2,BS_CASH_AND_PRECIOUS_METALS,Cash and Precious Metals,2,1,False,VNĐ,2281820000000.0
2020-Q2,BS_BALANCES_WITH_SBV,Balances With SBV,3,1,False,VNĐ,1880621000000.0
2020-Q2,BS_PLACEMENTS_AND_LOANS_TO_CREDIT_INSTITUTIONS,Placements and Loans to Credit Institutions,4,1,False,VNĐ,10816676000000.0
2020-Q2,BS_PLACEMENTS_WITH_CREDIT_INSTITUTIONS,  ‣ Placements With Credit Institutions,5,2,False,VNĐ,9916676000000.0
2020-Q2,BS_LOANS_TO_CREDIT_INSTITUTIONS,  ‣ Loans to Credit Institutions,6,2,False,VNĐ,900000000000.0
2020-Q2,BS_PROVISION_CREDIT_INSTITUTIONS,  ‣ Provision Credit Institutions,7,2,False,VNĐ,0.0
2020-Q2,BS_TRADING_SECURITIES,Trading Securities,8,1,False,VNĐ,278490000000.0
2020-Q2,BS_TRADING_SECURITIES_GROSS,  ‣ Trading Securities Gross,9,2,False,VNĐ,278490000000.0
2020-Q2,BS_PROVISION_TRADING_SECURITIES,  ‣ Provision Trading Securities,10,2,False,VNĐ,0.0
2020-Q2,BS_DERIVATIVES_AND_OTHER_FINANCIAL_ASSETS,Derivatives and Other Financial Assets,11,1,False,VNĐ,187485000000.0
2020-Q2,BS_LOANS_TO_CUSTOMERS,Loans to Customers,12,1,False,VNĐ,150499889000000.0
2020-Q2,BS_LOANS_TO_CUSTOMERS_GROSS,  ‣ Loans to Customers Gross,13,2,False,VNĐ,152323545000000.0
2020-Q2,BS_PROVISION_LOANS_TO_CUSTOMERS,  ‣ Provision Loans to Customers,14,2,False,VNĐ,-1823656000000.0
2020-Q2,BS_DEBT_PURCHASES,Debt Purchases,15,1,False,VNĐ,0.0
2020-Q2,BS_DEBT_PURCHASES_GROSS,  ‣ Debt Purchases Gross,16,2,False,VNĐ,0.0
2020-Q2,BS_PROVISION_DEBT_PURCHASES,  ‣ Provision Debt Purchases,17,2,False,VNĐ,0.0
2020-Q2,BS_INVESTMENT_SECURITIES,Investment Securities,18,1,False,VNĐ,37631955000000.0
2020-Q2,BS_AVAILABLE_FOR_SALE_SECURITIES,  ‣ Available for Sale Securities,19,2,False,VNĐ,37835705000000.0
2020-Q2,BS_HELD_TO_MATURITY_SECURITIES,  ‣ Held to Maturity Securities,20,2,False,VNĐ,0.0
2020-Q2,BS_PROVISION_INVESTMENT_SECURITIES,  ‣ Provision Investment Securities,21,2,False,VNĐ,-203750000000.0
2020-Q2,BS_LONG_TERM_INVESTMENTS,Long Term Investments,22,1,False,VNĐ,315931000000.0
2020-Q2,BS_INVESTMENTS_IN_JOINT_VENTURES,  ‣ Investments in Joint Ventures,23,2,False,VNĐ,0.0
2020-Q2,BS_CAPITAL_CONTRIBUTION_JOINT_VENTURES,  ‣ Capital Contribution Joint Ventures,24,2,False,VNĐ,0.0
2020-Q2,BS_INVESTMENTS_IN_ASSOCIATES,  ‣ Investments in Associates,25,2,False,VNĐ,0.0
2020-Q2,BS_OTHER_LONG_TERM_INVESTMENTS,  ‣ Other Long Term Investments,26,2,False,VNĐ,315931000000.0
2020-Q2,BS_PROVISION_LONG_TERM_INVESTMENTS,  ‣ Provision Long Term Investments,27,2,False,VNĐ,0.0
2020-Q2,BS_FIXED_ASSETS,Fixed Assets,28,1,False,VNĐ,1492660000000.0
2020-Q2,BS_TANGIBLE_FIXED_ASSETS,  ‣ Tangible Fixed Assets,29,2,False,VNĐ,1027733000000.0
2020-Q2,BS_TANGIBLE_FIXED_ASSETS_COST,    • Tangible Fixed Assets Cost,30,3,False,VNĐ,2200813000000.0
2020-Q2,BS_TANGIBLE_FIXED_ASSETS_ACCUMULATED_DEPRECIATION,    • Tangible Fixed Assets Accumulated Depreciation,31,3,False,VNĐ,-1173080000000.0
2020-Q2,BS_FINANCE_LEASE_FIXED_ASSETS,  ‣ Finance Lease Fixed Assets,32,2,False,VNĐ,0.0
2020-Q2,BS_FINANCE_LEASE_FIXED_ASSETS_COST,    • Finance Lease Fixed Assets Cost,33,3,False,VNĐ,0.0
2020-Q2,BS_FINANCE_LEASE_FIXED_ASSETS_ACCUMULATED_DEPRECIATION,    • Finance Lease Fixed Assets Accumulated Depreciation,34,3,False,VNĐ,-0.0
2020-Q2,BS_INTANGIBLE_FIXED_ASSETS,  ‣ Intangible Fixed Assets,35,2,False,VNĐ,464927000000.0
2020-Q2,BS_INTANGIBLE_FIXED_ASSETS_COST,    • Intangible Fixed Assets Cost,36,3,False,VNĐ,602962000000.0
2020-Q2,BS_INTANGIBLE_FIXED_ASSETS_ACCUMULATED_DEPRECIATION,    • Intangible Fixed Assets Accumulated Depreciation,37,3,False,VNĐ,-138035000000.0
2020-Q2,BS_INVESTMENT_PROPERTIES,Investment Properties,38,1,False,VNĐ,0.0
2020-Q2,BS_INVESTMENT_PROPERTIES_COST,  ‣ Investment Properties Cost,39,2,False,VNĐ,0.0
2020-Q2,BS_INVESTMENT_PROPERTIES_ACCUMULATED_DEPRECIATION,  ‣ Investment Properties Accumulated Depreciation,40,2,False,VNĐ,-0.0
2020-Q2,BS_OTHER_ASSETS,Other Assets,41,1,False,VNĐ,8343680000000.0
2020-Q2,BS_RECEIVABLES,  ‣ Receivables,42,2,False,VNĐ,2485221000000.0
2020-Q2,BS_INTEREST_AND_FEE_RECEIVABLES,  ‣ Interest and Fee Receivables,43,2,False,VNĐ,5319913000000.0
2020-Q2,BS_DEFERRED_TAX_ASSETS,  ‣ Deferred Tax Assets,44,2,False,VNĐ,0.0
2020-Q2,BS_OTHER_ASSETS_DETAIL,  ‣ Other Assets Detail,45,2,False,VNĐ,538546000000.0
2020-Q2,BS_GOODWILL,  ‣ Goodwill,46,2,False,VNĐ,
2020-Q2,BS_PROVISION_OTHER_ASSETS,  ‣ Provision Other Assets,47,2,False,VNĐ,0.0
2020-Q2,BS_TOTAL_LIABILITIES_AND_EQUITY,Total Liabilities and Equity,48,1,False,VNĐ,213729207000000.0
2020-Q2,BS_TOTAL_LIABILITIES,Total Liabilities,49,1,False,VNĐ,200553099000000.0
2020-Q2,BS_DUE_TO_GOVERNMENT_AND_SBV,  ‣ Due to Government and SBV,50,2,False,VNĐ,263569000000.0
2020-Q2,BS_PLACEMENTS_AND_BORROWINGS_FROM_CREDIT_INSTITUTIONS,  ‣ Placements and Borrowings from Credit Institutions,51,2,False,VNĐ,27523028000000.0
2020-Q2,BS_PLACEMENTS_FROM_CREDIT_INSTITUTIONS,    • Placements from Credit Institutions,52,3,False,VNĐ,21864253000000.0
2020-Q2,BS_BORROWINGS_FROM_CREDIT_INSTITUTIONS,    • Borrowings from Credit Institutions,53,3,False,VNĐ,5658775000000.0
2020-Q2,BS_CUSTOMER_DEPOSITS,  ‣ Customer Deposits,54,2,False,VNĐ,143917595000000.0
2020-Q2,BS_DERIVATIVES_AND_OTHER_FINANCIAL_LIABILITIES,  ‣ Derivatives and Other Financial Liabilities,55,2,False,VNĐ,0.0
2020-Q2,BS_FUNDS_AND_ENTRUSTED_INVESTMENTS,  ‣ Funds and Entrusted Investments,56,2,False,VNĐ,0.0
2020-Q2,BS_VALUABLE_PAPERS_ISSUED,  ‣ Valuable Papers Issued,57,2,False,VNĐ,22821627000000.0
2020-Q2,BS_OTHER_LIABILITIES,  ‣ Other Liabilities,58,2,False,VNĐ,6027280000000.0
2020-Q2,BS_INTEREST_AND_FEE_PAYABLES,    • Interest and Fee Payables,59,3,False,VNĐ,4829628000000.0
2020-Q2,BS_DEFERRED_TAX_LIABILITIES,    • Deferred Tax Liabilities,60,3,False,VNĐ,
2020-Q2,BS_OTHER_PAYABLES_AND_LIABILITIES,    • Other Payables and Liabilities,61,3,False,VNĐ,1197652000000.0
2020-Q2,BS_OTHER_PROVISIONS,    • Other Provisions,62,3,False,VNĐ,0.0
2020-Q2,BS_EQUITY,Equity,63,1,False,VNĐ,13176108000000.0
2020-Q2,BS_CHARTER_CAPITAL_AND_FUNDS,  ‣ Charter Capital and Funds,64,2,False,VNĐ,9769540000000.0
2020-Q2,BS_CHARTER_CAPITAL,    • Charter Capital,65,3,False,VNĐ,9769483000000.0
2020-Q2,BS_SHARE_PREMIUM,    • Share Premium,66,3,False,VNĐ,57000000.0
2020-Q2,BS_TREASURY_SHARES,    • Treasury Shares,67,3,False,VNĐ,0.0
2020-Q2,BS_OTHER_CAPITAL,    • Other Capital,68,3,False,VNĐ,0.0
2020-Q2,BS_RESERVES,  ‣ Reserves,69,2,False,VNĐ,1473387000000.0
2020-Q2,BS_FOREIGN_EXCHANGE_DIFFERENCES,  ‣ Foreign Exchange Differences,70,2,False,VNĐ,0.0
2020-Q2,BS_ASSET_REVALUATION_DIFFERENCES,  ‣ Asset Revaluation Differences,71,2,False,VNĐ,0.0
2020-Q2,BS_RETAINED_EARNINGS,  ‣ Retained Earnings,72,2,False,VNĐ,1933181000000.0
2020-Q2,BS_MINORITY_INTEREST,Minority Interest,73,1,False,VNĐ,0.0
2020-Q2,BS_OFF_BALANCE_SHEET_ITEMS,Off Balance Sheet Items,74,1,True,VNĐ,
2020-Q2,BS_LOAN_GUARANTEES,  ‣ Loan Guarantees,75,2,True,VNĐ,
2020-Q2,BS_FX_COMMITMENTS,  ‣ FX Commitments,76,2,True,VNĐ,0.0
2020-Q2,BS_COMMITMENTS_TO_BUY_FX,    • Commitments to Buy FX,77,3,True,VNĐ,55728000000.0
2020-Q2,BS_COMMITMENTS_TO_SELL_FX,    • Commitments to Sell FX,78,3,True,VNĐ,276210000000.0
2020-Q2,BS_SWAP_COMMITMENTS,    • Swap Commitments,79,3,True,VNĐ,48947737000000.0
2020-Q2,BS_FUTURE_COMMITMENTS,    • Future Commitments,80,3,True,VNĐ,0.0
2020-Q2,BS_IRREVOCABLE_LOAN_COMMITMENTS,  ‣ Irrevocable Loan Commitments,81,2,True,VNĐ,0.0
2020-Q2,BS_LC_COMMITMENTS,  ‣ LC Commitments,82,2,True,VNĐ,0.0
2020-Q2,BS_OTHER_GUARANTEES,  ‣ Other Guarantees,83,2,True,VNĐ,1668615000000.0
2020-Q2,BS_OTHER_COMMITMENTS,  ‣ Other Commitments,84,2,True,VNĐ,57052000000.0
2020-Q1,BS_TOTAL_ASSETS,Total Assets,1,1,False,VNĐ,202930440000000.0
2020-Q1,BS_CASH_AND_PRECIOUS_METALS,Cash and Precious Metals,2,1,False,VNĐ,1599644000000.0
2020-Q1,BS_BALANCES_WITH_SBV,Balances With SBV,3,1,False,VNĐ,3352900000000.0
2020-Q1,BS_PLACEMENTS_AND_LOANS_TO_CREDIT_INSTITUTIONS,Placements and Loans to Credit Institutions,4,1,False,VNĐ,9064436000000.0
2020-Q1,BS_PLACEMENTS_WITH_CREDIT_INSTITUTIONS,  ‣ Placements With Credit Institutions,5,2,False,VNĐ,7664436000000.0
2020-Q1,BS_LOANS_TO_CREDIT_INSTITUTIONS,  ‣ Loans to Credit Institutions,6,2,False,VNĐ,1400000000000.0
2020-Q1,BS_PROVISION_CREDIT_INSTITUTIONS,  ‣ Provision Credit Institutions,7,2,False,VNĐ,0.0
2020-Q1,BS_TRADING_SECURITIES,Trading Securities,8,1,False,VNĐ,0.0
2020-Q1,BS_TRADING_SECURITIES_GROSS,  ‣ Trading Securities Gross,9,2,False,VNĐ,0.0
2020-Q1,BS_PROVISION_TRADING_SECURITIES,  ‣ Provision Trading Securities,10,2,False,VNĐ,0.0
2020-Q1,BS_DERIVATIVES_AND_OTHER_FINANCIAL_ASSETS,Derivatives and Other Financial Assets,11,1,False,VNĐ,107935000000.0
2020-Q1,BS_LOANS_TO_CUSTOMERS,Loans to Customers,12,1,False,VNĐ,142800158000000.0
2020-Q1,BS_LOANS_TO_CUSTOMERS_GROSS,  ‣ Loans to Customers Gross,13,2,False,VNĐ,144511761000000.0
2020-Q1,BS_PROVISION_LOANS_TO_CUSTOMERS,  ‣ Provision Loans to Customers,14,2,False,VNĐ,-1711603000000.0
2020-Q1,BS_DEBT_PURCHASES,Debt Purchases,15,1,False,VNĐ,0.0
2020-Q1,BS_DEBT_PURCHASES_GROSS,  ‣ Debt Purchases Gross,16,2,False,VNĐ,0.0
2020-Q1,BS_PROVISION_DEBT_PURCHASES,  ‣ Provision Debt Purchases,17,2,False,VNĐ,0.0
2020-Q1,BS_INVESTMENT_SECURITIES,Investment Securities,18,1,False,VNĐ,36089462000000.0
2020-Q1,BS_AVAILABLE_FOR_SALE_SECURITIES,  ‣ Available for Sale Securities,19,2,False,VNĐ,36137584000000.0
2020-Q1,BS_HELD_TO_MATURITY_SECURITIES,  ‣ Held to Maturity Securities,20,2,False,VNĐ,359343000000.0
2020-Q1,BS_PROVISION_INVESTMENT_SECURITIES,  ‣ Provision Investment Securities,21,2,False,VNĐ,-407465000000.0
2020-Q1,BS_LONG_TERM_INVESTMENTS,Long Term Investments,22,1,False,VNĐ,324731000000.0
2020-Q1,BS_INVESTMENTS_IN_JOINT_VENTURES,  ‣ Investments in Joint Ventures,23,2,False,VNĐ,0.0
2020-Q1,BS_CAPITAL_CONTRIBUTION_JOINT_VENTURES,  ‣ Capital Contribution Joint Ventures,24,2,False,VNĐ,0.0
2020-Q1,BS_INVESTMENTS_IN_ASSOCIATES,  ‣ Investments in Associates,25,2,False,VNĐ,0.0
2020-Q1,BS_OTHER_LONG_TERM_INVESTMENTS,  ‣ Other Long Term Investments,26,2,False,VNĐ,324731000000.0
2020-Q1,BS_PROVISION_LONG_TERM_INVESTMENTS,  ‣ Provision Long Term Investments,27,2,False,VNĐ,0.0
2020-Q1,BS_FIXED_ASSETS,Fixed Assets,28,1,False,VNĐ,1474696000000.0
2020-Q1,BS_TANGIBLE_FIXED_ASSETS,  ‣ Tangible Fixed Assets,29,2,False,VNĐ,1010232000000.0
2020-Q1,BS_TANGIBLE_FIXED_ASSETS_COST,    • Tangible Fixed Assets Cost,30,3,False,VNĐ,2148041000000.0
2020-Q1,BS_TANGIBLE_FIXED_ASSETS_ACCUMULATED_DEPRECIATION,    • Tangible Fixed Assets Accumulated Depreciation,31,3,False,VNĐ,-1137809000000.0
2020-Q1,BS_FINANCE_LEASE_FIXED_ASSETS,  ‣ Finance Lease Fixed Assets,32,2,False,VNĐ,0.0
2020-Q1,BS_FINANCE_LEASE_FIXED_ASSETS_COST,    • Finance Lease Fixed Assets Cost,33,3,False,VNĐ,0.0
2020-Q1,BS_FINANCE_LEASE_FIXED_ASSETS_ACCUMULATED_DEPRECIATION,    • Finance Lease Fixed Assets Accumulated Depreciation,34,3,False,VNĐ,-0.0
2020-Q1,BS_INTANGIBLE_FIXED_ASSETS,  ‣ Intangible Fixed Assets,35,2,False,VNĐ,464464000000.0
2020-Q1,BS_INTANGIBLE_FIXED_ASSETS_COST,    • Intangible Fixed Assets Cost,36,3,False,VNĐ,596406000000.0
2020-Q1,BS_INTANGIBLE_FIXED_ASSETS_ACCUMULATED_DEPRECIATION,    • Intangible Fixed Assets Accumulated Depreciation,37,3,False,VNĐ,-131942000000.0
2020-Q1,BS_INVESTMENT_PROPERTIES,Investment Properties,38,1,False,VNĐ,0.0
2020-Q1,BS_INVESTMENT_PROPERTIES_COST,  ‣ Investment Properties Cost,39,2,False,VNĐ,0.0
2020-Q1,BS_INVESTMENT_PROPERTIES_ACCUMULATED_DEPRECIATION,  ‣ Investment Properties Accumulated Depreciation,40,2,False,VNĐ,-0.0
2020-Q1,BS_OTHER_ASSETS,Other Assets,41,1,False,VNĐ,8116478000000.0
2020-Q1,BS_RECEIVABLES,  ‣ Receivables,42,2,False,VNĐ,2542569000000.0
2020-Q1,BS_INTEREST_AND_FEE_RECEIVABLES,  ‣ Interest and Fee Receivables,43,2,False,VNĐ,4979748000000.0
2020-Q1,BS_DEFERRED_TAX_ASSETS,  ‣ Deferred Tax Assets,44,2,False,VNĐ,0.0
2020-Q1,BS_OTHER_ASSETS_DETAIL,  ‣ Other Assets Detail,45,2,False,VNĐ,594161000000.0
2020-Q1,BS_GOODWILL,  ‣ Goodwill,46,2,False,VNĐ,
2020-Q1,BS_PROVISION_OTHER_ASSETS,  ‣ Provision Other Assets,47,2,False,VNĐ,0.0
2020-Q1,BS_TOTAL_LIABILITIES_AND_EQUITY,Total Liabilities and Equity,48,1,False,VNĐ,202930440000000.0
2020-Q1,BS_TOTAL_LIABILITIES,Total Liabilities,49,1,False,VNĐ,189864984000000.0
2020-Q1,BS_DUE_TO_GOVERNMENT_AND_SBV,  ‣ Due to Government and SBV,50,2,False,VNĐ,279063000000.0
2020-Q1,BS_PLACEMENTS_AND_BORROWINGS_FROM_CREDIT_INSTITUTIONS,  ‣ Placements and Borrowings from Credit Institutions,51,2,False,VNĐ,10415727000000.0
2020-Q1,BS_PLACEMENTS_FROM_CREDIT_INSTITUTIONS,    • Placements from Credit Institutions,52,3,False,VNĐ,7744527000000.0
2020-Q1,BS_BORROWINGS_FROM_CREDIT_INSTITUTIONS,    • Borrowings from Credit Institutions,53,3,False,VNĐ,2671200000000.0
2020-Q1,BS_CUSTOMER_DEPOSITS,  ‣ Customer Deposits,54,2,False,VNĐ,144001427000000.0
2020-Q1,BS_DERIVATIVES_AND_OTHER_FINANCIAL_LIABILITIES,  ‣ Derivatives and Other Financial Liabilities,55,2,False,VNĐ,0.0
2020-Q1,BS_FUNDS_AND_ENTRUSTED_INVESTMENTS,  ‣ Funds and Entrusted Investments,56,2,False,VNĐ,1178750000000.0
2020-Q1,BS_VALUABLE_PAPERS_ISSUED,  ‣ Valuable Papers Issued,57,2,False,VNĐ,28147279000000.0
2020-Q1,BS_OTHER_LIABILITIES,  ‣ Other Liabilities,58,2,False,VNĐ,5842738000000.0
2020-Q1,BS_INTEREST_AND_FEE_PAYABLES,    • Interest and Fee Payables,59,3,False,VNĐ,4554209000000.0
2020-Q1,BS_DEFERRED_TAX_LIABILITIES,    • Deferred Tax Liabilities,60,3,False,VNĐ,
2020-Q1,BS_OTHER_PAYABLES_AND_LIABILITIES,    • Other Payables and Liabilities,61,3,False,VNĐ,1288529000000.0
2020-Q1,BS_OTHER_PROVISIONS,    • Other Provisions,62,3,False,VNĐ,0.0
2020-Q1,BS_EQUITY,Equity,63,1,False,VNĐ,13065456000000.0
2020-Q1,BS_CHARTER_CAPITAL_AND_FUNDS,  ‣ Charter Capital and Funds,64,2,False,VNĐ,9769540000000.0
2020-Q1,BS_CHARTER_CAPITAL,    • Charter Capital,65,3,False,VNĐ,9769483000000.0
2020-Q1,BS_SHARE_PREMIUM,    • Share Premium,66,3,False,VNĐ,57000000.0
2020-Q1,BS_TREASURY_SHARES,    • Treasury Shares,67,3,False,VNĐ,0.0
2020-Q1,BS_OTHER_CAPITAL,    • Other Capital,68,3,False,VNĐ,0.0
2020-Q1,BS_RESERVES,  ‣ Reserves,69,2,False,VNĐ,1473387000000.0
2020-Q1,BS_FOREIGN_EXCHANGE_DIFFERENCES,  ‣ Foreign Exchange Differences,70,2,False,VNĐ,0.0
2020-Q1,BS_ASSET_REVALUATION_DIFFERENCES,  ‣ Asset Revaluation Differences,71,2,False,VNĐ,0.0
2020-Q1,BS_RETAINED_EARNINGS,  ‣ Retained Earnings,72,2,False,VNĐ,1822529000000.0
2020-Q1,BS_MINORITY_INTEREST,Minority Interest,73,1,False,VNĐ,0.0
2020-Q1,BS_OFF_BALANCE_SHEET_ITEMS,Off Balance Sheet Items,74,1,True,VNĐ,
2020-Q1,BS_LOAN_GUARANTEES,  ‣ Loan Guarantees,75,2,True,VNĐ,
2020-Q1,BS_FX_COMMITMENTS,  ‣ FX Commitments,76,2,True,VNĐ,4196000000.0
2020-Q1,BS_COMMITMENTS_TO_BUY_FX,    • Commitments to Buy FX,77,3,True,VNĐ,1249475000000.0
2020-Q1,BS_COMMITMENTS_TO_SELL_FX,    • Commitments to Sell FX,78,3,True,VNĐ,0.0
2020-Q1,BS_SWAP_COMMITMENTS,    • Swap Commitments,79,3,True,VNĐ,65647815000000.0
2020-Q1,BS_FUTURE_COMMITMENTS,    • Future Commitments,80,3,True,VNĐ,0.0
2020-Q1,BS_IRREVOCABLE_LOAN_COMMITMENTS,  ‣ Irrevocable Loan Commitments,81,2,True,VNĐ,0.0
2020-Q1,BS_LC_COMMITMENTS,  ‣ LC Commitments,82,2,True,VNĐ,0.0
2020-Q1,BS_OTHER_GUARANTEES,  ‣ Other Guarantees,83,2,True,VNĐ,1812719000000.0
2020-Q1,BS_OTHER_COMMITMENTS,  ‣ Other Commitments,84,2,True,VNĐ,54641000000.0
2019-Q4,BS_TOTAL_ASSETS,Total Assets,1,1,False,VNĐ,202058040000000.0
2019-Q4,BS_CASH_AND_PRECIOUS_METALS,Cash and Precious Metals,2,1,False,VNĐ,1213646000000.0
2019-Q4,BS_BALANCES_WITH_SBV,Balances With SBV,3,1,False,VNĐ,6621943000000.0
2019-Q4,BS_PLACEMENTS_AND_LOANS_TO_CREDIT_INSTITUTIONS,Placements and Loans to Credit Institutions,4,1,False,VNĐ,11663649000000.0
2019-Q4,BS_PLACEMENTS_WITH_CREDIT_INSTITUTIONS,  ‣ Placements With Credit Institutions,5,2,False,VNĐ,9262526000000.0
2019-Q4,BS_LOANS_TO_CREDIT_INSTITUTIONS,  ‣ Loans to Credit Institutions,6,2,False,VNĐ,2401123000000.0
2019-Q4,BS_PROVISION_CREDIT_INSTITUTIONS,  ‣ Provision Credit Institutions,7,2,False,VNĐ,0.0
2019-Q4,BS_TRADING_SECURITIES,Trading Securities,8,1,False,VNĐ,0.0
2019-Q4,BS_TRADING_SECURITIES_GROSS,  ‣ Trading Securities Gross,9,2,False,VNĐ,0.0
2019-Q4,BS_PROVISION_TRADING_SECURITIES,  ‣ Provision Trading Securities,10,2,False,VNĐ,0.0
2019-Q4,BS_DERIVATIVES_AND_OTHER_FINANCIAL_ASSETS,Derivatives and Other Financial Assets,11,1,False,VNĐ,87900000000.0
2019-Q4,BS_LOANS_TO_CUSTOMERS,Loans to Customers,12,1,False,VNĐ,138802033000000.0
2019-Q4,BS_LOANS_TO_CUSTOMERS_GROSS,  ‣ Loans to Customers Gross,13,2,False,VNĐ,140522626000000.0
2019-Q4,BS_PROVISION_LOANS_TO_CUSTOMERS,  ‣ Provision Loans to Customers,14,2,False,VNĐ,-1720593000000.0
2019-Q4,BS_DEBT_PURCHASES,Debt Purchases,15,1,False,VNĐ,0.0
2019-Q4,BS_DEBT_PURCHASES_GROSS,  ‣ Debt Purchases Gross,16,2,False,VNĐ,0.0
2019-Q4,BS_PROVISION_DEBT_PURCHASES,  ‣ Provision Debt Purchases,17,2,False,VNĐ,0.0
2019-Q4,BS_INVESTMENT_SECURITIES,Investment Securities,18,1,False,VNĐ,34796118000000.0
2019-Q4,BS_AVAILABLE_FOR_SALE_SECURITIES,  ‣ Available for Sale Securities,19,2,False,VNĐ,34782319000000.0
2019-Q4,BS_HELD_TO_MATURITY_SECURITIES,  ‣ Held to Maturity Securities,20,2,False,VNĐ,359343000000.0
2019-Q4,BS_PROVISION_INVESTMENT_SECURITIES,  ‣ Provision Investment Securities,21,2,False,VNĐ,-345544000000.0
2019-Q4,BS_LONG_TERM_INVESTMENTS,Long Term Investments,22,1,False,VNĐ,324731000000.0
2019-Q4,BS_INVESTMENTS_IN_JOINT_VENTURES,  ‣ Investments in Joint Ventures,23,2,False,VNĐ,0.0
2019-Q4,BS_CAPITAL_CONTRIBUTION_JOINT_VENTURES,  ‣ Capital Contribution Joint Ventures,24,2,False,VNĐ,0.0
2019-Q4,BS_INVESTMENTS_IN_ASSOCIATES,  ‣ Investments in Associates,25,2,False,VNĐ,0.0
2019-Q4,BS_OTHER_LONG_TERM_INVESTMENTS,  ‣ Other Long Term Investments,26,2,False,VNĐ,324731000000.0
2019-Q4,BS_PROVISION_LONG_TERM_INVESTMENTS,  ‣ Provision Long Term Investments,27,2,False,VNĐ,0.0
2019-Q4,BS_FIXED_ASSETS,Fixed Assets,28,1,False,VNĐ,1503478000000.0
2019-Q4,BS_TANGIBLE_FIXED_ASSETS,  ‣ Tangible Fixed Assets,29,2,False,VNĐ,1034898000000.0
2019-Q4,BS_TANGIBLE_FIXED_ASSETS_COST,    • Tangible Fixed Assets Cost,30,3,False,VNĐ,2129044000000.0
2019-Q4,BS_TANGIBLE_FIXED_ASSETS_ACCUMULATED_DEPRECIATION,    • Tangible Fixed Assets Accumulated Depreciation,31,3,False,VNĐ,-1094146000000.0
2019-Q4,BS_FINANCE_LEASE_FIXED_ASSETS,  ‣ Finance Lease Fixed Assets,32,2,False,VNĐ,0.0
2019-Q4,BS_FINANCE_LEASE_FIXED_ASSETS_COST,    • Finance Lease Fixed Assets Cost,33,3,False,VNĐ,0.0
2019-Q4,BS_FINANCE_LEASE_FIXED_ASSETS_ACCUMULATED_DEPRECIATION,    • Finance Lease Fixed Assets Accumulated Depreciation,34,3,False,VNĐ,-0.0
2019-Q4,BS_INTANGIBLE_FIXED_ASSETS,  ‣ Intangible Fixed Assets,35,2,False,VNĐ,468580000000.0
2019-Q4,BS_INTANGIBLE_FIXED_ASSETS_COST,    • Intangible Fixed Assets Cost,36,3,False,VNĐ,594032000000.0
2019-Q4,BS_INTANGIBLE_FIXED_ASSETS_ACCUMULATED_DEPRECIATION,    • Intangible Fixed Assets Accumulated Depreciation,37,3,False,VNĐ,-125452000000.0
2019-Q4,BS_INVESTMENT_PROPERTIES,Investment Properties,38,1,False,VNĐ,0.0
2019-Q4,BS_INVESTMENT_PROPERTIES_COST,  ‣ Investment Properties Cost,39,2,False,VNĐ,0.0
2019-Q4,BS_INVESTMENT_PROPERTIES_ACCUMULATED_DEPRECIATION,  ‣ Investment Properties Accumulated Depreciation,40,2,False,VNĐ,-0.0
2019-Q4,BS_OTHER_ASSETS,Other Assets,41,1,False,VNĐ,7044542000000.0
2019-Q4,BS_RECEIVABLES,  ‣ Receivables,42,2,False,VNĐ,2113871000000.0
2019-Q4,BS_INTEREST_AND_FEE_RECEIVABLES,  ‣ Interest and Fee Receivables,43,2,False,VNĐ,4287030000000.0
2019-Q4,BS_DEFERRED_TAX_ASSETS,  ‣ Deferred Tax Assets,44,2,False,VNĐ,0.0
2019-Q4,BS_OTHER_ASSETS_DETAIL,  ‣ Other Assets Detail,45,2,False,VNĐ,643641000000.0
2019-Q4,BS_GOODWILL,  ‣ Goodwill,46,2,False,VNĐ,
2019-Q4,BS_PROVISION_OTHER_ASSETS,  ‣ Provision Other Assets,47,2,False,VNĐ,0.0
2019-Q4,BS_TOTAL_LIABILITIES_AND_EQUITY,Total Liabilities and Equity,48,1,False,VNĐ,202058040000000.0
2019-Q4,BS_TOTAL_LIABILITIES,Total Liabilities,49,1,False,VNĐ,189478240000000.0
2019-Q4,BS_DUE_TO_GOVERNMENT_AND_SBV,  ‣ Due to Government and SBV,50,2,False,VNĐ,287008000000.0
2019-Q4,BS_PLACEMENTS_AND_BORROWINGS_FROM_CREDIT_INSTITUTIONS,  ‣ Placements and Borrowings from Credit Institutions,51,2,False,VNĐ,17533192000000.0
2019-Q4,BS_PLACEMENTS_FROM_CREDIT_INSTITUTIONS,    • Placements from Credit Institutions,52,3,False,VNĐ,12947426000000.0
2019-Q4,BS_BORROWINGS_FROM_CREDIT_INSTITUTIONS,    • Borrowings from Credit Institutions,53,3,False,VNĐ,4585766000000.0
2019-Q4,BS_CUSTOMER_DEPOSITS,  ‣ Customer Deposits,54,2,False,VNĐ,136847259000000.0
2019-Q4,BS_DERIVATIVES_AND_OTHER_FINANCIAL_LIABILITIES,  ‣ Derivatives and Other Financial Liabilities,55,2,False,VNĐ,0.0
2019-Q4,BS_FUNDS_AND_ENTRUSTED_INVESTMENTS,  ‣ Funds and Entrusted Investments,56,2,False,VNĐ,1158625000000.0
2019-Q4,BS_VALUABLE_PAPERS_ISSUED,  ‣ Valuable Papers Issued,57,2,False,VNĐ,28155937000000.0
2019-Q4,BS_OTHER_LIABILITIES,  ‣ Other Liabilities,58,2,False,VNĐ,5496219000000.0
2019-Q4,BS_INTEREST_AND_FEE_PAYABLES,    • Interest and Fee Payables,59,3,False,VNĐ,4575779000000.0
2019-Q4,BS_DEFERRED_TAX_LIABILITIES,    • Deferred Tax Liabilities,60,3,False,VNĐ,
2019-Q4,BS_OTHER_PAYABLES_AND_LIABILITIES,    • Other Payables and Liabilities,61,3,False,VNĐ,920440000000.0
2019-Q4,BS_OTHER_PROVISIONS,    • Other Provisions,62,3,False,VNĐ,0.0
2019-Q4,BS_EQUITY,Equity,63,1,False,VNĐ,12579800000000.0
2019-Q4,BS_CHARTER_CAPITAL_AND_FUNDS,  ‣ Charter Capital and Funds,64,2,False,VNĐ,8944772000000.0
2019-Q4,BS_CHARTER_CAPITAL,    • Charter Capital,65,3,False,VNĐ,8881441000000.0
2019-Q4,BS_SHARE_PREMIUM,    • Share Premium,66,3,False,VNĐ,63331000000.0
2019-Q4,BS_TREASURY_SHARES,    • Treasury Shares,67,3,False,VNĐ,0.0
2019-Q4,BS_OTHER_CAPITAL,    • Other Capital,68,3,False,VNĐ,0.0
2019-Q4,BS_RESERVES,  ‣ Reserves,69,2,False,VNĐ,1473387000000.0
2019-Q4,BS_FOREIGN_EXCHANGE_DIFFERENCES,  ‣ Foreign Exchange Differences,70,2,False,VNĐ,0.0
2019-Q4,BS_ASSET_REVALUATION_DIFFERENCES,  ‣ Asset Revaluation Differences,71,2,False,VNĐ,0.0
2019-Q4,BS_RETAINED_EARNINGS,  ‣ Retained Earnings,72,2,False,VNĐ,2161641000000.0
2019-Q4,BS_MINORITY_INTEREST,Minority Interest,73,1,False,VNĐ,0.0
2019-Q4,BS_OFF_BALANCE_SHEET_ITEMS,Off Balance Sheet Items,74,1,True,VNĐ,
2019-Q4,BS_LOAN_GUARANTEES,  ‣ Loan Guarantees,75,2,True,VNĐ,
2019-Q4,BS_FX_COMMITMENTS,  ‣ FX Commitments,76,2,True,VNĐ,4196000000.0
2019-Q4,BS_COMMITMENTS_TO_BUY_FX,    • Commitments to Buy FX,77,3,True,VNĐ,213131000000.0
2019-Q4,BS_COMMITMENTS_TO_SELL_FX,    • Commitments to Sell FX,78,3,True,VNĐ,97243000000.0
2019-Q4,BS_SWAP_COMMITMENTS,    • Swap Commitments,79,3,True,VNĐ,27589976000000.0
2019-Q4,BS_FUTURE_COMMITMENTS,    • Future Commitments,80,3,True,VNĐ,0.0
2019-Q4,BS_IRREVOCABLE_LOAN_COMMITMENTS,  ‣ Irrevocable Loan Commitments,81,2,True,VNĐ,0.0
2019-Q4,BS_LC_COMMITMENTS,  ‣ LC Commitments,82,2,True,VNĐ,0.0
2019-Q4,BS_OTHER_GUARANTEES,  ‣ Other Guarantees,83,2,True,VNĐ,2036352000000.0
2019-Q4,BS_OTHER_COMMITMENTS,  ‣ Other Commitments,84,2,True,VNĐ,96082000000.0
2019-Q3,BS_TOTAL_ASSETS,Total Assets,1,1,False,VNĐ,193536377000000.0
2019-Q3,BS_CASH_AND_PRECIOUS_METALS,Cash and Precious Metals,2,1,False,VNĐ,2986683000000.0
2019-Q3,BS_BALANCES_WITH_SBV,Balances With SBV,3,1,False,VNĐ,4570248000000.0
2019-Q3,BS_PLACEMENTS_AND_LOANS_TO_CREDIT_INSTITUTIONS,Placements and Loans to Credit Institutions,4,1,False,VNĐ,10786992000000.0
2019-Q3,BS_PLACEMENTS_WITH_CREDIT_INSTITUTIONS,  ‣ Placements With Credit Institutions,5,2,False,VNĐ,8132592000000.0
2019-Q3,BS_LOANS_TO_CREDIT_INSTITUTIONS,  ‣ Loans to Credit Institutions,6,2,False,VNĐ,2654400000000.0
2019-Q3,BS_PROVISION_CREDIT_INSTITUTIONS,  ‣ Provision Credit Institutions,7,2,False,VNĐ,0.0
2019-Q3,BS_TRADING_SECURITIES,Trading Securities,8,1,False,VNĐ,0.0
2019-Q3,BS_TRADING_SECURITIES_GROSS,  ‣ Trading Securities Gross,9,2,False,VNĐ,0.0
2019-Q3,BS_PROVISION_TRADING_SECURITIES,  ‣ Provision Trading Securities,10,2,False,VNĐ,0.0
2019-Q3,BS_DERIVATIVES_AND_OTHER_FINANCIAL_ASSETS,Derivatives and Other Financial Assets,11,1,False,VNĐ,109647000000.0
2019-Q3,BS_LOANS_TO_CUSTOMERS,Loans to Customers,12,1,False,VNĐ,133138216000000.0
2019-Q3,BS_LOANS_TO_CUSTOMERS_GROSS,  ‣ Loans to Customers Gross,13,2,False,VNĐ,134742339000000.0
2019-Q3,BS_PROVISION_LOANS_TO_CUSTOMERS,  ‣ Provision Loans to Customers,14,2,False,VNĐ,-1604123000000.0
2019-Q3,BS_DEBT_PURCHASES,Debt Purchases,15,1,False,VNĐ,0.0
2019-Q3,BS_DEBT_PURCHASES_GROSS,  ‣ Debt Purchases Gross,16,2,False,VNĐ,0.0
2019-Q3,BS_PROVISION_DEBT_PURCHASES,  ‣ Provision Debt Purchases,17,2,False,VNĐ,0.0
2019-Q3,BS_INVESTMENT_SECURITIES,Investment Securities,18,1,False,VNĐ,33112168000000.0
2019-Q3,BS_AVAILABLE_FOR_SALE_SECURITIES,  ‣ Available for Sale Securities,19,2,False,VNĐ,32958444000000.0
2019-Q3,BS_HELD_TO_MATURITY_SECURITIES,  ‣ Held to Maturity Securities,20,2,False,VNĐ,615838000000.0
2019-Q3,BS_PROVISION_INVESTMENT_SECURITIES,  ‣ Provision Investment Securities,21,2,False,VNĐ,-462114000000.0
2019-Q3,BS_LONG_TERM_INVESTMENTS,Long Term Investments,22,1,False,VNĐ,324731000000.0
2019-Q3,BS_INVESTMENTS_IN_JOINT_VENTURES,  ‣ Investments in Joint Ventures,23,2,False,VNĐ,0.0
2019-Q3,BS_CAPITAL_CONTRIBUTION_JOINT_VENTURES,  ‣ Capital Contribution Joint Ventures,24,2,False,VNĐ,0.0
2019-Q3,BS_INVESTMENTS_IN_ASSOCIATES,  ‣ Investments in Associates,25,2,False,VNĐ,0.0
2019-Q3,BS_OTHER_LONG_TERM_INVESTMENTS,  ‣ Other Long Term Investments,26,2,False,VNĐ,324731000000.0
2019-Q3,BS_PROVISION_LONG_TERM_INVESTMENTS,  ‣ Provision Long Term Investments,27,2,False,VNĐ,0.0
2019-Q3,BS_FIXED_ASSETS,Fixed Assets,28,1,False,VNĐ,1502498000000.0
2019-Q3,BS_TANGIBLE_FIXED_ASSETS,  ‣ Tangible Fixed Assets,29,2,False,VNĐ,1033459000000.0
2019-Q3,BS_TANGIBLE_FIXED_ASSETS_COST,    • Tangible Fixed Assets Cost,30,3,False,VNĐ,2082745000000.0
2019-Q3,BS_TANGIBLE_FIXED_ASSETS_ACCUMULATED_DEPRECIATION,    • Tangible Fixed Assets Accumulated Depreciation,31,3,False,VNĐ,-1049286000000.0
2019-Q3,BS_FINANCE_LEASE_FIXED_ASSETS,  ‣ Finance Lease Fixed Assets,32,2,False,VNĐ,0.0
2019-Q3,BS_FINANCE_LEASE_FIXED_ASSETS_COST,    • Finance Lease Fixed Assets Cost,33,3,False,VNĐ,0.0
2019-Q3,BS_FINANCE_LEASE_FIXED_ASSETS_ACCUMULATED_DEPRECIATION,    • Finance Lease Fixed Assets Accumulated Depreciation,34,3,False,VNĐ,-0.0
2019-Q3,BS_INTANGIBLE_FIXED_ASSETS,  ‣ Intangible Fixed Assets,35,2,False,VNĐ,469039000000.0
2019-Q3,BS_INTANGIBLE_FIXED_ASSETS_COST,    • Intangible Fixed Assets Cost,36,3,False,VNĐ,588052000000.0
2019-Q3,BS_INTANGIBLE_FIXED_ASSETS_ACCUMULATED_DEPRECIATION,    • Intangible Fixed Assets Accumulated Depreciation,37,3,False,VNĐ,-119013000000.0
2019-Q3,BS_INVESTMENT_PROPERTIES,Investment Properties,38,1,False,VNĐ,0.0
2019-Q3,BS_INVESTMENT_PROPERTIES_COST,  ‣ Investment Properties Cost,39,2,False,VNĐ,0.0
2019-Q3,BS_INVESTMENT_PROPERTIES_ACCUMULATED_DEPRECIATION,  ‣ Investment Properties Accumulated Depreciation,40,2,False,VNĐ,-0.0
2019-Q3,BS_OTHER_ASSETS,Other Assets,41,1,False,VNĐ,7005194000000.0
2019-Q3,BS_RECEIVABLES,  ‣ Receivables,42,2,False,VNĐ,2192428000000.0
2019-Q3,BS_INTEREST_AND_FEE_RECEIVABLES,  ‣ Interest and Fee Receivables,43,2,False,VNĐ,4212418000000.0
2019-Q3,BS_DEFERRED_TAX_ASSETS,  ‣ Deferred Tax Assets,44,2,False,VNĐ,0.0
2019-Q3,BS_OTHER_ASSETS_DETAIL,  ‣ Other Assets Detail,45,2,False,VNĐ,600348000000.0
2019-Q3,BS_GOODWILL,  ‣ Goodwill,46,2,False,VNĐ,
2019-Q3,BS_PROVISION_OTHER_ASSETS,  ‣ Provision Other Assets,47,2,False,VNĐ,0.0
2019-Q3,BS_TOTAL_LIABILITIES_AND_EQUITY,Total Liabilities and Equity,48,1,False,VNĐ,193536377000000.0
2019-Q3,BS_TOTAL_LIABILITIES,Total Liabilities,49,1,False,VNĐ,181245761000000.0
2019-Q3,BS_DUE_TO_GOVERNMENT_AND_SBV,  ‣ Due to Government and SBV,50,2,False,VNĐ,2295670000000.0
2019-Q3,BS_PLACEMENTS_AND_BORROWINGS_FROM_CREDIT_INSTITUTIONS,  ‣ Placements and Borrowings from Credit Institutions,51,2,False,VNĐ,15963660000000.0
2019-Q3,BS_PLACEMENTS_FROM_CREDIT_INSTITUTIONS,    • Placements from Credit Institutions,52,3,False,VNĐ,11773953000000.0
2019-Q3,BS_BORROWINGS_FROM_CREDIT_INSTITUTIONS,    • Borrowings from Credit Institutions,53,3,False,VNĐ,4189707000000.0
2019-Q3,BS_CUSTOMER_DEPOSITS,  ‣ Customer Deposits,54,2,False,VNĐ,132996788000000.0
2019-Q3,BS_DERIVATIVES_AND_OTHER_FINANCIAL_LIABILITIES,  ‣ Derivatives and Other Financial Liabilities,55,2,False,VNĐ,0.0
2019-Q3,BS_FUNDS_AND_ENTRUSTED_INVESTMENTS,  ‣ Funds and Entrusted Investments,56,2,False,VNĐ,1160000000000.0
2019-Q3,BS_VALUABLE_PAPERS_ISSUED,  ‣ Valuable Papers Issued,57,2,False,VNĐ,23742813000000.0
2019-Q3,BS_OTHER_LIABILITIES,  ‣ Other Liabilities,58,2,False,VNĐ,5086830000000.0
2019-Q3,BS_INTEREST_AND_FEE_PAYABLES,    • Interest and Fee Payables,59,3,False,VNĐ,3848451000000.0
2019-Q3,BS_DEFERRED_TAX_LIABILITIES,    • Deferred Tax Liabilities,60,3,False,VNĐ,
2019-Q3,BS_OTHER_PAYABLES_AND_LIABILITIES,    • Other Payables and Liabilities,61,3,False,VNĐ,1238379000000.0
2019-Q3,BS_OTHER_PROVISIONS,    • Other Provisions,62,3,False,VNĐ,0.0
2019-Q3,BS_EQUITY,Equity,63,1,False,VNĐ,12290616000000.0
2019-Q3,BS_CHARTER_CAPITAL_AND_FUNDS,  ‣ Charter Capital and Funds,64,2,False,VNĐ,8944772000000.0
2019-Q3,BS_CHARTER_CAPITAL,    • Charter Capital,65,3,False,VNĐ,8881441000000.0
2019-Q3,BS_SHARE_PREMIUM,    • Share Premium,66,3,False,VNĐ,63331000000.0
2019-Q3,BS_TREASURY_SHARES,    • Treasury Shares,67,3,False,VNĐ,0.0
2019-Q3,BS_OTHER_CAPITAL,    • Other Capital,68,3,False,VNĐ,0.0
2019-Q3,BS_RESERVES,  ‣ Reserves,69,2,False,VNĐ,1209938000000.0
2019-Q3,BS_FOREIGN_EXCHANGE_DIFFERENCES,  ‣ Foreign Exchange Differences,70,2,False,VNĐ,0.0
2019-Q3,BS_ASSET_REVALUATION_DIFFERENCES,  ‣ Asset Revaluation Differences,71,2,False,VNĐ,0.0
2019-Q3,BS_RETAINED_EARNINGS,  ‣ Retained Earnings,72,2,False,VNĐ,2135906000000.0
2019-Q3,BS_MINORITY_INTEREST,Minority Interest,73,1,False,VNĐ,0.0
2019-Q3,BS_OFF_BALANCE_SHEET_ITEMS,Off Balance Sheet Items,74,1,True,VNĐ,
2019-Q3,BS_LOAN_GUARANTEES,  ‣ Loan Guarantees,75,2,True,VNĐ,
2019-Q3,BS_FX_COMMITMENTS,  ‣ FX Commitments,76,2,True,VNĐ,4600000000.0
2019-Q3,BS_COMMITMENTS_TO_BUY_FX,    • Commitments to Buy FX,77,3,True,VNĐ,2611712000000.0
2019-Q3,BS_COMMITMENTS_TO_SELL_FX,    • Commitments to Sell FX,78,3,True,VNĐ,5233329000000.0
2019-Q3,BS_SWAP_COMMITMENTS,    • Swap Commitments,79,3,True,VNĐ,35287200000000.0
2019-Q3,BS_FUTURE_COMMITMENTS,    • Future Commitments,80,3,True,VNĐ,0.0
2019-Q3,BS_IRREVOCABLE_LOAN_COMMITMENTS,  ‣ Irrevocable Loan Commitments,81,2,True,VNĐ,0.0
2019-Q3,BS_LC_COMMITMENTS,  ‣ LC Commitments,82,2,True,VNĐ,0.0
2019-Q3,BS_OTHER_GUARANTEES,  ‣ Other Guarantees,83,2,True,VNĐ,2646500000000.0
2019-Q3,BS_OTHER_COMMITMENTS,  ‣ Other Commitments,84,2,True,VNĐ,84710000000.0
2019-Q2,BS_TOTAL_ASSETS,Total Assets,1,1,False,VNĐ,189954560000000.0
2019-Q2,BS_CASH_AND_PRECIOUS_METALS,Cash and Precious Metals,2,1,False,VNĐ,2284155000000.0
2019-Q2,BS_BALANCES_WITH_SBV,Balances With SBV,3,1,False,VNĐ,4196907000000.0
2019-Q2,BS_PLACEMENTS_AND_LOANS_TO_CREDIT_INSTITUTIONS,Placements and Loans to Credit Institutions,4,1,False,VNĐ,13222004000000.0
2019-Q2,BS_PLACEMENTS_WITH_CREDIT_INSTITUTIONS,  ‣ Placements With Credit Institutions,5,2,False,VNĐ,10512244000000.0
2019-Q2,BS_LOANS_TO_CREDIT_INSTITUTIONS,  ‣ Loans to Credit Institutions,6,2,False,VNĐ,2709760000000.0
2019-Q2,BS_PROVISION_CREDIT_INSTITUTIONS,  ‣ Provision Credit Institutions,7,2,False,VNĐ,0.0
2019-Q2,BS_TRADING_SECURITIES,Trading Securities,8,1,False,VNĐ,0.0
2019-Q2,BS_TRADING_SECURITIES_GROSS,  ‣ Trading Securities Gross,9,2,False,VNĐ,0.0
2019-Q2,BS_PROVISION_TRADING_SECURITIES,  ‣ Provision Trading Securities,10,2,False,VNĐ,0.0
2019-Q2,BS_DERIVATIVES_AND_OTHER_FINANCIAL_ASSETS,Derivatives and Other Financial Assets,11,1,False,VNĐ,95454000000.0
2019-Q2,BS_LOANS_TO_CUSTOMERS,Loans to Customers,12,1,False,VNĐ,127664362000000.0
2019-Q2,BS_LOANS_TO_CUSTOMERS_GROSS,  ‣ Loans to Customers Gross,13,2,False,VNĐ,129209502000000.0
2019-Q2,BS_PROVISION_LOANS_TO_CUSTOMERS,  ‣ Provision Loans to Customers,14,2,False,VNĐ,-1545140000000.0
2019-Q2,BS_DEBT_PURCHASES,Debt Purchases,15,1,False,VNĐ,0.0
2019-Q2,BS_DEBT_PURCHASES_GROSS,  ‣ Debt Purchases Gross,16,2,False,VNĐ,0.0
2019-Q2,BS_PROVISION_DEBT_PURCHASES,  ‣ Provision Debt Purchases,17,2,False,VNĐ,0.0
2019-Q2,BS_INVESTMENT_SECURITIES,Investment Securities,18,1,False,VNĐ,33844662000000.0
2019-Q2,BS_AVAILABLE_FOR_SALE_SECURITIES,  ‣ Available for Sale Securities,19,2,False,VNĐ,33506468000000.0
2019-Q2,BS_HELD_TO_MATURITY_SECURITIES,  ‣ Held to Maturity Securities,20,2,False,VNĐ,1155752000000.0
2019-Q2,BS_PROVISION_INVESTMENT_SECURITIES,  ‣ Provision Investment Securities,21,2,False,VNĐ,-817558000000.0
2019-Q2,BS_LONG_TERM_INVESTMENTS,Long Term Investments,22,1,False,VNĐ,324731000000.0
2019-Q2,BS_INVESTMENTS_IN_JOINT_VENTURES,  ‣ Investments in Joint Ventures,23,2,False,VNĐ,0.0
2019-Q2,BS_CAPITAL_CONTRIBUTION_JOINT_VENTURES,  ‣ Capital Contribution Joint Ventures,24,2,False,VNĐ,0.0
2019-Q2,BS_INVESTMENTS_IN_ASSOCIATES,  ‣ Investments in Associates,25,2,False,VNĐ,0.0
2019-Q2,BS_OTHER_LONG_TERM_INVESTMENTS,  ‣ Other Long Term Investments,26,2,False,VNĐ,324731000000.0
2019-Q2,BS_PROVISION_LONG_TERM_INVESTMENTS,  ‣ Provision Long Term Investments,27,2,False,VNĐ,0.0
2019-Q2,BS_FIXED_ASSETS,Fixed Assets,28,1,False,VNĐ,1436386000000.0
2019-Q2,BS_TANGIBLE_FIXED_ASSETS,  ‣ Tangible Fixed Assets,29,2,False,VNĐ,969776000000.0
2019-Q2,BS_TANGIBLE_FIXED_ASSETS_COST,    • Tangible Fixed Assets Cost,30,3,False,VNĐ,1972843000000.0
2019-Q2,BS_TANGIBLE_FIXED_ASSETS_ACCUMULATED_DEPRECIATION,    • Tangible Fixed Assets Accumulated Depreciation,31,3,False,VNĐ,-1003067000000.0
2019-Q2,BS_FINANCE_LEASE_FIXED_ASSETS,  ‣ Finance Lease Fixed Assets,32,2,False,VNĐ,0.0
2019-Q2,BS_FINANCE_LEASE_FIXED_ASSETS_COST,    • Finance Lease Fixed Assets Cost,33,3,False,VNĐ,0.0
2019-Q2,BS_FINANCE_LEASE_FIXED_ASSETS_ACCUMULATED_DEPRECIATION,    • Finance Lease Fixed Assets Accumulated Depreciation,34,3,False,VNĐ,-0.0
2019-Q2,BS_INTANGIBLE_FIXED_ASSETS,  ‣ Intangible Fixed Assets,35,2,False,VNĐ,466610000000.0
2019-Q2,BS_INTANGIBLE_FIXED_ASSETS_COST,    • Intangible Fixed Assets Cost,36,3,False,VNĐ,579452000000.0
2019-Q2,BS_INTANGIBLE_FIXED_ASSETS_ACCUMULATED_DEPRECIATION,    • Intangible Fixed Assets Accumulated Depreciation,37,3,False,VNĐ,-112842000000.0
2019-Q2,BS_INVESTMENT_PROPERTIES,Investment Properties,38,1,False,VNĐ,0.0
2019-Q2,BS_INVESTMENT_PROPERTIES_COST,  ‣ Investment Properties Cost,39,2,False,VNĐ,0.0
2019-Q2,BS_INVESTMENT_PROPERTIES_ACCUMULATED_DEPRECIATION,  ‣ Investment Properties Accumulated Depreciation,40,2,False,VNĐ,-0.0
2019-Q2,BS_OTHER_ASSETS,Other Assets,41,1,False,VNĐ,6885899000000.0
2019-Q2,BS_RECEIVABLES,  ‣ Receivables,42,2,False,VNĐ,2170172000000.0
2019-Q2,BS_INTEREST_AND_FEE_RECEIVABLES,  ‣ Interest and Fee Receivables,43,2,False,VNĐ,4081363000000.0
2019-Q2,BS_DEFERRED_TAX_ASSETS,  ‣ Deferred Tax Assets,44,2,False,VNĐ,0.0
2019-Q2,BS_OTHER_ASSETS_DETAIL,  ‣ Other Assets Detail,45,2,False,VNĐ,634364000000.0
2019-Q2,BS_GOODWILL,  ‣ Goodwill,46,2,False,VNĐ,
2019-Q2,BS_PROVISION_OTHER_ASSETS,  ‣ Provision Other Assets,47,2,False,VNĐ,0.0
2019-Q2,BS_TOTAL_LIABILITIES_AND_EQUITY,Total Liabilities and Equity,48,1,False,VNĐ,189954560000000.0
2019-Q2,BS_TOTAL_LIABILITIES,Total Liabilities,49,1,False,VNĐ,178077330000000.0
2019-Q2,BS_DUE_TO_GOVERNMENT_AND_SBV,  ‣ Due to Government and SBV,50,2,False,VNĐ,3826795000000.0
2019-Q2,BS_PLACEMENTS_AND_BORROWINGS_FROM_CREDIT_INSTITUTIONS,  ‣ Placements and Borrowings from Credit Institutions,51,2,False,VNĐ,19556249000000.0
2019-Q2,BS_PLACEMENTS_FROM_CREDIT_INSTITUTIONS,    • Placements from Credit Institutions,52,3,False,VNĐ,13738662000000.0
2019-Q2,BS_BORROWINGS_FROM_CREDIT_INSTITUTIONS,    • Borrowings from Credit Institutions,53,3,False,VNĐ,5817587000000.0
2019-Q2,BS_CUSTOMER_DEPOSITS,  ‣ Customer Deposits,54,2,False,VNĐ,130052553000000.0
2019-Q2,BS_DERIVATIVES_AND_OTHER_FINANCIAL_LIABILITIES,  ‣ Derivatives and Other Financial Liabilities,55,2,False,VNĐ,0.0
2019-Q2,BS_FUNDS_AND_ENTRUSTED_INVESTMENTS,  ‣ Funds and Entrusted Investments,56,2,False,VNĐ,1164000000000.0
2019-Q2,BS_VALUABLE_PAPERS_ISSUED,  ‣ Valuable Papers Issued,57,2,False,VNĐ,18765644000000.0
2019-Q2,BS_OTHER_LIABILITIES,  ‣ Other Liabilities,58,2,False,VNĐ,4712089000000.0
2019-Q2,BS_INTEREST_AND_FEE_PAYABLES,    • Interest and Fee Payables,59,3,False,VNĐ,3769673000000.0
2019-Q2,BS_DEFERRED_TAX_LIABILITIES,    • Deferred Tax Liabilities,60,3,False,VNĐ,
2019-Q2,BS_OTHER_PAYABLES_AND_LIABILITIES,    • Other Payables and Liabilities,61,3,False,VNĐ,942416000000.0
2019-Q2,BS_OTHER_PROVISIONS,    • Other Provisions,62,3,False,VNĐ,0.0
2019-Q2,BS_EQUITY,Equity,63,1,False,VNĐ,11877230000000.0
2019-Q2,BS_CHARTER_CAPITAL_AND_FUNDS,  ‣ Charter Capital and Funds,64,2,False,VNĐ,8944772000000.0
2019-Q2,BS_CHARTER_CAPITAL,    • Charter Capital,65,3,False,VNĐ,8881441000000.0
2019-Q2,BS_SHARE_PREMIUM,    • Share Premium,66,3,False,VNĐ,63331000000.0
2019-Q2,BS_TREASURY_SHARES,    • Treasury Shares,67,3,False,VNĐ,0.0
2019-Q2,BS_OTHER_CAPITAL,    • Other Capital,68,3,False,VNĐ,0.0
2019-Q2,BS_RESERVES,  ‣ Reserves,69,2,False,VNĐ,1209938000000.0
2019-Q2,BS_FOREIGN_EXCHANGE_DIFFERENCES,  ‣ Foreign Exchange Differences,70,2,False,VNĐ,0.0
2019-Q2,BS_ASSET_REVALUATION_DIFFERENCES,  ‣ Asset Revaluation Differences,71,2,False,VNĐ,0.0
2019-Q2,BS_RETAINED_EARNINGS,  ‣ Retained Earnings,72,2,False,VNĐ,1722520000000.0
2019-Q2,BS_MINORITY_INTEREST,Minority Interest,73,1,False,VNĐ,0.0
2019-Q2,BS_OFF_BALANCE_SHEET_ITEMS,Off Balance Sheet Items,74,1,True,VNĐ,
2019-Q2,BS_LOAN_GUARANTEES,  ‣ Loan Guarantees,75,2,True,VNĐ,
2019-Q2,BS_FX_COMMITMENTS,  ‣ FX Commitments,76,2,True,VNĐ,0.0
2019-Q2,BS_COMMITMENTS_TO_BUY_FX,    • Commitments to Buy FX,77,3,True,VNĐ,2974813000000.0
2019-Q2,BS_COMMITMENTS_TO_SELL_FX,    • Commitments to Sell FX,78,3,True,VNĐ,1247441000000.0
2019-Q2,BS_SWAP_COMMITMENTS,    • Swap Commitments,79,3,True,VNĐ,29252947000000.0
2019-Q2,BS_FUTURE_COMMITMENTS,    • Future Commitments,80,3,True,VNĐ,0.0
2019-Q2,BS_IRREVOCABLE_LOAN_COMMITMENTS,  ‣ Irrevocable Loan Commitments,81,2,True,VNĐ,0.0
2019-Q2,BS_LC_COMMITMENTS,  ‣ LC Commitments,82,2,True,VNĐ,0.0
2019-Q2,BS_OTHER_GUARANTEES,  ‣ Other Guarantees,83,2,True,VNĐ,2154558000000.0
2019-Q2,BS_OTHER_COMMITMENTS,  ‣ Other Commitments,84,2,True,VNĐ,51746000000.0
2019-Q1,BS_TOTAL_ASSETS,Total Assets,1,1,False,VNĐ,181900548000000.0
2019-Q1,BS_CASH_AND_PRECIOUS_METALS,Cash and Precious Metals,2,1,False,VNĐ,2199200000000.0
2019-Q1,BS_BALANCES_WITH_SBV,Balances With SBV,3,1,False,VNĐ,5869802000000.0
2019-Q1,BS_PLACEMENTS_AND_LOANS_TO_CREDIT_INSTITUTIONS,Placements and Loans to Credit Institutions,4,1,False,VNĐ,6379748000000.0
2019-Q1,BS_PLACEMENTS_WITH_CREDIT_INSTITUTIONS,  ‣ Placements With Credit Institutions,5,2,False,VNĐ,5229748000000.0
2019-Q1,BS_LOANS_TO_CREDIT_INSTITUTIONS,  ‣ Loans to Credit Institutions,6,2,False,VNĐ,1154634000000.0
2019-Q1,BS_PROVISION_CREDIT_INSTITUTIONS,  ‣ Provision Credit Institutions,7,2,False,VNĐ,-4634000000.0
2019-Q1,BS_TRADING_SECURITIES,Trading Securities,8,1,False,VNĐ,278400000000.0
2019-Q1,BS_TRADING_SECURITIES_GROSS,  ‣ Trading Securities Gross,9,2,False,VNĐ,278400000000.0
2019-Q1,BS_PROVISION_TRADING_SECURITIES,  ‣ Provision Trading Securities,10,2,False,VNĐ,0.0
2019-Q1,BS_DERIVATIVES_AND_OTHER_FINANCIAL_ASSETS,Derivatives and Other Financial Assets,11,1,False,VNĐ,88643000000.0
2019-Q1,BS_LOANS_TO_CUSTOMERS,Loans to Customers,12,1,False,VNĐ,122186551000000.0
2019-Q1,BS_LOANS_TO_CUSTOMERS_GROSS,  ‣ Loans to Customers Gross,13,2,False,VNĐ,123757543000000.0
2019-Q1,BS_PROVISION_LOANS_TO_CUSTOMERS,  ‣ Provision Loans to Customers,14,2,False,VNĐ,-1570992000000.0
2019-Q1,BS_DEBT_PURCHASES,Debt Purchases,15,1,False,VNĐ,0.0
2019-Q1,BS_DEBT_PURCHASES_GROSS,  ‣ Debt Purchases Gross,16,2,False,VNĐ,0.0
2019-Q1,BS_PROVISION_DEBT_PURCHASES,  ‣ Provision Debt Purchases,17,2,False,VNĐ,0.0
2019-Q1,BS_INVESTMENT_SECURITIES,Investment Securities,18,1,False,VNĐ,36098665000000.0
2019-Q1,BS_AVAILABLE_FOR_SALE_SECURITIES,  ‣ Available for Sale Securities,19,2,False,VNĐ,35650415000000.0
2019-Q1,BS_HELD_TO_MATURITY_SECURITIES,  ‣ Held to Maturity Securities,20,2,False,VNĐ,1175212000000.0
2019-Q1,BS_PROVISION_INVESTMENT_SECURITIES,  ‣ Provision Investment Securities,21,2,False,VNĐ,-726962000000.0
2019-Q1,BS_LONG_TERM_INVESTMENTS,Long Term Investments,22,1,False,VNĐ,324731000000.0
2019-Q1,BS_INVESTMENTS_IN_JOINT_VENTURES,  ‣ Investments in Joint Ventures,23,2,False,VNĐ,0.0
2019-Q1,BS_CAPITAL_CONTRIBUTION_JOINT_VENTURES,  ‣ Capital Contribution Joint Ventures,24,2,False,VNĐ,0.0
2019-Q1,BS_INVESTMENTS_IN_ASSOCIATES,  ‣ Investments in Associates,25,2,False,VNĐ,0.0
2019-Q1,BS_OTHER_LONG_TERM_INVESTMENTS,  ‣ Other Long Term Investments,26,2,False,VNĐ,324731000000.0
2019-Q1,BS_PROVISION_LONG_TERM_INVESTMENTS,  ‣ Provision Long Term Investments,27,2,False,VNĐ,0.0
2019-Q1,BS_FIXED_ASSETS,Fixed Assets,28,1,False,VNĐ,1442523000000.0
2019-Q1,BS_TANGIBLE_FIXED_ASSETS,  ‣ Tangible Fixed Assets,29,2,False,VNĐ,970103000000.0
2019-Q1,BS_TANGIBLE_FIXED_ASSETS_COST,    • Tangible Fixed Assets Cost,30,3,False,VNĐ,1945021000000.0
2019-Q1,BS_TANGIBLE_FIXED_ASSETS_ACCUMULATED_DEPRECIATION,    • Tangible Fixed Assets Accumulated Depreciation,31,3,False,VNĐ,-974918000000.0
2019-Q1,BS_FINANCE_LEASE_FIXED_ASSETS,  ‣ Finance Lease Fixed Assets,32,2,False,VNĐ,0.0
2019-Q1,BS_FINANCE_LEASE_FIXED_ASSETS_COST,    • Finance Lease Fixed Assets Cost,33,3,False,VNĐ,0.0
2019-Q1,BS_FINANCE_LEASE_FIXED_ASSETS_ACCUMULATED_DEPRECIATION,    • Finance Lease Fixed Assets Accumulated Depreciation,34,3,False,VNĐ,-0.0
2019-Q1,BS_INTANGIBLE_FIXED_ASSETS,  ‣ Intangible Fixed Assets,35,2,False,VNĐ,472420000000.0
2019-Q1,BS_INTANGIBLE_FIXED_ASSETS_COST,    • Intangible Fixed Assets Cost,36,3,False,VNĐ,579275000000.0
2019-Q1,BS_INTANGIBLE_FIXED_ASSETS_ACCUMULATED_DEPRECIATION,    • Intangible Fixed Assets Accumulated Depreciation,37,3,False,VNĐ,-106855000000.0
2019-Q1,BS_INVESTMENT_PROPERTIES,Investment Properties,38,1,False,VNĐ,0.0
2019-Q1,BS_INVESTMENT_PROPERTIES_COST,  ‣ Investment Properties Cost,39,2,False,VNĐ,0.0
2019-Q1,BS_INVESTMENT_PROPERTIES_ACCUMULATED_DEPRECIATION,  ‣ Investment Properties Accumulated Depreciation,40,2,False,VNĐ,-0.0
2019-Q1,BS_OTHER_ASSETS,Other Assets,41,1,False,VNĐ,7032285000000.0
2019-Q1,BS_RECEIVABLES,  ‣ Receivables,42,2,False,VNĐ,2761057000000.0
2019-Q1,BS_INTEREST_AND_FEE_RECEIVABLES,  ‣ Interest and Fee Receivables,43,2,False,VNĐ,3598940000000.0
2019-Q1,BS_DEFERRED_TAX_ASSETS,  ‣ Deferred Tax Assets,44,2,False,VNĐ,0.0
2019-Q1,BS_OTHER_ASSETS_DETAIL,  ‣ Other Assets Detail,45,2,False,VNĐ,672288000000.0
2019-Q1,BS_GOODWILL,  ‣ Goodwill,46,2,False,VNĐ,
2019-Q1,BS_PROVISION_OTHER_ASSETS,  ‣ Provision Other Assets,47,2,False,VNĐ,0.0
2019-Q1,BS_TOTAL_LIABILITIES_AND_EQUITY,Total Liabilities and Equity,48,1,False,VNĐ,181900548000000.0
2019-Q1,BS_TOTAL_LIABILITIES,Total Liabilities,49,1,False,VNĐ,170282916000000.0
2019-Q1,BS_DUE_TO_GOVERNMENT_AND_SBV,  ‣ Due to Government and SBV,50,2,False,VNĐ,2602140000000.0
2019-Q1,BS_PLACEMENTS_AND_BORROWINGS_FROM_CREDIT_INSTITUTIONS,  ‣ Placements and Borrowings from Credit Institutions,51,2,False,VNĐ,21091525000000.0
2019-Q1,BS_PLACEMENTS_FROM_CREDIT_INSTITUTIONS,    • Placements from Credit Institutions,52,3,False,VNĐ,15450860000000.0
2019-Q1,BS_BORROWINGS_FROM_CREDIT_INSTITUTIONS,    • Borrowings from Credit Institutions,53,3,False,VNĐ,5640665000000.0
2019-Q1,BS_CUSTOMER_DEPOSITS,  ‣ Customer Deposits,54,2,False,VNĐ,125843171000000.0
2019-Q1,BS_DERIVATIVES_AND_OTHER_FINANCIAL_LIABILITIES,  ‣ Derivatives and Other Financial Liabilities,55,2,False,VNĐ,0.0
2019-Q1,BS_FUNDS_AND_ENTRUSTED_INVESTMENTS,  ‣ Funds and Entrusted Investments,56,2,False,VNĐ,1160000000000.0
2019-Q1,BS_VALUABLE_PAPERS_ISSUED,  ‣ Valuable Papers Issued,57,2,False,VNĐ,14887144000000.0
2019-Q1,BS_OTHER_LIABILITIES,  ‣ Other Liabilities,58,2,False,VNĐ,4698936000000.0
2019-Q1,BS_INTEREST_AND_FEE_PAYABLES,    • Interest and Fee Payables,59,3,False,VNĐ,3737383000000.0
2019-Q1,BS_DEFERRED_TAX_LIABILITIES,    • Deferred Tax Liabilities,60,3,False,VNĐ,
2019-Q1,BS_OTHER_PAYABLES_AND_LIABILITIES,    • Other Payables and Liabilities,61,3,False,VNĐ,961553000000.0
2019-Q1,BS_OTHER_PROVISIONS,    • Other Provisions,62,3,False,VNĐ,0.0
2019-Q1,BS_EQUITY,Equity,63,1,False,VNĐ,11617632000000.0
2019-Q1,BS_CHARTER_CAPITAL_AND_FUNDS,  ‣ Charter Capital and Funds,64,2,False,VNĐ,8944772000000.0
2019-Q1,BS_CHARTER_CAPITAL,    • Charter Capital,65,3,False,VNĐ,8881441000000.0
2019-Q1,BS_SHARE_PREMIUM,    • Share Premium,66,3,False,VNĐ,63331000000.0
2019-Q1,BS_TREASURY_SHARES,    • Treasury Shares,67,3,False,VNĐ,0.0
2019-Q1,BS_OTHER_CAPITAL,    • Other Capital,68,3,False,VNĐ,0.0
2019-Q1,BS_RESERVES,  ‣ Reserves,69,2,False,VNĐ,1205138000000.0
2019-Q1,BS_FOREIGN_EXCHANGE_DIFFERENCES,  ‣ Foreign Exchange Differences,70,2,False,VNĐ,0.0
2019-Q1,BS_ASSET_REVALUATION_DIFFERENCES,  ‣ Asset Revaluation Differences,71,2,False,VNĐ,0.0
2019-Q1,BS_RETAINED_EARNINGS,  ‣ Retained Earnings,72,2,False,VNĐ,1467722000000.0
2019-Q1,BS_MINORITY_INTEREST,Minority Interest,73,1,False,VNĐ,0.0
2019-Q1,BS_OFF_BALANCE_SHEET_ITEMS,Off Balance Sheet Items,74,1,True,VNĐ,
2019-Q1,BS_LOAN_GUARANTEES,  ‣ Loan Guarantees,75,2,True,VNĐ,
2019-Q1,BS_FX_COMMITMENTS,  ‣ FX Commitments,76,2,True,VNĐ,6133000000.0
2019-Q1,BS_COMMITMENTS_TO_BUY_FX,    • Commitments to Buy FX,77,3,True,VNĐ,1364593000000.0
2019-Q1,BS_COMMITMENTS_TO_SELL_FX,    • Commitments to Sell FX,78,3,True,VNĐ,1346180000000.0
2019-Q1,BS_SWAP_COMMITMENTS,    • Swap Commitments,79,3,True,VNĐ,0.0
2019-Q1,BS_FUTURE_COMMITMENTS,    • Future Commitments,80,3,True,VNĐ,0.0
2019-Q1,BS_IRREVOCABLE_LOAN_COMMITMENTS,  ‣ Irrevocable Loan Commitments,81,2,True,VNĐ,0.0
2019-Q1,BS_LC_COMMITMENTS,  ‣ LC Commitments,82,2,True,VNĐ,0.0
2019-Q1,BS_OTHER_GUARANTEES,  ‣ Other Guarantees,83,2,True,VNĐ,2190133000000.0
2019-Q1,BS_OTHER_COMMITMENTS,  ‣ Other Commitments,84,2,True,VNĐ,40495000000.0
2018-Q4,BS_TOTAL_ASSETS,Total Assets,1,1,False,VNĐ,175094532000000.0
2018-Q4,BS_CASH_AND_PRECIOUS_METALS,Cash and Precious Metals,2,1,False,VNĐ,1663726000000.0
2018-Q4,BS_BALANCES_WITH_SBV,Balances With SBV,3,1,False,VNĐ,6255784000000.0
2018-Q4,BS_PLACEMENTS_AND_LOANS_TO_CREDIT_INSTITUTIONS,Placements and Loans to Credit Institutions,4,1,False,VNĐ,5108151000000.0
2018-Q4,BS_PLACEMENTS_WITH_CREDIT_INSTITUTIONS,  ‣ Placements With Credit Institutions,5,2,False,VNĐ,4208151000000.0
2018-Q4,BS_LOANS_TO_CREDIT_INSTITUTIONS,  ‣ Loans to Credit Institutions,6,2,False,VNĐ,904634000000.0
2018-Q4,BS_PROVISION_CREDIT_INSTITUTIONS,  ‣ Provision Credit Institutions,7,2,False,VNĐ,-4634000000.0
2018-Q4,BS_TRADING_SECURITIES,Trading Securities,8,1,False,VNĐ,0.0
2018-Q4,BS_TRADING_SECURITIES_GROSS,  ‣ Trading Securities Gross,9,2,False,VNĐ,0.0
2018-Q4,BS_PROVISION_TRADING_SECURITIES,  ‣ Provision Trading Securities,10,2,False,VNĐ,0.0
2018-Q4,BS_DERIVATIVES_AND_OTHER_FINANCIAL_ASSETS,Derivatives and Other Financial Assets,11,1,False,VNĐ,65547000000.0
2018-Q4,BS_LOANS_TO_CUSTOMERS,Loans to Customers,12,1,False,VNĐ,117710462000000.0
2018-Q4,BS_LOANS_TO_CUSTOMERS_GROSS,  ‣ Loans to Customers Gross,13,2,False,VNĐ,119193424000000.0
2018-Q4,BS_PROVISION_LOANS_TO_CUSTOMERS,  ‣ Provision Loans to Customers,14,2,False,VNĐ,-1482962000000.0
2018-Q4,BS_DEBT_PURCHASES,Debt Purchases,15,1,False,VNĐ,0.0
2018-Q4,BS_DEBT_PURCHASES_GROSS,  ‣ Debt Purchases Gross,16,2,False,VNĐ,0.0
2018-Q4,BS_PROVISION_DEBT_PURCHASES,  ‣ Provision Debt Purchases,17,2,False,VNĐ,0.0
2018-Q4,BS_INVESTMENT_SECURITIES,Investment Securities,18,1,False,VNĐ,35665848000000.0
2018-Q4,BS_AVAILABLE_FOR_SALE_SECURITIES,  ‣ Available for Sale Securities,19,2,False,VNĐ,35180371000000.0
2018-Q4,BS_HELD_TO_MATURITY_SECURITIES,  ‣ Held to Maturity Securities,20,2,False,VNĐ,1175212000000.0
2018-Q4,BS_PROVISION_INVESTMENT_SECURITIES,  ‣ Provision Investment Securities,21,2,False,VNĐ,-689735000000.0
2018-Q4,BS_LONG_TERM_INVESTMENTS,Long Term Investments,22,1,False,VNĐ,324731000000.0
2018-Q4,BS_INVESTMENTS_IN_JOINT_VENTURES,  ‣ Investments in Joint Ventures,23,2,False,VNĐ,0.0
2018-Q4,BS_CAPITAL_CONTRIBUTION_JOINT_VENTURES,  ‣ Capital Contribution Joint Ventures,24,2,False,VNĐ,
2018-Q4,BS_INVESTMENTS_IN_ASSOCIATES,  ‣ Investments in Associates,25,2,False,VNĐ,
2018-Q4,BS_OTHER_LONG_TERM_INVESTMENTS,  ‣ Other Long Term Investments,26,2,False,VNĐ,324731000000.0
2018-Q4,BS_PROVISION_LONG_TERM_INVESTMENTS,  ‣ Provision Long Term Investments,27,2,False,VNĐ,0.0
2018-Q4,BS_FIXED_ASSETS,Fixed Assets,28,1,False,VNĐ,1462219000000.0
2018-Q4,BS_TANGIBLE_FIXED_ASSETS,  ‣ Tangible Fixed Assets,29,2,False,VNĐ,985638000000.0
2018-Q4,BS_TANGIBLE_FIXED_ASSETS_COST,    • Tangible Fixed Assets Cost,30,3,False,VNĐ,1913835000000.0
2018-Q4,BS_TANGIBLE_FIXED_ASSETS_ACCUMULATED_DEPRECIATION,    • Tangible Fixed Assets Accumulated Depreciation,31,3,False,VNĐ,-928197000000.0
2018-Q4,BS_FINANCE_LEASE_FIXED_ASSETS,  ‣ Finance Lease Fixed Assets,32,2,False,VNĐ,0.0
2018-Q4,BS_FINANCE_LEASE_FIXED_ASSETS_COST,    • Finance Lease Fixed Assets Cost,33,3,False,VNĐ,0.0
2018-Q4,BS_FINANCE_LEASE_FIXED_ASSETS_ACCUMULATED_DEPRECIATION,    • Finance Lease Fixed Assets Accumulated Depreciation,34,3,False,VNĐ,-0.0
2018-Q4,BS_INTANGIBLE_FIXED_ASSETS,  ‣ Intangible Fixed Assets,35,2,False,VNĐ,476581000000.0
2018-Q4,BS_INTANGIBLE_FIXED_ASSETS_COST,    • Intangible Fixed Assets Cost,36,3,False,VNĐ,577220000000.0
2018-Q4,BS_INTANGIBLE_FIXED_ASSETS_ACCUMULATED_DEPRECIATION,    • Intangible Fixed Assets Accumulated Depreciation,37,3,False,VNĐ,-100639000000.0
2018-Q4,BS_INVESTMENT_PROPERTIES,Investment Properties,38,1,False,VNĐ,0.0
2018-Q4,BS_INVESTMENT_PROPERTIES_COST,  ‣ Investment Properties Cost,39,2,False,VNĐ,0.0
2018-Q4,BS_INVESTMENT_PROPERTIES_ACCUMULATED_DEPRECIATION,  ‣ Investment Properties Accumulated Depreciation,40,2,False,VNĐ,-0.0
2018-Q4,BS_OTHER_ASSETS,Other Assets,41,1,False,VNĐ,6838064000000.0
2018-Q4,BS_RECEIVABLES,  ‣ Receivables,42,2,False,VNĐ,2301735000000.0
2018-Q4,BS_INTEREST_AND_FEE_RECEIVABLES,  ‣ Interest and Fee Receivables,43,2,False,VNĐ,3805901000000.0
2018-Q4,BS_DEFERRED_TAX_ASSETS,  ‣ Deferred Tax Assets,44,2,False,VNĐ,0.0
2018-Q4,BS_OTHER_ASSETS_DETAIL,  ‣ Other Assets Detail,45,2,False,VNĐ,730428000000.0
2018-Q4,BS_GOODWILL,  ‣ Goodwill,46,2,False,VNĐ,
2018-Q4,BS_PROVISION_OTHER_ASSETS,  ‣ Provision Other Assets,47,2,False,VNĐ,0.0
2018-Q4,BS_TOTAL_LIABILITIES_AND_EQUITY,Total Liabilities and Equity,48,1,False,VNĐ,175094532000000.0
2018-Q4,BS_TOTAL_LIABILITIES,Total Liabilities,49,1,False,VNĐ,164893640000000.0
2018-Q4,BS_DUE_TO_GOVERNMENT_AND_SBV,  ‣ Due to Government and SBV,50,2,False,VNĐ,7345046000000.0
2018-Q4,BS_PLACEMENTS_AND_BORROWINGS_FROM_CREDIT_INSTITUTIONS,  ‣ Placements and Borrowings from Credit Institutions,51,2,False,VNĐ,16440956000000.0
2018-Q4,BS_PLACEMENTS_FROM_CREDIT_INSTITUTIONS,    • Placements from Credit Institutions,52,3,False,VNĐ,12048343000000.0
2018-Q4,BS_BORROWINGS_FROM_CREDIT_INSTITUTIONS,    • Borrowings from Credit Institutions,53,3,False,VNĐ,4392613000000.0
2018-Q4,BS_CUSTOMER_DEPOSITS,  ‣ Customer Deposits,54,2,False,VNĐ,124948075000000.0
2018-Q4,BS_DERIVATIVES_AND_OTHER_FINANCIAL_LIABILITIES,  ‣ Derivatives and Other Financial Liabilities,55,2,False,VNĐ,0.0
2018-Q4,BS_FUNDS_AND_ENTRUSTED_INVESTMENTS,  ‣ Funds and Entrusted Investments,56,2,False,VNĐ,1161500000000.0
2018-Q4,BS_VALUABLE_PAPERS_ISSUED,  ‣ Valuable Papers Issued,57,2,False,VNĐ,10119764000000.0
2018-Q4,BS_OTHER_LIABILITIES,  ‣ Other Liabilities,58,2,False,VNĐ,4878299000000.0
2018-Q4,BS_INTEREST_AND_FEE_PAYABLES,    • Interest and Fee Payables,59,3,False,VNĐ,4066959000000.0
2018-Q4,BS_DEFERRED_TAX_LIABILITIES,    • Deferred Tax Liabilities,60,3,False,VNĐ,
2018-Q4,BS_OTHER_PAYABLES_AND_LIABILITIES,    • Other Payables and Liabilities,61,3,False,VNĐ,811340000000.0
2018-Q4,BS_OTHER_PROVISIONS,    • Other Provisions,62,3,False,VNĐ,0.0
2018-Q4,BS_EQUITY,Equity,63,1,False,VNĐ,10200892000000.0
2018-Q4,BS_CHARTER_CAPITAL_AND_FUNDS,  ‣ Charter Capital and Funds,64,2,False,VNĐ,7563325000000.0
2018-Q4,BS_CHARTER_CAPITAL,    • Charter Capital,65,3,False,VNĐ,7499994000000.0
2018-Q4,BS_SHARE_PREMIUM,    • Share Premium,66,3,False,VNĐ,63331000000.0
2018-Q4,BS_TREASURY_SHARES,    • Treasury Shares,67,3,False,VNĐ,0.0
2018-Q4,BS_OTHER_CAPITAL,    • Other Capital,68,3,False,VNĐ,0.0
2018-Q4,BS_RESERVES,  ‣ Reserves,69,2,False,VNĐ,1205138000000.0
2018-Q4,BS_FOREIGN_EXCHANGE_DIFFERENCES,  ‣ Foreign Exchange Differences,70,2,False,VNĐ,0.0
2018-Q4,BS_ASSET_REVALUATION_DIFFERENCES,  ‣ Asset Revaluation Differences,71,2,False,VNĐ,0.0
2018-Q4,BS_RETAINED_EARNINGS,  ‣ Retained Earnings,72,2,False,VNĐ,1432429000000.0
2018-Q4,BS_MINORITY_INTEREST,Minority Interest,73,1,False,VNĐ,0.0
2018-Q4,BS_OFF_BALANCE_SHEET_ITEMS,Off Balance Sheet Items,74,1,True,VNĐ,
2018-Q4,BS_LOAN_GUARANTEES,  ‣ Loan Guarantees,75,2,True,VNĐ,
2018-Q4,BS_FX_COMMITMENTS,  ‣ FX Commitments,76,2,True,VNĐ,0.0
2018-Q4,BS_COMMITMENTS_TO_BUY_FX,    • Commitments to Buy FX,77,3,True,VNĐ,847032000000.0
2018-Q4,BS_COMMITMENTS_TO_SELL_FX,    • Commitments to Sell FX,78,3,True,VNĐ,800559000000.0
2018-Q4,BS_SWAP_COMMITMENTS,    • Swap Commitments,79,3,True,VNĐ,31420898000000.0
2018-Q4,BS_FUTURE_COMMITMENTS,    • Future Commitments,80,3,True,VNĐ,0.0
2018-Q4,BS_IRREVOCABLE_LOAN_COMMITMENTS,  ‣ Irrevocable Loan Commitments,81,2,True,VNĐ,0.0
2018-Q4,BS_LC_COMMITMENTS,  ‣ LC Commitments,82,2,True,VNĐ,0.0
2018-Q4,BS_OTHER_GUARANTEES,  ‣ Other Guarantees,83,2,True,VNĐ,4168581000000.0
2018-Q4,BS_OTHER_COMMITMENTS,  ‣ Other Commitments,84,2,True,VNĐ,49422000000.0
2018-Q3,BS_TOTAL_ASSETS,Total Assets,1,1,False,VNĐ,167328159000000.0
2018-Q3,BS_CASH_AND_PRECIOUS_METALS,Cash and Precious Metals,2,1,False,VNĐ,1308795000000.0
2018-Q3,BS_BALANCES_WITH_SBV,Balances With SBV,3,1,False,VNĐ,5590851000000.0
2018-Q3,BS_PLACEMENTS_AND_LOANS_TO_CREDIT_INSTITUTIONS,Placements and Loans to Credit Institutions,4,1,False,VNĐ,2971040000000.0
2018-Q3,BS_PLACEMENTS_WITH_CREDIT_INSTITUTIONS,  ‣ Placements With Credit Institutions,5,2,False,VNĐ,1771040000000.0
2018-Q3,BS_LOANS_TO_CREDIT_INSTITUTIONS,  ‣ Loans to Credit Institutions,6,2,False,VNĐ,1204634000000.0
2018-Q3,BS_PROVISION_CREDIT_INSTITUTIONS,  ‣ Provision Credit Institutions,7,2,False,VNĐ,-4634000000.0
2018-Q3,BS_TRADING_SECURITIES,Trading Securities,8,1,False,VNĐ,0.0
2018-Q3,BS_TRADING_SECURITIES_GROSS,  ‣ Trading Securities Gross,9,2,False,VNĐ,0.0
2018-Q3,BS_PROVISION_TRADING_SECURITIES,  ‣ Provision Trading Securities,10,2,False,VNĐ,0.0
2018-Q3,BS_DERIVATIVES_AND_OTHER_FINANCIAL_ASSETS,Derivatives and Other Financial Assets,11,1,False,VNĐ,21202000000.0
2018-Q3,BS_LOANS_TO_CUSTOMERS,Loans to Customers,12,1,False,VNĐ,113900829000000.0
2018-Q3,BS_LOANS_TO_CUSTOMERS_GROSS,  ‣ Loans to Customers Gross,13,2,False,VNĐ,115194840000000.0
2018-Q3,BS_PROVISION_LOANS_TO_CUSTOMERS,  ‣ Provision Loans to Customers,14,2,False,VNĐ,-1294011000000.0
2018-Q3,BS_DEBT_PURCHASES,Debt Purchases,15,1,False,VNĐ,0.0
2018-Q3,BS_DEBT_PURCHASES_GROSS,  ‣ Debt Purchases Gross,16,2,False,VNĐ,0.0
2018-Q3,BS_PROVISION_DEBT_PURCHASES,  ‣ Provision Debt Purchases,17,2,False,VNĐ,0.0
2018-Q3,BS_INVESTMENT_SECURITIES,Investment Securities,18,1,False,VNĐ,34736865000000.0
2018-Q3,BS_AVAILABLE_FOR_SALE_SECURITIES,  ‣ Available for Sale Securities,19,2,False,VNĐ,34005178000000.0
2018-Q3,BS_HELD_TO_MATURITY_SECURITIES,  ‣ Held to Maturity Securities,20,2,False,VNĐ,1609415000000.0
2018-Q3,BS_PROVISION_INVESTMENT_SECURITIES,  ‣ Provision Investment Securities,21,2,False,VNĐ,-877728000000.0
2018-Q3,BS_LONG_TERM_INVESTMENTS,Long Term Investments,22,1,False,VNĐ,324731000000.0
2018-Q3,BS_INVESTMENTS_IN_JOINT_VENTURES,  ‣ Investments in Joint Ventures,23,2,False,VNĐ,0.0
2018-Q3,BS_CAPITAL_CONTRIBUTION_JOINT_VENTURES,  ‣ Capital Contribution Joint Ventures,24,2,False,VNĐ,0.0
2018-Q3,BS_INVESTMENTS_IN_ASSOCIATES,  ‣ Investments in Associates,25,2,False,VNĐ,0.0
2018-Q3,BS_OTHER_LONG_TERM_INVESTMENTS,  ‣ Other Long Term Investments,26,2,False,VNĐ,324731000000.0
2018-Q3,BS_PROVISION_LONG_TERM_INVESTMENTS,  ‣ Provision Long Term Investments,27,2,False,VNĐ,0.0
2018-Q3,BS_FIXED_ASSETS,Fixed Assets,28,1,False,VNĐ,1469901000000.0
2018-Q3,BS_TANGIBLE_FIXED_ASSETS,  ‣ Tangible Fixed Assets,29,2,False,VNĐ,990923000000.0
2018-Q3,BS_TANGIBLE_FIXED_ASSETS_COST,    • Tangible Fixed Assets Cost,30,3,False,VNĐ,1875265000000.0
2018-Q3,BS_TANGIBLE_FIXED_ASSETS_ACCUMULATED_DEPRECIATION,    • Tangible Fixed Assets Accumulated Depreciation,31,3,False,VNĐ,-884342000000.0
2018-Q3,BS_FINANCE_LEASE_FIXED_ASSETS,  ‣ Finance Lease Fixed Assets,32,2,False,VNĐ,0.0
2018-Q3,BS_FINANCE_LEASE_FIXED_ASSETS_COST,    • Finance Lease Fixed Assets Cost,33,3,False,VNĐ,0.0
2018-Q3,BS_FINANCE_LEASE_FIXED_ASSETS_ACCUMULATED_DEPRECIATION,    • Finance Lease Fixed Assets Accumulated Depreciation,34,3,False,VNĐ,-0.0
2018-Q3,BS_INTANGIBLE_FIXED_ASSETS,  ‣ Intangible Fixed Assets,35,2,False,VNĐ,478978000000.0
2018-Q3,BS_INTANGIBLE_FIXED_ASSETS_COST,    • Intangible Fixed Assets Cost,36,3,False,VNĐ,573724000000.0
2018-Q3,BS_INTANGIBLE_FIXED_ASSETS_ACCUMULATED_DEPRECIATION,    • Intangible Fixed Assets Accumulated Depreciation,37,3,False,VNĐ,-94746000000.0
2018-Q3,BS_INVESTMENT_PROPERTIES,Investment Properties,38,1,False,VNĐ,0.0
2018-Q3,BS_INVESTMENT_PROPERTIES_COST,  ‣ Investment Properties Cost,39,2,False,VNĐ,0.0
2018-Q3,BS_INVESTMENT_PROPERTIES_ACCUMULATED_DEPRECIATION,  ‣ Investment Properties Accumulated Depreciation,40,2,False,VNĐ,-0.0
2018-Q3,BS_OTHER_ASSETS,Other Assets,41,1,False,VNĐ,7003945000000.0
2018-Q3,BS_RECEIVABLES,  ‣ Receivables,42,2,False,VNĐ,2605154000000.0
2018-Q3,BS_INTEREST_AND_FEE_RECEIVABLES,  ‣ Interest and Fee Receivables,43,2,False,VNĐ,3700904000000.0
2018-Q3,BS_DEFERRED_TAX_ASSETS,  ‣ Deferred Tax Assets,44,2,False,VNĐ,0.0
2018-Q3,BS_OTHER_ASSETS_DETAIL,  ‣ Other Assets Detail,45,2,False,VNĐ,697887000000.0
2018-Q3,BS_GOODWILL,  ‣ Goodwill,46,2,False,VNĐ,
2018-Q3,BS_PROVISION_OTHER_ASSETS,  ‣ Provision Other Assets,47,2,False,VNĐ,0.0
2018-Q3,BS_TOTAL_LIABILITIES_AND_EQUITY,Total Liabilities and Equity,48,1,False,VNĐ,167328159000000.0
2018-Q3,BS_TOTAL_LIABILITIES,Total Liabilities,49,1,False,VNĐ,157260834000000.0
2018-Q3,BS_DUE_TO_GOVERNMENT_AND_SBV,  ‣ Due to Government and SBV,50,2,False,VNĐ,2308165000000.0
2018-Q3,BS_PLACEMENTS_AND_BORROWINGS_FROM_CREDIT_INSTITUTIONS,  ‣ Placements and Borrowings from Credit Institutions,51,2,False,VNĐ,11487502000000.0
2018-Q3,BS_PLACEMENTS_FROM_CREDIT_INSTITUTIONS,    • Placements from Credit Institutions,52,3,False,VNĐ,8027312000000.0
2018-Q3,BS_BORROWINGS_FROM_CREDIT_INSTITUTIONS,    • Borrowings from Credit Institutions,53,3,False,VNĐ,3460190000000.0
2018-Q3,BS_CUSTOMER_DEPOSITS,  ‣ Customer Deposits,54,2,False,VNĐ,127541903000000.0
2018-Q3,BS_DERIVATIVES_AND_OTHER_FINANCIAL_LIABILITIES,  ‣ Derivatives and Other Financial Liabilities,55,2,False,VNĐ,0.0
2018-Q3,BS_FUNDS_AND_ENTRUSTED_INVESTMENTS,  ‣ Funds and Entrusted Investments,56,2,False,VNĐ,1167500000000.0
2018-Q3,BS_VALUABLE_PAPERS_ISSUED,  ‣ Valuable Papers Issued,57,2,False,VNĐ,10001175000000.0
2018-Q3,BS_OTHER_LIABILITIES,  ‣ Other Liabilities,58,2,False,VNĐ,4754589000000.0
2018-Q3,BS_INTEREST_AND_FEE_PAYABLES,    • Interest and Fee Payables,59,3,False,VNĐ,3860304000000.0
2018-Q3,BS_DEFERRED_TAX_LIABILITIES,    • Deferred Tax Liabilities,60,3,False,VNĐ,
2018-Q3,BS_OTHER_PAYABLES_AND_LIABILITIES,    • Other Payables and Liabilities,61,3,False,VNĐ,894285000000.0
2018-Q3,BS_OTHER_PROVISIONS,    • Other Provisions,62,3,False,VNĐ,0.0
2018-Q3,BS_EQUITY,Equity,63,1,False,VNĐ,10067325000000.0
2018-Q3,BS_CHARTER_CAPITAL_AND_FUNDS,  ‣ Charter Capital and Funds,64,2,False,VNĐ,7563325000000.0
2018-Q3,BS_CHARTER_CAPITAL,    • Charter Capital,65,3,False,VNĐ,7499994000000.0
2018-Q3,BS_SHARE_PREMIUM,    • Share Premium,66,3,False,VNĐ,63331000000.0
2018-Q3,BS_TREASURY_SHARES,    • Treasury Shares,67,3,False,VNĐ,0.0
2018-Q3,BS_OTHER_CAPITAL,    • Other Capital,68,3,False,VNĐ,0.0
2018-Q3,BS_RESERVES,  ‣ Reserves,69,2,False,VNĐ,1065944000000.0
2018-Q3,BS_FOREIGN_EXCHANGE_DIFFERENCES,  ‣ Foreign Exchange Differences,70,2,False,VNĐ,0.0
2018-Q3,BS_ASSET_REVALUATION_DIFFERENCES,  ‣ Asset Revaluation Differences,71,2,False,VNĐ,0.0
2018-Q3,BS_RETAINED_EARNINGS,  ‣ Retained Earnings,72,2,False,VNĐ,1438056000000.0
2018-Q3,BS_MINORITY_INTEREST,Minority Interest,73,1,False,VNĐ,0.0
2018-Q3,BS_OFF_BALANCE_SHEET_ITEMS,Off Balance Sheet Items,74,1,True,VNĐ,
2018-Q3,BS_LOAN_GUARANTEES,  ‣ Loan Guarantees,75,2,True,VNĐ,
2018-Q3,BS_FX_COMMITMENTS,  ‣ FX Commitments,76,2,True,VNĐ,0.0
2018-Q3,BS_COMMITMENTS_TO_BUY_FX,    • Commitments to Buy FX,77,3,True,VNĐ,2337452000000.0
2018-Q3,BS_COMMITMENTS_TO_SELL_FX,    • Commitments to Sell FX,78,3,True,VNĐ,1963907000000.0
2018-Q3,BS_SWAP_COMMITMENTS,    • Swap Commitments,79,3,True,VNĐ,21727376000000.0
2018-Q3,BS_FUTURE_COMMITMENTS,    • Future Commitments,80,3,True,VNĐ,0.0
2018-Q3,BS_IRREVOCABLE_LOAN_COMMITMENTS,  ‣ Irrevocable Loan Commitments,81,2,True,VNĐ,0.0
2018-Q3,BS_LC_COMMITMENTS,  ‣ LC Commitments,82,2,True,VNĐ,0.0
2018-Q3,BS_OTHER_GUARANTEES,  ‣ Other Guarantees,83,2,True,VNĐ,3862021000000.0
2018-Q3,BS_OTHER_COMMITMENTS,  ‣ Other Commitments,84,2,True,VNĐ,53049000000.0
2018-Q2,BS_TOTAL_ASSETS,Total Assets,1,1,False,VNĐ,175833221000000.0
2018-Q2,BS_CASH_AND_PRECIOUS_METALS,Cash and Precious Metals,2,1,False,VNĐ,1299802000000.0
2018-Q2,BS_BALANCES_WITH_SBV,Balances With SBV,3,1,False,VNĐ,6753020000000.0
2018-Q2,BS_PLACEMENTS_AND_LOANS_TO_CREDIT_INSTITUTIONS,Placements and Loans to Credit Institutions,4,1,False,VNĐ,11118215000000.0
2018-Q2,BS_PLACEMENTS_WITH_CREDIT_INSTITUTIONS,  ‣ Placements With Credit Institutions,5,2,False,VNĐ,8178745000000.0
2018-Q2,BS_LOANS_TO_CREDIT_INSTITUTIONS,  ‣ Loans to Credit Institutions,6,2,False,VNĐ,2944104000000.0
2018-Q2,BS_PROVISION_CREDIT_INSTITUTIONS,  ‣ Provision Credit Institutions,7,2,False,VNĐ,-4634000000.0
2018-Q2,BS_TRADING_SECURITIES,Trading Securities,8,1,False,VNĐ,0.0
2018-Q2,BS_TRADING_SECURITIES_GROSS,  ‣ Trading Securities Gross,9,2,False,VNĐ,0.0
2018-Q2,BS_PROVISION_TRADING_SECURITIES,  ‣ Provision Trading Securities,10,2,False,VNĐ,0.0
2018-Q2,BS_DERIVATIVES_AND_OTHER_FINANCIAL_ASSETS,Derivatives and Other Financial Assets,11,1,False,VNĐ,0.0
2018-Q2,BS_LOANS_TO_CUSTOMERS,Loans to Customers,12,1,False,VNĐ,113206611000000.0
2018-Q2,BS_LOANS_TO_CUSTOMERS_GROSS,  ‣ Loans to Customers Gross,13,2,False,VNĐ,114525071000000.0
2018-Q2,BS_PROVISION_LOANS_TO_CUSTOMERS,  ‣ Provision Loans to Customers,14,2,False,VNĐ,-1318460000000.0
2018-Q2,BS_DEBT_PURCHASES,Debt Purchases,15,1,False,VNĐ,0.0
2018-Q2,BS_DEBT_PURCHASES_GROSS,  ‣ Debt Purchases Gross,16,2,False,VNĐ,0.0
2018-Q2,BS_PROVISION_DEBT_PURCHASES,  ‣ Provision Debt Purchases,17,2,False,VNĐ,0.0
2018-Q2,BS_INVESTMENT_SECURITIES,Investment Securities,18,1,False,VNĐ,34587016000000.0
2018-Q2,BS_AVAILABLE_FOR_SALE_SECURITIES,  ‣ Available for Sale Securities,19,2,False,VNĐ,33852181000000.0
2018-Q2,BS_HELD_TO_MATURITY_SECURITIES,  ‣ Held to Maturity Securities,20,2,False,VNĐ,1609415000000.0
2018-Q2,BS_PROVISION_INVESTMENT_SECURITIES,  ‣ Provision Investment Securities,21,2,False,VNĐ,-874580000000.0
2018-Q2,BS_LONG_TERM_INVESTMENTS,Long Term Investments,22,1,False,VNĐ,324731000000.0
2018-Q2,BS_INVESTMENTS_IN_JOINT_VENTURES,  ‣ Investments in Joint Ventures,23,2,False,VNĐ,0.0
2018-Q2,BS_CAPITAL_CONTRIBUTION_JOINT_VENTURES,  ‣ Capital Contribution Joint Ventures,24,2,False,VNĐ,0.0
2018-Q2,BS_INVESTMENTS_IN_ASSOCIATES,  ‣ Investments in Associates,25,2,False,VNĐ,0.0
2018-Q2,BS_OTHER_LONG_TERM_INVESTMENTS,  ‣ Other Long Term Investments,26,2,False,VNĐ,324731000000.0
2018-Q2,BS_PROVISION_LONG_TERM_INVESTMENTS,  ‣ Provision Long Term Investments,27,2,False,VNĐ,0.0
2018-Q2,BS_FIXED_ASSETS,Fixed Assets,28,1,False,VNĐ,1493099000000.0
2018-Q2,BS_TANGIBLE_FIXED_ASSETS,  ‣ Tangible Fixed Assets,29,2,False,VNĐ,1013845000000.0
2018-Q2,BS_TANGIBLE_FIXED_ASSETS_COST,    • Tangible Fixed Assets Cost,30,3,False,VNĐ,1848174000000.0
2018-Q2,BS_TANGIBLE_FIXED_ASSETS_ACCUMULATED_DEPRECIATION,    • Tangible Fixed Assets Accumulated Depreciation,31,3,False,VNĐ,-834329000000.0
2018-Q2,BS_FINANCE_LEASE_FIXED_ASSETS,  ‣ Finance Lease Fixed Assets,32,2,False,VNĐ,0.0
2018-Q2,BS_FINANCE_LEASE_FIXED_ASSETS_COST,    • Finance Lease Fixed Assets Cost,33,3,False,VNĐ,0.0
2018-Q2,BS_FINANCE_LEASE_FIXED_ASSETS_ACCUMULATED_DEPRECIATION,    • Finance Lease Fixed Assets Accumulated Depreciation,34,3,False,VNĐ,-0.0
2018-Q2,BS_INTANGIBLE_FIXED_ASSETS,  ‣ Intangible Fixed Assets,35,2,False,VNĐ,479254000000.0
2018-Q2,BS_INTANGIBLE_FIXED_ASSETS_COST,    • Intangible Fixed Assets Cost,36,3,False,VNĐ,568224000000.0
2018-Q2,BS_INTANGIBLE_FIXED_ASSETS_ACCUMULATED_DEPRECIATION,    • Intangible Fixed Assets Accumulated Depreciation,37,3,False,VNĐ,-88970000000.0
2018-Q2,BS_INVESTMENT_PROPERTIES,Investment Properties,38,1,False,VNĐ,0.0
2018-Q2,BS_INVESTMENT_PROPERTIES_COST,  ‣ Investment Properties Cost,39,2,False,VNĐ,0.0
2018-Q2,BS_INVESTMENT_PROPERTIES_ACCUMULATED_DEPRECIATION,  ‣ Investment Properties Accumulated Depreciation,40,2,False,VNĐ,-0.0
2018-Q2,BS_OTHER_ASSETS,Other Assets,41,1,False,VNĐ,7050727000000.0
2018-Q2,BS_RECEIVABLES,  ‣ Receivables,42,2,False,VNĐ,2580946000000.0
2018-Q2,BS_INTEREST_AND_FEE_RECEIVABLES,  ‣ Interest and Fee Receivables,43,2,False,VNĐ,3788916000000.0
2018-Q2,BS_DEFERRED_TAX_ASSETS,  ‣ Deferred Tax Assets,44,2,False,VNĐ,0.0
2018-Q2,BS_OTHER_ASSETS_DETAIL,  ‣ Other Assets Detail,45,2,False,VNĐ,680865000000.0
2018-Q2,BS_GOODWILL,  ‣ Goodwill,46,2,False,VNĐ,
2018-Q2,BS_PROVISION_OTHER_ASSETS,  ‣ Provision Other Assets,47,2,False,VNĐ,0.0
2018-Q2,BS_TOTAL_LIABILITIES_AND_EQUITY,Total Liabilities and Equity,48,1,False,VNĐ,175833221000000.0
2018-Q2,BS_TOTAL_LIABILITIES,Total Liabilities,49,1,False,VNĐ,166084285000000.0
2018-Q2,BS_DUE_TO_GOVERNMENT_AND_SBV,  ‣ Due to Government and SBV,50,2,False,VNĐ,2316887000000.0
2018-Q2,BS_PLACEMENTS_AND_BORROWINGS_FROM_CREDIT_INSTITUTIONS,  ‣ Placements and Borrowings from Credit Institutions,51,2,False,VNĐ,1682098000000.0
2018-Q2,BS_PLACEMENTS_FROM_CREDIT_INSTITUTIONS,    • Placements from Credit Institutions,52,3,False,VNĐ,270151000000.0
2018-Q2,BS_BORROWINGS_FROM_CREDIT_INSTITUTIONS,    • Borrowings from Credit Institutions,53,3,False,VNĐ,1411947000000.0
2018-Q2,BS_CUSTOMER_DEPOSITS,  ‣ Customer Deposits,54,2,False,VNĐ,146316056000000.0
2018-Q2,BS_DERIVATIVES_AND_OTHER_FINANCIAL_LIABILITIES,  ‣ Derivatives and Other Financial Liabilities,55,2,False,VNĐ,69439000000.0
2018-Q2,BS_FUNDS_AND_ENTRUSTED_INVESTMENTS,  ‣ Funds and Entrusted Investments,56,2,False,VNĐ,1147750000000.0
2018-Q2,BS_VALUABLE_PAPERS_ISSUED,  ‣ Valuable Papers Issued,57,2,False,VNĐ,10396088000000.0
2018-Q2,BS_OTHER_LIABILITIES,  ‣ Other Liabilities,58,2,False,VNĐ,4155967000000.0
2018-Q2,BS_INTEREST_AND_FEE_PAYABLES,    • Interest and Fee Payables,59,3,False,VNĐ,3287441000000.0
2018-Q2,BS_DEFERRED_TAX_LIABILITIES,    • Deferred Tax Liabilities,60,3,False,VNĐ,
2018-Q2,BS_OTHER_PAYABLES_AND_LIABILITIES,    • Other Payables and Liabilities,61,3,False,VNĐ,868526000000.0
2018-Q2,BS_OTHER_PROVISIONS,    • Other Provisions,62,3,False,VNĐ,0.0
2018-Q2,BS_EQUITY,Equity,63,1,False,VNĐ,9748936000000.0
2018-Q2,BS_CHARTER_CAPITAL_AND_FUNDS,  ‣ Charter Capital and Funds,64,2,False,VNĐ,7563325000000.0
2018-Q2,BS_CHARTER_CAPITAL,    • Charter Capital,65,3,False,VNĐ,7499994000000.0
2018-Q2,BS_SHARE_PREMIUM,    • Share Premium,66,3,False,VNĐ,63331000000.0
2018-Q2,BS_TREASURY_SHARES,    • Treasury Shares,67,3,False,VNĐ,0.0
2018-Q2,BS_OTHER_CAPITAL,    • Other Capital,68,3,False,VNĐ,0.0
2018-Q2,BS_RESERVES,  ‣ Reserves,69,2,False,VNĐ,1065944000000.0
2018-Q2,BS_FOREIGN_EXCHANGE_DIFFERENCES,  ‣ Foreign Exchange Differences,70,2,False,VNĐ,0.0
2018-Q2,BS_ASSET_REVALUATION_DIFFERENCES,  ‣ Asset Revaluation Differences,71,2,False,VNĐ,0.0
2018-Q2,BS_RETAINED_EARNINGS,  ‣ Retained Earnings,72,2,False,VNĐ,1119667000000.0
2018-Q2,BS_MINORITY_INTEREST,Minority Interest,73,1,False,VNĐ,0.0
2018-Q2,BS_OFF_BALANCE_SHEET_ITEMS,Off Balance Sheet Items,74,1,True,VNĐ,
2018-Q2,BS_LOAN_GUARANTEES,  ‣ Loan Guarantees,75,2,True,VNĐ,
2018-Q2,BS_FX_COMMITMENTS,  ‣ FX Commitments,76,2,True,VNĐ,0.0
2018-Q2,BS_COMMITMENTS_TO_BUY_FX,    • Commitments to Buy FX,77,3,True,VNĐ,2683810000000.0
2018-Q2,BS_COMMITMENTS_TO_SELL_FX,    • Commitments to Sell FX,78,3,True,VNĐ,1168789000000.0
2018-Q2,BS_SWAP_COMMITMENTS,    • Swap Commitments,79,3,True,VNĐ,20062670000000.0
2018-Q2,BS_FUTURE_COMMITMENTS,    • Future Commitments,80,3,True,VNĐ,0.0
2018-Q2,BS_IRREVOCABLE_LOAN_COMMITMENTS,  ‣ Irrevocable Loan Commitments,81,2,True,VNĐ,0.0
2018-Q2,BS_LC_COMMITMENTS,  ‣ LC Commitments,82,2,True,VNĐ,0.0
2018-Q2,BS_OTHER_GUARANTEES,  ‣ Other Guarantees,83,2,True,VNĐ,3430974000000.0
2018-Q2,BS_OTHER_COMMITMENTS,  ‣ Other Commitments,84,2,True,VNĐ,22471000000.0
2018-Q1,BS_TOTAL_ASSETS,Total Assets,1,1,False,VNĐ,169797222000000.0
2018-Q1,BS_CASH_AND_PRECIOUS_METALS,Cash and Precious Metals,2,1,False,VNĐ,1561434000000.0
2018-Q1,BS_BALANCES_WITH_SBV,Balances With SBV,3,1,False,VNĐ,6002083000000.0
2018-Q1,BS_PLACEMENTS_AND_LOANS_TO_CREDIT_INSTITUTIONS,Placements and Loans to Credit Institutions,4,1,False,VNĐ,9929602000000.0
2018-Q1,BS_PLACEMENTS_WITH_CREDIT_INSTITUTIONS,  ‣ Placements With Credit Institutions,5,2,False,VNĐ,7889630000000.0
2018-Q1,BS_LOANS_TO_CREDIT_INSTITUTIONS,  ‣ Loans to Credit Institutions,6,2,False,VNĐ,2044606000000.0
2018-Q1,BS_PROVISION_CREDIT_INSTITUTIONS,  ‣ Provision Credit Institutions,7,2,False,VNĐ,-4634000000.0
2018-Q1,BS_TRADING_SECURITIES,Trading Securities,8,1,False,VNĐ,0.0
2018-Q1,BS_TRADING_SECURITIES_GROSS,  ‣ Trading Securities Gross,9,2,False,VNĐ,0.0
2018-Q1,BS_PROVISION_TRADING_SECURITIES,  ‣ Provision Trading Securities,10,2,False,VNĐ,0.0
2018-Q1,BS_DERIVATIVES_AND_OTHER_FINANCIAL_ASSETS,Derivatives and Other Financial Assets,11,1,False,VNĐ,0.0
2018-Q1,BS_LOANS_TO_CUSTOMERS,Loans to Customers,12,1,False,VNĐ,106930166000000.0
2018-Q1,BS_LOANS_TO_CUSTOMERS_GROSS,  ‣ Loans to Customers Gross,13,2,False,VNĐ,108137156000000.0
2018-Q1,BS_PROVISION_LOANS_TO_CUSTOMERS,  ‣ Provision Loans to Customers,14,2,False,VNĐ,-1206990000000.0
2018-Q1,BS_DEBT_PURCHASES,Debt Purchases,15,1,False,VNĐ,0.0
2018-Q1,BS_DEBT_PURCHASES_GROSS,  ‣ Debt Purchases Gross,16,2,False,VNĐ,0.0
2018-Q1,BS_PROVISION_DEBT_PURCHASES,  ‣ Provision Debt Purchases,17,2,False,VNĐ,0.0
2018-Q1,BS_INVESTMENT_SECURITIES,Investment Securities,18,1,False,VNĐ,36700896000000.0
2018-Q1,BS_AVAILABLE_FOR_SALE_SECURITIES,  ‣ Available for Sale Securities,19,2,False,VNĐ,35813370000000.0
2018-Q1,BS_HELD_TO_MATURITY_SECURITIES,  ‣ Held to Maturity Securities,20,2,False,VNĐ,1715663000000.0
2018-Q1,BS_PROVISION_INVESTMENT_SECURITIES,  ‣ Provision Investment Securities,21,2,False,VNĐ,-828137000000.0
2018-Q1,BS_LONG_TERM_INVESTMENTS,Long Term Investments,22,1,False,VNĐ,324731000000.0
2018-Q1,BS_INVESTMENTS_IN_JOINT_VENTURES,  ‣ Investments in Joint Ventures,23,2,False,VNĐ,0.0
2018-Q1,BS_CAPITAL_CONTRIBUTION_JOINT_VENTURES,  ‣ Capital Contribution Joint Ventures,24,2,False,VNĐ,0.0
2018-Q1,BS_INVESTMENTS_IN_ASSOCIATES,  ‣ Investments in Associates,25,2,False,VNĐ,0.0
2018-Q1,BS_OTHER_LONG_TERM_INVESTMENTS,  ‣ Other Long Term Investments,26,2,False,VNĐ,324731000000.0
2018-Q1,BS_PROVISION_LONG_TERM_INVESTMENTS,  ‣ Provision Long Term Investments,27,2,False,VNĐ,0.0
2018-Q1,BS_FIXED_ASSETS,Fixed Assets,28,1,False,VNĐ,1426524000000.0
2018-Q1,BS_TANGIBLE_FIXED_ASSETS,  ‣ Tangible Fixed Assets,29,2,False,VNĐ,974876000000.0
2018-Q1,BS_TANGIBLE_FIXED_ASSETS_COST,    • Tangible Fixed Assets Cost,30,3,False,VNĐ,1770049000000.0
2018-Q1,BS_TANGIBLE_FIXED_ASSETS_ACCUMULATED_DEPRECIATION,    • Tangible Fixed Assets Accumulated Depreciation,31,3,False,VNĐ,-795173000000.0
2018-Q1,BS_FINANCE_LEASE_FIXED_ASSETS,  ‣ Finance Lease Fixed Assets,32,2,False,VNĐ,0.0
2018-Q1,BS_FINANCE_LEASE_FIXED_ASSETS_COST,    • Finance Lease Fixed Assets Cost,33,3,False,VNĐ,0.0
2018-Q1,BS_FINANCE_LEASE_FIXED_ASSETS_ACCUMULATED_DEPRECIATION,    • Finance Lease Fixed Assets Accumulated Depreciation,34,3,False,VNĐ,-0.0
2018-Q1,BS_INTANGIBLE_FIXED_ASSETS,  ‣ Intangible Fixed Assets,35,2,False,VNĐ,451648000000.0
2018-Q1,BS_INTANGIBLE_FIXED_ASSETS_COST,    • Intangible Fixed Assets Cost,36,3,False,VNĐ,534098000000.0
2018-Q1,BS_INTANGIBLE_FIXED_ASSETS_ACCUMULATED_DEPRECIATION,    • Intangible Fixed Assets Accumulated Depreciation,37,3,False,VNĐ,-82450000000.0
2018-Q1,BS_INVESTMENT_PROPERTIES,Investment Properties,38,1,False,VNĐ,0.0
2018-Q1,BS_INVESTMENT_PROPERTIES_COST,  ‣ Investment Properties Cost,39,2,False,VNĐ,0.0
2018-Q1,BS_INVESTMENT_PROPERTIES_ACCUMULATED_DEPRECIATION,  ‣ Investment Properties Accumulated Depreciation,40,2,False,VNĐ,-0.0
2018-Q1,BS_OTHER_ASSETS,Other Assets,41,1,False,VNĐ,6921786000000.0
2018-Q1,BS_RECEIVABLES,  ‣ Receivables,42,2,False,VNĐ,3166482000000.0
2018-Q1,BS_INTEREST_AND_FEE_RECEIVABLES,  ‣ Interest and Fee Receivables,43,2,False,VNĐ,3114512000000.0
2018-Q1,BS_DEFERRED_TAX_ASSETS,  ‣ Deferred Tax Assets,44,2,False,VNĐ,0.0
2018-Q1,BS_OTHER_ASSETS_DETAIL,  ‣ Other Assets Detail,45,2,False,VNĐ,640792000000.0
2018-Q1,BS_GOODWILL,  ‣ Goodwill,46,2,False,VNĐ,
2018-Q1,BS_PROVISION_OTHER_ASSETS,  ‣ Provision Other Assets,47,2,False,VNĐ,0.0
2018-Q1,BS_TOTAL_LIABILITIES_AND_EQUITY,Total Liabilities and Equity,48,1,False,VNĐ,169797222000000.0
2018-Q1,BS_TOTAL_LIABILITIES,Total Liabilities,49,1,False,VNĐ,160138889000000.0
2018-Q1,BS_DUE_TO_GOVERNMENT_AND_SBV,  ‣ Due to Government and SBV,50,2,False,VNĐ,2324728000000.0
2018-Q1,BS_PLACEMENTS_AND_BORROWINGS_FROM_CREDIT_INSTITUTIONS,  ‣ Placements and Borrowings from Credit Institutions,51,2,False,VNĐ,2713607000000.0
2018-Q1,BS_PLACEMENTS_FROM_CREDIT_INSTITUTIONS,    • Placements from Credit Institutions,52,3,False,VNĐ,1341474000000.0
2018-Q1,BS_BORROWINGS_FROM_CREDIT_INSTITUTIONS,    • Borrowings from Credit Institutions,53,3,False,VNĐ,1372133000000.0
2018-Q1,BS_CUSTOMER_DEPOSITS,  ‣ Customer Deposits,54,2,False,VNĐ,144349310000000.0
2018-Q1,BS_DERIVATIVES_AND_OTHER_FINANCIAL_LIABILITIES,  ‣ Derivatives and Other Financial Liabilities,55,2,False,VNĐ,7463000000.0
2018-Q1,BS_FUNDS_AND_ENTRUSTED_INVESTMENTS,  ‣ Funds and Entrusted Investments,56,2,False,VNĐ,1122900000000.0
2018-Q1,BS_VALUABLE_PAPERS_ISSUED,  ‣ Valuable Papers Issued,57,2,False,VNĐ,6151481000000.0
2018-Q1,BS_OTHER_LIABILITIES,  ‣ Other Liabilities,58,2,False,VNĐ,3469400000000.0
2018-Q1,BS_INTEREST_AND_FEE_PAYABLES,    • Interest and Fee Payables,59,3,False,VNĐ,2584145000000.0
2018-Q1,BS_DEFERRED_TAX_LIABILITIES,    • Deferred Tax Liabilities,60,3,False,VNĐ,
2018-Q1,BS_OTHER_PAYABLES_AND_LIABILITIES,    • Other Payables and Liabilities,61,3,False,VNĐ,885255000000.0
2018-Q1,BS_OTHER_PROVISIONS,    • Other Provisions,62,3,False,VNĐ,0.0
2018-Q1,BS_EQUITY,Equity,63,1,False,VNĐ,9658333000000.0
2018-Q1,BS_CHARTER_CAPITAL_AND_FUNDS,  ‣ Charter Capital and Funds,64,2,False,VNĐ,7499994000000.0
2018-Q1,BS_CHARTER_CAPITAL,    • Charter Capital,65,3,False,VNĐ,7499994000000.0
2018-Q1,BS_SHARE_PREMIUM,    • Share Premium,66,3,False,VNĐ,0.0
2018-Q1,BS_TREASURY_SHARES,    • Treasury Shares,67,3,False,VNĐ,0.0
2018-Q1,BS_OTHER_CAPITAL,    • Other Capital,68,3,False,VNĐ,0.0
2018-Q1,BS_RESERVES,  ‣ Reserves,69,2,False,VNĐ,1065945000000.0
2018-Q1,BS_FOREIGN_EXCHANGE_DIFFERENCES,  ‣ Foreign Exchange Differences,70,2,False,VNĐ,0.0
2018-Q1,BS_ASSET_REVALUATION_DIFFERENCES,  ‣ Asset Revaluation Differences,71,2,False,VNĐ,0.0
2018-Q1,BS_RETAINED_EARNINGS,  ‣ Retained Earnings,72,2,False,VNĐ,1092394000000.0
2018-Q1,BS_MINORITY_INTEREST,Minority Interest,73,1,False,VNĐ,0.0
2018-Q1,BS_OFF_BALANCE_SHEET_ITEMS,Off Balance Sheet Items,74,1,True,VNĐ,
2018-Q1,BS_LOAN_GUARANTEES,  ‣ Loan Guarantees,75,2,True,VNĐ,
2018-Q1,BS_FX_COMMITMENTS,  ‣ FX Commitments,76,2,True,VNĐ,24142000000.0
2018-Q1,BS_COMMITMENTS_TO_BUY_FX,    • Commitments to Buy FX,77,3,True,VNĐ,1272528000000.0
2018-Q1,BS_COMMITMENTS_TO_SELL_FX,    • Commitments to Sell FX,78,3,True,VNĐ,1632982000000.0
2018-Q1,BS_SWAP_COMMITMENTS,    • Swap Commitments,79,3,True,VNĐ,25335265000000.0
2018-Q1,BS_FUTURE_COMMITMENTS,    • Future Commitments,80,3,True,VNĐ,0.0
2018-Q1,BS_IRREVOCABLE_LOAN_COMMITMENTS,  ‣ Irrevocable Loan Commitments,81,2,True,VNĐ,0.0
2018-Q1,BS_LC_COMMITMENTS,  ‣ LC Commitments,82,2,True,VNĐ,0.0
2018-Q1,BS_OTHER_GUARANTEES,  ‣ Other Guarantees,83,2,True,VNĐ,3166883000000.0
2018-Q1,BS_OTHER_COMMITMENTS,  ‣ Other Commitments,84,2,True,VNĐ,19756000000.0
