period,id,name,order,level,unit,value
2026-Q2,RT_CAT_INFO_VALUATION,Valuation & Company Information,1,1,,
2026-Q2,RT_VALUE_PE,  ‣ P/E Ratio,2,2,lần,8.3041673047
2026-Q2,RT_VALUE_PB,  ‣ P/B Ratio,3,2,lần,1.2577561612
2026-Q2,RT_VALUE_PS,  ‣ P/S Ratio,4,2,lần,3.9086020968
2026-Q2,RT_VALUE_P_CF,  ‣ P/CF Ratio,5,2,lần,5.3279929451
2026-Q2,RT_VALUE_EV_EBITDA,  ‣ EV/EBITDA,6,2,lần,0.0
2026-Q2,RT_VALUE_DIVIDEND_YIELD,  ‣ Dividend Yield,7,2,%,0.0
2026-Q2,RT_VALUE_MARKET_CAP,  ‣ Market Capitalization,8,2,tỷ VNĐ,225342445165200.0
2026-Q2,RT_VALUE_EPS,  ‣ Basic EPS,9,2,VNĐ,
2026-Q2,RT_VALUE_BETA,  ‣ Beta,10,2,lần,
2026-Q2,RT_VALUE_BVPS,  ‣ Book Value Per Share,11,2,VNĐ,
2026-Q2,RT_VALUE_EBIT,  ‣ EBIT,12,2,tỷ VNĐ,0.0
2026-Q2,RT_VALUE_EBITDA,  ‣ EBITDA,13,2,tỷ VNĐ,0.0
2026-Q2,RT_VALUE_EQUITY,  ‣ Owner's Equity,14,2,tỷ VNĐ,0.0
2026-Q2,RT_VALUE_OUTSTANDING_SHARES,  ‣ Outstanding Shares,15,2,cổ phiếu,7086240414.0
2026-Q2,RT_CAT_PROFITABILITY,Profitability & Efficiency,16,1,,
2026-Q2,RT_PRT_ROE,  ‣ ROE %,17,2,%,0.147648269
2026-Q2,RT_PRT_ROA,  ‣ ROA %,18,2,%,0.0226654319
2026-Q2,RT_PRT_ROIC,  ‣ ROIC %,19,2,%,0.0
2026-Q2,RT_PRT_GROSS_MARGIN,  ‣ Gross Profit Margin %,20,2,%,0.691152583
2026-Q2,RT_PRT_EBIT_MARGIN,  ‣ EBIT Margin %,21,2,%,0.0
2026-Q2,RT_PRT_PRE_TAX_MARGIN,  ‣ Pre Tax Profit Margin %,22,2,%,0.6234413916
2026-Q2,RT_PRT_NET_MARGIN,  ‣ Net Profit Margin %,23,2,%,0.4703323166
2026-Q2,RT_EFF_ATR,  ‣ Asset Turnover,24,2,vòng,0.0
2026-Q2,RT_EFF_FATR,  ‣ Fixed Asset Turnover,25,2,vòng,0.0
2026-Q2,RT_EFF_DSO,  ‣ Days Sales Outstanding,26,2,ngày,0.0
2026-Q2,RT_EFF_DIO,  ‣ Days Inventory Outstanding,27,2,ngày,0.0
2026-Q2,RT_EFF_DPO,  ‣ Days Payable Outstanding,28,2,ngày,0.0
2026-Q2,RT_EFF_CASH_CYCLE,  ‣ Cash Conversion Cycle,29,2,ngày,0.0
2026-Q2,RT_CAT_LIQUIDITY_SAFETY,Liquidity & Financial Safety,30,1,,
2026-Q2,RT_LQD_CR,  ‣ Current Ratio,31,2,lần,0.0
2026-Q2,RT_LQD_QR,  ‣ Quick Ratio,32,2,lần,0.0
2026-Q2,RT_LQD_CASH_RATIO,  ‣ Cash Ratio,33,2,lần,0.0
2026-Q2,RT_ASSETS_CURRENT_DEPOSITS,  ‣ Current Deposits,34,2,tỷ VNĐ,
2026-Q2,RT_ASSETS_DEPOSITS_SPECIAL,  ‣ Special Purpose Deposits,35,2,tỷ VNĐ,
2026-Q2,RT_ASSETS_DEPOSITS_CUSTOMERS,  ‣ Customer Deposits,36,2,tỷ VNĐ,
2026-Q2,RT_ASSETS_MARGIN_DEPOSITS,  ‣ Margin Deposits,37,2,tỷ VNĐ,
2026-Q2,RT_CAT_FINANCIAL_LEVERAGE,Financial Leverage,38,1,,
2026-Q2,RT_LEV_DE,  ‣ Debt to Equity Ratio,39,2,lần,5.7359583094
2026-Q2,RT_LEV_LOAN_EQUITY,  ‣ Loans to Equity Ratio,40,2,lần,0.0
2026-Q2,RT_LEV_DA,  ‣ Debt to Assets Ratio,41,2,lần,
2026-Q2,RT_LEV_FINANCIAL_LEVERAGE,  ‣ Financial Leverage,42,2,lần,0.0
2026-Q2,RT_LEV_EQUITY_TO_LIABILITIES,  ‣ Equity to Liabilities Ratio,43,2,lần,0.1743387846
2026-Q2,RT_LEV_EQUITY_TO_ASSETS,  ‣ Equity to Assets Ratio,44,2,lần,0.1484569758
2026-Q2,RT_CAT_BANKING_SPECIFICS,Banking Specifics,45,1,,
2026-Q2,RT_BANK_NIM,  ‣ Net Interest Margin (NIM),46,2,%,0.0363342376
2026-Q2,RT_BANK_YIEA,  ‣ Yield on Earning Assets (YIEA),47,2,%,0.0702993593
2026-Q2,RT_BANK_COF,  ‣ Cost of Funds (COF),48,2,%,-0.0390347106
2026-Q2,RT_BANK_NOII,  ‣ Non Interest Income,49,2,tỷ VNĐ,0.3877988688
2026-Q2,RT_BANK_CIR,  ‣ Cost to Income Ratio (CIR),50,2,%,-0.3092085877
2026-Q2,RT_BANK_LOAN_GROWTH,  ‣ Loan Growth,51,2,%,0.0633378093
2026-Q2,RT_BANK_DEPOSIT_GROWTH,  ‣ Deposit Growth,52,2,%,0.1044325303
2026-Q2,RT_BANK_LDR,  ‣ Loan to Deposit Ratio (LDR),53,2,%,1.2790980022
2026-Q2,RT_BANK_NPL,  ‣ Non Performing Loans Ratio (NPL),54,2,%,0.0108228503
2026-Q2,RT_BANK_NPL_COVERAGE,  ‣ NPL Coverage Ratio,55,2,%,-1.2564393377
2026-Q2,RT_BANK_PROVISION_TO_LOANS,  ‣ Provision to Loans Ratio,56,2,%,-0.0049126536
2026-Q2,RT_BANK_CAR,  ‣ Capital Adequacy Ratio (CAR),57,2,%,0.0
2026-Q2,RT_BANK_CASA,  ‣ CASA Ratio,58,2,%,0.3502048667
2026-Q2,RT_BANK_EQUITY_TO_LOANS,  ‣ Equity to Loans Ratio,59,2,%,0.2230487627
2026-Q2,RT_BANK_LLR_TO_LOANS,  ‣ Loan Loss Reserve to Loans Ratio,60,2,%,0.0135982549
2026-Q1,RT_CAT_INFO_VALUATION,Valuation & Company Information,1,1,,
2026-Q1,RT_VALUE_PE,  ‣ P/E Ratio,2,2,lần,8.7583677899
2026-Q1,RT_VALUE_PB,  ‣ P/B Ratio,3,2,lần,1.2898956006
2026-Q1,RT_VALUE_PS,  ‣ P/S Ratio,4,2,lần,4.1146917135
2026-Q1,RT_VALUE_P_CF,  ‣ P/CF Ratio,5,2,lần,5.8642968689
2026-Q1,RT_VALUE_EV_EBITDA,  ‣ EV/EBITDA,6,2,lần,0.0
2026-Q1,RT_VALUE_DIVIDEND_YIELD,  ‣ Dividend Yield,7,2,%,0.0
2026-Q1,RT_VALUE_MARKET_CAP,  ‣ Market Capitalization,8,2,tỷ VNĐ,228176941330800.0
2026-Q1,RT_VALUE_EPS,  ‣ Basic EPS,9,2,VNĐ,
2026-Q1,RT_VALUE_BETA,  ‣ Beta,10,2,lần,
2026-Q1,RT_VALUE_BVPS,  ‣ Book Value Per Share,11,2,VNĐ,
2026-Q1,RT_VALUE_EBIT,  ‣ EBIT,12,2,tỷ VNĐ,0.0
2026-Q1,RT_VALUE_EBITDA,  ‣ EBITDA,13,2,tỷ VNĐ,0.0
2026-Q1,RT_VALUE_EQUITY,  ‣ Owner's Equity,14,2,tỷ VNĐ,0.0
2026-Q1,RT_VALUE_OUTSTANDING_SHARES,  ‣ Outstanding Shares,15,2,cổ phiếu,7086240414.0
2026-Q1,RT_CAT_PROFITABILITY,Profitability & Efficiency,16,1,,
2026-Q1,RT_PRT_ROE,  ‣ ROE %,17,2,%,0.1470839992
2026-Q1,RT_PRT_ROA,  ‣ ROA %,18,2,%,0.0228688109
2026-Q1,RT_PRT_ROIC,  ‣ ROIC %,19,2,%,0.0
2026-Q1,RT_PRT_GROSS_MARGIN,  ‣ Gross Profit Margin %,20,2,%,0.6931426169
2026-Q1,RT_PRT_EBIT_MARGIN,  ‣ EBIT Margin %,21,2,%,0.0
2026-Q1,RT_PRT_PRE_TAX_MARGIN,  ‣ Pre Tax Profit Margin %,22,2,%,0.6162167588
2026-Q1,RT_PRT_NET_MARGIN,  ‣ Net Profit Margin %,23,2,%,0.4690961285
2026-Q1,RT_EFF_ATR,  ‣ Asset Turnover,24,2,vòng,0.0
2026-Q1,RT_EFF_FATR,  ‣ Fixed Asset Turnover,25,2,vòng,0.0
2026-Q1,RT_EFF_DSO,  ‣ Days Sales Outstanding,26,2,ngày,0.0
2026-Q1,RT_EFF_DIO,  ‣ Days Inventory Outstanding,27,2,ngày,0.0
2026-Q1,RT_EFF_DPO,  ‣ Days Payable Outstanding,28,2,ngày,0.0
2026-Q1,RT_EFF_CASH_CYCLE,  ‣ Cash Conversion Cycle,29,2,ngày,0.0
2026-Q1,RT_CAT_LIQUIDITY_SAFETY,Liquidity & Financial Safety,30,1,,
2026-Q1,RT_LQD_CR,  ‣ Current Ratio,31,2,lần,0.0
2026-Q1,RT_LQD_QR,  ‣ Quick Ratio,32,2,lần,0.0
2026-Q1,RT_LQD_CASH_RATIO,  ‣ Cash Ratio,33,2,lần,0.0
2026-Q1,RT_ASSETS_CURRENT_DEPOSITS,  ‣ Current Deposits,34,2,tỷ VNĐ,
2026-Q1,RT_ASSETS_DEPOSITS_SPECIAL,  ‣ Special Purpose Deposits,35,2,tỷ VNĐ,
2026-Q1,RT_ASSETS_DEPOSITS_CUSTOMERS,  ‣ Customer Deposits,36,2,tỷ VNĐ,
2026-Q1,RT_ASSETS_MARGIN_DEPOSITS,  ‣ Margin Deposits,37,2,tỷ VNĐ,
2026-Q1,RT_CAT_FINANCIAL_LEVERAGE,Financial Leverage,38,1,,
2026-Q1,RT_LEV_DE,  ‣ Debt to Equity Ratio,39,2,lần,5.3768806027
2026-Q1,RT_LEV_LOAN_EQUITY,  ‣ Loans to Equity Ratio,40,2,lần,0.0
2026-Q1,RT_LEV_DA,  ‣ Debt to Assets Ratio,41,2,lần,
2026-Q1,RT_LEV_FINANCIAL_LEVERAGE,  ‣ Financial Leverage,42,2,lần,0.0
2026-Q1,RT_LEV_EQUITY_TO_LIABILITIES,  ‣ Equity to Liabilities Ratio,43,2,lần,0.1859814405
2026-Q1,RT_LEV_EQUITY_TO_ASSETS,  ‣ Equity to Assets Ratio,44,2,lần,0.1568164848
2026-Q1,RT_CAT_BANKING_SPECIFICS,Banking Specifics,45,1,,
2026-Q1,RT_BANK_NIM,  ‣ Net Interest Margin (NIM),46,2,%,0.0366914486
2026-Q1,RT_BANK_YIEA,  ‣ Yield on Earning Assets (YIEA),47,2,%,0.0678108622
2026-Q1,RT_BANK_COF,  ‣ Cost of Funds (COF),48,2,%,-0.0357692194
2026-Q1,RT_BANK_NOII,  ‣ Non Interest Income,49,2,tỷ VNĐ,0.4360697215
2026-Q1,RT_BANK_CIR,  ‣ Cost to Income Ratio (CIR),50,2,%,-0.2829409444
2026-Q1,RT_BANK_LOAN_GROWTH,  ‣ Loan Growth,51,2,%,0.0381007939
2026-Q1,RT_BANK_DEPOSIT_GROWTH,  ‣ Deposit Growth,52,2,%,-0.0308659573
2026-Q1,RT_BANK_LDR,  ‣ Loan to Deposit Ratio (LDR),53,2,%,1.328531188
2026-Q1,RT_BANK_NPL,  ‣ Non Performing Loans Ratio (NPL),54,2,%,0.0109121852
2026-Q1,RT_BANK_NPL_COVERAGE,  ‣ NPL Coverage Ratio,55,2,%,-1.2939320412
2026-Q1,RT_BANK_PROVISION_TO_LOANS,  ‣ Provision to Loans Ratio,56,2,%,-0.0056102007
2026-Q1,RT_BANK_CAR,  ‣ Capital Adequacy Ratio (CAR),57,2,%,0.0
2026-Q1,RT_BANK_CASA,  ‣ CASA Ratio,58,2,%,0.3264645775
2026-Q1,RT_BANK_EQUITY_TO_LOANS,  ‣ Equity to Loans Ratio,59,2,%,0.2342718262
2026-Q1,RT_BANK_LLR_TO_LOANS,  ‣ Loan Loss Reserve to Loans Ratio,60,2,%,0.014119626
2025-Q4,RT_CAT_INFO_VALUATION,Valuation & Company Information,1,1,,
2025-Q4,RT_VALUE_PE,  ‣ P/E Ratio,2,2,lần,8.9041391191
2025-Q4,RT_VALUE_PB,  ‣ P/B Ratio,3,2,lần,1.327280517
2025-Q4,RT_VALUE_PS,  ‣ P/S Ratio,4,2,lần,4.2272335933
2025-Q4,RT_VALUE_P_CF,  ‣ P/CF Ratio,5,2,lần,5.6404639047
2025-Q4,RT_VALUE_EV_EBITDA,  ‣ EV/EBITDA,6,2,lần,0.0
2025-Q4,RT_VALUE_DIVIDEND_YIELD,  ‣ Dividend Yield,7,2,%,0.0
2025-Q4,RT_VALUE_MARKET_CAP,  ‣ Market Capitalization,8,2,tỷ VNĐ,225696757185900.0
2025-Q4,RT_VALUE_EPS,  ‣ Basic EPS,9,2,VNĐ,
2025-Q4,RT_VALUE_BETA,  ‣ Beta,10,2,lần,
2025-Q4,RT_VALUE_BVPS,  ‣ Book Value Per Share,11,2,VNĐ,
2025-Q4,RT_VALUE_EBIT,  ‣ EBIT,12,2,tỷ VNĐ,0.0
2025-Q4,RT_VALUE_EBITDA,  ‣ EBITDA,13,2,tỷ VNĐ,0.0
2025-Q4,RT_VALUE_EQUITY,  ‣ Owner's Equity,14,2,tỷ VNĐ,0.0
2025-Q4,RT_VALUE_OUTSTANDING_SHARES,  ‣ Outstanding Shares,15,2,cổ phiếu,7086240414.0
2025-Q4,RT_CAT_PROFITABILITY,Profitability & Efficiency,16,1,,
2025-Q4,RT_PRT_ROE,  ‣ ROE %,17,2,%,0.1544719515
2025-Q4,RT_PRT_ROA,  ‣ ROA %,18,2,%,0.0232967001
2025-Q4,RT_PRT_ROIC,  ‣ ROIC %,19,2,%,0.0
2025-Q4,RT_PRT_GROSS_MARGIN,  ‣ Gross Profit Margin %,20,2,%,0.6922253652
2025-Q4,RT_PRT_EBIT_MARGIN,  ‣ EBIT Margin %,21,2,%,0.0
2025-Q4,RT_PRT_PRE_TAX_MARGIN,  ‣ Pre Tax Profit Margin %,22,2,%,0.6094283647
2025-Q4,RT_PRT_NET_MARGIN,  ‣ Net Profit Margin %,23,2,%,0.4736785374
2025-Q4,RT_EFF_ATR,  ‣ Asset Turnover,24,2,vòng,0.0
2025-Q4,RT_EFF_FATR,  ‣ Fixed Asset Turnover,25,2,vòng,0.0
2025-Q4,RT_EFF_DSO,  ‣ Days Sales Outstanding,26,2,ngày,0.0
2025-Q4,RT_EFF_DIO,  ‣ Days Inventory Outstanding,27,2,ngày,0.0
2025-Q4,RT_EFF_DPO,  ‣ Days Payable Outstanding,28,2,ngày,0.0
2025-Q4,RT_EFF_CASH_CYCLE,  ‣ Cash Conversion Cycle,29,2,ngày,0.0
2025-Q4,RT_CAT_LIQUIDITY_SAFETY,Liquidity & Financial Safety,30,1,,
2025-Q4,RT_LQD_CR,  ‣ Current Ratio,31,2,lần,0.0
2025-Q4,RT_LQD_QR,  ‣ Quick Ratio,32,2,lần,0.0
2025-Q4,RT_LQD_CASH_RATIO,  ‣ Cash Ratio,33,2,lần,0.0
2025-Q4,RT_ASSETS_CURRENT_DEPOSITS,  ‣ Current Deposits,34,2,tỷ VNĐ,
2025-Q4,RT_ASSETS_DEPOSITS_SPECIAL,  ‣ Special Purpose Deposits,35,2,tỷ VNĐ,
2025-Q4,RT_ASSETS_DEPOSITS_CUSTOMERS,  ‣ Customer Deposits,36,2,tỷ VNĐ,
2025-Q4,RT_ASSETS_MARGIN_DEPOSITS,  ‣ Margin Deposits,37,2,tỷ VNĐ,
2025-Q4,RT_CAT_FINANCIAL_LEVERAGE,Financial Leverage,38,1,,
2025-Q4,RT_LEV_DE,  ‣ Debt to Equity Ratio,39,2,lần,5.6425323592
2025-Q4,RT_LEV_LOAN_EQUITY,  ‣ Loans to Equity Ratio,40,2,lần,0.0
2025-Q4,RT_LEV_DA,  ‣ Debt to Assets Ratio,41,2,lần,
2025-Q4,RT_LEV_FINANCIAL_LEVERAGE,  ‣ Financial Leverage,42,2,lần,0.0
2025-Q4,RT_LEV_EQUITY_TO_LIABILITIES,  ‣ Equity to Liabilities Ratio,43,2,lần,0.1772253904
2025-Q4,RT_LEV_EQUITY_TO_ASSETS,  ‣ Equity to Assets Ratio,44,2,lần,0.1505449949
2025-Q4,RT_CAT_BANKING_SPECIFICS,Banking Specifics,45,1,,
2025-Q4,RT_BANK_NIM,  ‣ Net Interest Margin (NIM),46,2,%,0.0375994307
2025-Q4,RT_BANK_YIEA,  ‣ Yield on Earning Assets (YIEA),47,2,%,0.0670268982
2025-Q4,RT_BANK_COF,  ‣ Cost of Funds (COF),48,2,%,-0.0333729647
2025-Q4,RT_BANK_NOII,  ‣ Non Interest Income,49,2,tỷ VNĐ,0.3982910957
2025-Q4,RT_BANK_CIR,  ‣ Cost to Income Ratio (CIR),50,2,%,-0.3077746348
2025-Q4,RT_BANK_LOAN_GROWTH,  ‣ Loan Growth,51,2,%,0.215112862
2025-Q4,RT_BANK_DEPOSIT_GROWTH,  ‣ Deposit Growth,52,2,%,0.1603307303
2025-Q4,RT_BANK_LDR,  ‣ Loan to Deposit Ratio (LDR),53,2,%,1.2402695468
2025-Q4,RT_BANK_NPL,  ‣ Non Performing Loans Ratio (NPL),54,2,%,0.0106802919
2025-Q4,RT_BANK_NPL_COVERAGE,  ‣ NPL Coverage Ratio,55,2,%,-1.2805437663
2025-Q4,RT_BANK_PROVISION_TO_LOANS,  ‣ Provision to Loans Ratio,56,2,%,-0.0063181477
2025-Q4,RT_BANK_CAR,  ‣ Capital Adequacy Ratio (CAR),57,2,%,0.0
2025-Q4,RT_BANK_CASA,  ‣ CASA Ratio,58,2,%,0.3587434188
2025-Q4,RT_BANK_EQUITY_TO_LOANS,  ‣ Equity to Loans Ratio,59,2,%,0.2338424134
2025-Q4,RT_BANK_LLR_TO_LOANS,  ‣ Loan Loss Reserve to Loans Ratio,60,2,%,0.0136765812
2025-Q3,RT_CAT_INFO_VALUATION,Valuation & Company Information,1,1,,
2025-Q3,RT_VALUE_PE,  ‣ P/E Ratio,2,2,lần,11.7340730437
2025-Q3,RT_VALUE_PB,  ‣ P/B Ratio,3,2,lần,1.574749298
2025-Q3,RT_VALUE_PS,  ‣ P/S Ratio,4,2,lần,5.3716026317
2025-Q3,RT_VALUE_P_CF,  ‣ P/CF Ratio,5,2,lần,9.968325467
2025-Q3,RT_VALUE_EV_EBITDA,  ‣ EV/EBITDA,6,2,lần,0.0
2025-Q3,RT_VALUE_DIVIDEND_YIELD,  ‣ Dividend Yield,7,2,%,0.0
2025-Q3,RT_VALUE_MARKET_CAP,  ‣ Market Capitalization,8,2,tỷ VNĐ,258647775111000.0
2025-Q3,RT_VALUE_EPS,  ‣ Basic EPS,9,2,VNĐ,
2025-Q3,RT_VALUE_BETA,  ‣ Beta,10,2,lần,
2025-Q3,RT_VALUE_BVPS,  ‣ Book Value Per Share,11,2,VNĐ,
2025-Q3,RT_VALUE_EBIT,  ‣ EBIT,12,2,tỷ VNĐ,0.0
2025-Q3,RT_VALUE_EBITDA,  ‣ EBITDA,13,2,tỷ VNĐ,0.0
2025-Q3,RT_VALUE_EQUITY,  ‣ Owner's Equity,14,2,tỷ VNĐ,0.0
2025-Q3,RT_VALUE_OUTSTANDING_SHARES,  ‣ Outstanding Shares,15,2,cổ phiếu,7086240414.0
2025-Q3,RT_CAT_PROFITABILITY,Profitability & Efficiency,16,1,,
2025-Q3,RT_PRT_ROE,  ‣ ROE %,17,2,%,0.1367378018
2025-Q3,RT_PRT_ROA,  ‣ ROA %,18,2,%,0.0212667551
2025-Q3,RT_PRT_ROIC,  ‣ ROIC %,19,2,%,0.0
2025-Q3,RT_PRT_GROSS_MARGIN,  ‣ Gross Profit Margin %,20,2,%,0.6604598318
2025-Q3,RT_PRT_EBIT_MARGIN,  ‣ EBIT Margin %,21,2,%,0.0
2025-Q3,RT_PRT_PRE_TAX_MARGIN,  ‣ Pre Tax Profit Margin %,22,2,%,0.5831839957
2025-Q3,RT_PRT_NET_MARGIN,  ‣ Net Profit Margin %,23,2,%,0.4566001822
2025-Q3,RT_EFF_ATR,  ‣ Asset Turnover,24,2,vòng,0.0
2025-Q3,RT_EFF_FATR,  ‣ Fixed Asset Turnover,25,2,vòng,0.0
2025-Q3,RT_EFF_DSO,  ‣ Days Sales Outstanding,26,2,ngày,0.0
2025-Q3,RT_EFF_DIO,  ‣ Days Inventory Outstanding,27,2,ngày,0.0
2025-Q3,RT_EFF_DPO,  ‣ Days Payable Outstanding,28,2,ngày,0.0
2025-Q3,RT_EFF_CASH_CYCLE,  ‣ Cash Conversion Cycle,29,2,ngày,0.0
2025-Q3,RT_CAT_LIQUIDITY_SAFETY,Liquidity & Financial Safety,30,1,,
2025-Q3,RT_LQD_CR,  ‣ Current Ratio,31,2,lần,0.0
2025-Q3,RT_LQD_QR,  ‣ Quick Ratio,32,2,lần,0.0
2025-Q3,RT_LQD_CASH_RATIO,  ‣ Cash Ratio,33,2,lần,0.0
2025-Q3,RT_ASSETS_CURRENT_DEPOSITS,  ‣ Current Deposits,34,2,tỷ VNĐ,
2025-Q3,RT_ASSETS_DEPOSITS_SPECIAL,  ‣ Special Purpose Deposits,35,2,tỷ VNĐ,
2025-Q3,RT_ASSETS_DEPOSITS_CUSTOMERS,  ‣ Customer Deposits,36,2,tỷ VNĐ,
2025-Q3,RT_ASSETS_MARGIN_DEPOSITS,  ‣ Margin Deposits,37,2,tỷ VNĐ,
2025-Q3,RT_CAT_FINANCIAL_LEVERAGE,Financial Leverage,38,1,,
2025-Q3,RT_LEV_DE,  ‣ Debt to Equity Ratio,39,2,lần,5.2953058289
2025-Q3,RT_LEV_LOAN_EQUITY,  ‣ Loans to Equity Ratio,40,2,lần,0.0
2025-Q3,RT_LEV_DA,  ‣ Debt to Assets Ratio,41,2,lần,
2025-Q3,RT_LEV_FINANCIAL_LEVERAGE,  ‣ Financial Leverage,42,2,lần,0.0
2025-Q3,RT_LEV_EQUITY_TO_LIABILITIES,  ‣ Equity to Liabilities Ratio,43,2,lần,0.1888465052
2025-Q3,RT_LEV_EQUITY_TO_ASSETS,  ‣ Equity to Assets Ratio,44,2,lần,0.1588485178
2025-Q3,RT_CAT_BANKING_SPECIFICS,Banking Specifics,45,1,,
2025-Q3,RT_BANK_NIM,  ‣ Net Interest Margin (NIM),46,2,%,0.036748286
2025-Q3,RT_BANK_YIEA,  ‣ Yield on Earning Assets (YIEA),47,2,%,0.0653031143
2025-Q3,RT_BANK_COF,  ‣ Cost of Funds (COF),48,2,%,-0.0328905904
2025-Q3,RT_BANK_NOII,  ‣ Non Interest Income,49,2,tỷ VNĐ,0.4343877155
2025-Q3,RT_BANK_CIR,  ‣ Cost to Income Ratio (CIR),50,2,%,-0.3154621681
2025-Q3,RT_BANK_LOAN_GROWTH,  ‣ Loan Growth,51,2,%,0.0793972773
2025-Q3,RT_BANK_DEPOSIT_GROWTH,  ‣ Deposit Growth,52,2,%,0.0917447056
2025-Q3,RT_BANK_LDR,  ‣ Loan to Deposit Ratio (LDR),53,2,%,1.2883998558
2025-Q3,RT_BANK_NPL,  ‣ Non Performing Loans Ratio (NPL),54,2,%,0.0116289807
2025-Q3,RT_BANK_NPL_COVERAGE,  ‣ NPL Coverage Ratio,55,2,%,-1.1924473324
2025-Q3,RT_BANK_PROVISION_TO_LOANS,  ‣ Provision to Loans Ratio,56,2,%,-0.0053684177
2025-Q3,RT_BANK_CAR,  ‣ Capital Adequacy Ratio (CAR),57,2,%,0.0
2025-Q3,RT_BANK_CASA,  ‣ CASA Ratio,58,2,%,0.3835453331
2025-Q3,RT_BANK_EQUITY_TO_LOANS,  ‣ Equity to Loans Ratio,59,2,%,0.234026698
2025-Q3,RT_BANK_LLR_TO_LOANS,  ‣ Loan Loss Reserve to Loans Ratio,60,2,%,0.0138669471
2025-Q2,RT_CAT_INFO_VALUATION,Valuation & Company Information,1,1,,
2025-Q2,RT_VALUE_PE,  ‣ P/E Ratio,2,2,lần,13.5226658764
2025-Q2,RT_VALUE_PB,  ‣ P/B Ratio,3,2,lần,1.831859987
2025-Q2,RT_VALUE_PS,  ‣ P/S Ratio,4,2,lần,6.3315502014
2025-Q2,RT_VALUE_P_CF,  ‣ P/CF Ratio,5,2,lần,63.1509004509
2025-Q2,RT_VALUE_EV_EBITDA,  ‣ EV/EBITDA,6,2,lần,0.0
2025-Q2,RT_VALUE_DIVIDEND_YIELD,  ‣ Dividend Yield,7,2,%,0.0
2025-Q2,RT_VALUE_MARKET_CAP,  ‣ Market Capitalization,8,2,tỷ VNĐ,289118608891200.0
2025-Q2,RT_VALUE_EPS,  ‣ Basic EPS,9,2,VNĐ,
2025-Q2,RT_VALUE_BETA,  ‣ Beta,10,2,lần,
2025-Q2,RT_VALUE_BVPS,  ‣ Book Value Per Share,11,2,VNĐ,
2025-Q2,RT_VALUE_EBIT,  ‣ EBIT,12,2,tỷ VNĐ,0.0
2025-Q2,RT_VALUE_EBITDA,  ‣ EBITDA,13,2,tỷ VNĐ,0.0
2025-Q2,RT_VALUE_EQUITY,  ‣ Owner's Equity,14,2,tỷ VNĐ,0.0
2025-Q2,RT_VALUE_OUTSTANDING_SHARES,  ‣ Outstanding Shares,15,2,cổ phiếu,7086240414.0
2025-Q2,RT_CAT_PROFITABILITY,Profitability & Efficiency,16,1,,
2025-Q2,RT_PRT_ROE,  ‣ ROE %,17,2,%,0.1401370303
2025-Q2,RT_PRT_ROA,  ‣ ROA %,18,2,%,0.0216683928
2025-Q2,RT_PRT_ROIC,  ‣ ROIC %,19,2,%,0.0
2025-Q2,RT_PRT_GROSS_MARGIN,  ‣ Gross Profit Margin %,20,2,%,0.6652173876
2025-Q2,RT_PRT_EBIT_MARGIN,  ‣ EBIT Margin %,21,2,%,0.0
2025-Q2,RT_PRT_PRE_TAX_MARGIN,  ‣ Pre Tax Profit Margin %,22,2,%,0.5922720684
2025-Q2,RT_PRT_NET_MARGIN,  ‣ Net Profit Margin %,23,2,%,0.4665444223
2025-Q2,RT_EFF_ATR,  ‣ Asset Turnover,24,2,vòng,0.0
2025-Q2,RT_EFF_FATR,  ‣ Fixed Asset Turnover,25,2,vòng,0.0
2025-Q2,RT_EFF_DSO,  ‣ Days Sales Outstanding,26,2,ngày,0.0
2025-Q2,RT_EFF_DIO,  ‣ Days Inventory Outstanding,27,2,ngày,0.0
2025-Q2,RT_EFF_DPO,  ‣ Days Payable Outstanding,28,2,ngày,0.0
2025-Q2,RT_EFF_CASH_CYCLE,  ‣ Cash Conversion Cycle,29,2,ngày,0.0
2025-Q2,RT_CAT_LIQUIDITY_SAFETY,Liquidity & Financial Safety,30,1,,
2025-Q2,RT_LQD_CR,  ‣ Current Ratio,31,2,lần,0.0
2025-Q2,RT_LQD_QR,  ‣ Quick Ratio,32,2,lần,0.0
2025-Q2,RT_LQD_CASH_RATIO,  ‣ Cash Ratio,33,2,lần,0.0
2025-Q2,RT_ASSETS_CURRENT_DEPOSITS,  ‣ Current Deposits,34,2,tỷ VNĐ,
2025-Q2,RT_ASSETS_DEPOSITS_SPECIAL,  ‣ Special Purpose Deposits,35,2,tỷ VNĐ,
2025-Q2,RT_ASSETS_DEPOSITS_CUSTOMERS,  ‣ Customer Deposits,36,2,tỷ VNĐ,
2025-Q2,RT_ASSETS_MARGIN_DEPOSITS,  ‣ Margin Deposits,37,2,tỷ VNĐ,
2025-Q2,RT_CAT_FINANCIAL_LEVERAGE,Financial Leverage,38,1,,
2025-Q2,RT_LEV_DE,  ‣ Debt to Equity Ratio,39,2,lần,5.4120568671
2025-Q2,RT_LEV_LOAN_EQUITY,  ‣ Loans to Equity Ratio,40,2,lần,0.0
2025-Q2,RT_LEV_DA,  ‣ Debt to Assets Ratio,41,2,lần,
2025-Q2,RT_LEV_FINANCIAL_LEVERAGE,  ‣ Financial Leverage,42,2,lần,0.0
2025-Q2,RT_LEV_EQUITY_TO_LIABILITIES,  ‣ Equity to Liabilities Ratio,43,2,lần,0.1847726335
2025-Q2,RT_LEV_EQUITY_TO_ASSETS,  ‣ Equity to Assets Ratio,44,2,lần,0.1559561964
2025-Q2,RT_CAT_BANKING_SPECIFICS,Banking Specifics,45,1,,
2025-Q2,RT_BANK_NIM,  ‣ Net Interest Margin (NIM),46,2,%,0.0378328289
2025-Q2,RT_BANK_YIEA,  ‣ Yield on Earning Assets (YIEA),47,2,%,0.0665148804
2025-Q2,RT_BANK_COF,  ‣ Cost of Funds (COF),48,2,%,-0.0327834183
2025-Q2,RT_BANK_NOII,  ‣ Non Interest Income,49,2,tỷ VNĐ,0.3912014084
2025-Q2,RT_BANK_CIR,  ‣ Cost to Income Ratio (CIR),50,2,%,-0.3006108201
2025-Q2,RT_BANK_LOAN_GROWTH,  ‣ Loan Growth,51,2,%,0.0702435515
2025-Q2,RT_BANK_DEPOSIT_GROWTH,  ‣ Deposit Growth,52,2,%,0.0253879256
2025-Q2,RT_BANK_LDR,  ‣ Loan to Deposit Ratio (LDR),53,2,%,1.303138104
2025-Q2,RT_BANK_NPL,  ‣ Non Performing Loans Ratio (NPL),54,2,%,0.0125722701
2025-Q2,RT_BANK_NPL_COVERAGE,  ‣ NPL Coverage Ratio,55,2,%,-1.065041538
2025-Q2,RT_BANK_PROVISION_TO_LOANS,  ‣ Provision to Loans Ratio,56,2,%,-0.0050621378
2025-Q2,RT_BANK_CAR,  ‣ Capital Adequacy Ratio (CAR),57,2,%,0.0
2025-Q2,RT_BANK_CASA,  ‣ CASA Ratio,58,2,%,0.3639425242
2025-Q2,RT_BANK_EQUITY_TO_LOANS,  ‣ Equity to Loans Ratio,59,2,%,0.2278252358
2025-Q2,RT_BANK_LLR_TO_LOANS,  ‣ Loan Loss Reserve to Loans Ratio,60,2,%,0.0133899899
2025-Q1,RT_CAT_INFO_VALUATION,Valuation & Company Information,1,1,,
2025-Q1,RT_VALUE_PE,  ‣ P/E Ratio,2,2,lần,11.6477870099
2025-Q1,RT_VALUE_PB,  ‣ P/B Ratio,3,2,lần,1.6382492399
2025-Q1,RT_VALUE_PS,  ‣ P/S Ratio,4,2,lần,5.3512562895
2025-Q1,RT_VALUE_P_CF,  ‣ P/CF Ratio,5,2,lần,13.5115565136
2025-Q1,RT_VALUE_EV_EBITDA,  ‣ EV/EBITDA,6,2,lần,0.0
2025-Q1,RT_VALUE_DIVIDEND_YIELD,  ‣ Dividend Yield,7,2,%,0.0
2025-Q1,RT_VALUE_MARKET_CAP,  ‣ Market Capitalization,8,2,tỷ VNĐ,247976296038900.0
2025-Q1,RT_VALUE_EPS,  ‣ Basic EPS,9,2,VNĐ,
2025-Q1,RT_VALUE_BETA,  ‣ Beta,10,2,lần,
2025-Q1,RT_VALUE_BVPS,  ‣ Book Value Per Share,11,2,VNĐ,
2025-Q1,RT_VALUE_EBIT,  ‣ EBIT,12,2,tỷ VNĐ,0.0
2025-Q1,RT_VALUE_EBITDA,  ‣ EBITDA,13,2,tỷ VNĐ,0.0
2025-Q1,RT_VALUE_EQUITY,  ‣ Owner's Equity,14,2,tỷ VNĐ,0.0
2025-Q1,RT_VALUE_OUTSTANDING_SHARES,  ‣ Outstanding Shares,15,2,cổ phiếu,7064851739.0
2025-Q1,RT_CAT_PROFITABILITY,Profitability & Efficiency,16,1,,
2025-Q1,RT_PRT_ROE,  ‣ ROE %,17,2,%,0.1453451278
2025-Q1,RT_PRT_ROA,  ‣ ROA %,18,2,%,0.0223484598
2025-Q1,RT_PRT_ROIC,  ‣ ROIC %,19,2,%,0.0
2025-Q1,RT_PRT_GROSS_MARGIN,  ‣ Gross Profit Margin %,20,2,%,0.667553492
2025-Q1,RT_PRT_EBIT_MARGIN,  ‣ EBIT Margin %,21,2,%,0.0
2025-Q1,RT_PRT_PRE_TAX_MARGIN,  ‣ Pre Tax Profit Margin %,22,2,%,0.5820681294
2025-Q1,RT_PRT_NET_MARGIN,  ‣ Net Profit Margin %,23,2,%,0.4585664625
2025-Q1,RT_EFF_ATR,  ‣ Asset Turnover,24,2,vòng,0.0
2025-Q1,RT_EFF_FATR,  ‣ Fixed Asset Turnover,25,2,vòng,0.0
2025-Q1,RT_EFF_DSO,  ‣ Days Sales Outstanding,26,2,ngày,0.0
2025-Q1,RT_EFF_DIO,  ‣ Days Inventory Outstanding,27,2,ngày,0.0
2025-Q1,RT_EFF_DPO,  ‣ Days Payable Outstanding,28,2,ngày,0.0
2025-Q1,RT_EFF_CASH_CYCLE,  ‣ Cash Conversion Cycle,29,2,ngày,0.0
2025-Q1,RT_CAT_LIQUIDITY_SAFETY,Liquidity & Financial Safety,30,1,,
2025-Q1,RT_LQD_CR,  ‣ Current Ratio,31,2,lần,0.0
2025-Q1,RT_LQD_QR,  ‣ Quick Ratio,32,2,lần,0.0
2025-Q1,RT_LQD_CASH_RATIO,  ‣ Cash Ratio,33,2,lần,0.0
2025-Q1,RT_ASSETS_CURRENT_DEPOSITS,  ‣ Current Deposits,34,2,tỷ VNĐ,
2025-Q1,RT_ASSETS_DEPOSITS_SPECIAL,  ‣ Special Purpose Deposits,35,2,tỷ VNĐ,
2025-Q1,RT_ASSETS_DEPOSITS_CUSTOMERS,  ‣ Customer Deposits,36,2,tỷ VNĐ,
2025-Q1,RT_ASSETS_MARGIN_DEPOSITS,  ‣ Margin Deposits,37,2,tỷ VNĐ,
2025-Q1,RT_CAT_FINANCIAL_LEVERAGE,Financial Leverage,38,1,,
2025-Q1,RT_LEV_DE,  ‣ Debt to Equity Ratio,39,2,lần,5.4254554671
2025-Q1,RT_LEV_LOAN_EQUITY,  ‣ Loans to Equity Ratio,40,2,lần,0.0
2025-Q1,RT_LEV_DA,  ‣ Debt to Assets Ratio,41,2,lần,
2025-Q1,RT_LEV_FINANCIAL_LEVERAGE,  ‣ Financial Leverage,42,2,lần,0.0
2025-Q1,RT_LEV_EQUITY_TO_LIABILITIES,  ‣ Equity to Liabilities Ratio,43,2,lần,0.1843163226
2025-Q1,RT_LEV_EQUITY_TO_ASSETS,  ‣ Equity to Assets Ratio,44,2,lần,0.1556309907
2025-Q1,RT_CAT_BANKING_SPECIFICS,Banking Specifics,45,1,,
2025-Q1,RT_BANK_NIM,  ‣ Net Interest Margin (NIM),46,2,%,0.0399735196
2025-Q1,RT_BANK_YIEA,  ‣ Yield on Earning Assets (YIEA),47,2,%,0.0685195639
2025-Q1,RT_BANK_COF,  ‣ Cost of Funds (COF),48,2,%,-0.0322344188
2025-Q1,RT_BANK_NOII,  ‣ Non Interest Income,49,2,tỷ VNĐ,0.3980259574
2025-Q1,RT_BANK_CIR,  ‣ Cost to Income Ratio (CIR),50,2,%,-0.2829092226
2025-Q1,RT_BANK_LOAN_GROWTH,  ‣ Loan Growth,51,2,%,0.0506041455
2025-Q1,RT_BANK_DEPOSIT_GROWTH,  ‣ Deposit Growth,52,2,%,-0.0033920584
2025-Q1,RT_BANK_LDR,  ‣ Loan to Deposit Ratio (LDR),53,2,%,1.2485214935
2025-Q1,RT_BANK_NPL,  ‣ Non Performing Loans Ratio (NPL),54,2,%,0.0117281839
2025-Q1,RT_BANK_NPL_COVERAGE,  ‣ NPL Coverage Ratio,55,2,%,-1.1158474042
2025-Q1,RT_BANK_PROVISION_TO_LOANS,  ‣ Provision to Loans Ratio,56,2,%,-0.0063034288
2025-Q1,RT_BANK_CAR,  ‣ Capital Adequacy Ratio (CAR),57,2,%,0.0
2025-Q1,RT_BANK_CASA,  ‣ CASA Ratio,58,2,%,0.3505991045
2025-Q1,RT_BANK_EQUITY_TO_LOANS,  ‣ Equity to Loans Ratio,59,2,%,0.2319637183
2025-Q1,RT_BANK_LLR_TO_LOANS,  ‣ Loan Loss Reserve to Loans Ratio,60,2,%,0.0130868636
2024-Q4,RT_CAT_INFO_VALUATION,Valuation & Company Information,1,1,,
2024-Q4,RT_VALUE_PE,  ‣ P/E Ratio,2,2,lần,8.512548075
2024-Q4,RT_VALUE_PB,  ‣ P/B Ratio,3,2,lần,1.2631495845
2024-Q4,RT_VALUE_PS,  ‣ P/S Ratio,4,2,lần,3.9090145421
2024-Q4,RT_VALUE_P_CF,  ‣ P/CF Ratio,5,2,lần,4.3234982012
2024-Q4,RT_VALUE_EV_EBITDA,  ‣ EV/EBITDA,6,2,lần,0.0
2024-Q4,RT_VALUE_DIVIDEND_YIELD,  ‣ Dividend Yield,7,2,%,0.0
2024-Q4,RT_VALUE_MARKET_CAP,  ‣ Market Capitalization,8,2,tỷ VNĐ,183686145214000.0
2024-Q4,RT_VALUE_EPS,  ‣ Basic EPS,9,2,VNĐ,
2024-Q4,RT_VALUE_BETA,  ‣ Beta,10,2,lần,
2024-Q4,RT_VALUE_BVPS,  ‣ Book Value Per Share,11,2,VNĐ,
2024-Q4,RT_VALUE_EBIT,  ‣ EBIT,12,2,tỷ VNĐ,0.0
2024-Q4,RT_VALUE_EBITDA,  ‣ EBITDA,13,2,tỷ VNĐ,0.0
2024-Q4,RT_VALUE_EQUITY,  ‣ Owner's Equity,14,2,tỷ VNĐ,0.0
2024-Q4,RT_VALUE_OUTSTANDING_SHARES,  ‣ Outstanding Shares,15,2,cổ phiếu,7064851739.0
2024-Q4,RT_CAT_PROFITABILITY,Profitability & Efficiency,16,1,,
2024-Q4,RT_PRT_ROE,  ‣ ROE %,17,2,%,0.1539795402
2024-Q4,RT_PRT_ROA,  ‣ ROA %,18,2,%,0.0235444477
2024-Q4,RT_PRT_ROIC,  ‣ ROIC %,19,2,%,0.0
2024-Q4,RT_PRT_GROSS_MARGIN,  ‣ Gross Profit Margin %,20,2,%,0.6729175325
2024-Q4,RT_PRT_EBIT_MARGIN,  ‣ EBIT Margin %,21,2,%,0.0
2024-Q4,RT_PRT_PRE_TAX_MARGIN,  ‣ Pre Tax Profit Margin %,22,2,%,0.5860424631
2024-Q4,RT_PRT_NET_MARGIN,  ‣ Net Profit Margin %,23,2,%,0.4580282222
2024-Q4,RT_EFF_ATR,  ‣ Asset Turnover,24,2,vòng,0.0
2024-Q4,RT_EFF_FATR,  ‣ Fixed Asset Turnover,25,2,vòng,0.0
2024-Q4,RT_EFF_DSO,  ‣ Days Sales Outstanding,26,2,ngày,0.0
2024-Q4,RT_EFF_DIO,  ‣ Days Inventory Outstanding,27,2,ngày,0.0
2024-Q4,RT_EFF_DPO,  ‣ Days Payable Outstanding,28,2,ngày,0.0
2024-Q4,RT_EFF_CASH_CYCLE,  ‣ Cash Conversion Cycle,29,2,ngày,0.0
2024-Q4,RT_CAT_LIQUIDITY_SAFETY,Liquidity & Financial Safety,30,1,,
2024-Q4,RT_LQD_CR,  ‣ Current Ratio,31,2,lần,0.0
2024-Q4,RT_LQD_QR,  ‣ Quick Ratio,32,2,lần,0.0
2024-Q4,RT_LQD_CASH_RATIO,  ‣ Cash Ratio,33,2,lần,0.0
2024-Q4,RT_ASSETS_CURRENT_DEPOSITS,  ‣ Current Deposits,34,2,tỷ VNĐ,
2024-Q4,RT_ASSETS_DEPOSITS_SPECIAL,  ‣ Special Purpose Deposits,35,2,tỷ VNĐ,
2024-Q4,RT_ASSETS_DEPOSITS_CUSTOMERS,  ‣ Customer Deposits,36,2,tỷ VNĐ,
2024-Q4,RT_ASSETS_MARGIN_DEPOSITS,  ‣ Margin Deposits,37,2,tỷ VNĐ,
2024-Q4,RT_CAT_FINANCIAL_LEVERAGE,Financial Leverage,38,1,,
2024-Q4,RT_LEV_DE,  ‣ Debt to Equity Ratio,39,2,lần,5.6162028967
2024-Q4,RT_LEV_LOAN_EQUITY,  ‣ Loans to Equity Ratio,40,2,lần,0.0
2024-Q4,RT_LEV_DA,  ‣ Debt to Assets Ratio,41,2,lần,
2024-Q4,RT_LEV_FINANCIAL_LEVERAGE,  ‣ Financial Leverage,42,2,lần,0.0
2024-Q4,RT_LEV_EQUITY_TO_LIABILITIES,  ‣ Equity to Liabilities Ratio,43,2,lần,0.1780562452
2024-Q4,RT_LEV_EQUITY_TO_ASSETS,  ‣ Equity to Assets Ratio,44,2,lần,0.1511440951
2024-Q4,RT_CAT_BANKING_SPECIFICS,Banking Specifics,45,1,,
2024-Q4,RT_BANK_NIM,  ‣ Net Interest Margin (NIM),46,2,%,0.0424193307
2024-Q4,RT_BANK_YIEA,  ‣ Yield on Earning Assets (YIEA),47,2,%,0.0717854404
2024-Q4,RT_BANK_COF,  ‣ Cost of Funds (COF),48,2,%,-0.0328058961
2024-Q4,RT_BANK_NOII,  ‣ Non Interest Income,49,2,tỷ VNĐ,0.3215580967
2024-Q4,RT_BANK_CIR,  ‣ Cost to Income Ratio (CIR),50,2,%,-0.3270824675
2024-Q4,RT_BANK_LOAN_GROWTH,  ‣ Loan Growth,51,2,%,0.2180376641
2024-Q4,RT_BANK_DEPOSIT_GROWTH,  ‣ Deposit Growth,52,2,%,0.1731655217
2024-Q4,RT_BANK_LDR,  ‣ Loan to Deposit Ratio (LDR),53,2,%,1.1843532514
2024-Q4,RT_BANK_NPL,  ‣ Non Performing Loans Ratio (NPL),54,2,%,0.0112403346
2024-Q4,RT_BANK_NPL_COVERAGE,  ‣ NPL Coverage Ratio,55,2,%,-1.1394058416
2024-Q4,RT_BANK_PROVISION_TO_LOANS,  ‣ Provision to Loans Ratio,56,2,%,-0.0070973796
2024-Q4,RT_BANK_CAR,  ‣ Capital Adequacy Ratio (CAR),57,2,%,0.0
2024-Q4,RT_BANK_CASA,  ‣ CASA Ratio,58,2,%,0.3735381769
2024-Q4,RT_BANK_EQUITY_TO_LOANS,  ‣ Equity to Loans Ratio,59,2,%,0.2341835916
2024-Q4,RT_BANK_LLR_TO_LOANS,  ‣ Loan Loss Reserve to Loans Ratio,60,2,%,0.012807303
2024-Q3,RT_CAT_INFO_VALUATION,Valuation & Company Information,1,1,,
2024-Q3,RT_VALUE_PE,  ‣ P/E Ratio,2,2,lần,7.3616543745
2024-Q3,RT_VALUE_PB,  ‣ P/B Ratio,3,2,lần,1.1648980259
2024-Q3,RT_VALUE_PS,  ‣ P/S Ratio,4,2,lần,3.4410590447
2024-Q3,RT_VALUE_P_CF,  ‣ P/CF Ratio,5,2,lần,5.2622345397
2024-Q3,RT_VALUE_EV_EBITDA,  ‣ EV/EBITDA,6,2,lần,0.0
2024-Q3,RT_VALUE_DIVIDEND_YIELD,  ‣ Dividend Yield,7,2,%,0.0
2024-Q3,RT_VALUE_MARKET_CAP,  ‣ Market Capitalization,8,2,tỷ VNĐ,166730501040400.0
2024-Q3,RT_VALUE_EPS,  ‣ Basic EPS,9,2,VNĐ,
2024-Q3,RT_VALUE_BETA,  ‣ Beta,10,2,lần,
2024-Q3,RT_VALUE_BVPS,  ‣ Book Value Per Share,11,2,VNĐ,
2024-Q3,RT_VALUE_EBIT,  ‣ EBIT,12,2,tỷ VNĐ,0.0
2024-Q3,RT_VALUE_EBITDA,  ‣ EBITDA,13,2,tỷ VNĐ,0.0
2024-Q3,RT_VALUE_EQUITY,  ‣ Owner's Equity,14,2,tỷ VNĐ,0.0
2024-Q3,RT_VALUE_OUTSTANDING_SHARES,  ‣ Outstanding Shares,15,2,cổ phiếu,7064851739.0
2024-Q3,RT_CAT_PROFITABILITY,Profitability & Efficiency,16,1,,
2024-Q3,RT_PRT_ROE,  ‣ ROE %,17,2,%,0.1635766585
2024-Q3,RT_PRT_ROA,  ‣ ROA %,18,2,%,0.0253082766
2024-Q3,RT_PRT_ROIC,  ‣ ROIC %,19,2,%,0.0
2024-Q3,RT_PRT_GROSS_MARGIN,  ‣ Gross Profit Margin %,20,2,%,0.7061270315
2024-Q3,RT_PRT_EBIT_MARGIN,  ‣ EBIT Margin %,21,2,%,0.0
2024-Q3,RT_PRT_PRE_TAX_MARGIN,  ‣ Pre Tax Profit Margin %,22,2,%,0.5905776149
2024-Q3,RT_PRT_NET_MARGIN,  ‣ Net Profit Margin %,23,2,%,0.4662385096
2024-Q3,RT_EFF_ATR,  ‣ Asset Turnover,24,2,vòng,0.0
2024-Q3,RT_EFF_FATR,  ‣ Fixed Asset Turnover,25,2,vòng,0.0
2024-Q3,RT_EFF_DSO,  ‣ Days Sales Outstanding,26,2,ngày,0.0
2024-Q3,RT_EFF_DIO,  ‣ Days Inventory Outstanding,27,2,ngày,0.0
2024-Q3,RT_EFF_DPO,  ‣ Days Payable Outstanding,28,2,ngày,0.0
2024-Q3,RT_EFF_CASH_CYCLE,  ‣ Cash Conversion Cycle,29,2,ngày,0.0
2024-Q3,RT_CAT_LIQUIDITY_SAFETY,Liquidity & Financial Safety,30,1,,
2024-Q3,RT_LQD_CR,  ‣ Current Ratio,31,2,lần,0.0
2024-Q3,RT_LQD_QR,  ‣ Quick Ratio,32,2,lần,0.0
2024-Q3,RT_LQD_CASH_RATIO,  ‣ Cash Ratio,33,2,lần,0.0
2024-Q3,RT_ASSETS_CURRENT_DEPOSITS,  ‣ Current Deposits,34,2,tỷ VNĐ,
2024-Q3,RT_ASSETS_DEPOSITS_SPECIAL,  ‣ Special Purpose Deposits,35,2,tỷ VNĐ,
2024-Q3,RT_ASSETS_DEPOSITS_CUSTOMERS,  ‣ Customer Deposits,36,2,tỷ VNĐ,
2024-Q3,RT_ASSETS_MARGIN_DEPOSITS,  ‣ Margin Deposits,37,2,tỷ VNĐ,
2024-Q3,RT_CAT_FINANCIAL_LEVERAGE,Financial Leverage,38,1,,
2024-Q3,RT_LEV_DE,  ‣ Debt to Equity Ratio,39,2,lần,5.4214608541
2024-Q3,RT_LEV_LOAN_EQUITY,  ‣ Loans to Equity Ratio,40,2,lần,0.0
2024-Q3,RT_LEV_DA,  ‣ Debt to Assets Ratio,41,2,lần,
2024-Q3,RT_LEV_FINANCIAL_LEVERAGE,  ‣ Financial Leverage,42,2,lần,0.0
2024-Q3,RT_LEV_EQUITY_TO_LIABILITIES,  ‣ Equity to Liabilities Ratio,43,2,lần,0.1844521296
2024-Q3,RT_LEV_EQUITY_TO_ASSETS,  ‣ Equity to Assets Ratio,44,2,lần,0.1557278044
2024-Q3,RT_CAT_BANKING_SPECIFICS,Banking Specifics,45,1,,
2024-Q3,RT_BANK_NIM,  ‣ Net Interest Margin (NIM),46,2,%,0.0427319024
2024-Q3,RT_BANK_YIEA,  ‣ Yield on Earning Assets (YIEA),47,2,%,0.0736520984
2024-Q3,RT_BANK_COF,  ‣ Cost of Funds (COF),48,2,%,-0.0341236033
2024-Q3,RT_BANK_NOII,  ‣ Non Interest Income,49,2,tỷ VNĐ,0.3157526379
2024-Q3,RT_BANK_CIR,  ‣ Cost to Income Ratio (CIR),50,2,%,-0.291883973
2024-Q3,RT_BANK_LOAN_GROWTH,  ‣ Loan Growth,51,2,%,0.0577748227
2024-Q3,RT_BANK_DEPOSIT_GROWTH,  ‣ Deposit Growth,52,2,%,0.0271733937
2024-Q3,RT_BANK_LDR,  ‣ Loan to Deposit Ratio (LDR),53,2,%,1.2653514377
2024-Q3,RT_BANK_NPL,  ‣ Non Performing Loans Ratio (NPL),54,2,%,0.0129075412
2024-Q3,RT_BANK_NPL_COVERAGE,  ‣ NPL Coverage Ratio,55,2,%,-1.0349254578
2024-Q3,RT_BANK_PROVISION_TO_LOANS,  ‣ Provision to Loans Ratio,56,2,%,-0.0097526687
2024-Q3,RT_BANK_CAR,  ‣ Capital Adequacy Ratio (CAR),57,2,%,0.0
2024-Q3,RT_BANK_CASA,  ‣ CASA Ratio,58,2,%,0.3653753355
2024-Q3,RT_BANK_EQUITY_TO_LOANS,  ‣ Equity to Loans Ratio,59,2,%,0.2305127064
2024-Q3,RT_BANK_LLR_TO_LOANS,  ‣ Loan Loss Reserve to Loans Ratio,60,2,%,0.013358343
2024-Q2,RT_CAT_INFO_VALUATION,Valuation & Company Information,1,1,,
2024-Q2,RT_VALUE_PE,  ‣ P/E Ratio,2,2,lần,7.9891802171
2024-Q2,RT_VALUE_PB,  ‣ P/B Ratio,3,2,lần,1.2506132202
2024-Q2,RT_VALUE_PS,  ‣ P/S Ratio,4,2,lần,3.6408256841
2024-Q2,RT_VALUE_P_CF,  ‣ P/CF Ratio,5,2,lần,3.0935978458
2024-Q2,RT_VALUE_EV_EBITDA,  ‣ EV/EBITDA,6,2,lần,0.0
2024-Q2,RT_VALUE_DIVIDEND_YIELD,  ‣ Dividend Yield,7,2,%,0.0
2024-Q2,RT_VALUE_MARKET_CAP,  ‣ Market Capitalization,8,2,tỷ VNĐ,171546276495700.0
2024-Q2,RT_VALUE_EPS,  ‣ Basic EPS,9,2,VNĐ,
2024-Q2,RT_VALUE_BETA,  ‣ Beta,10,2,lần,
2024-Q2,RT_VALUE_BVPS,  ‣ Book Value Per Share,11,2,VNĐ,
2024-Q2,RT_VALUE_EBIT,  ‣ EBIT,12,2,tỷ VNĐ,0.0
2024-Q2,RT_VALUE_EBITDA,  ‣ EBITDA,13,2,tỷ VNĐ,0.0
2024-Q2,RT_VALUE_EQUITY,  ‣ Owner's Equity,14,2,tỷ VNĐ,0.0
2024-Q2,RT_VALUE_OUTSTANDING_SHARES,  ‣ Outstanding Shares,15,2,cổ phiếu,7045021622.0
2024-Q2,RT_CAT_PROFITABILITY,Profitability & Efficiency,16,1,,
2024-Q2,RT_PRT_ROE,  ‣ ROE %,17,2,%,0.1604403781
2024-Q2,RT_PRT_ROA,  ‣ ROA %,18,2,%,0.0250720698
2024-Q2,RT_PRT_ROIC,  ‣ ROIC %,19,2,%,0.0
2024-Q2,RT_PRT_GROSS_MARGIN,  ‣ Gross Profit Margin %,20,2,%,0.693554251
2024-Q2,RT_PRT_EBIT_MARGIN,  ‣ EBIT Margin %,21,2,%,0.0
2024-Q2,RT_PRT_PRE_TAX_MARGIN,  ‣ Pre Tax Profit Margin %,22,2,%,0.5782157381
2024-Q2,RT_PRT_NET_MARGIN,  ‣ Net Profit Margin %,23,2,%,0.4555897703
2024-Q2,RT_EFF_ATR,  ‣ Asset Turnover,24,2,vòng,0.0
2024-Q2,RT_EFF_FATR,  ‣ Fixed Asset Turnover,25,2,vòng,0.0
2024-Q2,RT_EFF_DSO,  ‣ Days Sales Outstanding,26,2,ngày,0.0
2024-Q2,RT_EFF_DIO,  ‣ Days Inventory Outstanding,27,2,ngày,0.0
2024-Q2,RT_EFF_DPO,  ‣ Days Payable Outstanding,28,2,ngày,0.0
2024-Q2,RT_EFF_CASH_CYCLE,  ‣ Cash Conversion Cycle,29,2,ngày,0.0
2024-Q2,RT_CAT_LIQUIDITY_SAFETY,Liquidity & Financial Safety,30,1,,
2024-Q2,RT_LQD_CR,  ‣ Current Ratio,31,2,lần,0.0
2024-Q2,RT_LQD_QR,  ‣ Quick Ratio,32,2,lần,0.0
2024-Q2,RT_LQD_CASH_RATIO,  ‣ Cash Ratio,33,2,lần,0.0
2024-Q2,RT_ASSETS_CURRENT_DEPOSITS,  ‣ Current Deposits,34,2,tỷ VNĐ,
2024-Q2,RT_ASSETS_DEPOSITS_SPECIAL,  ‣ Special Purpose Deposits,35,2,tỷ VNĐ,
2024-Q2,RT_ASSETS_DEPOSITS_CUSTOMERS,  ‣ Customer Deposits,36,2,tỷ VNĐ,
2024-Q2,RT_ASSETS_MARGIN_DEPOSITS,  ‣ Margin Deposits,37,2,tỷ VNĐ,
2024-Q2,RT_CAT_FINANCIAL_LEVERAGE,Financial Leverage,38,1,,
2024-Q2,RT_LEV_DE,  ‣ Debt to Equity Ratio,39,2,lần,5.555725999
2024-Q2,RT_LEV_LOAN_EQUITY,  ‣ Loans to Equity Ratio,40,2,lần,0.0
2024-Q2,RT_LEV_DA,  ‣ Debt to Assets Ratio,41,2,lần,
2024-Q2,RT_LEV_FINANCIAL_LEVERAGE,  ‣ Financial Leverage,42,2,lần,0.0
2024-Q2,RT_LEV_EQUITY_TO_LIABILITIES,  ‣ Equity to Liabilities Ratio,43,2,lần,0.1799944778
2024-Q2,RT_LEV_EQUITY_TO_ASSETS,  ‣ Equity to Assets Ratio,44,2,lần,0.1525384069
2024-Q2,RT_CAT_BANKING_SPECIFICS,Banking Specifics,45,1,,
2024-Q2,RT_BANK_NIM,  ‣ Net Interest Margin (NIM),46,2,%,0.0428759579
2024-Q2,RT_BANK_YIEA,  ‣ Yield on Earning Assets (YIEA),47,2,%,0.0767976768
2024-Q2,RT_BANK_COF,  ‣ Cost of Funds (COF),48,2,%,-0.0371610789
2024-Q2,RT_BANK_NOII,  ‣ Non Interest Income,49,2,tỷ VNĐ,0.4097646468
2024-Q2,RT_BANK_CIR,  ‣ Cost to Income Ratio (CIR),50,2,%,-0.2942670236
2024-Q2,RT_BANK_LOAN_GROWTH,  ‣ Loan Growth,51,2,%,0.0586585766
2024-Q2,RT_BANK_DEPOSIT_GROWTH,  ‣ Deposit Growth,52,2,%,0.0520031288
2024-Q2,RT_BANK_LDR,  ‣ Loan to Deposit Ratio (LDR),53,2,%,1.2287448166
2024-Q2,RT_BANK_NPL,  ‣ Non Performing Loans Ratio (NPL),54,2,%,0.0123075019
2024-Q2,RT_BANK_NPL_COVERAGE,  ‣ NPL Coverage Ratio,55,2,%,-1.01135258
2024-Q2,RT_BANK_PROVISION_TO_LOANS,  ‣ Provision to Loans Ratio,56,2,%,-0.0101313078
2024-Q2,RT_BANK_CAR,  ‣ Capital Adequacy Ratio (CAR),57,2,%,0.0
2024-Q2,RT_BANK_CASA,  ‣ CASA Ratio,58,2,%,0.3737472745
2024-Q2,RT_BANK_EQUITY_TO_LOANS,  ‣ Equity to Loans Ratio,59,2,%,0.2340070456
2024-Q2,RT_BANK_LLR_TO_LOANS,  ‣ Loan Loss Reserve to Loans Ratio,60,2,%,0.0124472238
2024-Q1,RT_CAT_INFO_VALUATION,Valuation & Company Information,1,1,,
2024-Q1,RT_VALUE_PE,  ‣ P/E Ratio,2,2,lần,8.1382371231
2024-Q1,RT_VALUE_PB,  ‣ P/B Ratio,3,2,lần,1.1767518385
2024-Q1,RT_VALUE_PS,  ‣ P/S Ratio,4,2,lần,3.7335128265
2024-Q1,RT_VALUE_P_CF,  ‣ P/CF Ratio,5,2,lần,3.4181033266
2024-Q1,RT_VALUE_EV_EBITDA,  ‣ EV/EBITDA,6,2,lần,0.0
2024-Q1,RT_VALUE_DIVIDEND_YIELD,  ‣ Dividend Yield,7,2,%,0.0
2024-Q1,RT_VALUE_MARKET_CAP,  ‣ Market Capitalization,8,2,tỷ VNĐ,160626492981600.0
2024-Q1,RT_VALUE_EPS,  ‣ Basic EPS,9,2,VNĐ,
2024-Q1,RT_VALUE_BETA,  ‣ Beta,10,2,lần,
2024-Q1,RT_VALUE_BVPS,  ‣ Book Value Per Share,11,2,VNĐ,
2024-Q1,RT_VALUE_EBIT,  ‣ EBIT,12,2,tỷ VNĐ,0.0
2024-Q1,RT_VALUE_EBITDA,  ‣ EBITDA,13,2,tỷ VNĐ,0.0
2024-Q1,RT_VALUE_EQUITY,  ‣ Owner's Equity,14,2,tỷ VNĐ,0.0
2024-Q1,RT_VALUE_OUTSTANDING_SHARES,  ‣ Outstanding Shares,15,2,cổ phiếu,7045021622.0
2024-Q1,RT_CAT_PROFITABILITY,Profitability & Efficiency,16,1,,
2024-Q1,RT_PRT_ROE,  ‣ ROE %,17,2,%,0.1520175167
2024-Q1,RT_PRT_ROA,  ‣ ROA %,18,2,%,0.0242888353
2024-Q1,RT_PRT_ROIC,  ‣ ROIC %,19,2,%,0.0
2024-Q1,RT_PRT_GROSS_MARGIN,  ‣ Gross Profit Margin %,20,2,%,0.6894944168
2024-Q1,RT_PRT_EBIT_MARGIN,  ‣ EBIT Margin %,21,2,%,0.0
2024-Q1,RT_PRT_PRE_TAX_MARGIN,  ‣ Pre Tax Profit Margin %,22,2,%,0.5826324525
2024-Q1,RT_PRT_NET_MARGIN,  ‣ Net Profit Margin %,23,2,%,0.4585444235
2024-Q1,RT_EFF_ATR,  ‣ Asset Turnover,24,2,vòng,0.0
2024-Q1,RT_EFF_FATR,  ‣ Fixed Asset Turnover,25,2,vòng,0.0
2024-Q1,RT_EFF_DSO,  ‣ Days Sales Outstanding,26,2,ngày,0.0
2024-Q1,RT_EFF_DIO,  ‣ Days Inventory Outstanding,27,2,ngày,0.0
2024-Q1,RT_EFF_DPO,  ‣ Days Payable Outstanding,28,2,ngày,0.0
2024-Q1,RT_EFF_CASH_CYCLE,  ‣ Cash Conversion Cycle,29,2,ngày,0.0
2024-Q1,RT_CAT_LIQUIDITY_SAFETY,Liquidity & Financial Safety,30,1,,
2024-Q1,RT_LQD_CR,  ‣ Current Ratio,31,2,lần,0.0
2024-Q1,RT_LQD_QR,  ‣ Quick Ratio,32,2,lần,0.0
2024-Q1,RT_LQD_CASH_RATIO,  ‣ Cash Ratio,33,2,lần,0.0
2024-Q1,RT_ASSETS_CURRENT_DEPOSITS,  ‣ Current Deposits,34,2,tỷ VNĐ,
2024-Q1,RT_ASSETS_DEPOSITS_SPECIAL,  ‣ Special Purpose Deposits,35,2,tỷ VNĐ,
2024-Q1,RT_ASSETS_DEPOSITS_CUSTOMERS,  ‣ Customer Deposits,36,2,tỷ VNĐ,
2024-Q1,RT_ASSETS_MARGIN_DEPOSITS,  ‣ Margin Deposits,37,2,tỷ VNĐ,
2024-Q1,RT_CAT_FINANCIAL_LEVERAGE,Financial Leverage,38,1,,
2024-Q1,RT_LEV_DE,  ‣ Debt to Equity Ratio,39,2,lần,5.423703126
2024-Q1,RT_LEV_LOAN_EQUITY,  ‣ Loans to Equity Ratio,40,2,lần,0.0
2024-Q1,RT_LEV_DA,  ‣ Debt to Assets Ratio,41,2,lần,
2024-Q1,RT_LEV_FINANCIAL_LEVERAGE,  ‣ Financial Leverage,42,2,lần,0.0
2024-Q1,RT_LEV_EQUITY_TO_LIABILITIES,  ‣ Equity to Liabilities Ratio,43,2,lần,0.1843758732
2024-Q1,RT_LEV_EQUITY_TO_ASSETS,  ‣ Equity to Assets Ratio,44,2,lần,0.1556734457
2024-Q1,RT_CAT_BANKING_SPECIFICS,Banking Specifics,45,1,,
2024-Q1,RT_BANK_NIM,  ‣ Net Interest Margin (NIM),46,2,%,0.0409849949
2024-Q1,RT_BANK_YIEA,  ‣ Yield on Earning Assets (YIEA),47,2,%,0.0794211533
2024-Q1,RT_BANK_COF,  ‣ Cost of Funds (COF),48,2,%,-0.0421654339
2024-Q1,RT_BANK_NOII,  ‣ Non Interest Income,49,2,tỷ VNĐ,0.4426338637
2024-Q1,RT_BANK_CIR,  ‣ Cost to Income Ratio (CIR),50,2,%,-0.2649810586
2024-Q1,RT_BANK_LOAN_GROWTH,  ‣ Loan Growth,51,2,%,0.0783495183
2024-Q1,RT_BANK_DEPOSIT_GROWTH,  ‣ Deposit Growth,52,2,%,0.0074339181
2024-Q1,RT_BANK_LDR,  ‣ Loan to Deposit Ratio (LDR),53,2,%,1.221020091
2024-Q1,RT_BANK_NPL,  ‣ Non Performing Loans Ratio (NPL),54,2,%,0.011294799
2024-Q1,RT_BANK_NPL_COVERAGE,  ‣ NPL Coverage Ratio,55,2,%,-1.0606061182
2024-Q1,RT_BANK_PROVISION_TO_LOANS,  ‣ Provision to Loans Ratio,56,2,%,-0.0091036636
2024-Q1,RT_BANK_CAR,  ‣ Capital Adequacy Ratio (CAR),57,2,%,0.0
2024-Q1,RT_BANK_CASA,  ‣ CASA Ratio,58,2,%,0.404665317
2024-Q1,RT_BANK_EQUITY_TO_LOANS,  ‣ Equity to Loans Ratio,59,2,%,0.2465196215
2024-Q1,RT_BANK_LLR_TO_LOANS,  ‣ Loan Loss Reserve to Loans Ratio,60,2,%,0.0119793329
2023-Q4,RT_CAT_INFO_VALUATION,Valuation & Company Information,1,1,,
2023-Q4,RT_VALUE_PE,  ‣ P/E Ratio,2,2,lần,9.2616863103
2023-Q4,RT_VALUE_PB,  ‣ P/B Ratio,3,2,lần,1.2814120995
2023-Q4,RT_VALUE_PS,  ‣ P/S Ratio,4,2,lần,4.1678098151
2023-Q4,RT_VALUE_P_CF,  ‣ P/CF Ratio,5,2,lần,13.8340327013
2023-Q4,RT_VALUE_EV_EBITDA,  ‣ EV/EBITDA,6,2,lần,0.0
2023-Q4,RT_VALUE_DIVIDEND_YIELD,  ‣ Dividend Yield,7,2,%,0.0
2023-Q4,RT_VALUE_MARKET_CAP,  ‣ Market Capitalization,8,2,tỷ VNĐ,166967012441400.0
2023-Q4,RT_VALUE_EPS,  ‣ Basic EPS,9,2,VNĐ,
2023-Q4,RT_VALUE_BETA,  ‣ Beta,10,2,lần,
2023-Q4,RT_VALUE_BVPS,  ‣ Book Value Per Share,11,2,VNĐ,
2023-Q4,RT_VALUE_EBIT,  ‣ EBIT,12,2,tỷ VNĐ,0.0
2023-Q4,RT_VALUE_EBITDA,  ‣ EBITDA,13,2,tỷ VNĐ,0.0
2023-Q4,RT_VALUE_EQUITY,  ‣ Owner's Equity,14,2,tỷ VNĐ,0.0
2023-Q4,RT_VALUE_OUTSTANDING_SHARES,  ‣ Outstanding Shares,15,2,cổ phiếu,3522510811.0
2023-Q4,RT_CAT_PROFITABILITY,Profitability & Efficiency,16,1,,
2023-Q4,RT_PRT_ROE,  ‣ ROE %,17,2,%,0.1469452028
2023-Q4,RT_PRT_ROA,  ‣ ROA %,18,2,%,0.0232529968
2023-Q4,RT_PRT_ROIC,  ‣ ROIC %,19,2,%,0.0
2023-Q4,RT_PRT_GROSS_MARGIN,  ‣ Gross Profit Margin %,20,2,%,0.6692103151
2023-Q4,RT_PRT_EBIT_MARGIN,  ‣ EBIT Margin %,21,2,%,0.0
2023-Q4,RT_PRT_PRE_TAX_MARGIN,  ‣ Pre Tax Profit Margin %,22,2,%,0.571333103
2023-Q4,RT_PRT_NET_MARGIN,  ‣ Net Profit Margin %,23,2,%,0.4494086681
2023-Q4,RT_EFF_ATR,  ‣ Asset Turnover,24,2,vòng,0.0
2023-Q4,RT_EFF_FATR,  ‣ Fixed Asset Turnover,25,2,vòng,0.0
2023-Q4,RT_EFF_DSO,  ‣ Days Sales Outstanding,26,2,ngày,0.0
2023-Q4,RT_EFF_DIO,  ‣ Days Inventory Outstanding,27,2,ngày,0.0
2023-Q4,RT_EFF_DPO,  ‣ Days Payable Outstanding,28,2,ngày,0.0
2023-Q4,RT_EFF_CASH_CYCLE,  ‣ Cash Conversion Cycle,29,2,ngày,0.0
2023-Q4,RT_CAT_LIQUIDITY_SAFETY,Liquidity & Financial Safety,30,1,,
2023-Q4,RT_LQD_CR,  ‣ Current Ratio,31,2,lần,0.0
2023-Q4,RT_LQD_QR,  ‣ Quick Ratio,32,2,lần,0.0
2023-Q4,RT_LQD_CASH_RATIO,  ‣ Cash Ratio,33,2,lần,0.0
2023-Q4,RT_ASSETS_CURRENT_DEPOSITS,  ‣ Current Deposits,34,2,tỷ VNĐ,
2023-Q4,RT_ASSETS_DEPOSITS_SPECIAL,  ‣ Special Purpose Deposits,35,2,tỷ VNĐ,
2023-Q4,RT_ASSETS_DEPOSITS_CUSTOMERS,  ‣ Customer Deposits,36,2,tỷ VNĐ,
2023-Q4,RT_ASSETS_MARGIN_DEPOSITS,  ‣ Margin Deposits,37,2,tỷ VNĐ,
2023-Q4,RT_CAT_FINANCIAL_LEVERAGE,Financial Leverage,38,1,,
2023-Q4,RT_LEV_DE,  ‣ Debt to Equity Ratio,39,2,lần,5.4542425881
2023-Q4,RT_LEV_LOAN_EQUITY,  ‣ Loans to Equity Ratio,40,2,lần,0.0
2023-Q4,RT_LEV_DA,  ‣ Debt to Assets Ratio,41,2,lần,
2023-Q4,RT_LEV_FINANCIAL_LEVERAGE,  ‣ Financial Leverage,42,2,lần,0.0
2023-Q4,RT_LEV_EQUITY_TO_LIABILITIES,  ‣ Equity to Liabilities Ratio,43,2,lần,0.1833435136
2023-Q4,RT_LEV_EQUITY_TO_ASSETS,  ‣ Equity to Assets Ratio,44,2,lần,0.1549368476
2023-Q4,RT_CAT_BANKING_SPECIFICS,Banking Specifics,45,1,,
2023-Q4,RT_BANK_NIM,  ‣ Net Interest Margin (NIM),46,2,%,0.0403256975
2023-Q4,RT_BANK_YIEA,  ‣ Yield on Earning Assets (YIEA),47,2,%,0.0825817061
2023-Q4,RT_BANK_COF,  ‣ Cost of Funds (COF),48,2,%,-0.0463332734
2023-Q4,RT_BANK_NOII,  ‣ Non Interest Income,49,2,tỷ VNĐ,0.4454574607
2023-Q4,RT_BANK_CIR,  ‣ Cost to Income Ratio (CIR),50,2,%,-0.3307896849
2023-Q4,RT_BANK_LOAN_GROWTH,  ‣ Loan Growth,51,2,%,0.2333230252
2023-Q4,RT_BANK_DEPOSIT_GROWTH,  ‣ Deposit Growth,52,2,%,0.2685713657
2023-Q4,RT_BANK_LDR,  ‣ Loan to Deposit Ratio (LDR),53,2,%,1.1407220327
2023-Q4,RT_BANK_NPL,  ‣ Non Performing Loans Ratio (NPL),54,2,%,0.0115670308
2023-Q4,RT_BANK_NPL_COVERAGE,  ‣ NPL Coverage Ratio,55,2,%,-1.0214618988
2023-Q4,RT_BANK_PROVISION_TO_LOANS,  ‣ Provision to Loans Ratio,56,2,%,-0.0083501128
2023-Q4,RT_BANK_CAR,  ‣ Capital Adequacy Ratio (CAR),57,2,%,0.0
2023-Q4,RT_BANK_CASA,  ‣ CASA Ratio,58,2,%,0.3991410726
2023-Q4,RT_BANK_EQUITY_TO_LOANS,  ‣ Equity to Loans Ratio,59,2,%,0.2537707602
2023-Q4,RT_BANK_LLR_TO_LOANS,  ‣ Loan Loss Reserve to Loans Ratio,60,2,%,0.0118152813
2023-Q3,RT_CAT_INFO_VALUATION,Valuation & Company Information,1,1,,
2023-Q3,RT_VALUE_PE,  ‣ P/E Ratio,2,2,lần,7.1247900953
2023-Q3,RT_VALUE_PB,  ‣ P/B Ratio,3,2,lần,0.9693953468
2023-Q3,RT_VALUE_PS,  ‣ P/S Ratio,4,2,lần,3.1726528166
2023-Q3,RT_VALUE_P_CF,  ‣ P/CF Ratio,5,2,lần,7.2031376179
2023-Q3,RT_VALUE_EV_EBITDA,  ‣ EV/EBITDA,6,2,lần,0.0
2023-Q3,RT_VALUE_DIVIDEND_YIELD,  ‣ Dividend Yield,7,2,%,0.0
2023-Q3,RT_VALUE_MARKET_CAP,  ‣ Market Capitalization,8,2,tỷ VNĐ,122054999601150.0
2023-Q3,RT_VALUE_EPS,  ‣ Basic EPS,9,2,VNĐ,
2023-Q3,RT_VALUE_BETA,  ‣ Beta,10,2,lần,
2023-Q3,RT_VALUE_BVPS,  ‣ Book Value Per Share,11,2,VNĐ,
2023-Q3,RT_VALUE_EBIT,  ‣ EBIT,12,2,tỷ VNĐ,0.0
2023-Q3,RT_VALUE_EBITDA,  ‣ EBITDA,13,2,tỷ VNĐ,0.0
2023-Q3,RT_VALUE_EQUITY,  ‣ Owner's Equity,14,2,tỷ VNĐ,0.0
2023-Q3,RT_VALUE_OUTSTANDING_SHARES,  ‣ Outstanding Shares,15,2,cổ phiếu,3522510811.0
2023-Q3,RT_CAT_PROFITABILITY,Profitability & Efficiency,16,1,,
2023-Q3,RT_PRT_ROE,  ‣ ROE %,17,2,%,0.1422843547
2023-Q3,RT_PRT_ROA,  ‣ ROA %,18,2,%,0.0233071141
2023-Q3,RT_PRT_ROIC,  ‣ ROIC %,19,2,%,0.0
2023-Q3,RT_PRT_GROSS_MARGIN,  ‣ Gross Profit Margin %,20,2,%,0.6456665755
2023-Q3,RT_PRT_EBIT_MARGIN,  ‣ EBIT Margin %,21,2,%,0.0
2023-Q3,RT_PRT_PRE_TAX_MARGIN,  ‣ Pre Tax Profit Margin %,22,2,%,0.5682567058
2023-Q3,RT_PRT_NET_MARGIN,  ‣ Net Profit Margin %,23,2,%,0.4447293491
2023-Q3,RT_EFF_ATR,  ‣ Asset Turnover,24,2,vòng,0.0
2023-Q3,RT_EFF_FATR,  ‣ Fixed Asset Turnover,25,2,vòng,0.0
2023-Q3,RT_EFF_DSO,  ‣ Days Sales Outstanding,26,2,ngày,0.0
2023-Q3,RT_EFF_DIO,  ‣ Days Inventory Outstanding,27,2,ngày,0.0
2023-Q3,RT_EFF_DPO,  ‣ Days Payable Outstanding,28,2,ngày,0.0
2023-Q3,RT_EFF_CASH_CYCLE,  ‣ Cash Conversion Cycle,29,2,ngày,0.0
2023-Q3,RT_CAT_LIQUIDITY_SAFETY,Liquidity & Financial Safety,30,1,,
2023-Q3,RT_LQD_CR,  ‣ Current Ratio,31,2,lần,0.0
2023-Q3,RT_LQD_QR,  ‣ Quick Ratio,32,2,lần,0.0
2023-Q3,RT_LQD_CASH_RATIO,  ‣ Cash Ratio,33,2,lần,0.0
2023-Q3,RT_ASSETS_CURRENT_DEPOSITS,  ‣ Current Deposits,34,2,tỷ VNĐ,
2023-Q3,RT_ASSETS_DEPOSITS_SPECIAL,  ‣ Special Purpose Deposits,35,2,tỷ VNĐ,
2023-Q3,RT_ASSETS_DEPOSITS_CUSTOMERS,  ‣ Customer Deposits,36,2,tỷ VNĐ,
2023-Q3,RT_ASSETS_MARGIN_DEPOSITS,  ‣ Margin Deposits,37,2,tỷ VNĐ,
2023-Q3,RT_CAT_FINANCIAL_LEVERAGE,Financial Leverage,38,1,,
2023-Q3,RT_LEV_DE,  ‣ Debt to Equity Ratio,39,2,lần,5.1455201852
2023-Q3,RT_LEV_LOAN_EQUITY,  ‣ Loans to Equity Ratio,40,2,lần,0.0
2023-Q3,RT_LEV_DA,  ‣ Debt to Assets Ratio,41,2,lần,
2023-Q3,RT_LEV_FINANCIAL_LEVERAGE,  ‣ Financial Leverage,42,2,lần,0.0
2023-Q3,RT_LEV_EQUITY_TO_LIABILITIES,  ‣ Equity to Liabilities Ratio,43,2,lần,0.1943438105
2023-Q3,RT_LEV_EQUITY_TO_ASSETS,  ‣ Equity to Assets Ratio,44,2,lần,0.1627201555
2023-Q3,RT_CAT_BANKING_SPECIFICS,Banking Specifics,45,1,,
2023-Q3,RT_BANK_NIM,  ‣ Net Interest Margin (NIM),46,2,%,0.0412021869
2023-Q3,RT_BANK_YIEA,  ‣ Yield on Earning Assets (YIEA),47,2,%,0.0834548338
2023-Q3,RT_BANK_COF,  ‣ Cost of Funds (COF),48,2,%,-0.0466567778
2023-Q3,RT_BANK_NOII,  ‣ Non Interest Income,49,2,tỷ VNĐ,0.4314925689
2023-Q3,RT_BANK_CIR,  ‣ Cost to Income Ratio (CIR),50,2,%,-0.3484890761
2023-Q3,RT_BANK_LOAN_GROWTH,  ‣ Loan Growth,51,2,%,0.0194179519
2023-Q3,RT_BANK_DEPOSIT_GROWTH,  ‣ Deposit Growth,52,2,%,0.0709472443
2023-Q3,RT_BANK_LDR,  ‣ Loan to Deposit Ratio (LDR),53,2,%,1.1627231396
2023-Q3,RT_BANK_NPL,  ‣ Non Performing Loans Ratio (NPL),54,2,%,0.0135983389
2023-Q3,RT_BANK_NPL_COVERAGE,  ‣ NPL Coverage Ratio,55,2,%,-0.9303632377
2023-Q3,RT_BANK_PROVISION_TO_LOANS,  ‣ Provision to Loans Ratio,56,2,%,-0.0065161219
2023-Q3,RT_BANK_CAR,  ‣ Capital Adequacy Ratio (CAR),57,2,%,0.0
2023-Q3,RT_BANK_CASA,  ‣ CASA Ratio,58,2,%,0.3363451966
2023-Q3,RT_BANK_EQUITY_TO_LOANS,  ‣ Equity to Loans Ratio,59,2,%,0.2673008664
2023-Q3,RT_BANK_LLR_TO_LOANS,  ‣ Loan Loss Reserve to Loans Ratio,60,2,%,0.0126513946
2023-Q2,RT_CAT_INFO_VALUATION,Valuation & Company Information,1,1,,
2023-Q2,RT_VALUE_PE,  ‣ P/E Ratio,2,2,lần,6.4222572428
2023-Q2,RT_VALUE_PB,  ‣ P/B Ratio,3,2,lần,0.9427913607
2023-Q2,RT_VALUE_PS,  ‣ P/S Ratio,4,2,lần,2.9775401266
2023-Q2,RT_VALUE_P_CF,  ‣ P/CF Ratio,5,2,lần,10.6547251461
2023-Q2,RT_VALUE_EV_EBITDA,  ‣ EV/EBITDA,6,2,lần,0.0
2023-Q2,RT_VALUE_DIVIDEND_YIELD,  ‣ Dividend Yield,7,2,%,0.0
2023-Q2,RT_VALUE_MARKET_CAP,  ‣ Market Capitalization,8,2,tỷ VNĐ,114310251705000.0
2023-Q2,RT_VALUE_EPS,  ‣ Basic EPS,9,2,VNĐ,
2023-Q2,RT_VALUE_BETA,  ‣ Beta,10,2,lần,
2023-Q2,RT_VALUE_BVPS,  ‣ Book Value Per Share,11,2,VNĐ,
2023-Q2,RT_VALUE_EBIT,  ‣ EBIT,12,2,tỷ VNĐ,0.0
2023-Q2,RT_VALUE_EBITDA,  ‣ EBITDA,13,2,tỷ VNĐ,0.0
2023-Q2,RT_VALUE_EQUITY,  ‣ Owner's Equity,14,2,tỷ VNĐ,0.0
2023-Q2,RT_VALUE_OUTSTANDING_SHARES,  ‣ Outstanding Shares,15,2,cổ phiếu,3517238514.0
2023-Q2,RT_CAT_PROFITABILITY,Profitability & Efficiency,16,1,,
2023-Q2,RT_PRT_ROE,  ‣ ROE %,17,2,%,0.1534793772
2023-Q2,RT_PRT_ROA,  ‣ ROA %,18,2,%,0.0251830618
2023-Q2,RT_PRT_ROIC,  ‣ ROIC %,19,2,%,0.0
2023-Q2,RT_PRT_GROSS_MARGIN,  ‣ Gross Profit Margin %,20,2,%,0.6609910412
2023-Q2,RT_PRT_EBIT_MARGIN,  ‣ EBIT Margin %,21,2,%,0.0
2023-Q2,RT_PRT_PRE_TAX_MARGIN,  ‣ Pre Tax Profit Margin %,22,2,%,0.5921639891
2023-Q2,RT_PRT_NET_MARGIN,  ‣ Net Profit Margin %,23,2,%,0.4635009371
2023-Q2,RT_EFF_ATR,  ‣ Asset Turnover,24,2,vòng,0.0
2023-Q2,RT_EFF_FATR,  ‣ Fixed Asset Turnover,25,2,vòng,0.0
2023-Q2,RT_EFF_DSO,  ‣ Days Sales Outstanding,26,2,ngày,0.0
2023-Q2,RT_EFF_DIO,  ‣ Days Inventory Outstanding,27,2,ngày,0.0
2023-Q2,RT_EFF_DPO,  ‣ Days Payable Outstanding,28,2,ngày,0.0
2023-Q2,RT_EFF_CASH_CYCLE,  ‣ Cash Conversion Cycle,29,2,ngày,0.0
2023-Q2,RT_CAT_LIQUIDITY_SAFETY,Liquidity & Financial Safety,30,1,,
2023-Q2,RT_LQD_CR,  ‣ Current Ratio,31,2,lần,0.0
2023-Q2,RT_LQD_QR,  ‣ Quick Ratio,32,2,lần,0.0
2023-Q2,RT_LQD_CASH_RATIO,  ‣ Cash Ratio,33,2,lần,0.0
2023-Q2,RT_ASSETS_CURRENT_DEPOSITS,  ‣ Current Deposits,34,2,tỷ VNĐ,
2023-Q2,RT_ASSETS_DEPOSITS_SPECIAL,  ‣ Special Purpose Deposits,35,2,tỷ VNĐ,
2023-Q2,RT_ASSETS_DEPOSITS_CUSTOMERS,  ‣ Customer Deposits,36,2,tỷ VNĐ,
2023-Q2,RT_ASSETS_MARGIN_DEPOSITS,  ‣ Margin Deposits,37,2,tỷ VNĐ,
2023-Q2,RT_CAT_FINANCIAL_LEVERAGE,Financial Leverage,38,1,,
2023-Q2,RT_LEV_DE,  ‣ Debt to Equity Ratio,39,2,lần,4.981058657
2023-Q2,RT_LEV_LOAN_EQUITY,  ‣ Loans to Equity Ratio,40,2,lần,0.0
2023-Q2,RT_LEV_DA,  ‣ Debt to Assets Ratio,41,2,lần,
2023-Q2,RT_LEV_FINANCIAL_LEVERAGE,  ‣ Financial Leverage,42,2,lần,0.0
2023-Q2,RT_LEV_EQUITY_TO_LIABILITIES,  ‣ Equity to Liabilities Ratio,43,2,lần,0.2007605348
2023-Q2,RT_LEV_EQUITY_TO_ASSETS,  ‣ Equity to Assets Ratio,44,2,lần,0.1671944813
2023-Q2,RT_CAT_BANKING_SPECIFICS,Banking Specifics,45,1,,
2023-Q2,RT_BANK_NIM,  ‣ Net Interest Margin (NIM),46,2,%,0.043358568
2023-Q2,RT_BANK_YIEA,  ‣ Yield on Earning Assets (YIEA),47,2,%,0.0816464156
2023-Q2,RT_BANK_COF,  ‣ Cost of Funds (COF),48,2,%,-0.0422057851
2023-Q2,RT_BANK_NOII,  ‣ Non Interest Income,49,2,tỷ VNĐ,0.4813855775
2023-Q2,RT_BANK_CIR,  ‣ Cost to Income Ratio (CIR),50,2,%,-0.3076501224
2023-Q2,RT_BANK_LOAN_GROWTH,  ‣ Loan Growth,51,2,%,0.0024082745
2023-Q2,RT_BANK_DEPOSIT_GROWTH,  ‣ Deposit Growth,52,2,%,-0.0138171989
2023-Q2,RT_BANK_LDR,  ‣ Loan to Deposit Ratio (LDR),53,2,%,1.2214961881
2023-Q2,RT_BANK_NPL,  ‣ Non Performing Loans Ratio (NPL),54,2,%,0.0107434501
2023-Q2,RT_BANK_NPL_COVERAGE,  ‣ NPL Coverage Ratio,55,2,%,-1.1557876638
2023-Q2,RT_BANK_PROVISION_TO_LOANS,  ‣ Provision to Loans Ratio,56,2,%,-0.0059949322
2023-Q2,RT_BANK_CAR,  ‣ Capital Adequacy Ratio (CAR),57,2,%,0.0
2023-Q2,RT_BANK_CASA,  ‣ CASA Ratio,58,2,%,0.3491994805
2023-Q2,RT_BANK_EQUITY_TO_LOANS,  ‣ Equity to Loans Ratio,59,2,%,0.2624926868
2023-Q2,RT_BANK_LLR_TO_LOANS,  ‣ Loan Loss Reserve to Loans Ratio,60,2,%,0.0124171471
2023-Q1,RT_CAT_INFO_VALUATION,Valuation & Company Information,1,1,,
2023-Q1,RT_VALUE_PE,  ‣ P/E Ratio,2,2,lần,5.8110753933
2023-Q1,RT_VALUE_PB,  ‣ P/B Ratio,3,2,lần,0.9531244902
2023-Q1,RT_VALUE_PS,  ‣ P/S Ratio,4,2,lần,2.7767660012
2023-Q1,RT_VALUE_P_CF,  ‣ P/CF Ratio,5,2,lần,12.1096845279
2023-Q1,RT_VALUE_EV_EBITDA,  ‣ EV/EBITDA,6,2,lần,0.0
2023-Q1,RT_VALUE_DIVIDEND_YIELD,  ‣ Dividend Yield,7,2,%,0.0
2023-Q1,RT_VALUE_MARKET_CAP,  ‣ Market Capitalization,8,2,tỷ VNĐ,111320598968100.0
2023-Q1,RT_VALUE_EPS,  ‣ Basic EPS,9,2,VNĐ,
2023-Q1,RT_VALUE_BETA,  ‣ Beta,10,2,lần,
2023-Q1,RT_VALUE_BVPS,  ‣ Book Value Per Share,11,2,VNĐ,
2023-Q1,RT_VALUE_EBIT,  ‣ EBIT,12,2,tỷ VNĐ,0.0
2023-Q1,RT_VALUE_EBITDA,  ‣ EBITDA,13,2,tỷ VNĐ,0.0
2023-Q1,RT_VALUE_EQUITY,  ‣ Owner's Equity,14,2,tỷ VNĐ,0.0
2023-Q1,RT_VALUE_OUTSTANDING_SHARES,  ‣ Outstanding Shares,15,2,cổ phiếu,3517238514.0
2023-Q1,RT_CAT_PROFITABILITY,Profitability & Efficiency,16,1,,
2023-Q1,RT_PRT_ROE,  ‣ ROE %,17,2,%,0.1717736593
2023-Q1,RT_PRT_ROA,  ‣ ROA %,18,2,%,0.0281753894
2023-Q1,RT_PRT_ROIC,  ‣ ROIC %,19,2,%,0.0
2023-Q1,RT_PRT_GROSS_MARGIN,  ‣ Gross Profit Margin %,20,2,%,0.6649593921
2023-Q1,RT_PRT_EBIT_MARGIN,  ‣ EBIT Margin %,21,2,%,0.0
2023-Q1,RT_PRT_PRE_TAX_MARGIN,  ‣ Pre Tax Profit Margin %,22,2,%,0.6087748826
2023-Q1,RT_PRT_NET_MARGIN,  ‣ Net Profit Margin %,23,2,%,0.4774918784
2023-Q1,RT_EFF_ATR,  ‣ Asset Turnover,24,2,vòng,0.0
2023-Q1,RT_EFF_FATR,  ‣ Fixed Asset Turnover,25,2,vòng,0.0
2023-Q1,RT_EFF_DSO,  ‣ Days Sales Outstanding,26,2,ngày,0.0
2023-Q1,RT_EFF_DIO,  ‣ Days Inventory Outstanding,27,2,ngày,0.0
2023-Q1,RT_EFF_DPO,  ‣ Days Payable Outstanding,28,2,ngày,0.0
2023-Q1,RT_EFF_CASH_CYCLE,  ‣ Cash Conversion Cycle,29,2,ngày,0.0
2023-Q1,RT_CAT_LIQUIDITY_SAFETY,Liquidity & Financial Safety,30,1,,
2023-Q1,RT_LQD_CR,  ‣ Current Ratio,31,2,lần,0.0
2023-Q1,RT_LQD_QR,  ‣ Quick Ratio,32,2,lần,0.0
2023-Q1,RT_LQD_CASH_RATIO,  ‣ Cash Ratio,33,2,lần,0.0
2023-Q1,RT_ASSETS_CURRENT_DEPOSITS,  ‣ Current Deposits,34,2,tỷ VNĐ,
2023-Q1,RT_ASSETS_DEPOSITS_SPECIAL,  ‣ Special Purpose Deposits,35,2,tỷ VNĐ,
2023-Q1,RT_ASSETS_DEPOSITS_CUSTOMERS,  ‣ Customer Deposits,36,2,tỷ VNĐ,
2023-Q1,RT_ASSETS_MARGIN_DEPOSITS,  ‣ Margin Deposits,37,2,tỷ VNĐ,
2023-Q1,RT_CAT_FINANCIAL_LEVERAGE,Financial Leverage,38,1,,
2023-Q1,RT_LEV_DE,  ‣ Debt to Equity Ratio,39,2,lần,5.1333043576
2023-Q1,RT_LEV_LOAN_EQUITY,  ‣ Loans to Equity Ratio,40,2,lần,0.0
2023-Q1,RT_LEV_DA,  ‣ Debt to Assets Ratio,41,2,lần,
2023-Q1,RT_LEV_FINANCIAL_LEVERAGE,  ‣ Financial Leverage,42,2,lần,0.0
2023-Q1,RT_LEV_EQUITY_TO_LIABILITIES,  ‣ Equity to Liabilities Ratio,43,2,lần,0.1948062944
2023-Q1,RT_LEV_EQUITY_TO_ASSETS,  ‣ Equity to Assets Ratio,44,2,lần,0.1630442485
2023-Q1,RT_CAT_BANKING_SPECIFICS,Banking Specifics,45,1,,
2023-Q1,RT_BANK_NIM,  ‣ Net Interest Margin (NIM),46,2,%,0.0473989189
2023-Q1,RT_BANK_YIEA,  ‣ Yield on Earning Assets (YIEA),47,2,%,0.0789224269
2023-Q1,RT_BANK_COF,  ‣ Cost of Funds (COF),48,2,%,-0.034930042
2023-Q1,RT_BANK_NOII,  ‣ Non Interest Income,49,2,tỷ VNĐ,0.424468046
2023-Q1,RT_BANK_CIR,  ‣ Cost to Income Ratio (CIR),50,2,%,-0.3378596542
2023-Q1,RT_BANK_LOAN_GROWTH,  ‣ Loan Growth,51,2,%,0.1067755265
2023-Q1,RT_BANK_DEPOSIT_GROWTH,  ‣ Deposit Growth,52,2,%,0.080618864
2023-Q1,RT_BANK_LDR,  ‣ Loan to Deposit Ratio (LDR),53,2,%,1.2017244499
2023-Q1,RT_BANK_NPL,  ‣ Non Performing Loans Ratio (NPL),54,2,%,0.008478797
2023-Q1,RT_BANK_NPL_COVERAGE,  ‣ NPL Coverage Ratio,55,2,%,-1.3380084926
2023-Q1,RT_BANK_PROVISION_TO_LOANS,  ‣ Provision to Loans Ratio,56,2,%,-0.0053365232
2023-Q1,RT_BANK_CAR,  ‣ Capital Adequacy Ratio (CAR),57,2,%,0.0
2023-Q1,RT_BANK_CASA,  ‣ CASA Ratio,58,2,%,0.3203339623
2023-Q1,RT_BANK_EQUITY_TO_LOANS,  ‣ Equity to Loans Ratio,59,2,%,0.2534572242
2023-Q1,RT_BANK_LLR_TO_LOANS,  ‣ Loan Loss Reserve to Loans Ratio,60,2,%,0.0113447023
2022-Q4,RT_CAT_INFO_VALUATION,Valuation & Company Information,1,1,,
2022-Q4,RT_VALUE_PE,  ‣ P/E Ratio,2,2,lần,5.0385353485
2022-Q4,RT_VALUE_PB,  ‣ P/B Ratio,3,2,lần,0.9051804774
2022-Q4,RT_VALUE_PS,  ‣ P/S Ratio,4,2,lần,2.4851595091
2022-Q4,RT_VALUE_P_CF,  ‣ P/CF Ratio,5,2,lần,1.8303791335
2022-Q4,RT_VALUE_EV_EBITDA,  ‣ EV/EBITDA,6,2,lần,0.0
2022-Q4,RT_VALUE_DIVIDEND_YIELD,  ‣ Dividend Yield,7,2,%,0.0
2022-Q4,RT_VALUE_MARKET_CAP,  ‣ Market Capitalization,8,2,tỷ VNĐ,101648193054600.0
2022-Q4,RT_VALUE_EPS,  ‣ Basic EPS,9,2,VNĐ,
2022-Q4,RT_VALUE_BETA,  ‣ Beta,10,2,lần,
2022-Q4,RT_VALUE_BVPS,  ‣ Book Value Per Share,11,2,VNĐ,
2022-Q4,RT_VALUE_EBIT,  ‣ EBIT,12,2,tỷ VNĐ,0.0
2022-Q4,RT_VALUE_EBITDA,  ‣ EBITDA,13,2,tỷ VNĐ,0.0
2022-Q4,RT_VALUE_EQUITY,  ‣ Owner's Equity,14,2,tỷ VNĐ,0.0
2022-Q4,RT_VALUE_OUTSTANDING_SHARES,  ‣ Outstanding Shares,15,2,cổ phiếu,3517238514.0
2022-Q4,RT_CAT_PROFITABILITY,Profitability & Efficiency,16,1,,
2022-Q4,RT_PRT_ROE,  ‣ ROE %,17,2,%,0.1951927606
2022-Q4,RT_PRT_ROA,  ‣ ROA %,18,2,%,0.0317889084
2022-Q4,RT_PRT_ROIC,  ‣ ROIC %,19,2,%,0.0
2022-Q4,RT_PRT_GROSS_MARGIN,  ‣ Gross Profit Margin %,20,2,%,0.6724367563
2022-Q4,RT_PRT_EBIT_MARGIN,  ‣ EBIT Margin %,21,2,%,0.0
2022-Q4,RT_PRT_PRE_TAX_MARGIN,  ‣ Pre Tax Profit Margin %,22,2,%,0.6250970122
2022-Q4,RT_PRT_NET_MARGIN,  ‣ Net Profit Margin %,23,2,%,0.4926492002
2022-Q4,RT_EFF_ATR,  ‣ Asset Turnover,24,2,vòng,0.0
2022-Q4,RT_EFF_FATR,  ‣ Fixed Asset Turnover,25,2,vòng,0.0
2022-Q4,RT_EFF_DSO,  ‣ Days Sales Outstanding,26,2,ngày,0.0
2022-Q4,RT_EFF_DIO,  ‣ Days Inventory Outstanding,27,2,ngày,0.0
2022-Q4,RT_EFF_DPO,  ‣ Days Payable Outstanding,28,2,ngày,0.0
2022-Q4,RT_EFF_CASH_CYCLE,  ‣ Cash Conversion Cycle,29,2,ngày,0.0
2022-Q4,RT_CAT_LIQUIDITY_SAFETY,Liquidity & Financial Safety,30,1,,
2022-Q4,RT_LQD_CR,  ‣ Current Ratio,31,2,lần,0.0
2022-Q4,RT_LQD_QR,  ‣ Quick Ratio,32,2,lần,0.0
2022-Q4,RT_LQD_CASH_RATIO,  ‣ Cash Ratio,33,2,lần,0.0
2022-Q4,RT_ASSETS_CURRENT_DEPOSITS,  ‣ Current Deposits,34,2,tỷ VNĐ,
2022-Q4,RT_ASSETS_DEPOSITS_SPECIAL,  ‣ Special Purpose Deposits,35,2,tỷ VNĐ,
2022-Q4,RT_ASSETS_DEPOSITS_CUSTOMERS,  ‣ Customer Deposits,36,2,tỷ VNĐ,
2022-Q4,RT_ASSETS_MARGIN_DEPOSITS,  ‣ Margin Deposits,37,2,tỷ VNĐ,
2022-Q4,RT_CAT_FINANCIAL_LEVERAGE,Financial Leverage,38,1,,
2022-Q4,RT_LEV_DE,  ‣ Debt to Equity Ratio,39,2,lần,5.1629513206
2022-Q4,RT_LEV_LOAN_EQUITY,  ‣ Loans to Equity Ratio,40,2,lần,0.0
2022-Q4,RT_LEV_DA,  ‣ Debt to Assets Ratio,41,2,lần,
2022-Q4,RT_LEV_FINANCIAL_LEVERAGE,  ‣ Financial Leverage,42,2,lần,0.0
2022-Q4,RT_LEV_EQUITY_TO_LIABILITIES,  ‣ Equity to Liabilities Ratio,43,2,lần,0.1936876678
2022-Q4,RT_LEV_EQUITY_TO_ASSETS,  ‣ Equity to Assets Ratio,44,2,lần,0.1622599219
2022-Q4,RT_CAT_BANKING_SPECIFICS,Banking Specifics,45,1,,
2022-Q4,RT_BANK_NIM,  ‣ Net Interest Margin (NIM),46,2,%,0.0531923979
2022-Q4,RT_BANK_YIEA,  ‣ Yield on Earning Assets (YIEA),47,2,%,0.0785908783
2022-Q4,RT_BANK_COF,  ‣ Cost of Funds (COF),48,2,%,-0.0283342979
2022-Q4,RT_BANK_NOII,  ‣ Non Interest Income,49,2,tỷ VNĐ,0.350069091
2022-Q4,RT_BANK_CIR,  ‣ Cost to Income Ratio (CIR),50,2,%,-0.3275632437
2022-Q4,RT_BANK_LOAN_GROWTH,  ‣ Loan Growth,51,2,%,0.2106932657
2022-Q4,RT_BANK_DEPOSIT_GROWTH,  ‣ Deposit Growth,52,2,%,0.1386843839
2022-Q4,RT_BANK_LDR,  ‣ Loan to Deposit Ratio (LDR),53,2,%,1.1733238392
2022-Q4,RT_BANK_NPL,  ‣ Non Performing Loans Ratio (NPL),54,2,%,0.0072115197
2022-Q4,RT_BANK_NPL_COVERAGE,  ‣ NPL Coverage Ratio,55,2,%,-1.5733777614
2022-Q4,RT_BANK_PROVISION_TO_LOANS,  ‣ Provision to Loans Ratio,56,2,%,-0.0050433191
2022-Q4,RT_BANK_CAR,  ‣ Capital Adequacy Ratio (CAR),57,2,%,0.0
2022-Q4,RT_BANK_CASA,  ‣ CASA Ratio,58,2,%,0.3695882788
2022-Q4,RT_BANK_EQUITY_TO_LOANS,  ‣ Equity to Loans Ratio,59,2,%,0.2697231206
2022-Q4,RT_BANK_LLR_TO_LOANS,  ‣ Loan Loss Reserve to Loans Ratio,60,2,%,0.0113464448
2022-Q3,RT_CAT_INFO_VALUATION,Valuation & Company Information,1,1,,
2022-Q3,RT_VALUE_PE,  ‣ P/E Ratio,2,2,lần,4.6050342182
2022-Q3,RT_VALUE_PB,  ‣ P/B Ratio,3,2,lần,0.8981549631
2022-Q3,RT_VALUE_PS,  ‣ P/S Ratio,4,2,lần,2.3485558247
2022-Q3,RT_VALUE_P_CF,  ‣ P/CF Ratio,5,2,lần,3.6141723143
2022-Q3,RT_VALUE_EV_EBITDA,  ‣ EV/EBITDA,6,2,lần,0.0
2022-Q3,RT_VALUE_DIVIDEND_YIELD,  ‣ Dividend Yield,7,2,%,0.0
2022-Q3,RT_VALUE_MARKET_CAP,  ‣ Market Capitalization,8,2,tỷ VNĐ,97779230689200.0
2022-Q3,RT_VALUE_EPS,  ‣ Basic EPS,9,2,VNĐ,
2022-Q3,RT_VALUE_BETA,  ‣ Beta,10,2,lần,
2022-Q3,RT_VALUE_BVPS,  ‣ Book Value Per Share,11,2,VNĐ,
2022-Q3,RT_VALUE_EBIT,  ‣ EBIT,12,2,tỷ VNĐ,0.0
2022-Q3,RT_VALUE_EBITDA,  ‣ EBITDA,13,2,tỷ VNĐ,0.0
2022-Q3,RT_VALUE_EQUITY,  ‣ Owner's Equity,14,2,tỷ VNĐ,0.0
2022-Q3,RT_VALUE_OUTSTANDING_SHARES,  ‣ Outstanding Shares,15,2,cổ phiếu,3517238514.0
2022-Q3,RT_CAT_PROFITABILITY,Profitability & Efficiency,16,1,,
2022-Q3,RT_PRT_ROE,  ‣ ROE %,17,2,%,0.2088422915
2022-Q3,RT_PRT_ROA,  ‣ ROA %,18,2,%,0.0342022573
2022-Q3,RT_PRT_ROIC,  ‣ ROIC %,19,2,%,0.0
2022-Q3,RT_PRT_GROSS_MARGIN,  ‣ Gross Profit Margin %,20,2,%,0.6925566359
2022-Q3,RT_PRT_EBIT_MARGIN,  ‣ EBIT Margin %,21,2,%,0.0
2022-Q3,RT_PRT_PRE_TAX_MARGIN,  ‣ Pre Tax Profit Margin %,22,2,%,0.6475878751
2022-Q3,RT_PRT_NET_MARGIN,  ‣ Net Profit Margin %,23,2,%,0.5091620458
2022-Q3,RT_EFF_ATR,  ‣ Asset Turnover,24,2,vòng,0.0
2022-Q3,RT_EFF_FATR,  ‣ Fixed Asset Turnover,25,2,vòng,0.0
2022-Q3,RT_EFF_DSO,  ‣ Days Sales Outstanding,26,2,ngày,0.0
2022-Q3,RT_EFF_DIO,  ‣ Days Inventory Outstanding,27,2,ngày,0.0
2022-Q3,RT_EFF_DPO,  ‣ Days Payable Outstanding,28,2,ngày,0.0
2022-Q3,RT_EFF_CASH_CYCLE,  ‣ Cash Conversion Cycle,29,2,ngày,0.0
2022-Q3,RT_CAT_LIQUIDITY_SAFETY,Liquidity & Financial Safety,30,1,,
2022-Q3,RT_LQD_CR,  ‣ Current Ratio,31,2,lần,0.0
2022-Q3,RT_LQD_QR,  ‣ Quick Ratio,32,2,lần,0.0
2022-Q3,RT_LQD_CASH_RATIO,  ‣ Cash Ratio,33,2,lần,0.0
2022-Q3,RT_ASSETS_CURRENT_DEPOSITS,  ‣ Current Deposits,34,2,tỷ VNĐ,
2022-Q3,RT_ASSETS_DEPOSITS_SPECIAL,  ‣ Special Purpose Deposits,35,2,tỷ VNĐ,
2022-Q3,RT_ASSETS_DEPOSITS_CUSTOMERS,  ‣ Customer Deposits,36,2,tỷ VNĐ,
2022-Q3,RT_ASSETS_MARGIN_DEPOSITS,  ‣ Margin Deposits,37,2,tỷ VNĐ,
2022-Q3,RT_CAT_FINANCIAL_LEVERAGE,Financial Leverage,38,1,,
2022-Q3,RT_LEV_DE,  ‣ Debt to Equity Ratio,39,2,lần,5.1088145824
2022-Q3,RT_LEV_LOAN_EQUITY,  ‣ Loans to Equity Ratio,40,2,lần,0.0
2022-Q3,RT_LEV_DA,  ‣ Debt to Assets Ratio,41,2,lần,
2022-Q3,RT_LEV_FINANCIAL_LEVERAGE,  ‣ Financial Leverage,42,2,lần,0.0
2022-Q3,RT_LEV_EQUITY_TO_LIABILITIES,  ‣ Equity to Liabilities Ratio,43,2,lần,0.195740124
2022-Q3,RT_LEV_EQUITY_TO_ASSETS,  ‣ Equity to Assets Ratio,44,2,lần,0.1636978806
2022-Q3,RT_CAT_BANKING_SPECIFICS,Banking Specifics,45,1,,
2022-Q3,RT_BANK_NIM,  ‣ Net Interest Margin (NIM),46,2,%,0.0547316868
2022-Q3,RT_BANK_YIEA,  ‣ Yield on Earning Assets (YIEA),47,2,%,0.0748638476
2022-Q3,RT_BANK_COF,  ‣ Cost of Funds (COF),48,2,%,-0.0225773431
2022-Q3,RT_BANK_NOII,  ‣ Non Interest Income,49,2,tỷ VNĐ,0.365673949
2022-Q3,RT_BANK_CIR,  ‣ Cost to Income Ratio (CIR),50,2,%,-0.2915374071
2022-Q3,RT_BANK_LOAN_GROWTH,  ‣ Loan Growth,51,2,%,0.0477818139
2022-Q3,RT_BANK_DEPOSIT_GROWTH,  ‣ Deposit Growth,52,2,%,-0.0084406045
2022-Q3,RT_BANK_LDR,  ‣ Loan to Deposit Ratio (LDR),53,2,%,1.2873052078
2022-Q3,RT_BANK_NPL,  ‣ Non Performing Loans Ratio (NPL),54,2,%,0.0064921153
2022-Q3,RT_BANK_NPL_COVERAGE,  ‣ NPL Coverage Ratio,55,2,%,-1.6498761308
2022-Q3,RT_BANK_PROVISION_TO_LOANS,  ‣ Provision to Loans Ratio,56,2,%,-0.0049416731
2022-Q3,RT_BANK_CAR,  ‣ Capital Adequacy Ratio (CAR),57,2,%,0.0
2022-Q3,RT_BANK_CASA,  ‣ CASA Ratio,58,2,%,0.4646251964
2022-Q3,RT_BANK_EQUITY_TO_LOANS,  ‣ Equity to Loans Ratio,59,2,%,0.2676903151
2022-Q3,RT_BANK_LLR_TO_LOANS,  ‣ Loan Loss Reserve to Loans Ratio,60,2,%,0.010711186
2022-Q2,RT_CAT_INFO_VALUATION,Valuation & Company Information,1,1,,
2022-Q2,RT_VALUE_PE,  ‣ P/E Ratio,2,2,lần,4.3885697734
2022-Q2,RT_VALUE_PB,  ‣ P/B Ratio,3,2,lần,0.8591419325
2022-Q2,RT_VALUE_PS,  ‣ P/S Ratio,4,2,lần,2.2205148755
2022-Q2,RT_VALUE_P_CF,  ‣ P/CF Ratio,5,2,lần,3.0589838413
2022-Q2,RT_VALUE_EV_EBITDA,  ‣ EV/EBITDA,6,2,lần,0.0
2022-Q2,RT_VALUE_DIVIDEND_YIELD,  ‣ Dividend Yield,7,2,%,0.0
2022-Q2,RT_VALUE_MARKET_CAP,  ‣ Market Capitalization,8,2,tỷ VNĐ,88986134404200.0
2022-Q2,RT_VALUE_EPS,  ‣ Basic EPS,9,2,VNĐ,
2022-Q2,RT_VALUE_BETA,  ‣ Beta,10,2,lần,
2022-Q2,RT_VALUE_BVPS,  ‣ Book Value Per Share,11,2,VNĐ,
2022-Q2,RT_VALUE_EBIT,  ‣ EBIT,12,2,tỷ VNĐ,0.0
2022-Q2,RT_VALUE_EBITDA,  ‣ EBITDA,13,2,tỷ VNĐ,0.0
2022-Q2,RT_VALUE_EQUITY,  ‣ Owner's Equity,14,2,tỷ VNĐ,0.0
2022-Q2,RT_VALUE_OUTSTANDING_SHARES,  ‣ Outstanding Shares,15,2,cổ phiếu,3517238514.0
2022-Q2,RT_CAT_PROFITABILITY,Profitability & Efficiency,16,1,,
2022-Q2,RT_PRT_ROE,  ‣ ROE %,17,2,%,0.2105372576
2022-Q2,RT_PRT_ROA,  ‣ ROA %,18,2,%,0.0344555893
2022-Q2,RT_PRT_ROIC,  ‣ ROIC %,19,2,%,0.0
2022-Q2,RT_PRT_GROSS_MARGIN,  ‣ Gross Profit Margin %,20,2,%,0.6902299839
2022-Q2,RT_PRT_EBIT_MARGIN,  ‣ EBIT Margin %,21,2,%,0.0
2022-Q2,RT_PRT_PRE_TAX_MARGIN,  ‣ Pre Tax Profit Margin %,22,2,%,0.6440190595
2022-Q2,RT_PRT_NET_MARGIN,  ‣ Net Profit Margin %,23,2,%,0.5050080163
2022-Q2,RT_EFF_ATR,  ‣ Asset Turnover,24,2,vòng,0.0
2022-Q2,RT_EFF_FATR,  ‣ Fixed Asset Turnover,25,2,vòng,0.0
2022-Q2,RT_EFF_DSO,  ‣ Days Sales Outstanding,26,2,ngày,0.0
2022-Q2,RT_EFF_DIO,  ‣ Days Inventory Outstanding,27,2,ngày,0.0
2022-Q2,RT_EFF_DPO,  ‣ Days Payable Outstanding,28,2,ngày,0.0
2022-Q2,RT_EFF_CASH_CYCLE,  ‣ Cash Conversion Cycle,29,2,ngày,0.0
2022-Q2,RT_CAT_LIQUIDITY_SAFETY,Liquidity & Financial Safety,30,1,,
2022-Q2,RT_LQD_CR,  ‣ Current Ratio,31,2,lần,0.0
2022-Q2,RT_LQD_QR,  ‣ Quick Ratio,32,2,lần,0.0
2022-Q2,RT_LQD_CASH_RATIO,  ‣ Cash Ratio,33,2,lần,0.0
2022-Q2,RT_ASSETS_CURRENT_DEPOSITS,  ‣ Current Deposits,34,2,tỷ VNĐ,
2022-Q2,RT_ASSETS_DEPOSITS_SPECIAL,  ‣ Special Purpose Deposits,35,2,tỷ VNĐ,
2022-Q2,RT_ASSETS_DEPOSITS_CUSTOMERS,  ‣ Customer Deposits,36,2,tỷ VNĐ,
2022-Q2,RT_ASSETS_MARGIN_DEPOSITS,  ‣ Margin Deposits,37,2,tỷ VNĐ,
2022-Q2,RT_CAT_FINANCIAL_LEVERAGE,Financial Leverage,38,1,,
2022-Q2,RT_LEV_DE,  ‣ Debt to Equity Ratio,39,2,lần,4.9702087077
2022-Q2,RT_LEV_LOAN_EQUITY,  ‣ Loans to Equity Ratio,40,2,lần,0.0
2022-Q2,RT_LEV_DA,  ‣ Debt to Assets Ratio,41,2,lần,
2022-Q2,RT_LEV_FINANCIAL_LEVERAGE,  ‣ Financial Leverage,42,2,lần,0.0
2022-Q2,RT_LEV_EQUITY_TO_LIABILITIES,  ‣ Equity to Liabilities Ratio,43,2,lần,0.2011987944
2022-Q2,RT_LEV_EQUITY_TO_ASSETS,  ‣ Equity to Assets Ratio,44,2,lần,0.167498332
2022-Q2,RT_CAT_BANKING_SPECIFICS,Banking Specifics,45,1,,
2022-Q2,RT_BANK_NIM,  ‣ Net Interest Margin (NIM),46,2,%,0.055630912
2022-Q2,RT_BANK_YIEA,  ‣ Yield on Earning Assets (YIEA),47,2,%,0.0742226963
2022-Q2,RT_BANK_COF,  ‣ Cost of Funds (COF),48,2,%,-0.0210151514
2022-Q2,RT_BANK_NOII,  ‣ Non Interest Income,49,2,tỷ VNĐ,0.4142013436
2022-Q2,RT_BANK_CIR,  ‣ Cost to Income Ratio (CIR),50,2,%,-0.2980525662
2022-Q2,RT_BANK_LOAN_GROWTH,  ‣ Loan Growth,51,2,%,0.0713101603
2022-Q2,RT_BANK_DEPOSIT_GROWTH,  ‣ Deposit Growth,52,2,%,-0.0221347357
2022-Q2,RT_BANK_LDR,  ‣ Loan to Deposit Ratio (LDR),53,2,%,1.2182303193
2022-Q2,RT_BANK_NPL,  ‣ Non Performing Loans Ratio (NPL),54,2,%,0.0060213953
2022-Q2,RT_BANK_NPL_COVERAGE,  ‣ NPL Coverage Ratio,55,2,%,-1.7160294932
2022-Q2,RT_BANK_PROVISION_TO_LOANS,  ‣ Provision to Loans Ratio,56,2,%,-0.0051948032
2022-Q2,RT_BANK_CAR,  ‣ Capital Adequacy Ratio (CAR),57,2,%,0.1583
2022-Q2,RT_BANK_CASA,  ‣ CASA Ratio,58,2,%,0.474635164
2022-Q2,RT_BANK_EQUITY_TO_LOANS,  ‣ Equity to Loans Ratio,59,2,%,0.2666381125
2022-Q2,RT_BANK_LLR_TO_LOANS,  ‣ Loan Loss Reserve to Loans Ratio,60,2,%,0.0103328919
2022-Q1,RT_CAT_INFO_VALUATION,Valuation & Company Information,1,1,,
2022-Q1,RT_VALUE_PE,  ‣ P/E Ratio,2,2,lần,6.614888531
2022-Q1,RT_VALUE_PB,  ‣ P/B Ratio,3,2,lần,1.297252187
2022-Q1,RT_VALUE_PS,  ‣ P/S Ratio,4,2,lần,3.3130357966
2022-Q1,RT_VALUE_P_CF,  ‣ P/CF Ratio,5,2,lần,2.8614591858
2022-Q1,RT_VALUE_EV_EBITDA,  ‣ EV/EBITDA,6,2,lần,0.0
2022-Q1,RT_VALUE_DIVIDEND_YIELD,  ‣ Dividend Yield,7,2,%,0.0
2022-Q1,RT_VALUE_MARKET_CAP,  ‣ Market Capitalization,8,2,tỷ VNĐ,126744024207800.0
2022-Q1,RT_VALUE_EPS,  ‣ Basic EPS,9,2,VNĐ,
2022-Q1,RT_VALUE_BETA,  ‣ Beta,10,2,lần,
2022-Q1,RT_VALUE_BVPS,  ‣ Book Value Per Share,11,2,VNĐ,
2022-Q1,RT_VALUE_EBIT,  ‣ EBIT,12,2,tỷ VNĐ,0.0
2022-Q1,RT_VALUE_EBITDA,  ‣ EBITDA,13,2,tỷ VNĐ,0.0
2022-Q1,RT_VALUE_EQUITY,  ‣ Owner's Equity,14,2,tỷ VNĐ,0.0
2022-Q1,RT_VALUE_OUTSTANDING_SHARES,  ‣ Outstanding Shares,15,2,cổ phiếu,3510914798.0
2022-Q1,RT_CAT_PROFITABILITY,Profitability & Efficiency,16,1,,
2022-Q1,RT_PRT_ROE,  ‣ ROE %,17,2,%,0.2153483588
2022-Q1,RT_PRT_ROA,  ‣ ROA %,18,2,%,0.0358061672
2022-Q1,RT_PRT_ROIC,  ‣ ROIC %,19,2,%,0.0
2022-Q1,RT_PRT_GROSS_MARGIN,  ‣ Gross Profit Margin %,20,2,%,0.6986377359
2022-Q1,RT_PRT_EBIT_MARGIN,  ‣ EBIT Margin %,21,2,%,0.0
2022-Q1,RT_PRT_PRE_TAX_MARGIN,  ‣ Pre Tax Profit Margin %,22,2,%,0.6267696248
2022-Q1,RT_PRT_NET_MARGIN,  ‣ Net Profit Margin %,23,2,%,0.4868947112
2022-Q1,RT_EFF_ATR,  ‣ Asset Turnover,24,2,vòng,0.0
2022-Q1,RT_EFF_FATR,  ‣ Fixed Asset Turnover,25,2,vòng,0.0
2022-Q1,RT_EFF_DSO,  ‣ Days Sales Outstanding,26,2,ngày,0.0
2022-Q1,RT_EFF_DIO,  ‣ Days Inventory Outstanding,27,2,ngày,0.0
2022-Q1,RT_EFF_DPO,  ‣ Days Payable Outstanding,28,2,ngày,0.0
2022-Q1,RT_EFF_CASH_CYCLE,  ‣ Cash Conversion Cycle,29,2,ngày,0.0
2022-Q1,RT_CAT_LIQUIDITY_SAFETY,Liquidity & Financial Safety,30,1,,
2022-Q1,RT_LQD_CR,  ‣ Current Ratio,31,2,lần,0.0
2022-Q1,RT_LQD_QR,  ‣ Quick Ratio,32,2,lần,0.0
2022-Q1,RT_LQD_CASH_RATIO,  ‣ Cash Ratio,33,2,lần,0.0
2022-Q1,RT_ASSETS_CURRENT_DEPOSITS,  ‣ Current Deposits,34,2,tỷ VNĐ,
2022-Q1,RT_ASSETS_DEPOSITS_SPECIAL,  ‣ Special Purpose Deposits,35,2,tỷ VNĐ,
2022-Q1,RT_ASSETS_DEPOSITS_CUSTOMERS,  ‣ Customer Deposits,36,2,tỷ VNĐ,
2022-Q1,RT_ASSETS_MARGIN_DEPOSITS,  ‣ Margin Deposits,37,2,tỷ VNĐ,
2022-Q1,RT_CAT_FINANCIAL_LEVERAGE,Financial Leverage,38,1,,
2022-Q1,RT_LEV_DE,  ‣ Debt to Equity Ratio,39,2,lần,5.112639211
2022-Q1,RT_LEV_LOAN_EQUITY,  ‣ Loans to Equity Ratio,40,2,lần,0.0
2022-Q1,RT_LEV_DA,  ‣ Debt to Assets Ratio,41,2,lần,
2022-Q1,RT_LEV_FINANCIAL_LEVERAGE,  ‣ Financial Leverage,42,2,lần,0.0
2022-Q1,RT_LEV_EQUITY_TO_LIABILITIES,  ‣ Equity to Liabilities Ratio,43,2,lần,0.1955936961
2022-Q1,RT_LEV_EQUITY_TO_ASSETS,  ‣ Equity to Assets Ratio,44,2,lần,0.1635954561
2022-Q1,RT_CAT_BANKING_SPECIFICS,Banking Specifics,45,1,,
2022-Q1,RT_BANK_NIM,  ‣ Net Interest Margin (NIM),46,2,%,0.0579415057
2022-Q1,RT_BANK_YIEA,  ‣ Yield on Earning Assets (YIEA),47,2,%,0.077049389
2022-Q1,RT_BANK_COF,  ‣ Cost of Funds (COF),48,2,%,-0.0216400402
2022-Q1,RT_BANK_NOII,  ‣ Non Interest Income,49,2,tỷ VNĐ,0.3885450903
2022-Q1,RT_BANK_CIR,  ‣ Cost to Income Ratio (CIR),50,2,%,-0.3013622641
2022-Q1,RT_BANK_LOAN_GROWTH,  ‣ Loan Growth,51,2,%,0.251569141
2022-Q1,RT_BANK_DEPOSIT_GROWTH,  ‣ Deposit Growth,52,2,%,0.1344123669
2022-Q1,RT_BANK_LDR,  ‣ Loan to Deposit Ratio (LDR),53,2,%,1.1035375935
2022-Q1,RT_BANK_NPL,  ‣ Non Performing Loans Ratio (NPL),54,2,%,0.0066040934
2022-Q1,RT_BANK_NPL_COVERAGE,  ‣ NPL Coverage Ratio,55,2,%,-1.6285388823
2022-Q1,RT_BANK_PROVISION_TO_LOANS,  ‣ Provision to Loans Ratio,56,2,%,-0.00852856
2022-Q1,RT_BANK_CAR,  ‣ Capital Adequacy Ratio (CAR),57,2,%,0.0
2022-Q1,RT_BANK_CASA,  ‣ CASA Ratio,58,2,%,0.5039161967
2022-Q1,RT_BANK_EQUITY_TO_LOANS,  ‣ Equity to Loans Ratio,59,2,%,0.267867619
2022-Q1,RT_BANK_LLR_TO_LOANS,  ‣ Loan Loss Reserve to Loans Ratio,60,2,%,0.0107550228
2021-Q4,RT_CAT_INFO_VALUATION,Valuation & Company Information,1,1,,
2021-Q4,RT_VALUE_PE,  ‣ P/E Ratio,2,2,lần,8.8579073991
2021-Q4,RT_VALUE_PB,  ‣ P/B Ratio,3,2,lần,1.7365199257
2021-Q4,RT_VALUE_PS,  ‣ P/S Ratio,4,2,lần,4.3180617713
2021-Q4,RT_VALUE_P_CF,  ‣ P/CF Ratio,5,2,lần,12.4651078934
2021-Q4,RT_VALUE_EV_EBITDA,  ‣ EV/EBITDA,6,2,lần,0.0
2021-Q4,RT_VALUE_DIVIDEND_YIELD,  ‣ Dividend Yield,7,2,%,0.0
2021-Q4,RT_VALUE_MARKET_CAP,  ‣ Market Capitalization,8,2,tỷ VNĐ,160097714788800.0
2021-Q4,RT_VALUE_EPS,  ‣ Basic EPS,9,2,VNĐ,
2021-Q4,RT_VALUE_BETA,  ‣ Beta,10,2,lần,
2021-Q4,RT_VALUE_BVPS,  ‣ Book Value Per Share,11,2,VNĐ,
2021-Q4,RT_VALUE_EBIT,  ‣ EBIT,12,2,tỷ VNĐ,0.0
2021-Q4,RT_VALUE_EBITDA,  ‣ EBITDA,13,2,tỷ VNĐ,0.0
2021-Q4,RT_VALUE_EQUITY,  ‣ Owner's Equity,14,2,tỷ VNĐ,0.0
2021-Q4,RT_VALUE_OUTSTANDING_SHARES,  ‣ Outstanding Shares,15,2,cổ phiếu,3510914798.0
2021-Q4,RT_CAT_PROFITABILITY,Profitability & Efficiency,16,1,,
2021-Q4,RT_PRT_ROE,  ‣ ROE %,17,2,%,0.2134837729
2021-Q4,RT_PRT_ROA,  ‣ ROA %,18,2,%,0.0357192966
2021-Q4,RT_PRT_ROIC,  ‣ ROIC %,19,2,%,0.0
2021-Q4,RT_PRT_GROSS_MARGIN,  ‣ Gross Profit Margin %,20,2,%,0.7090975618
2021-Q4,RT_PRT_EBIT_MARGIN,  ‣ EBIT Margin %,21,2,%,0.0
2021-Q4,RT_PRT_PRE_TAX_MARGIN,  ‣ Pre Tax Profit Margin %,22,2,%,0.6397855614
2021-Q4,RT_PRT_NET_MARGIN,  ‣ Net Profit Margin %,23,2,%,0.5016999237
2021-Q4,RT_EFF_ATR,  ‣ Asset Turnover,24,2,vòng,0.0
2021-Q4,RT_EFF_FATR,  ‣ Fixed Asset Turnover,25,2,vòng,0.0
2021-Q4,RT_EFF_DSO,  ‣ Days Sales Outstanding,26,2,ngày,0.0
2021-Q4,RT_EFF_DIO,  ‣ Days Inventory Outstanding,27,2,ngày,0.0
2021-Q4,RT_EFF_DPO,  ‣ Days Payable Outstanding,28,2,ngày,0.0
2021-Q4,RT_EFF_CASH_CYCLE,  ‣ Cash Conversion Cycle,29,2,ngày,0.0
2021-Q4,RT_CAT_LIQUIDITY_SAFETY,Liquidity & Financial Safety,30,1,,
2021-Q4,RT_LQD_CR,  ‣ Current Ratio,31,2,lần,0.0
2021-Q4,RT_LQD_QR,  ‣ Quick Ratio,32,2,lần,0.0
2021-Q4,RT_LQD_CASH_RATIO,  ‣ Cash Ratio,33,2,lần,0.0
2021-Q4,RT_ASSETS_CURRENT_DEPOSITS,  ‣ Current Deposits,34,2,tỷ VNĐ,
2021-Q4,RT_ASSETS_DEPOSITS_SPECIAL,  ‣ Special Purpose Deposits,35,2,tỷ VNĐ,
2021-Q4,RT_ASSETS_DEPOSITS_CUSTOMERS,  ‣ Customer Deposits,36,2,tỷ VNĐ,
2021-Q4,RT_ASSETS_MARGIN_DEPOSITS,  ‣ Margin Deposits,37,2,tỷ VNĐ,
2021-Q4,RT_CAT_FINANCIAL_LEVERAGE,Financial Leverage,38,1,,
2021-Q4,RT_LEV_DE,  ‣ Debt to Equity Ratio,39,2,lần,5.1281746976
2021-Q4,RT_LEV_LOAN_EQUITY,  ‣ Loans to Equity Ratio,40,2,lần,0.0
2021-Q4,RT_LEV_DA,  ‣ Debt to Assets Ratio,41,2,lần,
2021-Q4,RT_LEV_FINANCIAL_LEVERAGE,  ‣ Financial Leverage,42,2,lần,0.0
2021-Q4,RT_LEV_EQUITY_TO_LIABILITIES,  ‣ Equity to Liabilities Ratio,43,2,lần,0.1950011571
2021-Q4,RT_LEV_EQUITY_TO_ASSETS,  ‣ Equity to Assets Ratio,44,2,lần,0.1631807266
2021-Q4,RT_CAT_BANKING_SPECIFICS,Banking Specifics,45,1,,
2021-Q4,RT_BANK_NIM,  ‣ Net Interest Margin (NIM),46,2,%,0.0560761342
2021-Q4,RT_BANK_YIEA,  ‣ Yield on Earning Assets (YIEA),47,2,%,0.0757717769
2021-Q4,RT_BANK_COF,  ‣ Cost of Funds (COF),48,2,%,-0.0222375115
2021-Q4,RT_BANK_NOII,  ‣ Non Interest Income,49,2,tỷ VNĐ,0.3020605595
2021-Q4,RT_BANK_CIR,  ‣ Cost to Income Ratio (CIR),50,2,%,-0.2993329991
2021-Q4,RT_BANK_LOAN_GROWTH,  ‣ Loan Growth,51,2,%,0.0240117673
2021-Q4,RT_BANK_DEPOSIT_GROWTH,  ‣ Deposit Growth,52,2,%,0.0934603181
2021-Q4,RT_BANK_LDR,  ‣ Loan to Deposit Ratio (LDR),53,2,%,1.014748174
2021-Q4,RT_BANK_NPL,  ‣ Non Performing Loans Ratio (NPL),54,2,%,0.0056969895
2021-Q4,RT_BANK_NPL_COVERAGE,  ‣ NPL Coverage Ratio,55,2,%,-1.8442557654
2021-Q4,RT_BANK_PROVISION_TO_LOANS,  ‣ Provision to Loans Ratio,56,2,%,-0.0079567793
2021-Q4,RT_BANK_CAR,  ‣ Capital Adequacy Ratio (CAR),57,2,%,0.0
2021-Q4,RT_BANK_CASA,  ‣ CASA Ratio,58,2,%,0.504708488
2021-Q4,RT_BANK_EQUITY_TO_LOANS,  ‣ Equity to Loans Ratio,59,2,%,0.2753049028
2021-Q4,RT_BANK_LLR_TO_LOANS,  ‣ Loan Loss Reserve to Loans Ratio,60,2,%,0.0105067058
2021-Q3,RT_CAT_INFO_VALUATION,Valuation & Company Information,1,1,,
2021-Q3,RT_VALUE_PE,  ‣ P/E Ratio,2,2,lần,9.8186642285
2021-Q3,RT_VALUE_PB,  ‣ P/B Ratio,3,2,lần,1.9531524668
2021-Q3,RT_VALUE_PS,  ‣ P/S Ratio,4,2,lần,4.9354390142
2021-Q3,RT_VALUE_P_CF,  ‣ P/CF Ratio,5,2,lần,7.8556897456
2021-Q3,RT_VALUE_EV_EBITDA,  ‣ EV/EBITDA,6,2,lần,0.0
2021-Q3,RT_VALUE_DIVIDEND_YIELD,  ‣ Dividend Yield,7,2,%,0.0
2021-Q3,RT_VALUE_MARKET_CAP,  ‣ Market Capitalization,8,2,tỷ VNĐ,171157096402500.0
2021-Q3,RT_VALUE_EPS,  ‣ Basic EPS,9,2,VNĐ,
2021-Q3,RT_VALUE_BETA,  ‣ Beta,10,2,lần,
2021-Q3,RT_VALUE_BVPS,  ‣ Book Value Per Share,11,2,VNĐ,
2021-Q3,RT_VALUE_EBIT,  ‣ EBIT,12,2,tỷ VNĐ,0.0
2021-Q3,RT_VALUE_EBITDA,  ‣ EBITDA,13,2,tỷ VNĐ,0.0
2021-Q3,RT_VALUE_EQUITY,  ‣ Owner's Equity,14,2,tỷ VNĐ,0.0
2021-Q3,RT_VALUE_OUTSTANDING_SHARES,  ‣ Outstanding Shares,15,2,cổ phiếu,3510914798.0
2021-Q3,RT_CAT_PROFITABILITY,Profitability & Efficiency,16,1,,
2021-Q3,RT_PRT_ROE,  ‣ ROE %,17,2,%,0.2134837729
2021-Q3,RT_PRT_ROA,  ‣ ROA %,18,2,%,0.0357192966
2021-Q3,RT_PRT_ROIC,  ‣ ROIC %,19,2,%,0.0
2021-Q3,RT_PRT_GROSS_MARGIN,  ‣ Gross Profit Margin %,20,2,%,0.7090975618
2021-Q3,RT_PRT_EBIT_MARGIN,  ‣ EBIT Margin %,21,2,%,0.0
2021-Q3,RT_PRT_PRE_TAX_MARGIN,  ‣ Pre Tax Profit Margin %,22,2,%,0.6397855614
2021-Q3,RT_PRT_NET_MARGIN,  ‣ Net Profit Margin %,23,2,%,0.5016999237
2021-Q3,RT_EFF_ATR,  ‣ Asset Turnover,24,2,vòng,0.0
2021-Q3,RT_EFF_FATR,  ‣ Fixed Asset Turnover,25,2,vòng,0.0
2021-Q3,RT_EFF_DSO,  ‣ Days Sales Outstanding,26,2,ngày,0.0
2021-Q3,RT_EFF_DIO,  ‣ Days Inventory Outstanding,27,2,ngày,0.0
2021-Q3,RT_EFF_DPO,  ‣ Days Payable Outstanding,28,2,ngày,0.0
2021-Q3,RT_EFF_CASH_CYCLE,  ‣ Cash Conversion Cycle,29,2,ngày,0.0
2021-Q3,RT_CAT_LIQUIDITY_SAFETY,Liquidity & Financial Safety,30,1,,
2021-Q3,RT_LQD_CR,  ‣ Current Ratio,31,2,lần,0.0
2021-Q3,RT_LQD_QR,  ‣ Quick Ratio,32,2,lần,0.0
2021-Q3,RT_LQD_CASH_RATIO,  ‣ Cash Ratio,33,2,lần,0.0
2021-Q3,RT_ASSETS_CURRENT_DEPOSITS,  ‣ Current Deposits,34,2,tỷ VNĐ,
2021-Q3,RT_ASSETS_DEPOSITS_SPECIAL,  ‣ Special Purpose Deposits,35,2,tỷ VNĐ,
2021-Q3,RT_ASSETS_DEPOSITS_CUSTOMERS,  ‣ Customer Deposits,36,2,tỷ VNĐ,
2021-Q3,RT_ASSETS_MARGIN_DEPOSITS,  ‣ Margin Deposits,37,2,tỷ VNĐ,
2021-Q3,RT_CAT_FINANCIAL_LEVERAGE,Financial Leverage,38,1,,
2021-Q3,RT_LEV_DE,  ‣ Debt to Equity Ratio,39,2,lần,5.1281746976
2021-Q3,RT_LEV_LOAN_EQUITY,  ‣ Loans to Equity Ratio,40,2,lần,0.0
2021-Q3,RT_LEV_DA,  ‣ Debt to Assets Ratio,41,2,lần,
2021-Q3,RT_LEV_FINANCIAL_LEVERAGE,  ‣ Financial Leverage,42,2,lần,0.0
2021-Q3,RT_LEV_EQUITY_TO_LIABILITIES,  ‣ Equity to Liabilities Ratio,43,2,lần,0.1950011571
2021-Q3,RT_LEV_EQUITY_TO_ASSETS,  ‣ Equity to Assets Ratio,44,2,lần,0.1631807266
2021-Q3,RT_CAT_BANKING_SPECIFICS,Banking Specifics,45,1,,
2021-Q3,RT_BANK_NIM,  ‣ Net Interest Margin (NIM),46,2,%,0.0560761342
2021-Q3,RT_BANK_YIEA,  ‣ Yield on Earning Assets (YIEA),47,2,%,0.0757717769
2021-Q3,RT_BANK_COF,  ‣ Cost of Funds (COF),48,2,%,-0.0222375115
2021-Q3,RT_BANK_NOII,  ‣ Non Interest Income,49,2,tỷ VNĐ,0.3020605595
2021-Q3,RT_BANK_CIR,  ‣ Cost to Income Ratio (CIR),50,2,%,-0.2993329991
2021-Q3,RT_BANK_LOAN_GROWTH,  ‣ Loan Growth,51,2,%,0.0240117673
2021-Q3,RT_BANK_DEPOSIT_GROWTH,  ‣ Deposit Growth,52,2,%,0.0934603181
2021-Q3,RT_BANK_LDR,  ‣ Loan to Deposit Ratio (LDR),53,2,%,1.014748174
2021-Q3,RT_BANK_NPL,  ‣ Non Performing Loans Ratio (NPL),54,2,%,0.0056969895
2021-Q3,RT_BANK_NPL_COVERAGE,  ‣ NPL Coverage Ratio,55,2,%,-1.8442557654
2021-Q3,RT_BANK_PROVISION_TO_LOANS,  ‣ Provision to Loans Ratio,56,2,%,-0.0079567793
2021-Q3,RT_BANK_CAR,  ‣ Capital Adequacy Ratio (CAR),57,2,%,0.0
2021-Q3,RT_BANK_CASA,  ‣ CASA Ratio,58,2,%,0.4899527523
2021-Q3,RT_BANK_EQUITY_TO_LOANS,  ‣ Equity to Loans Ratio,59,2,%,0.2753049028
2021-Q3,RT_BANK_LLR_TO_LOANS,  ‣ Loan Loss Reserve to Loans Ratio,60,2,%,0.0105067058
2021-Q1,RT_CAT_INFO_VALUATION,Valuation & Company Information,1,1,,
2021-Q1,RT_VALUE_PE,  ‣ P/E Ratio,2,2,lần,13.1316545048
2021-Q1,RT_VALUE_PB,  ‣ P/B Ratio,3,2,lần,2.3877963955
2021-Q1,RT_VALUE_PS,  ‣ P/S Ratio,4,2,lần,6.2620587385
2021-Q1,RT_VALUE_P_CF,  ‣ P/CF Ratio,5,2,lần,-8.9583637135
2021-Q1,RT_VALUE_EV_EBITDA,  ‣ EV/EBITDA,6,2,lần,0.0
2021-Q1,RT_VALUE_DIVIDEND_YIELD,  ‣ Dividend Yield,7,2,%,0.0
2021-Q1,RT_VALUE_MARKET_CAP,  ‣ Market Capitalization,8,2,tỷ VNĐ,187512483305000.0
2021-Q1,RT_VALUE_EPS,  ‣ Basic EPS,9,2,VNĐ,
2021-Q1,RT_VALUE_BETA,  ‣ Beta,10,2,lần,
2021-Q1,RT_VALUE_BVPS,  ‣ Book Value Per Share,11,2,VNĐ,
2021-Q1,RT_VALUE_EBIT,  ‣ EBIT,12,2,tỷ VNĐ,0.0
2021-Q1,RT_VALUE_EBITDA,  ‣ EBITDA,13,2,tỷ VNĐ,0.0
2021-Q1,RT_VALUE_EQUITY,  ‣ Owner's Equity,14,2,tỷ VNĐ,0.0
2021-Q1,RT_VALUE_OUTSTANDING_SHARES,  ‣ Outstanding Shares,15,2,cổ phiếu,3504906230.0
2021-Q1,RT_CAT_PROFITABILITY,Profitability & Efficiency,16,1,,
2021-Q1,RT_PRT_ROE,  ‣ ROE %,17,2,%,0.1955916265
2021-Q1,RT_PRT_ROA,  ‣ ROA %,18,2,%,0.0335713803
2021-Q1,RT_PRT_ROIC,  ‣ ROIC %,19,2,%,0.0
2021-Q1,RT_PRT_GROSS_MARGIN,  ‣ Gross Profit Margin %,20,2,%,0.6975535815
2021-Q1,RT_PRT_EBIT_MARGIN,  ‣ EBIT Margin %,21,2,%,0.0
2021-Q1,RT_PRT_PRE_TAX_MARGIN,  ‣ Pre Tax Profit Margin %,22,2,%,0.6077255035
2021-Q1,RT_PRT_NET_MARGIN,  ‣ Net Profit Margin %,23,2,%,0.4764099239
2021-Q1,RT_EFF_ATR,  ‣ Asset Turnover,24,2,vòng,0.0
2021-Q1,RT_EFF_FATR,  ‣ Fixed Asset Turnover,25,2,vòng,0.0
2021-Q1,RT_EFF_DSO,  ‣ Days Sales Outstanding,26,2,ngày,0.0
2021-Q1,RT_EFF_DIO,  ‣ Days Inventory Outstanding,27,2,ngày,0.0
2021-Q1,RT_EFF_DPO,  ‣ Days Payable Outstanding,28,2,ngày,0.0
2021-Q1,RT_EFF_CASH_CYCLE,  ‣ Cash Conversion Cycle,29,2,ngày,0.0
2021-Q1,RT_CAT_LIQUIDITY_SAFETY,Liquidity & Financial Safety,30,1,,
2021-Q1,RT_LQD_CR,  ‣ Current Ratio,31,2,lần,0.0
2021-Q1,RT_LQD_QR,  ‣ Quick Ratio,32,2,lần,0.0
2021-Q1,RT_LQD_CASH_RATIO,  ‣ Cash Ratio,33,2,lần,0.0
2021-Q1,RT_ASSETS_CURRENT_DEPOSITS,  ‣ Current Deposits,34,2,tỷ VNĐ,
2021-Q1,RT_ASSETS_DEPOSITS_SPECIAL,  ‣ Special Purpose Deposits,35,2,tỷ VNĐ,
2021-Q1,RT_ASSETS_DEPOSITS_CUSTOMERS,  ‣ Customer Deposits,36,2,tỷ VNĐ,
2021-Q1,RT_ASSETS_MARGIN_DEPOSITS,  ‣ Margin Deposits,37,2,tỷ VNĐ,
2021-Q1,RT_CAT_FINANCIAL_LEVERAGE,Financial Leverage,38,1,,
2021-Q1,RT_LEV_DE,  ‣ Debt to Equity Ratio,39,2,lần,4.8516438261
2021-Q1,RT_LEV_LOAN_EQUITY,  ‣ Loans to Equity Ratio,40,2,lần,0.0
2021-Q1,RT_LEV_DA,  ‣ Debt to Assets Ratio,41,2,lần,
2021-Q1,RT_LEV_FINANCIAL_LEVERAGE,  ‣ Financial Leverage,42,2,lần,0.0
2021-Q1,RT_LEV_EQUITY_TO_LIABILITIES,  ‣ Equity to Liabilities Ratio,43,2,lần,0.2061157076
2021-Q1,RT_LEV_EQUITY_TO_ASSETS,  ‣ Equity to Assets Ratio,44,2,lần,0.1708921509
2021-Q1,RT_CAT_BANKING_SPECIFICS,Banking Specifics,45,1,,
2021-Q1,RT_BANK_NIM,  ‣ Net Interest Margin (NIM),46,2,%,0.0536387018
2021-Q1,RT_BANK_YIEA,  ‣ Yield on Earning Assets (YIEA),47,2,%,0.0782647593
2021-Q1,RT_BANK_COF,  ‣ Cost of Funds (COF),48,2,%,-0.0279009509
2021-Q1,RT_BANK_NOII,  ‣ Non Interest Income,49,2,tỷ VNĐ,0.4586198489
2021-Q1,RT_BANK_CIR,  ‣ Cost to Income Ratio (CIR),50,2,%,-0.2869486158
2021-Q1,RT_BANK_LOAN_GROWTH,  ‣ Loan Growth,51,2,%,0.0676177787
2021-Q1,RT_BANK_DEPOSIT_GROWTH,  ‣ Deposit Growth,52,2,%,0.0359955437
2021-Q1,RT_BANK_LDR,  ‣ Loan to Deposit Ratio (LDR),53,2,%,1.0307685244
2021-Q1,RT_BANK_NPL,  ‣ Non Performing Loans Ratio (NPL),54,2,%,0.0038317972
2021-Q1,RT_BANK_NPL_COVERAGE,  ‣ NPL Coverage Ratio,55,2,%,-2.1939287816
2021-Q1,RT_BANK_PROVISION_TO_LOANS,  ‣ Provision to Loans Ratio,56,2,%,-0.0103834841
2021-Q1,RT_BANK_CAR,  ‣ Capital Adequacy Ratio (CAR),57,2,%,0.0
2021-Q1,RT_BANK_CASA,  ‣ CASA Ratio,58,2,%,0.4424295615
2021-Q1,RT_BANK_EQUITY_TO_LOANS,  ‣ Equity to Loans Ratio,59,2,%,0.2669435625
2021-Q1,RT_BANK_LLR_TO_LOANS,  ‣ Loan Loss Reserve to Loans Ratio,60,2,%,0.0084066901
2020-Q4,RT_CAT_INFO_VALUATION,Valuation & Company Information,1,1,,
2020-Q4,RT_VALUE_PE,  ‣ P/E Ratio,2,2,lần,11.2185517693
2020-Q4,RT_VALUE_PB,  ‣ P/B Ratio,3,2,lần,1.8651941237
2020-Q4,RT_VALUE_PS,  ‣ P/S Ratio,4,2,lần,5.113004265
2020-Q4,RT_VALUE_P_CF,  ‣ P/CF Ratio,5,2,lần,-13.7056055781
2020-Q4,RT_VALUE_EV_EBITDA,  ‣ EV/EBITDA,6,2,lần,0.0
2020-Q4,RT_VALUE_DIVIDEND_YIELD,  ‣ Dividend Yield,7,2,%,0.0
2020-Q4,RT_VALUE_MARKET_CAP,  ‣ Market Capitalization,8,2,tỷ VNĐ,138268550773500.0
2020-Q4,RT_VALUE_EPS,  ‣ Basic EPS,9,2,VNĐ,
2020-Q4,RT_VALUE_BETA,  ‣ Beta,10,2,lần,
2020-Q4,RT_VALUE_BVPS,  ‣ Book Value Per Share,11,2,VNĐ,
2020-Q4,RT_VALUE_EBIT,  ‣ EBIT,12,2,tỷ VNĐ,0.0
2020-Q4,RT_VALUE_EBITDA,  ‣ EBITDA,13,2,tỷ VNĐ,0.0
2020-Q4,RT_VALUE_EQUITY,  ‣ Owner's Equity,14,2,tỷ VNĐ,0.0
2020-Q4,RT_VALUE_OUTSTANDING_SHARES,  ‣ Outstanding Shares,15,2,cổ phiếu,3504906230.0
2020-Q4,RT_CAT_PROFITABILITY,Profitability & Efficiency,16,1,,
2020-Q4,RT_PRT_ROE,  ‣ ROE %,17,2,%,0.1803381614
2020-Q4,RT_PRT_ROA,  ‣ ROA %,18,2,%,0.0299403745
2020-Q4,RT_PRT_ROIC,  ‣ ROIC %,19,2,%,0.0
2020-Q4,RT_PRT_GROSS_MARGIN,  ‣ Gross Profit Margin %,20,2,%,0.6808288175
2020-Q4,RT_PRT_EBIT_MARGIN,  ‣ EBIT Margin %,21,2,%,0.0
2020-Q4,RT_PRT_PRE_TAX_MARGIN,  ‣ Pre Tax Profit Margin %,22,2,%,0.584275892
2020-Q4,RT_PRT_NET_MARGIN,  ‣ Net Profit Margin %,23,2,%,0.4557633041
2020-Q4,RT_EFF_ATR,  ‣ Asset Turnover,24,2,vòng,0.0
2020-Q4,RT_EFF_FATR,  ‣ Fixed Asset Turnover,25,2,vòng,0.0
2020-Q4,RT_EFF_DSO,  ‣ Days Sales Outstanding,26,2,ngày,0.0
2020-Q4,RT_EFF_DIO,  ‣ Days Inventory Outstanding,27,2,ngày,0.0
2020-Q4,RT_EFF_DPO,  ‣ Days Payable Outstanding,28,2,ngày,0.0
2020-Q4,RT_EFF_CASH_CYCLE,  ‣ Cash Conversion Cycle,29,2,ngày,0.0
2020-Q4,RT_CAT_LIQUIDITY_SAFETY,Liquidity & Financial Safety,30,1,,
2020-Q4,RT_LQD_CR,  ‣ Current Ratio,31,2,lần,0.0
2020-Q4,RT_LQD_QR,  ‣ Quick Ratio,32,2,lần,0.0
2020-Q4,RT_LQD_CASH_RATIO,  ‣ Cash Ratio,33,2,lần,0.0
2020-Q4,RT_ASSETS_CURRENT_DEPOSITS,  ‣ Current Deposits,34,2,tỷ VNĐ,
2020-Q4,RT_ASSETS_DEPOSITS_SPECIAL,  ‣ Special Purpose Deposits,35,2,tỷ VNĐ,
2020-Q4,RT_ASSETS_DEPOSITS_CUSTOMERS,  ‣ Customer Deposits,36,2,tỷ VNĐ,
2020-Q4,RT_ASSETS_MARGIN_DEPOSITS,  ‣ Margin Deposits,37,2,tỷ VNĐ,
2020-Q4,RT_CAT_FINANCIAL_LEVERAGE,Financial Leverage,38,1,,
2020-Q4,RT_LEV_DE,  ‣ Debt to Equity Ratio,39,2,lần,4.8916329667
2020-Q4,RT_LEV_LOAN_EQUITY,  ‣ Loans to Equity Ratio,40,2,lần,0.0
2020-Q4,RT_LEV_DA,  ‣ Debt to Assets Ratio,41,2,lần,
2020-Q4,RT_LEV_FINANCIAL_LEVERAGE,  ‣ Financial Leverage,42,2,lần,0.0
2020-Q4,RT_LEV_EQUITY_TO_LIABILITIES,  ‣ Equity to Liabilities Ratio,43,2,lần,0.2044307099
2020-Q4,RT_LEV_EQUITY_TO_ASSETS,  ‣ Equity to Assets Ratio,44,2,lần,0.1697322297
2020-Q4,RT_CAT_BANKING_SPECIFICS,Banking Specifics,45,1,,
2020-Q4,RT_BANK_NIM,  ‣ Net Interest Margin (NIM),46,2,%,0.0500526601
2020-Q4,RT_BANK_YIEA,  ‣ Yield on Earning Assets (YIEA),47,2,%,0.0774148933
2020-Q4,RT_BANK_COF,  ‣ Cost of Funds (COF),48,2,%,0.0
2020-Q4,RT_BANK_NOII,  ‣ Non Interest Income,49,2,tỷ VNĐ,0.4419515563
2020-Q4,RT_BANK_CIR,  ‣ Cost to Income Ratio (CIR),50,2,%,-0.3191711825
2020-Q4,RT_BANK_LOAN_GROWTH,  ‣ Loan Growth,51,2,%,0.2024357784
2020-Q4,RT_BANK_DEPOSIT_GROWTH,  ‣ Deposit Growth,52,2,%,0.199578627
2020-Q4,RT_BANK_LDR,  ‣ Loan to Deposit Ratio (LDR),53,2,%,1.0002377435
2020-Q4,RT_BANK_NPL,  ‣ Non Performing Loans Ratio (NPL),54,2,%,0.0046669446
2020-Q4,RT_BANK_NPL_COVERAGE,  ‣ NPL Coverage Ratio,55,2,%,-1.7095905472
2020-Q4,RT_BANK_PROVISION_TO_LOANS,  ‣ Provision to Loans Ratio,56,2,%,-0.0102730598
2020-Q4,RT_BANK_CAR,  ‣ Capital Adequacy Ratio (CAR),57,2,%,0.0
2020-Q4,RT_BANK_CASA,  ‣ CASA Ratio,58,2,%,0.4614684982
2020-Q4,RT_BANK_EQUITY_TO_LOANS,  ‣ Equity to Loans Ratio,59,2,%,0.2688582633
2020-Q4,RT_BANK_LLR_TO_LOANS,  ‣ Loan Loss Reserve to Loans Ratio,60,2,%,0.0079785644
2020-Q3,RT_CAT_INFO_VALUATION,Valuation & Company Information,1,1,,
2020-Q3,RT_VALUE_PE,  ‣ P/E Ratio,2,2,lần,10.2860934157
2020-Q3,RT_VALUE_PB,  ‣ P/B Ratio,3,2,lần,1.6737236525
2020-Q3,RT_VALUE_PS,  ‣ P/S Ratio,4,2,lần,4.5320129691
2020-Q3,RT_VALUE_P_CF,  ‣ P/CF Ratio,5,2,lần,-15.3597385952
2020-Q3,RT_VALUE_EV_EBITDA,  ‣ EV/EBITDA,6,2,lần,0.0
2020-Q3,RT_VALUE_DIVIDEND_YIELD,  ‣ Dividend Yield,7,2,%,0.0
2020-Q3,RT_VALUE_MARKET_CAP,  ‣ Market Capitalization,8,2,tỷ VNĐ,117414358705000.0
2020-Q3,RT_VALUE_EPS,  ‣ Basic EPS,9,2,VNĐ,
2020-Q3,RT_VALUE_BETA,  ‣ Beta,10,2,lần,
2020-Q3,RT_VALUE_BVPS,  ‣ Book Value Per Share,11,2,VNĐ,
2020-Q3,RT_VALUE_EBIT,  ‣ EBIT,12,2,tỷ VNĐ,0.0
2020-Q3,RT_VALUE_EBITDA,  ‣ EBITDA,13,2,tỷ VNĐ,0.0
2020-Q3,RT_VALUE_EQUITY,  ‣ Owner's Equity,14,2,tỷ VNĐ,0.0
2020-Q3,RT_VALUE_OUTSTANDING_SHARES,  ‣ Outstanding Shares,15,2,cổ phiếu,3504906230.0
2020-Q3,RT_CAT_PROFITABILITY,Profitability & Efficiency,16,1,,
2020-Q3,RT_PRT_ROE,  ‣ ROE %,17,2,%,0.1722854238
2020-Q3,RT_PRT_ROA,  ‣ ROA %,18,2,%,0.0289949563
2020-Q3,RT_PRT_ROIC,  ‣ ROIC %,19,2,%,0.0
2020-Q3,RT_PRT_GROSS_MARGIN,  ‣ Gross Profit Margin %,20,2,%,0.6656906661
2020-Q3,RT_PRT_EBIT_MARGIN,  ‣ EBIT Margin %,21,2,%,0.0
2020-Q3,RT_PRT_PRE_TAX_MARGIN,  ‣ Pre Tax Profit Margin %,22,2,%,0.5669906698
2020-Q3,RT_PRT_NET_MARGIN,  ‣ Net Profit Margin %,23,2,%,0.4400623489
2020-Q3,RT_EFF_ATR,  ‣ Asset Turnover,24,2,vòng,0.0
2020-Q3,RT_EFF_FATR,  ‣ Fixed Asset Turnover,25,2,vòng,0.0
2020-Q3,RT_EFF_DSO,  ‣ Days Sales Outstanding,26,2,ngày,0.0
2020-Q3,RT_EFF_DIO,  ‣ Days Inventory Outstanding,27,2,ngày,0.0
2020-Q3,RT_EFF_DPO,  ‣ Days Payable Outstanding,28,2,ngày,0.0
2020-Q3,RT_EFF_CASH_CYCLE,  ‣ Cash Conversion Cycle,29,2,ngày,0.0
2020-Q3,RT_CAT_LIQUIDITY_SAFETY,Liquidity & Financial Safety,30,1,,
2020-Q3,RT_LQD_CR,  ‣ Current Ratio,31,2,lần,0.0
2020-Q3,RT_LQD_QR,  ‣ Quick Ratio,32,2,lần,0.0
2020-Q3,RT_LQD_CASH_RATIO,  ‣ Cash Ratio,33,2,lần,0.0
2020-Q3,RT_ASSETS_CURRENT_DEPOSITS,  ‣ Current Deposits,34,2,tỷ VNĐ,
2020-Q3,RT_ASSETS_DEPOSITS_SPECIAL,  ‣ Special Purpose Deposits,35,2,tỷ VNĐ,
2020-Q3,RT_ASSETS_DEPOSITS_CUSTOMERS,  ‣ Customer Deposits,36,2,tỷ VNĐ,
2020-Q3,RT_ASSETS_MARGIN_DEPOSITS,  ‣ Margin Deposits,37,2,tỷ VNĐ,
2020-Q3,RT_CAT_FINANCIAL_LEVERAGE,Financial Leverage,38,1,,
2020-Q3,RT_LEV_DE,  ‣ Debt to Equity Ratio,39,2,lần,4.6857540495
2020-Q3,RT_LEV_LOAN_EQUITY,  ‣ Loans to Equity Ratio,40,2,lần,0.0
2020-Q3,RT_LEV_DA,  ‣ Debt to Assets Ratio,41,2,lần,
2020-Q3,RT_LEV_FINANCIAL_LEVERAGE,  ‣ Financial Leverage,42,2,lần,0.0
2020-Q3,RT_LEV_EQUITY_TO_LIABILITIES,  ‣ Equity to Liabilities Ratio,43,2,lần,0.2134128231
2020-Q3,RT_LEV_EQUITY_TO_ASSETS,  ‣ Equity to Assets Ratio,44,2,lần,0.175878167
2020-Q3,RT_CAT_BANKING_SPECIFICS,Banking Specifics,45,1,,
2020-Q3,RT_BANK_NIM,  ‣ Net Interest Margin (NIM),46,2,%,0.0484829445
2020-Q3,RT_BANK_YIEA,  ‣ Yield on Earning Assets (YIEA),47,2,%,0.0788265193
2020-Q3,RT_BANK_COF,  ‣ Cost of Funds (COF),48,2,%,0.0
2020-Q3,RT_BANK_NOII,  ‣ Non Interest Income,49,2,tỷ VNĐ,0.45630925
2020-Q3,RT_BANK_CIR,  ‣ Cost to Income Ratio (CIR),50,2,%,-0.3320339282
2020-Q3,RT_BANK_LOAN_GROWTH,  ‣ Loan Growth,51,2,%,-0.0041010846
2020-Q3,RT_BANK_DEPOSIT_GROWTH,  ‣ Deposit Growth,52,2,%,0.0108670443
2020-Q3,RT_BANK_LDR,  ‣ Loan to Deposit Ratio (LDR),53,2,%,0.9134633627
2020-Q3,RT_BANK_NPL,  ‣ Non Performing Loans Ratio (NPL),54,2,%,0.0059989414
2020-Q3,RT_BANK_NPL_COVERAGE,  ‣ NPL Coverage Ratio,55,2,%,-1.47958094
2020-Q3,RT_BANK_PROVISION_TO_LOANS,  ‣ Provision to Loans Ratio,56,2,%,-0.0110552715
2020-Q3,RT_BANK_CAR,  ‣ Capital Adequacy Ratio (CAR),57,2,%,0.0
2020-Q3,RT_BANK_CASA,  ‣ CASA Ratio,58,2,%,0.3857329602
2020-Q3,RT_BANK_EQUITY_TO_LOANS,  ‣ Equity to Loans Ratio,59,2,%,0.3060405129
2020-Q3,RT_BANK_LLR_TO_LOANS,  ‣ Loan Loss Reserve to Loans Ratio,60,2,%,0.0088759194
2020-Q2,RT_CAT_INFO_VALUATION,Valuation & Company Information,1,1,,
2020-Q2,RT_VALUE_PE,  ‣ P/E Ratio,2,2,lần,7.5261695389
2020-Q2,RT_VALUE_PB,  ‣ P/B Ratio,3,2,lần,1.2188483813
2020-Q2,RT_VALUE_PS,  ‣ P/S Ratio,4,2,lần,3.4383528352
2020-Q2,RT_VALUE_P_CF,  ‣ P/CF Ratio,5,2,lần,15.2245311301
2020-Q2,RT_VALUE_EV_EBITDA,  ‣ EV/EBITDA,6,2,lần,0.0
2020-Q2,RT_VALUE_DIVIDEND_YIELD,  ‣ Dividend Yield,7,2,%,0.0
2020-Q2,RT_VALUE_MARKET_CAP,  ‣ Market Capitalization,8,2,tỷ VNĐ,81728268112700.0
2020-Q2,RT_VALUE_EPS,  ‣ Basic EPS,9,2,VNĐ,
2020-Q2,RT_VALUE_BETA,  ‣ Beta,10,2,lần,
2020-Q2,RT_VALUE_BVPS,  ‣ Book Value Per Share,11,2,VNĐ,
2020-Q2,RT_VALUE_EBIT,  ‣ EBIT,12,2,tỷ VNĐ,0.0
2020-Q2,RT_VALUE_EBITDA,  ‣ EBITDA,13,2,tỷ VNĐ,0.0
2020-Q2,RT_VALUE_EQUITY,  ‣ Owner's Equity,14,2,tỷ VNĐ,0.0
2020-Q2,RT_VALUE_OUTSTANDING_SHARES,  ‣ Outstanding Shares,15,2,cổ phiếu,3500139962.0
2020-Q2,RT_CAT_PROFITABILITY,Profitability & Efficiency,16,1,,
2020-Q2,RT_PRT_ROE,  ‣ ROE %,17,2,%,0.171617554
2020-Q2,RT_PRT_ROA,  ‣ ROA %,18,2,%,0.0282180721
2020-Q2,RT_PRT_ROIC,  ‣ ROIC %,19,2,%,0.0
2020-Q2,RT_PRT_GROSS_MARGIN,  ‣ Gross Profit Margin %,20,2,%,0.6648516031
2020-Q2,RT_PRT_EBIT_MARGIN,  ‣ EBIT Margin %,21,2,%,0.0
2020-Q2,RT_PRT_PRE_TAX_MARGIN,  ‣ Pre Tax Profit Margin %,22,2,%,0.5853757567
2020-Q2,RT_PRT_NET_MARGIN,  ‣ Net Profit Margin %,23,2,%,0.456728193
2020-Q2,RT_EFF_ATR,  ‣ Asset Turnover,24,2,vòng,0.0
2020-Q2,RT_EFF_FATR,  ‣ Fixed Asset Turnover,25,2,vòng,0.0
2020-Q2,RT_EFF_DSO,  ‣ Days Sales Outstanding,26,2,ngày,0.0
2020-Q2,RT_EFF_DIO,  ‣ Days Inventory Outstanding,27,2,ngày,0.0
2020-Q2,RT_EFF_DPO,  ‣ Days Payable Outstanding,28,2,ngày,0.0
2020-Q2,RT_EFF_CASH_CYCLE,  ‣ Cash Conversion Cycle,29,2,ngày,0.0
2020-Q2,RT_CAT_LIQUIDITY_SAFETY,Liquidity & Financial Safety,30,1,,
2020-Q2,RT_LQD_CR,  ‣ Current Ratio,31,2,lần,0.0
2020-Q2,RT_LQD_QR,  ‣ Quick Ratio,32,2,lần,0.0
2020-Q2,RT_LQD_CASH_RATIO,  ‣ Cash Ratio,33,2,lần,0.0
2020-Q2,RT_ASSETS_CURRENT_DEPOSITS,  ‣ Current Deposits,34,2,tỷ VNĐ,
2020-Q2,RT_ASSETS_DEPOSITS_SPECIAL,  ‣ Special Purpose Deposits,35,2,tỷ VNĐ,
2020-Q2,RT_ASSETS_DEPOSITS_CUSTOMERS,  ‣ Customer Deposits,36,2,tỷ VNĐ,
2020-Q2,RT_ASSETS_MARGIN_DEPOSITS,  ‣ Margin Deposits,37,2,tỷ VNĐ,
2020-Q2,RT_CAT_FINANCIAL_LEVERAGE,Financial Leverage,38,1,,
2020-Q2,RT_LEV_DE,  ‣ Debt to Equity Ratio,39,2,lần,4.8707656829
2020-Q2,RT_LEV_LOAN_EQUITY,  ‣ Loans to Equity Ratio,40,2,lần,0.0
2020-Q2,RT_LEV_DA,  ‣ Debt to Assets Ratio,41,2,lần,
2020-Q2,RT_LEV_FINANCIAL_LEVERAGE,  ‣ Financial Leverage,42,2,lần,0.0
2020-Q2,RT_LEV_EQUITY_TO_LIABILITIES,  ‣ Equity to Liabilities Ratio,43,2,lần,0.2053065298
2020-Q2,RT_LEV_EQUITY_TO_ASSETS,  ‣ Equity to Assets Ratio,44,2,lần,0.1703355327
2020-Q2,RT_CAT_BANKING_SPECIFICS,Banking Specifics,45,1,,
2020-Q2,RT_BANK_NIM,  ‣ Net Interest Margin (NIM),46,2,%,0.0449490621
2020-Q2,RT_BANK_YIEA,  ‣ Yield on Earning Assets (YIEA),47,2,%,0.076098719
2020-Q2,RT_BANK_COF,  ‣ Cost of Funds (COF),48,2,%,0.0
2020-Q2,RT_BANK_NOII,  ‣ Non Interest Income,49,2,tỷ VNĐ,0.461950542
2020-Q2,RT_BANK_CIR,  ‣ Cost to Income Ratio (CIR),50,2,%,-0.2950434068
2020-Q2,RT_BANK_LOAN_GROWTH,  ‣ Loan Growth,51,2,%,-0.0015312618
2020-Q2,RT_BANK_DEPOSIT_GROWTH,  ‣ Deposit Growth,52,2,%,0.0627756394
2020-Q2,RT_BANK_LDR,  ‣ Loan to Deposit Ratio (LDR),53,2,%,0.9271925045
2020-Q2,RT_BANK_NPL,  ‣ Non Performing Loans Ratio (NPL),54,2,%,0.0090665913
2020-Q2,RT_BANK_NPL_COVERAGE,  ‣ NPL Coverage Ratio,55,2,%,-1.0856486253
2020-Q2,RT_BANK_PROVISION_TO_LOANS,  ‣ Provision to Loans Ratio,56,2,%,-0.008397851
2020-Q2,RT_BANK_CAR,  ‣ Capital Adequacy Ratio (CAR),57,2,%,0.1687
2020-Q2,RT_BANK_CASA,  ‣ CASA Ratio,58,2,%,0.3441781876
2020-Q2,RT_BANK_EQUITY_TO_LOANS,  ‣ Equity to Loans Ratio,59,2,%,0.2910624131
2020-Q2,RT_BANK_LLR_TO_LOANS,  ‣ Loan Loss Reserve to Loans Ratio,60,2,%,0.0098431323
2020-Q1,RT_CAT_INFO_VALUATION,Valuation & Company Information,1,1,,
2020-Q1,RT_VALUE_PE,  ‣ P/E Ratio,2,2,lần,6.5290253263
2020-Q1,RT_VALUE_PB,  ‣ P/B Ratio,3,2,lần,1.062294609
2020-Q1,RT_VALUE_PS,  ‣ P/S Ratio,4,2,lần,3.0058282665
2020-Q1,RT_VALUE_P_CF,  ‣ P/CF Ratio,5,2,lần,6.586280331
2020-Q1,RT_VALUE_EV_EBITDA,  ‣ EV/EBITDA,6,2,lần,0.0
2020-Q1,RT_VALUE_DIVIDEND_YIELD,  ‣ Dividend Yield,7,2,%,0.0
2020-Q1,RT_VALUE_MARKET_CAP,  ‣ Market Capitalization,8,2,tỷ VNĐ,68252729259000.0
2020-Q1,RT_VALUE_EPS,  ‣ Basic EPS,9,2,VNĐ,
2020-Q1,RT_VALUE_BETA,  ‣ Beta,10,2,lần,
2020-Q1,RT_VALUE_BVPS,  ‣ Book Value Per Share,11,2,VNĐ,
2020-Q1,RT_VALUE_EBIT,  ‣ EBIT,12,2,tỷ VNĐ,0.0
2020-Q1,RT_VALUE_EBITDA,  ‣ EBITDA,13,2,tỷ VNĐ,0.0
2020-Q1,RT_VALUE_EQUITY,  ‣ Owner's Equity,14,2,tỷ VNĐ,0.0
2020-Q1,RT_VALUE_OUTSTANDING_SHARES,  ‣ Outstanding Shares,15,2,cổ phiếu,3500139962.0
2020-Q1,RT_CAT_PROFITABILITY,Profitability & Efficiency,16,1,,
2020-Q1,RT_PRT_ROE,  ‣ ROE %,17,2,%,0.1727190634
2020-Q1,RT_PRT_ROA,  ‣ ROA %,18,2,%,0.0277931878
2020-Q1,RT_PRT_ROIC,  ‣ ROIC %,19,2,%,0.0
2020-Q1,RT_PRT_GROSS_MARGIN,  ‣ Gross Profit Margin %,20,2,%,0.6546087788
2020-Q1,RT_PRT_EBIT_MARGIN,  ‣ EBIT Margin %,21,2,%,0.0
2020-Q1,RT_PRT_PRE_TAX_MARGIN,  ‣ Pre Tax Profit Margin %,22,2,%,0.5875777895
2020-Q1,RT_PRT_NET_MARGIN,  ‣ Net Profit Margin %,23,2,%,0.4601356352
2020-Q1,RT_EFF_ATR,  ‣ Asset Turnover,24,2,vòng,0.0
2020-Q1,RT_EFF_FATR,  ‣ Fixed Asset Turnover,25,2,vòng,0.0
2020-Q1,RT_EFF_DSO,  ‣ Days Sales Outstanding,26,2,ngày,0.0
2020-Q1,RT_EFF_DIO,  ‣ Days Inventory Outstanding,27,2,ngày,0.0
2020-Q1,RT_EFF_DPO,  ‣ Days Payable Outstanding,28,2,ngày,0.0
2020-Q1,RT_EFF_CASH_CYCLE,  ‣ Cash Conversion Cycle,29,2,ngày,0.0
2020-Q1,RT_CAT_LIQUIDITY_SAFETY,Liquidity & Financial Safety,30,1,,
2020-Q1,RT_LQD_CR,  ‣ Current Ratio,31,2,lần,0.0
2020-Q1,RT_LQD_QR,  ‣ Quick Ratio,32,2,lần,0.0
2020-Q1,RT_LQD_CASH_RATIO,  ‣ Cash Ratio,33,2,lần,0.0
2020-Q1,RT_ASSETS_CURRENT_DEPOSITS,  ‣ Current Deposits,34,2,tỷ VNĐ,
2020-Q1,RT_ASSETS_DEPOSITS_SPECIAL,  ‣ Special Purpose Deposits,35,2,tỷ VNĐ,
2020-Q1,RT_ASSETS_DEPOSITS_CUSTOMERS,  ‣ Customer Deposits,36,2,tỷ VNĐ,
2020-Q1,RT_ASSETS_MARGIN_DEPOSITS,  ‣ Margin Deposits,37,2,tỷ VNĐ,
2020-Q1,RT_CAT_FINANCIAL_LEVERAGE,Financial Leverage,38,1,,
2020-Q1,RT_LEV_DE,  ‣ Debt to Equity Ratio,39,2,lần,5.0660038423
2020-Q1,RT_LEV_LOAN_EQUITY,  ‣ Loans to Equity Ratio,40,2,lần,0.0
2020-Q1,RT_LEV_DA,  ‣ Debt to Assets Ratio,41,2,lần,
2020-Q1,RT_LEV_FINANCIAL_LEVERAGE,  ‣ Financial Leverage,42,2,lần,0.0
2020-Q1,RT_LEV_EQUITY_TO_LIABILITIES,  ‣ Equity to Liabilities Ratio,43,2,lần,0.1973942443
2020-Q1,RT_LEV_EQUITY_TO_ASSETS,  ‣ Equity to Assets Ratio,44,2,lần,0.1648531762
2020-Q1,RT_CAT_BANKING_SPECIFICS,Banking Specifics,45,1,,
2020-Q1,RT_BANK_NIM,  ‣ Net Interest Margin (NIM),46,2,%,0.042960063
2020-Q1,RT_BANK_YIEA,  ‣ Yield on Earning Assets (YIEA),47,2,%,0.0746372407
2020-Q1,RT_BANK_COF,  ‣ Cost of Funds (COF),48,2,%,-0.0358933841
2020-Q1,RT_BANK_NOII,  ‣ Non Interest Income,49,2,tỷ VNĐ,0.4315940606
2020-Q1,RT_BANK_CIR,  ‣ Cost to Income Ratio (CIR),50,2,%,-0.354485824
2020-Q1,RT_BANK_LOAN_GROWTH,  ‣ Loan Growth,51,2,%,0.0052817777
2020-Q1,RT_BANK_DEPOSIT_GROWTH,  ‣ Deposit Growth,52,2,%,0.0164378912
2020-Q1,RT_BANK_LDR,  ‣ Loan to Deposit Ratio (LDR),53,2,%,0.9869088226
2020-Q1,RT_BANK_NPL,  ‣ Non Performing Loans Ratio (NPL),54,2,%,0.0109030313
2020-Q1,RT_BANK_NPL_COVERAGE,  ‣ NPL Coverage Ratio,55,2,%,-1.1793458045
2020-Q1,RT_BANK_PROVISION_TO_LOANS,  ‣ Provision to Loans Ratio,56,2,%,-0.0071326542
2020-Q1,RT_BANK_CAR,  ‣ Capital Adequacy Ratio (CAR),57,2,%,0.0
2020-Q1,RT_BANK_CASA,  ‣ CASA Ratio,58,2,%,0.3221213361
2020-Q1,RT_BANK_EQUITY_TO_LOANS,  ‣ Equity to Loans Ratio,59,2,%,0.2783832065
2020-Q1,RT_BANK_LLR_TO_LOANS,  ‣ Loan Loss Reserve to Loans Ratio,60,2,%,0.0128584442
2019-Q4,RT_CAT_INFO_VALUATION,Valuation & Company Information,1,1,,
2019-Q4,RT_VALUE_PE,  ‣ P/E Ratio,2,2,lần,5.9406023083
2019-Q4,RT_VALUE_PB,  ‣ P/B Ratio,3,2,lần,0.968766836
2019-Q4,RT_VALUE_PS,  ‣ P/S Ratio,4,2,lần,2.8408952639
2019-Q4,RT_VALUE_P_CF,  ‣ P/CF Ratio,5,2,lần,4.7382308557
2019-Q4,RT_VALUE_EV_EBITDA,  ‣ EV/EBITDA,6,2,lần,0.0
2019-Q4,RT_VALUE_DIVIDEND_YIELD,  ‣ Dividend Yield,7,2,%,0.0
2019-Q4,RT_VALUE_MARKET_CAP,  ‣ Market Capitalization,8,2,tỷ VNĐ,59852393350200.0
2019-Q4,RT_VALUE_EPS,  ‣ Basic EPS,9,2,VNĐ,
2019-Q4,RT_VALUE_BETA,  ‣ Beta,10,2,lần,
2019-Q4,RT_VALUE_BVPS,  ‣ Book Value Per Share,11,2,VNĐ,
2019-Q4,RT_VALUE_EBIT,  ‣ EBIT,12,2,tỷ VNĐ,0.0
2019-Q4,RT_VALUE_EBITDA,  ‣ EBITDA,13,2,tỷ VNĐ,0.0
2019-Q4,RT_VALUE_EQUITY,  ‣ Owner's Equity,14,2,tỷ VNĐ,0.0
2019-Q4,RT_VALUE_OUTSTANDING_SHARES,  ‣ Outstanding Shares,15,2,cổ phiếu,3500139962.0
2019-Q4,RT_CAT_PROFITABILITY,Profitability & Efficiency,16,1,,
2019-Q4,RT_PRT_ROE,  ‣ ROE %,17,2,%,0.1769811995
2019-Q4,RT_PRT_ROA,  ‣ ROA %,18,2,%,0.0285945929
2019-Q4,RT_PRT_ROIC,  ‣ ROIC %,19,2,%,0.0
2019-Q4,RT_PRT_GROSS_MARGIN,  ‣ Gross Profit Margin %,20,2,%,0.6529115876
2019-Q4,RT_PRT_EBIT_MARGIN,  ‣ EBIT Margin %,21,2,%,0.0
2019-Q4,RT_PRT_PRE_TAX_MARGIN,  ‣ Pre Tax Profit Margin %,22,2,%,0.6093686938
2019-Q4,RT_PRT_NET_MARGIN,  ‣ Net Profit Margin %,23,2,%,0.4782167106
2019-Q4,RT_EFF_ATR,  ‣ Asset Turnover,24,2,vòng,0.0
2019-Q4,RT_EFF_FATR,  ‣ Fixed Asset Turnover,25,2,vòng,0.0
2019-Q4,RT_EFF_DSO,  ‣ Days Sales Outstanding,26,2,ngày,0.0
2019-Q4,RT_EFF_DIO,  ‣ Days Inventory Outstanding,27,2,ngày,0.0
2019-Q4,RT_EFF_DPO,  ‣ Days Payable Outstanding,28,2,ngày,0.0
2019-Q4,RT_EFF_CASH_CYCLE,  ‣ Cash Conversion Cycle,29,2,ngày,0.0
2019-Q4,RT_CAT_LIQUIDITY_SAFETY,Liquidity & Financial Safety,30,1,,
2019-Q4,RT_LQD_CR,  ‣ Current Ratio,31,2,lần,0.0
2019-Q4,RT_LQD_QR,  ‣ Quick Ratio,32,2,lần,0.0
2019-Q4,RT_LQD_CASH_RATIO,  ‣ Cash Ratio,33,2,lần,0.0
2019-Q4,RT_ASSETS_CURRENT_DEPOSITS,  ‣ Current Deposits,34,2,tỷ VNĐ,
2019-Q4,RT_ASSETS_DEPOSITS_SPECIAL,  ‣ Special Purpose Deposits,35,2,tỷ VNĐ,
2019-Q4,RT_ASSETS_DEPOSITS_CUSTOMERS,  ‣ Customer Deposits,36,2,tỷ VNĐ,
2019-Q4,RT_ASSETS_MARGIN_DEPOSITS,  ‣ Margin Deposits,37,2,tỷ VNĐ,
2019-Q4,RT_CAT_FINANCIAL_LEVERAGE,Financial Leverage,38,1,,
2019-Q4,RT_LEV_DE,  ‣ Debt to Equity Ratio,39,2,lần,5.1814460599
2019-Q4,RT_LEV_LOAN_EQUITY,  ‣ Loans to Equity Ratio,40,2,lần,0.0
2019-Q4,RT_LEV_DA,  ‣ Debt to Assets Ratio,41,2,lần,
2019-Q4,RT_LEV_FINANCIAL_LEVERAGE,  ‣ Financial Leverage,42,2,lần,0.0
2019-Q4,RT_LEV_EQUITY_TO_LIABILITIES,  ‣ Equity to Liabilities Ratio,43,2,lần,0.1929963158
2019-Q4,RT_LEV_EQUITY_TO_ASSETS,  ‣ Equity to Assets Ratio,44,2,lần,0.1617744441
2019-Q4,RT_CAT_BANKING_SPECIFICS,Banking Specifics,45,1,,
2019-Q4,RT_BANK_NIM,  ‣ Net Interest Margin (NIM),46,2,%,0.0445136474
2019-Q4,RT_BANK_YIEA,  ‣ Yield on Earning Assets (YIEA),47,2,%,0.0781021718
2019-Q4,RT_BANK_COF,  ‣ Cost of Funds (COF),48,2,%,0.0
2019-Q4,RT_BANK_NOII,  ‣ Non Interest Income,49,2,tỷ VNĐ,0.4773572358
2019-Q4,RT_BANK_CIR,  ‣ Cost to Income Ratio (CIR),50,2,%,-0.3470884124
2019-Q4,RT_BANK_LOAN_GROWTH,  ‣ Loan Growth,51,2,%,0.4430608786
2019-Q4,RT_BANK_DEPOSIT_GROWTH,  ‣ Deposit Growth,52,2,%,0.1483618322
2019-Q4,RT_BANK_LDR,  ‣ Loan to Deposit Ratio (LDR),53,2,%,0.9978610422
2019-Q4,RT_BANK_NPL,  ‣ Non Performing Loans Ratio (NPL),54,2,%,0.0133355675
2019-Q4,RT_BANK_NPL_COVERAGE,  ‣ NPL Coverage Ratio,55,2,%,-0.9476483133
2019-Q4,RT_BANK_PROVISION_TO_LOANS,  ‣ Provision to Loans Ratio,56,2,%,-0.0046955268
2019-Q4,RT_BANK_CAR,  ‣ Capital Adequacy Ratio (CAR),57,2,%,0.0
2019-Q4,RT_BANK_CASA,  ‣ CASA Ratio,58,2,%,0.3446464864
2019-Q4,RT_BANK_EQUITY_TO_LOANS,  ‣ Equity to Loans Ratio,59,2,%,0.2689437689
2019-Q4,RT_BANK_LLR_TO_LOANS,  ‣ Loan Loss Reserve to Loans Ratio,60,2,%,0.012637428
2019-Q3,RT_CAT_INFO_VALUATION,Valuation & Company Information,1,1,,
2019-Q3,RT_VALUE_PE,  ‣ P/E Ratio,2,2,lần,8.7821250597
2019-Q3,RT_VALUE_PB,  ‣ P/B Ratio,3,2,lần,1.3913662797
2019-Q3,RT_VALUE_PS,  ‣ P/S Ratio,4,2,lần,4.1919815441
2019-Q3,RT_VALUE_P_CF,  ‣ P/CF Ratio,5,2,lần,14.9421832963
2019-Q3,RT_VALUE_EV_EBITDA,  ‣ EV/EBITDA,6,2,lần,0.0
2019-Q3,RT_VALUE_DIVIDEND_YIELD,  ‣ Dividend Yield,7,2,%,0.0
2019-Q3,RT_VALUE_MARKET_CAP,  ‣ Market Capitalization,8,2,tỷ VNĐ,81728268112700.0
2019-Q3,RT_VALUE_EPS,  ‣ Basic EPS,9,2,VNĐ,
2019-Q3,RT_VALUE_BETA,  ‣ Beta,10,2,lần,
2019-Q3,RT_VALUE_BVPS,  ‣ Book Value Per Share,11,2,VNĐ,
2019-Q3,RT_VALUE_EBIT,  ‣ EBIT,12,2,tỷ VNĐ,0.0
2019-Q3,RT_VALUE_EBITDA,  ‣ EBITDA,13,2,tỷ VNĐ,0.0
2019-Q3,RT_VALUE_EQUITY,  ‣ Owner's Equity,14,2,tỷ VNĐ,0.0
2019-Q3,RT_VALUE_OUTSTANDING_SHARES,  ‣ Outstanding Shares,15,2,cổ phiếu,3500139962.0
2019-Q3,RT_CAT_PROFITABILITY,Profitability & Efficiency,16,1,,
2019-Q3,RT_PRT_ROE,  ‣ ROE %,17,2,%,0.1683426525
2019-Q3,RT_PRT_ROA,  ‣ ROA %,18,2,%,0.0270457503
2019-Q3,RT_PRT_ROIC,  ‣ ROIC %,19,2,%,0.0
2019-Q3,RT_PRT_GROSS_MARGIN,  ‣ Gross Profit Margin %,20,2,%,0.6366221792
2019-Q3,RT_PRT_EBIT_MARGIN,  ‣ EBIT Margin %,21,2,%,0.0
2019-Q3,RT_PRT_PRE_TAX_MARGIN,  ‣ Pre Tax Profit Margin %,22,2,%,0.6025260237
2019-Q3,RT_PRT_NET_MARGIN,  ‣ Net Profit Margin %,23,2,%,0.4769830306
2019-Q3,RT_EFF_ATR,  ‣ Asset Turnover,24,2,vòng,0.0
2019-Q3,RT_EFF_FATR,  ‣ Fixed Asset Turnover,25,2,vòng,0.0
2019-Q3,RT_EFF_DSO,  ‣ Days Sales Outstanding,26,2,ngày,0.0
2019-Q3,RT_EFF_DIO,  ‣ Days Inventory Outstanding,27,2,ngày,0.0
2019-Q3,RT_EFF_DPO,  ‣ Days Payable Outstanding,28,2,ngày,0.0
2019-Q3,RT_EFF_CASH_CYCLE,  ‣ Cash Conversion Cycle,29,2,ngày,0.0
2019-Q3,RT_CAT_LIQUIDITY_SAFETY,Liquidity & Financial Safety,30,1,,
2019-Q3,RT_LQD_CR,  ‣ Current Ratio,31,2,lần,0.0
2019-Q3,RT_LQD_QR,  ‣ Quick Ratio,32,2,lần,0.0
2019-Q3,RT_LQD_CASH_RATIO,  ‣ Cash Ratio,33,2,lần,0.0
2019-Q3,RT_ASSETS_CURRENT_DEPOSITS,  ‣ Current Deposits,34,2,tỷ VNĐ,
2019-Q3,RT_ASSETS_DEPOSITS_SPECIAL,  ‣ Special Purpose Deposits,35,2,tỷ VNĐ,
2019-Q3,RT_ASSETS_DEPOSITS_CUSTOMERS,  ‣ Customer Deposits,36,2,tỷ VNĐ,
2019-Q3,RT_ASSETS_MARGIN_DEPOSITS,  ‣ Margin Deposits,37,2,tỷ VNĐ,
2019-Q3,RT_CAT_FINANCIAL_LEVERAGE,Financial Leverage,38,1,,
2019-Q3,RT_LEV_DE,  ‣ Debt to Equity Ratio,39,2,lần,5.2357304643
2019-Q3,RT_LEV_LOAN_EQUITY,  ‣ Loans to Equity Ratio,40,2,lần,0.0
2019-Q3,RT_LEV_DA,  ‣ Debt to Assets Ratio,41,2,lần,
2019-Q3,RT_LEV_FINANCIAL_LEVERAGE,  ‣ Financial Leverage,42,2,lần,0.0
2019-Q3,RT_LEV_EQUITY_TO_LIABILITIES,  ‣ Equity to Liabilities Ratio,43,2,lần,0.190995317
2019-Q3,RT_LEV_EQUITY_TO_ASSETS,  ‣ Equity to Assets Ratio,44,2,lần,0.160366136
2019-Q3,RT_CAT_BANKING_SPECIFICS,Banking Specifics,45,1,,
2019-Q3,RT_BANK_NIM,  ‣ Net Interest Margin (NIM),46,2,%,0.0411238457
2019-Q3,RT_BANK_YIEA,  ‣ Yield on Earning Assets (YIEA),47,2,%,0.074653047
2019-Q3,RT_BANK_COF,  ‣ Cost of Funds (COF),48,2,%,-0.0385162757
2019-Q3,RT_BANK_NOII,  ‣ Non Interest Income,49,2,tỷ VNĐ,0.4783206601
2019-Q3,RT_BANK_CIR,  ‣ Cost to Income Ratio (CIR),50,2,%,-0.3348479106
2019-Q3,RT_BANK_LOAN_GROWTH,  ‣ Loan Growth,51,2,%,0.1072352631
2019-Q3,RT_BANK_DEPOSIT_GROWTH,  ‣ Deposit Growth,52,2,%,-0.0073001128
2019-Q3,RT_BANK_LDR,  ‣ Loan to Deposit Ratio (LDR),53,2,%,0.9390013105
2019-Q3,RT_BANK_NPL,  ‣ Non Performing Loans Ratio (NPL),54,2,%,0.0180400815
2019-Q3,RT_BANK_NPL_COVERAGE,  ‣ NPL Coverage Ratio,55,2,%,-0.770807325
2019-Q3,RT_BANK_PROVISION_TO_LOANS,  ‣ Provision to Loans Ratio,56,2,%,-0.0037213446
2019-Q3,RT_BANK_CAR,  ‣ Capital Adequacy Ratio (CAR),57,2,%,0.0
2019-Q3,RT_BANK_CASA,  ‣ CASA Ratio,58,2,%,0.2995555535
2019-Q3,RT_BANK_EQUITY_TO_LOANS,  ‣ Equity to Loans Ratio,59,2,%,0.2870717662
2019-Q3,RT_BANK_LLR_TO_LOANS,  ‣ Loan Loss Reserve to Loans Ratio,60,2,%,0.013905427
2019-Q2,RT_CAT_INFO_VALUATION,Valuation & Company Information,1,1,,
2019-Q2,RT_VALUE_PE,  ‣ P/E Ratio,2,2,lần,9.4717886055
2019-Q2,RT_VALUE_PB,  ‣ P/B Ratio,3,2,lần,1.4846296787
2019-Q2,RT_VALUE_PS,  ‣ P/S Ratio,4,2,lần,4.4467506243
2019-Q2,RT_VALUE_P_CF,  ‣ P/CF Ratio,5,2,lần,-73.0759669651
2019-Q2,RT_VALUE_EV_EBITDA,  ‣ EV/EBITDA,6,2,lần,0.0
2019-Q2,RT_VALUE_DIVIDEND_YIELD,  ‣ Dividend Yield,7,2,%,0.0
2019-Q2,RT_VALUE_MARKET_CAP,  ‣ Market Capitalization,8,2,tỷ VNĐ,83478338093700.0
2019-Q2,RT_VALUE_EPS,  ‣ Basic EPS,9,2,VNĐ,
2019-Q2,RT_VALUE_BETA,  ‣ Beta,10,2,lần,
2019-Q2,RT_VALUE_BVPS,  ‣ Book Value Per Share,11,2,VNĐ,
2019-Q2,RT_VALUE_EBIT,  ‣ EBIT,12,2,tỷ VNĐ,0.0
2019-Q2,RT_VALUE_EBITDA,  ‣ EBITDA,13,2,tỷ VNĐ,0.0
2019-Q2,RT_VALUE_EQUITY,  ‣ Owner's Equity,14,2,tỷ VNĐ,0.0
2019-Q2,RT_VALUE_OUTSTANDING_SHARES,  ‣ Outstanding Shares,15,2,cổ phiếu,3500139962.0
2019-Q2,RT_CAT_PROFITABILITY,Profitability & Efficiency,16,1,,
2019-Q2,RT_PRT_ROE,  ‣ ROE %,17,2,%,0.1665167549
2019-Q2,RT_PRT_ROA,  ‣ ROA %,18,2,%,0.0266887885
2019-Q2,RT_PRT_ROIC,  ‣ ROIC %,19,2,%,0.0
2019-Q2,RT_PRT_GROSS_MARGIN,  ‣ Gross Profit Margin %,20,2,%,0.6481684621
2019-Q2,RT_PRT_EBIT_MARGIN,  ‣ EBIT Margin %,21,2,%,0.0
2019-Q2,RT_PRT_PRE_TAX_MARGIN,  ‣ Pre Tax Profit Margin %,22,2,%,0.5926823714
2019-Q2,RT_PRT_NET_MARGIN,  ‣ Net Profit Margin %,23,2,%,0.4690144855
2019-Q2,RT_EFF_ATR,  ‣ Asset Turnover,24,2,vòng,0.0
2019-Q2,RT_EFF_FATR,  ‣ Fixed Asset Turnover,25,2,vòng,0.0
2019-Q2,RT_EFF_DSO,  ‣ Days Sales Outstanding,26,2,ngày,0.0
2019-Q2,RT_EFF_DIO,  ‣ Days Inventory Outstanding,27,2,ngày,0.0
2019-Q2,RT_EFF_DPO,  ‣ Days Payable Outstanding,28,2,ngày,0.0
2019-Q2,RT_EFF_CASH_CYCLE,  ‣ Cash Conversion Cycle,29,2,ngày,0.0
2019-Q2,RT_CAT_LIQUIDITY_SAFETY,Liquidity & Financial Safety,30,1,,
2019-Q2,RT_LQD_CR,  ‣ Current Ratio,31,2,lần,0.0
2019-Q2,RT_LQD_QR,  ‣ Quick Ratio,32,2,lần,0.0
2019-Q2,RT_LQD_CASH_RATIO,  ‣ Cash Ratio,33,2,lần,0.0
2019-Q2,RT_ASSETS_CURRENT_DEPOSITS,  ‣ Current Deposits,34,2,tỷ VNĐ,
2019-Q2,RT_ASSETS_DEPOSITS_SPECIAL,  ‣ Special Purpose Deposits,35,2,tỷ VNĐ,
2019-Q2,RT_ASSETS_DEPOSITS_CUSTOMERS,  ‣ Customer Deposits,36,2,tỷ VNĐ,
2019-Q2,RT_ASSETS_MARGIN_DEPOSITS,  ‣ Margin Deposits,37,2,tỷ VNĐ,
2019-Q2,RT_CAT_FINANCIAL_LEVERAGE,Financial Leverage,38,1,,
2019-Q2,RT_LEV_DE,  ‣ Debt to Equity Ratio,39,2,lần,5.3986026075
2019-Q2,RT_LEV_LOAN_EQUITY,  ‣ Loans to Equity Ratio,40,2,lần,0.0
2019-Q2,RT_LEV_DA,  ‣ Debt to Assets Ratio,41,2,lần,
2019-Q2,RT_LEV_FINANCIAL_LEVERAGE,  ‣ Financial Leverage,42,2,lần,0.0
2019-Q2,RT_LEV_EQUITY_TO_LIABILITIES,  ‣ Equity to Liabilities Ratio,43,2,lần,0.1852331191
2019-Q2,RT_LEV_EQUITY_TO_ASSETS,  ‣ Equity to Assets Ratio,44,2,lần,0.1562841235
2019-Q2,RT_CAT_BANKING_SPECIFICS,Banking Specifics,45,1,,
2019-Q2,RT_BANK_NIM,  ‣ Net Interest Margin (NIM),46,2,%,0.041237212
2019-Q2,RT_BANK_YIEA,  ‣ Yield on Earning Assets (YIEA),47,2,%,0.0759161325
2019-Q2,RT_BANK_COF,  ‣ Cost of Funds (COF),48,2,%,-0.039683927
2019-Q2,RT_BANK_NOII,  ‣ Non Interest Income,49,2,tỷ VNĐ,0.5005011163
2019-Q2,RT_BANK_CIR,  ‣ Cost to Income Ratio (CIR),50,2,%,-0.3351423039
2019-Q2,RT_BANK_LOAN_GROWTH,  ‣ Loan Growth,51,2,%,0.1318196518
2019-Q2,RT_BANK_DEPOSIT_GROWTH,  ‣ Deposit Growth,52,2,%,0.0590652444
2019-Q2,RT_BANK_LDR,  ‣ Loan to Deposit Ratio (LDR),53,2,%,0.8418685044
2019-Q2,RT_BANK_NPL,  ‣ Non Performing Loans Ratio (NPL),54,2,%,0.0178043868
2019-Q2,RT_BANK_NPL_COVERAGE,  ‣ NPL Coverage Ratio,55,2,%,-0.7708233758
2019-Q2,RT_BANK_PROVISION_TO_LOANS,  ‣ Provision to Loans Ratio,56,2,%,-0.0061621611
2019-Q2,RT_BANK_CAR,  ‣ Capital Adequacy Ratio (CAR),57,2,%,0.0
2019-Q2,RT_BANK_CASA,  ‣ CASA Ratio,58,2,%,0.3036021186
2019-Q2,RT_BANK_EQUITY_TO_LOANS,  ‣ Equity to Loans Ratio,59,2,%,0.3039693518
2019-Q2,RT_BANK_LLR_TO_LOANS,  ‣ Loan Loss Reserve to Loans Ratio,60,2,%,0.0137240376
2019-Q1,RT_CAT_INFO_VALUATION,Valuation & Company Information,1,1,,
2019-Q1,RT_VALUE_PE,  ‣ P/E Ratio,2,2,lần,8.5457101092
2019-Q1,RT_VALUE_PB,  ‣ P/B Ratio,3,2,lần,1.3519337912
2019-Q1,RT_VALUE_PS,  ‣ P/S Ratio,4,2,lần,4.0219425498
2019-Q1,RT_VALUE_P_CF,  ‣ P/CF Ratio,5,2,lần,4.9475345833
2019-Q1,RT_VALUE_EV_EBITDA,  ‣ EV/EBITDA,6,2,lần,0.0
2019-Q1,RT_VALUE_DIVIDEND_YIELD,  ‣ Dividend Yield,7,2,%,0.0
2019-Q1,RT_VALUE_MARKET_CAP,  ‣ Market Capitalization,8,2,tỷ VNĐ,72729116928000.0
2019-Q1,RT_VALUE_EPS,  ‣ Basic EPS,9,2,VNĐ,
2019-Q1,RT_VALUE_BETA,  ‣ Beta,10,2,lần,
2019-Q1,RT_VALUE_BVPS,  ‣ Book Value Per Share,11,2,VNĐ,
2019-Q1,RT_VALUE_EBIT,  ‣ EBIT,12,2,tỷ VNĐ,0.0
2019-Q1,RT_VALUE_EBITDA,  ‣ EBITDA,13,2,tỷ VNĐ,0.0
2019-Q1,RT_VALUE_EQUITY,  ‣ Owner's Equity,14,2,tỷ VNĐ,0.0
2019-Q1,RT_VALUE_OUTSTANDING_SHARES,  ‣ Outstanding Shares,15,2,cổ phiếu,3496592160.0
2019-Q1,RT_CAT_PROFITABILITY,Profitability & Efficiency,16,1,,
2019-Q1,RT_PRT_ROE,  ‣ ROE %,17,2,%,0.167778909
2019-Q1,RT_PRT_ROA,  ‣ ROA %,18,2,%,0.0269872087
2019-Q1,RT_PRT_ROIC,  ‣ ROIC %,19,2,%,0.0
2019-Q1,RT_PRT_GROSS_MARGIN,  ‣ Gross Profit Margin %,20,2,%,0.6580155971
2019-Q1,RT_PRT_EBIT_MARGIN,  ‣ EBIT Margin %,21,2,%,0.0
2019-Q1,RT_PRT_PRE_TAX_MARGIN,  ‣ Pre Tax Profit Margin %,22,2,%,0.5922295768
2019-Q1,RT_PRT_NET_MARGIN,  ‣ Net Profit Margin %,23,2,%,0.4698681342
2019-Q1,RT_EFF_ATR,  ‣ Asset Turnover,24,2,vòng,0.0
2019-Q1,RT_EFF_FATR,  ‣ Fixed Asset Turnover,25,2,vòng,0.0
2019-Q1,RT_EFF_DSO,  ‣ Days Sales Outstanding,26,2,ngày,0.0
2019-Q1,RT_EFF_DIO,  ‣ Days Inventory Outstanding,27,2,ngày,0.0
2019-Q1,RT_EFF_DPO,  ‣ Days Payable Outstanding,28,2,ngày,0.0
2019-Q1,RT_EFF_CASH_CYCLE,  ‣ Cash Conversion Cycle,29,2,ngày,0.0
2019-Q1,RT_CAT_LIQUIDITY_SAFETY,Liquidity & Financial Safety,30,1,,
2019-Q1,RT_LQD_CR,  ‣ Current Ratio,31,2,lần,0.0
2019-Q1,RT_LQD_QR,  ‣ Quick Ratio,32,2,lần,0.0
2019-Q1,RT_LQD_CASH_RATIO,  ‣ Cash Ratio,33,2,lần,0.0
2019-Q1,RT_ASSETS_CURRENT_DEPOSITS,  ‣ Current Deposits,34,2,tỷ VNĐ,
2019-Q1,RT_ASSETS_DEPOSITS_SPECIAL,  ‣ Special Purpose Deposits,35,2,tỷ VNĐ,
2019-Q1,RT_ASSETS_DEPOSITS_CUSTOMERS,  ‣ Customer Deposits,36,2,tỷ VNĐ,
2019-Q1,RT_ASSETS_MARGIN_DEPOSITS,  ‣ Margin Deposits,37,2,tỷ VNĐ,
2019-Q1,RT_CAT_FINANCIAL_LEVERAGE,Financial Leverage,38,1,,
2019-Q1,RT_LEV_DE,  ‣ Debt to Equity Ratio,39,2,lần,5.0531229897
2019-Q1,RT_LEV_LOAN_EQUITY,  ‣ Loans to Equity Ratio,40,2,lần,0.0
2019-Q1,RT_LEV_DA,  ‣ Debt to Assets Ratio,41,2,lần,
2019-Q1,RT_LEV_FINANCIAL_LEVERAGE,  ‣ Financial Leverage,42,2,lần,0.0
2019-Q1,RT_LEV_EQUITY_TO_LIABILITIES,  ‣ Equity to Liabilities Ratio,43,2,lần,0.1978974195
2019-Q1,RT_LEV_EQUITY_TO_ASSETS,  ‣ Equity to Assets Ratio,44,2,lần,0.1652039785
2019-Q1,RT_CAT_BANKING_SPECIFICS,Banking Specifics,45,1,,
2019-Q1,RT_BANK_NIM,  ‣ Net Interest Margin (NIM),46,2,%,0.0413006792
2019-Q1,RT_BANK_YIEA,  ‣ Yield on Earning Assets (YIEA),47,2,%,0.0767029109
2019-Q1,RT_BANK_COF,  ‣ Cost of Funds (COF),48,2,%,-0.040269327
2019-Q1,RT_BANK_NOII,  ‣ Non Interest Income,49,2,tỷ VNĐ,0.3081216109
2019-Q1,RT_BANK_CIR,  ‣ Cost to Income Ratio (CIR),50,2,%,-0.3664269194
2019-Q1,RT_BANK_LOAN_GROWTH,  ‣ Loan Growth,51,2,%,0.0243424856
2019-Q1,RT_BANK_DEPOSIT_GROWTH,  ‣ Deposit Growth,52,2,%,0.0322973785
2019-Q1,RT_BANK_LDR,  ‣ Loan to Deposit Ratio (LDR),53,2,%,0.7877524232
2019-Q1,RT_BANK_NPL,  ‣ Non Performing Loans Ratio (NPL),54,2,%,0.0178461576
2019-Q1,RT_BANK_NPL_COVERAGE,  ‣ NPL Coverage Ratio,55,2,%,-0.8765740041
2019-Q1,RT_BANK_PROVISION_TO_LOANS,  ‣ Provision to Loans Ratio,56,2,%,-0.0072381119
2019-Q1,RT_BANK_CAR,  ‣ Capital Adequacy Ratio (CAR),57,2,%,0.0
2019-Q1,RT_BANK_CASA,  ‣ CASA Ratio,58,2,%,0.281621823
2019-Q1,RT_BANK_EQUITY_TO_LOANS,  ‣ Equity to Loans Ratio,59,2,%,0.3288358285
2019-Q1,RT_BANK_LLR_TO_LOANS,  ‣ Loan Loss Reserve to Loans Ratio,60,2,%,0.0156434779
2018-Q4,RT_CAT_INFO_VALUATION,Valuation & Company Information,1,1,,
2018-Q4,RT_VALUE_PE,  ‣ P/E Ratio,2,2,lần,10.0607684914
2018-Q4,RT_VALUE_PB,  ‣ P/B Ratio,3,2,lần,1.6464212149
2018-Q4,RT_VALUE_PS,  ‣ P/S Ratio,4,2,lần,4.639950712
2018-Q4,RT_VALUE_P_CF,  ‣ P/CF Ratio,5,2,lần,284.8206952417
2018-Q4,RT_VALUE_EV_EBITDA,  ‣ EV/EBITDA,6,2,lần,0.0
2018-Q4,RT_VALUE_DIVIDEND_YIELD,  ‣ Dividend Yield,7,2,%,0.0
2018-Q4,RT_VALUE_MARKET_CAP,  ‣ Market Capitalization,8,2,tỷ VNĐ,85142019096000.0
2018-Q4,RT_VALUE_EPS,  ‣ Basic EPS,9,2,VNĐ,
2018-Q4,RT_VALUE_BETA,  ‣ Beta,10,2,lần,
2018-Q4,RT_VALUE_BVPS,  ‣ Book Value Per Share,11,2,VNĐ,
2018-Q4,RT_VALUE_EBIT,  ‣ EBIT,12,2,tỷ VNĐ,0.0
2018-Q4,RT_VALUE_EBITDA,  ‣ EBITDA,13,2,tỷ VNĐ,0.0
2018-Q4,RT_VALUE_EQUITY,  ‣ Owner's Equity,14,2,tỷ VNĐ,0.0
2018-Q4,RT_VALUE_OUTSTANDING_SHARES,  ‣ Outstanding Shares,15,2,cổ phiếu,3496592160.0
2018-Q4,RT_CAT_PROFITABILITY,Profitability & Efficiency,16,1,,
2018-Q4,RT_PRT_ROE,  ‣ ROE %,17,2,%,0.2150274191
2018-Q4,RT_PRT_ROA,  ‣ ROA %,18,2,%,0.028668844
2018-Q4,RT_PRT_ROIC,  ‣ ROIC %,19,2,%,0.0
2018-Q4,RT_PRT_GROSS_MARGIN,  ‣ Gross Profit Margin %,20,2,%,0.6816032224
2018-Q4,RT_PRT_EBIT_MARGIN,  ‣ EBIT Margin %,21,2,%,0.0
2018-Q4,RT_PRT_PRE_TAX_MARGIN,  ‣ Pre Tax Profit Margin %,22,2,%,0.5809891438
2018-Q4,RT_PRT_NET_MARGIN,  ‣ Net Profit Margin %,23,2,%,0.4611924794
2018-Q4,RT_EFF_ATR,  ‣ Asset Turnover,24,2,vòng,0.0
2018-Q4,RT_EFF_FATR,  ‣ Fixed Asset Turnover,25,2,vòng,0.0
2018-Q4,RT_EFF_DSO,  ‣ Days Sales Outstanding,26,2,ngày,0.0
2018-Q4,RT_EFF_DIO,  ‣ Days Inventory Outstanding,27,2,ngày,0.0
2018-Q4,RT_EFF_DPO,  ‣ Days Payable Outstanding,28,2,ngày,0.0
2018-Q4,RT_EFF_CASH_CYCLE,  ‣ Cash Conversion Cycle,29,2,ngày,0.0
2018-Q4,RT_CAT_LIQUIDITY_SAFETY,Liquidity & Financial Safety,30,1,,
2018-Q4,RT_LQD_CR,  ‣ Current Ratio,31,2,lần,0.0
2018-Q4,RT_LQD_QR,  ‣ Quick Ratio,32,2,lần,0.0
2018-Q4,RT_LQD_CASH_RATIO,  ‣ Cash Ratio,33,2,lần,0.0
2018-Q4,RT_ASSETS_CURRENT_DEPOSITS,  ‣ Current Deposits,34,2,tỷ VNĐ,
2018-Q4,RT_ASSETS_DEPOSITS_SPECIAL,  ‣ Special Purpose Deposits,35,2,tỷ VNĐ,
2018-Q4,RT_ASSETS_DEPOSITS_CUSTOMERS,  ‣ Customer Deposits,36,2,tỷ VNĐ,
2018-Q4,RT_ASSETS_MARGIN_DEPOSITS,  ‣ Margin Deposits,37,2,tỷ VNĐ,
2018-Q4,RT_CAT_FINANCIAL_LEVERAGE,Financial Leverage,38,1,,
2018-Q4,RT_LEV_DE,  ‣ Debt to Equity Ratio,39,2,lần,5.1987673491
2018-Q4,RT_LEV_LOAN_EQUITY,  ‣ Loans to Equity Ratio,40,2,lần,0.0
2018-Q4,RT_LEV_DA,  ‣ Debt to Assets Ratio,41,2,lần,
2018-Q4,RT_LEV_FINANCIAL_LEVERAGE,  ‣ Financial Leverage,42,2,lần,0.0
2018-Q4,RT_LEV_EQUITY_TO_LIABILITIES,  ‣ Equity to Liabilities Ratio,43,2,lần,0.1923532893
2018-Q4,RT_LEV_EQUITY_TO_ASSETS,  ‣ Equity to Assets Ratio,44,2,lần,0.1613223958
2018-Q4,RT_CAT_BANKING_SPECIFICS,Banking Specifics,45,1,,
2018-Q4,RT_BANK_NIM,  ‣ Net Interest Margin (NIM),46,2,%,0.0412557504
2018-Q4,RT_BANK_YIEA,  ‣ Yield on Earning Assets (YIEA),47,2,%,0.0784222833
2018-Q4,RT_BANK_COF,  ‣ Cost of Funds (COF),48,2,%,-0.0406658836
2018-Q4,RT_BANK_NOII,  ‣ Non Interest Income,49,2,tỷ VNĐ,0.5687781506
2018-Q4,RT_BANK_CIR,  ‣ Cost to Income Ratio (CIR),50,2,%,-0.3183967776
2018-Q4,RT_BANK_LOAN_GROWTH,  ‣ Loan Growth,51,2,%,-0.0056563596
2018-Q4,RT_BANK_DEPOSIT_GROWTH,  ‣ Deposit Growth,52,2,%,0.1780636993
2018-Q4,RT_BANK_LDR,  ‣ Loan to Deposit Ratio (LDR),53,2,%,0.7940798284
2018-Q4,RT_BANK_NPL,  ‣ Non Performing Loans Ratio (NPL),54,2,%,0.0175282151
2018-Q4,RT_BANK_NPL_COVERAGE,  ‣ NPL Coverage Ratio,55,2,%,-0.8507784518
2018-Q4,RT_BANK_PROVISION_TO_LOANS,  ‣ Provision to Loans Ratio,56,2,%,-0.0115106771
2018-Q4,RT_BANK_CAR,  ‣ Capital Adequacy Ratio (CAR),57,2,%,0.0
2018-Q4,RT_BANK_CASA,  ‣ CASA Ratio,58,2,%,0.2871771149
2018-Q4,RT_BANK_EQUITY_TO_LOANS,  ‣ Equity to Loans Ratio,59,2,%,0.3237649025
2018-Q4,RT_BANK_LLR_TO_LOANS,  ‣ Loan Loss Reserve to Loans Ratio,60,2,%,0.0149126277
2018-Q3,RT_CAT_INFO_VALUATION,Valuation & Company Information,1,1,,
2018-Q3,RT_VALUE_PE,  ‣ P/E Ratio,2,2,lần,10.206529667
2018-Q3,RT_VALUE_PB,  ‣ P/B Ratio,3,2,lần,1.8832315269
2018-Q3,RT_VALUE_PS,  ‣ P/S Ratio,4,2,lần,4.8839498671
2018-Q3,RT_VALUE_P_CF,  ‣ P/CF Ratio,5,2,lần,12.6573957328
2018-Q3,RT_VALUE_EV_EBITDA,  ‣ EV/EBITDA,6,2,lần,0.0
2018-Q3,RT_VALUE_DIVIDEND_YIELD,  ‣ Dividend Yield,7,2,%,0.0
2018-Q3,RT_VALUE_MARKET_CAP,  ‣ Market Capitalization,8,2,tỷ VNĐ,93184181064000.0
2018-Q3,RT_VALUE_EPS,  ‣ Basic EPS,9,2,VNĐ,
2018-Q3,RT_VALUE_BETA,  ‣ Beta,10,2,lần,
2018-Q3,RT_VALUE_BVPS,  ‣ Book Value Per Share,11,2,VNĐ,
2018-Q3,RT_VALUE_EBIT,  ‣ EBIT,12,2,tỷ VNĐ,0.0
2018-Q3,RT_VALUE_EBITDA,  ‣ EBITDA,13,2,tỷ VNĐ,0.0
2018-Q3,RT_VALUE_EQUITY,  ‣ Owner's Equity,14,2,tỷ VNĐ,0.0
2018-Q3,RT_VALUE_OUTSTANDING_SHARES,  ‣ Outstanding Shares,15,2,cổ phiếu,3496592160.0
2018-Q3,RT_CAT_PROFITABILITY,Profitability & Efficiency,16,1,,
2018-Q3,RT_PRT_ROE,  ‣ ROE %,17,2,%,0.2171344399
2018-Q3,RT_PRT_ROA,  ‣ ROA %,18,2,%,0.0303598251
2018-Q3,RT_PRT_ROIC,  ‣ ROIC %,19,2,%,0.0
2018-Q3,RT_PRT_GROSS_MARGIN,  ‣ Gross Profit Margin %,20,2,%,0.7248583781
2018-Q3,RT_PRT_EBIT_MARGIN,  ‣ EBIT Margin %,21,2,%,0.0
2018-Q3,RT_PRT_PRE_TAX_MARGIN,  ‣ Pre Tax Profit Margin %,22,2,%,0.5749705079
2018-Q3,RT_PRT_NET_MARGIN,  ‣ Net Profit Margin %,23,2,%,0.4593614692
2018-Q3,RT_EFF_ATR,  ‣ Asset Turnover,24,2,vòng,0.0
2018-Q3,RT_EFF_FATR,  ‣ Fixed Asset Turnover,25,2,vòng,0.0
2018-Q3,RT_EFF_DSO,  ‣ Days Sales Outstanding,26,2,ngày,0.0
2018-Q3,RT_EFF_DIO,  ‣ Days Inventory Outstanding,27,2,ngày,0.0
2018-Q3,RT_EFF_DPO,  ‣ Days Payable Outstanding,28,2,ngày,0.0
2018-Q3,RT_EFF_CASH_CYCLE,  ‣ Cash Conversion Cycle,29,2,ngày,0.0
2018-Q3,RT_CAT_LIQUIDITY_SAFETY,Liquidity & Financial Safety,30,1,,
2018-Q3,RT_LQD_CR,  ‣ Current Ratio,31,2,lần,0.0
2018-Q3,RT_LQD_QR,  ‣ Quick Ratio,32,2,lần,0.0
2018-Q3,RT_LQD_CASH_RATIO,  ‣ Cash Ratio,33,2,lần,0.0
2018-Q3,RT_ASSETS_CURRENT_DEPOSITS,  ‣ Current Deposits,34,2,tỷ VNĐ,
2018-Q3,RT_ASSETS_DEPOSITS_SPECIAL,  ‣ Special Purpose Deposits,35,2,tỷ VNĐ,
2018-Q3,RT_ASSETS_DEPOSITS_CUSTOMERS,  ‣ Customer Deposits,36,2,tỷ VNĐ,
2018-Q3,RT_ASSETS_MARGIN_DEPOSITS,  ‣ Margin Deposits,37,2,tỷ VNĐ,
2018-Q3,RT_CAT_FINANCIAL_LEVERAGE,Financial Leverage,38,1,,
2018-Q3,RT_LEV_DE,  ‣ Debt to Equity Ratio,39,2,lần,5.3013202987
2018-Q3,RT_LEV_LOAN_EQUITY,  ‣ Loans to Equity Ratio,40,2,lần,0.0
2018-Q3,RT_LEV_DA,  ‣ Debt to Assets Ratio,41,2,lần,
2018-Q3,RT_LEV_FINANCIAL_LEVERAGE,  ‣ Financial Leverage,42,2,lần,0.0
2018-Q3,RT_LEV_EQUITY_TO_LIABILITIES,  ‣ Equity to Liabilities Ratio,43,2,lần,0.1886322545
2018-Q3,RT_LEV_EQUITY_TO_ASSETS,  ‣ Equity to Assets Ratio,44,2,lần,0.1586969004
2018-Q3,RT_CAT_BANKING_SPECIFICS,Banking Specifics,45,1,,
2018-Q3,RT_BANK_NIM,  ‣ Net Interest Margin (NIM),46,2,%,0.0401034196
2018-Q3,RT_BANK_YIEA,  ‣ Yield on Earning Assets (YIEA),47,2,%,0.0760939855
2018-Q3,RT_BANK_COF,  ‣ Cost of Funds (COF),48,2,%,-0.0396871746
2018-Q3,RT_BANK_NOII,  ‣ Non Interest Income,49,2,tỷ VNĐ,0.4870979385
2018-Q3,RT_BANK_CIR,  ‣ Cost to Income Ratio (CIR),50,2,%,-0.2836311631
2018-Q3,RT_BANK_LOAN_GROWTH,  ‣ Loan Growth,51,2,%,0.0014302843
2018-Q3,RT_BANK_DEPOSIT_GROWTH,  ‣ Deposit Growth,52,2,%,0.0391872302
2018-Q3,RT_BANK_LDR,  ‣ Loan to Deposit Ratio (LDR),53,2,%,0.8623625844
2018-Q3,RT_BANK_NPL,  ‣ Non Performing Loans Ratio (NPL),54,2,%,0.0205357591
2018-Q3,RT_BANK_NPL_COVERAGE,  ‣ NPL Coverage Ratio,55,2,%,-0.7749920075
2018-Q3,RT_BANK_PROVISION_TO_LOANS,  ‣ Provision to Loans Ratio,56,2,%,-0.0173733461
2018-Q3,RT_BANK_CAR,  ‣ Capital Adequacy Ratio (CAR),57,2,%,0.0
2018-Q3,RT_BANK_CASA,  ‣ CASA Ratio,58,2,%,0.2474719388
2018-Q3,RT_BANK_EQUITY_TO_LOANS,  ‣ Equity to Loans Ratio,59,2,%,0.296401952
2018-Q3,RT_BANK_LLR_TO_LOANS,  ‣ Loan Loss Reserve to Loans Ratio,60,2,%,0.0159150491
2018-Q2,RT_CAT_INFO_VALUATION,Valuation & Company Information,1,1,,
2018-Q2,RT_VALUE_PE,  ‣ P/E Ratio,2,2,lần,10.8486033885
2018-Q2,RT_VALUE_PB,  ‣ P/B Ratio,3,2,lần,2.0494710047
2018-Q2,RT_VALUE_PS,  ‣ P/S Ratio,4,2,lần,5.4497741661
2018-Q2,RT_VALUE_P_CF,  ‣ P/CF Ratio,5,2,lần,5.7975254929
2018-Q2,RT_VALUE_EV_EBITDA,  ‣ EV/EBITDA,6,2,lần,0.0
2018-Q2,RT_VALUE_DIVIDEND_YIELD,  ‣ Dividend Yield,7,2,%,0.0
2018-Q2,RT_VALUE_MARKET_CAP,  ‣ Market Capitalization,8,2,tỷ VNĐ,97205262048000.0
2018-Q2,RT_VALUE_EPS,  ‣ Basic EPS,9,2,VNĐ,
2018-Q2,RT_VALUE_BETA,  ‣ Beta,10,2,lần,
2018-Q2,RT_VALUE_BVPS,  ‣ Book Value Per Share,11,2,VNĐ,
2018-Q2,RT_VALUE_EBIT,  ‣ EBIT,12,2,tỷ VNĐ,0.0
2018-Q2,RT_VALUE_EBITDA,  ‣ EBITDA,13,2,tỷ VNĐ,0.0
2018-Q2,RT_VALUE_EQUITY,  ‣ Owner's Equity,14,2,tỷ VNĐ,0.0
2018-Q2,RT_VALUE_OUTSTANDING_SHARES,  ‣ Outstanding Shares,15,2,cổ phiếu,3496592160.0
2018-Q2,RT_CAT_PROFITABILITY,Profitability & Efficiency,16,1,,
2018-Q2,RT_PRT_ROE,  ‣ ROE %,17,2,%,0.2560279145
2018-Q2,RT_PRT_ROA,  ‣ ROA %,18,2,%,0.0312549251
2018-Q2,RT_PRT_ROIC,  ‣ ROIC %,19,2,%,0.0
2018-Q2,RT_PRT_GROSS_MARGIN,  ‣ Gross Profit Margin %,20,2,%,0.7111113932
2018-Q2,RT_PRT_EBIT_MARGIN,  ‣ EBIT Margin %,21,2,%,0.0
2018-Q2,RT_PRT_PRE_TAX_MARGIN,  ‣ Pre Tax Profit Margin %,22,2,%,0.5844961774
2018-Q2,RT_PRT_NET_MARGIN,  ‣ Net Profit Margin %,23,2,%,0.4682722343
2018-Q2,RT_EFF_ATR,  ‣ Asset Turnover,24,2,vòng,0.0
2018-Q2,RT_EFF_FATR,  ‣ Fixed Asset Turnover,25,2,vòng,0.0
2018-Q2,RT_EFF_DSO,  ‣ Days Sales Outstanding,26,2,ngày,0.0
2018-Q2,RT_EFF_DIO,  ‣ Days Inventory Outstanding,27,2,ngày,0.0
2018-Q2,RT_EFF_DPO,  ‣ Days Payable Outstanding,28,2,ngày,0.0
2018-Q2,RT_EFF_CASH_CYCLE,  ‣ Cash Conversion Cycle,29,2,ngày,0.0
2018-Q2,RT_CAT_LIQUIDITY_SAFETY,Liquidity & Financial Safety,30,1,,
2018-Q2,RT_LQD_CR,  ‣ Current Ratio,31,2,lần,0.0
2018-Q2,RT_LQD_QR,  ‣ Quick Ratio,32,2,lần,0.0
2018-Q2,RT_LQD_CASH_RATIO,  ‣ Cash Ratio,33,2,lần,0.0
2018-Q2,RT_ASSETS_CURRENT_DEPOSITS,  ‣ Current Deposits,34,2,tỷ VNĐ,
2018-Q2,RT_ASSETS_DEPOSITS_SPECIAL,  ‣ Special Purpose Deposits,35,2,tỷ VNĐ,
2018-Q2,RT_ASSETS_DEPOSITS_CUSTOMERS,  ‣ Customer Deposits,36,2,tỷ VNĐ,
2018-Q2,RT_ASSETS_MARGIN_DEPOSITS,  ‣ Margin Deposits,37,2,tỷ VNĐ,
2018-Q2,RT_CAT_FINANCIAL_LEVERAGE,Financial Leverage,38,1,,
2018-Q2,RT_LEV_DE,  ‣ Debt to Equity Ratio,39,2,lần,5.3337203222
2018-Q2,RT_LEV_LOAN_EQUITY,  ‣ Loans to Equity Ratio,40,2,lần,0.0
2018-Q2,RT_LEV_DA,  ‣ Debt to Assets Ratio,41,2,lần,
2018-Q2,RT_LEV_FINANCIAL_LEVERAGE,  ‣ Financial Leverage,42,2,lần,0.0
2018-Q2,RT_LEV_EQUITY_TO_LIABILITIES,  ‣ Equity to Liabilities Ratio,43,2,lần,0.1874863959
2018-Q2,RT_LEV_EQUITY_TO_ASSETS,  ‣ Equity to Assets Ratio,44,2,lần,0.1578850895
2018-Q2,RT_CAT_BANKING_SPECIFICS,Banking Specifics,45,1,,
2018-Q2,RT_BANK_NIM,  ‣ Net Interest Margin (NIM),46,2,%,0.0388622995
2018-Q2,RT_BANK_YIEA,  ‣ Yield on Earning Assets (YIEA),47,2,%,0.075770602
2018-Q2,RT_BANK_COF,  ‣ Cost of Funds (COF),48,2,%,-0.0396418146
2018-Q2,RT_BANK_NOII,  ‣ Non Interest Income,49,2,tỷ VNĐ,0.596548408
2018-Q2,RT_BANK_CIR,  ‣ Cost to Income Ratio (CIR),50,2,%,-0.2877232459
2018-Q2,RT_BANK_LOAN_GROWTH,  ‣ Loan Growth,51,2,%,0.0167861826
2018-Q2,RT_BANK_DEPOSIT_GROWTH,  ‣ Deposit Growth,52,2,%,0.0269730475
2018-Q2,RT_BANK_LDR,  ‣ Loan to Deposit Ratio (LDR),53,2,%,0.894876258
2018-Q2,RT_BANK_NPL,  ‣ Non Performing Loans Ratio (NPL),54,2,%,0.0203730559
2018-Q2,RT_BANK_NPL_COVERAGE,  ‣ NPL Coverage Ratio,55,2,%,-0.741845953
2018-Q2,RT_BANK_PROVISION_TO_LOANS,  ‣ Provision to Loans Ratio,56,2,%,-0.014465695
2018-Q2,RT_BANK_CAR,  ‣ Capital Adequacy Ratio (CAR),57,2,%,0.0
2018-Q2,RT_BANK_CASA,  ‣ CASA Ratio,58,2,%,0.2461989261
2018-Q2,RT_BANK_EQUITY_TO_LOANS,  ‣ Equity to Loans Ratio,59,2,%,0.2845190175
2018-Q2,RT_BANK_LLR_TO_LOANS,  ‣ Loan Loss Reserve to Loans Ratio,60,2,%,0.0151136691
