period,id,name,order,level,off_balance,unit,value
2026-Q2,BS_TOTAL_ASSETS,Total Assets,1,1,False,VNĐ,547664403000000.0
2026-Q2,BS_CASH_AND_PRECIOUS_METALS,Cash and Precious Metals,2,1,False,VNĐ,1771148000000.0
2026-Q2,BS_BALANCES_WITH_SBV,Balances With SBV,3,1,False,VNĐ,13444607000000.0
2026-Q2,BS_PLACEMENTS_AND_LOANS_TO_CREDIT_INSTITUTIONS,Placements and Loans to Credit Institutions,4,1,False,VNĐ,97759092000000.0
2026-Q2,BS_PLACEMENTS_WITH_CREDIT_INSTITUTIONS,  ‣ Placements With Credit Institutions,5,2,False,VNĐ,82399456000000.0
2026-Q2,BS_LOANS_TO_CREDIT_INSTITUTIONS,  ‣ Loans to Credit Institutions,6,2,False,VNĐ,15359636000000.0
2026-Q2,BS_PROVISION_CREDIT_INSTITUTIONS,  ‣ Provision Credit Institutions,7,2,False,VNĐ,0.0
2026-Q2,BS_TRADING_SECURITIES,Trading Securities,8,1,False,VNĐ,4714695000000.0
2026-Q2,BS_TRADING_SECURITIES_GROSS,  ‣ Trading Securities Gross,9,2,False,VNĐ,4945153000000.0
2026-Q2,BS_PROVISION_TRADING_SECURITIES,  ‣ Provision Trading Securities,10,2,False,VNĐ,-230458000000.0
2026-Q2,BS_DERIVATIVES_AND_OTHER_FINANCIAL_ASSETS,Derivatives and Other Financial Assets,11,1,False,VNĐ,261305000000.0
2026-Q2,BS_LOANS_TO_CUSTOMERS,Loans to Customers,12,1,False,VNĐ,333970520000000.0
2026-Q2,BS_LOANS_TO_CUSTOMERS_GROSS,  ‣ Loans to Customers Gross,13,2,False,VNĐ,338148180000000.0
2026-Q2,BS_PROVISION_LOANS_TO_CUSTOMERS,  ‣ Provision Loans to Customers,14,2,False,VNĐ,-4177660000000.0
2026-Q2,BS_DEBT_PURCHASES,Debt Purchases,15,1,False,VNĐ,935890000000.0
2026-Q2,BS_DEBT_PURCHASES_GROSS,  ‣ Debt Purchases Gross,16,2,False,VNĐ,942962000000.0
2026-Q2,BS_PROVISION_DEBT_PURCHASES,  ‣ Provision Debt Purchases,17,2,False,VNĐ,-7072000000.0
2026-Q2,BS_INVESTMENT_SECURITIES,Investment Securities,18,1,False,VNĐ,59281266000000.0
2026-Q2,BS_AVAILABLE_FOR_SALE_SECURITIES,  ‣ Available for Sale Securities,19,2,False,VNĐ,59588612000000.0
2026-Q2,BS_HELD_TO_MATURITY_SECURITIES,  ‣ Held to Maturity Securities,20,2,False,VNĐ,0.0
2026-Q2,BS_PROVISION_INVESTMENT_SECURITIES,  ‣ Provision Investment Securities,21,2,False,VNĐ,-307346000000.0
2026-Q2,BS_LONG_TERM_INVESTMENTS,Long Term Investments,22,1,False,VNĐ,13200000000.0
2026-Q2,BS_INVESTMENTS_IN_JOINT_VENTURES,  ‣ Investments in Joint Ventures,23,2,False,VNĐ,0.0
2026-Q2,BS_CAPITAL_CONTRIBUTION_JOINT_VENTURES,  ‣ Capital Contribution Joint Ventures,24,2,False,VNĐ,0.0
2026-Q2,BS_INVESTMENTS_IN_ASSOCIATES,  ‣ Investments in Associates,25,2,False,VNĐ,0.0
2026-Q2,BS_OTHER_LONG_TERM_INVESTMENTS,  ‣ Other Long Term Investments,26,2,False,VNĐ,13200000000.0
2026-Q2,BS_PROVISION_LONG_TERM_INVESTMENTS,  ‣ Provision Long Term Investments,27,2,False,VNĐ,0.0
2026-Q2,BS_FIXED_ASSETS,Fixed Assets,28,1,False,VNĐ,1574098000000.0
2026-Q2,BS_TANGIBLE_FIXED_ASSETS,  ‣ Tangible Fixed Assets,29,2,False,VNĐ,677035000000.0
2026-Q2,BS_TANGIBLE_FIXED_ASSETS_COST,    • Tangible Fixed Assets Cost,30,3,False,VNĐ,2273843000000.0
2026-Q2,BS_TANGIBLE_FIXED_ASSETS_ACCUMULATED_DEPRECIATION,    • Tangible Fixed Assets Accumulated Depreciation,31,3,False,VNĐ,-1596808000000.0
2026-Q2,BS_FINANCE_LEASE_FIXED_ASSETS,  ‣ Finance Lease Fixed Assets,32,2,False,VNĐ,0.0
2026-Q2,BS_FINANCE_LEASE_FIXED_ASSETS_COST,    • Finance Lease Fixed Assets Cost,33,3,False,VNĐ,0.0
2026-Q2,BS_FINANCE_LEASE_FIXED_ASSETS_ACCUMULATED_DEPRECIATION,    • Finance Lease Fixed Assets Accumulated Depreciation,34,3,False,VNĐ,-0.0
2026-Q2,BS_INTANGIBLE_FIXED_ASSETS,  ‣ Intangible Fixed Assets,35,2,False,VNĐ,897063000000.0
2026-Q2,BS_INTANGIBLE_FIXED_ASSETS_COST,    • Intangible Fixed Assets Cost,36,3,False,VNĐ,1692172000000.0
2026-Q2,BS_INTANGIBLE_FIXED_ASSETS_ACCUMULATED_DEPRECIATION,    • Intangible Fixed Assets Accumulated Depreciation,37,3,False,VNĐ,-795109000000.0
2026-Q2,BS_INVESTMENT_PROPERTIES,Investment Properties,38,1,False,VNĐ,0.0
2026-Q2,BS_INVESTMENT_PROPERTIES_COST,  ‣ Investment Properties Cost,39,2,False,VNĐ,0.0
2026-Q2,BS_INVESTMENT_PROPERTIES_ACCUMULATED_DEPRECIATION,  ‣ Investment Properties Accumulated Depreciation,40,2,False,VNĐ,-0.0
2026-Q2,BS_OTHER_ASSETS,Other Assets,41,1,False,VNĐ,33938582000000.0
2026-Q2,BS_RECEIVABLES,  ‣ Receivables,42,2,False,VNĐ,21573508000000.0
2026-Q2,BS_INTEREST_AND_FEE_RECEIVABLES,  ‣ Interest and Fee Receivables,43,2,False,VNĐ,5827609000000.0
2026-Q2,BS_DEFERRED_TAX_ASSETS,  ‣ Deferred Tax Assets,44,2,False,VNĐ,196422000000.0
2026-Q2,BS_OTHER_ASSETS_DETAIL,  ‣ Other Assets Detail,45,2,False,VNĐ,6359127000000.0
2026-Q2,BS_GOODWILL,  ‣ Goodwill,46,2,False,VNĐ,
2026-Q2,BS_PROVISION_OTHER_ASSETS,  ‣ Provision Other Assets,47,2,False,VNĐ,-18084000000.0
2026-Q2,BS_TOTAL_LIABILITIES_AND_EQUITY,Total Liabilities and Equity,48,1,False,VNĐ,547664403000000.0
2026-Q2,BS_TOTAL_LIABILITIES,Total Liabilities,49,1,False,VNĐ,498098578000000.0
2026-Q2,BS_DUE_TO_GOVERNMENT_AND_SBV,  ‣ Due to Government and SBV,50,2,False,VNĐ,148164000000.0
2026-Q2,BS_PLACEMENTS_AND_BORROWINGS_FROM_CREDIT_INSTITUTIONS,  ‣ Placements and Borrowings from Credit Institutions,51,2,False,VNĐ,143343728000000.0
2026-Q2,BS_PLACEMENTS_FROM_CREDIT_INSTITUTIONS,    • Placements from Credit Institutions,52,3,False,VNĐ,103086103000000.0
2026-Q2,BS_BORROWINGS_FROM_CREDIT_INSTITUTIONS,    • Borrowings from Credit Institutions,53,3,False,VNĐ,40257625000000.0
2026-Q2,BS_CUSTOMER_DEPOSITS,  ‣ Customer Deposits,54,2,False,VNĐ,288477683000000.0
2026-Q2,BS_DERIVATIVES_AND_OTHER_FINANCIAL_LIABILITIES,  ‣ Derivatives and Other Financial Liabilities,55,2,False,VNĐ,0.0
2026-Q2,BS_FUNDS_AND_ENTRUSTED_INVESTMENTS,  ‣ Funds and Entrusted Investments,56,2,False,VNĐ,161475000000.0
2026-Q2,BS_VALUABLE_PAPERS_ISSUED,  ‣ Valuable Papers Issued,57,2,False,VNĐ,54157381000000.0
2026-Q2,BS_OTHER_LIABILITIES,  ‣ Other Liabilities,58,2,False,VNĐ,11810147000000.0
2026-Q2,BS_INTEREST_AND_FEE_PAYABLES,    • Interest and Fee Payables,59,3,False,VNĐ,7235439000000.0
2026-Q2,BS_DEFERRED_TAX_LIABILITIES,    • Deferred Tax Liabilities,60,3,False,VNĐ,
2026-Q2,BS_OTHER_PAYABLES_AND_LIABILITIES,    • Other Payables and Liabilities,61,3,False,VNĐ,4476986000000.0
2026-Q2,BS_OTHER_PROVISIONS,    • Other Provisions,62,3,False,VNĐ,0.0
2026-Q2,BS_EQUITY,Equity,63,1,False,VNĐ,49565825000000.0
2026-Q2,BS_CHARTER_CAPITAL_AND_FUNDS,  ‣ Charter Capital and Funds,64,2,False,VNĐ,27740469000000.0
2026-Q2,BS_CHARTER_CAPITAL,    • Charter Capital,65,3,False,VNĐ,27740469000000.0
2026-Q2,BS_SHARE_PREMIUM,    • Share Premium,66,3,False,VNĐ,0.0
2026-Q2,BS_TREASURY_SHARES,    • Treasury Shares,67,3,False,VNĐ,0.0
2026-Q2,BS_OTHER_CAPITAL,    • Other Capital,68,3,False,VNĐ,0.0
2026-Q2,BS_RESERVES,  ‣ Reserves,69,2,False,VNĐ,6317995000000.0
2026-Q2,BS_FOREIGN_EXCHANGE_DIFFERENCES,  ‣ Foreign Exchange Differences,70,2,False,VNĐ,0.0
2026-Q2,BS_ASSET_REVALUATION_DIFFERENCES,  ‣ Asset Revaluation Differences,71,2,False,VNĐ,0.0
2026-Q2,BS_RETAINED_EARNINGS,  ‣ Retained Earnings,72,2,False,VNĐ,11755939000000.0
2026-Q2,BS_MINORITY_INTEREST,Minority Interest,73,1,False,VNĐ,3751422000000.0
2026-Q2,BS_OFF_BALANCE_SHEET_ITEMS,Off Balance Sheet Items,74,1,True,VNĐ,
2026-Q2,BS_LOAN_GUARANTEES,  ‣ Loan Guarantees,75,2,True,VNĐ,
2026-Q2,BS_FX_COMMITMENTS,  ‣ FX Commitments,76,2,True,VNĐ,8976931000000.0
2026-Q2,BS_COMMITMENTS_TO_BUY_FX,    • Commitments to Buy FX,77,3,True,VNĐ,1819645000000.0
2026-Q2,BS_COMMITMENTS_TO_SELL_FX,    • Commitments to Sell FX,78,3,True,VNĐ,1730363000000.0
2026-Q2,BS_SWAP_COMMITMENTS,    • Swap Commitments,79,3,True,VNĐ,91096277000000.0
2026-Q2,BS_FUTURE_COMMITMENTS,    • Future Commitments,80,3,True,VNĐ,0.0
2026-Q2,BS_IRREVOCABLE_LOAN_COMMITMENTS,  ‣ Irrevocable Loan Commitments,81,2,True,VNĐ,0.0
2026-Q2,BS_LC_COMMITMENTS,  ‣ LC Commitments,82,2,True,VNĐ,21053641000000.0
2026-Q2,BS_OTHER_GUARANTEES,  ‣ Other Guarantees,83,2,True,VNĐ,84450309000000.0
2026-Q2,BS_OTHER_COMMITMENTS,  ‣ Other Commitments,84,2,True,VNĐ,22719533000000.0
2026-Q1,BS_TOTAL_ASSETS,Total Assets,1,1,False,VNĐ,527169377000000.0
2026-Q1,BS_CASH_AND_PRECIOUS_METALS,Cash and Precious Metals,2,1,False,VNĐ,2592698000000.0
2026-Q1,BS_BALANCES_WITH_SBV,Balances With SBV,3,1,False,VNĐ,10068279000000.0
2026-Q1,BS_PLACEMENTS_AND_LOANS_TO_CREDIT_INSTITUTIONS,Placements and Loans to Credit Institutions,4,1,False,VNĐ,109316911000000.0
2026-Q1,BS_PLACEMENTS_WITH_CREDIT_INSTITUTIONS,  ‣ Placements With Credit Institutions,5,2,False,VNĐ,97230990000000.0
2026-Q1,BS_LOANS_TO_CREDIT_INSTITUTIONS,  ‣ Loans to Credit Institutions,6,2,False,VNĐ,12085921000000.0
2026-Q1,BS_PROVISION_CREDIT_INSTITUTIONS,  ‣ Provision Credit Institutions,7,2,False,VNĐ,0.0
2026-Q1,BS_TRADING_SECURITIES,Trading Securities,8,1,False,VNĐ,1482130000000.0
2026-Q1,BS_TRADING_SECURITIES_GROSS,  ‣ Trading Securities Gross,9,2,False,VNĐ,1670636000000.0
2026-Q1,BS_PROVISION_TRADING_SECURITIES,  ‣ Provision Trading Securities,10,2,False,VNĐ,-188506000000.0
2026-Q1,BS_DERIVATIVES_AND_OTHER_FINANCIAL_ASSETS,Derivatives and Other Financial Assets,11,1,False,VNĐ,171380000000.0
2026-Q1,BS_LOANS_TO_CUSTOMERS,Loans to Customers,12,1,False,VNĐ,312044784000000.0
2026-Q1,BS_LOANS_TO_CUSTOMERS_GROSS,  ‣ Loans to Customers Gross,13,2,False,VNĐ,316042203000000.0
2026-Q1,BS_PROVISION_LOANS_TO_CUSTOMERS,  ‣ Provision Loans to Customers,14,2,False,VNĐ,-3997419000000.0
2026-Q1,BS_DEBT_PURCHASES,Debt Purchases,15,1,False,VNĐ,1089948000000.0
2026-Q1,BS_DEBT_PURCHASES_GROSS,  ‣ Debt Purchases Gross,16,2,False,VNĐ,1098184000000.0
2026-Q1,BS_PROVISION_DEBT_PURCHASES,  ‣ Provision Debt Purchases,17,2,False,VNĐ,-8236000000.0
2026-Q1,BS_INVESTMENT_SECURITIES,Investment Securities,18,1,False,VNĐ,57531215000000.0
2026-Q1,BS_AVAILABLE_FOR_SALE_SECURITIES,  ‣ Available for Sale Securities,19,2,False,VNĐ,57897100000000.0
2026-Q1,BS_HELD_TO_MATURITY_SECURITIES,  ‣ Held to Maturity Securities,20,2,False,VNĐ,0.0
2026-Q1,BS_PROVISION_INVESTMENT_SECURITIES,  ‣ Provision Investment Securities,21,2,False,VNĐ,-365885000000.0
2026-Q1,BS_LONG_TERM_INVESTMENTS,Long Term Investments,22,1,False,VNĐ,13200000000.0
2026-Q1,BS_INVESTMENTS_IN_JOINT_VENTURES,  ‣ Investments in Joint Ventures,23,2,False,VNĐ,0.0
2026-Q1,BS_CAPITAL_CONTRIBUTION_JOINT_VENTURES,  ‣ Capital Contribution Joint Ventures,24,2,False,VNĐ,0.0
2026-Q1,BS_INVESTMENTS_IN_ASSOCIATES,  ‣ Investments in Associates,25,2,False,VNĐ,0.0
2026-Q1,BS_OTHER_LONG_TERM_INVESTMENTS,  ‣ Other Long Term Investments,26,2,False,VNĐ,13200000000.0
2026-Q1,BS_PROVISION_LONG_TERM_INVESTMENTS,  ‣ Provision Long Term Investments,27,2,False,VNĐ,0.0
2026-Q1,BS_FIXED_ASSETS,Fixed Assets,28,1,False,VNĐ,1627109000000.0
2026-Q1,BS_TANGIBLE_FIXED_ASSETS,  ‣ Tangible Fixed Assets,29,2,False,VNĐ,724961000000.0
2026-Q1,BS_TANGIBLE_FIXED_ASSETS_COST,    • Tangible Fixed Assets Cost,30,3,False,VNĐ,2281386000000.0
2026-Q1,BS_TANGIBLE_FIXED_ASSETS_ACCUMULATED_DEPRECIATION,    • Tangible Fixed Assets Accumulated Depreciation,31,3,False,VNĐ,-1556425000000.0
2026-Q1,BS_FINANCE_LEASE_FIXED_ASSETS,  ‣ Finance Lease Fixed Assets,32,2,False,VNĐ,0.0
2026-Q1,BS_FINANCE_LEASE_FIXED_ASSETS_COST,    • Finance Lease Fixed Assets Cost,33,3,False,VNĐ,0.0
2026-Q1,BS_FINANCE_LEASE_FIXED_ASSETS_ACCUMULATED_DEPRECIATION,    • Finance Lease Fixed Assets Accumulated Depreciation,34,3,False,VNĐ,-0.0
2026-Q1,BS_INTANGIBLE_FIXED_ASSETS,  ‣ Intangible Fixed Assets,35,2,False,VNĐ,902148000000.0
2026-Q1,BS_INTANGIBLE_FIXED_ASSETS_COST,    • Intangible Fixed Assets Cost,36,3,False,VNĐ,1669839000000.0
2026-Q1,BS_INTANGIBLE_FIXED_ASSETS_ACCUMULATED_DEPRECIATION,    • Intangible Fixed Assets Accumulated Depreciation,37,3,False,VNĐ,-767691000000.0
2026-Q1,BS_INVESTMENT_PROPERTIES,Investment Properties,38,1,False,VNĐ,0.0
2026-Q1,BS_INVESTMENT_PROPERTIES_COST,  ‣ Investment Properties Cost,39,2,False,VNĐ,0.0
2026-Q1,BS_INVESTMENT_PROPERTIES_ACCUMULATED_DEPRECIATION,  ‣ Investment Properties Accumulated Depreciation,40,2,False,VNĐ,-0.0
2026-Q1,BS_OTHER_ASSETS,Other Assets,41,1,False,VNĐ,31231723000000.0
2026-Q1,BS_RECEIVABLES,  ‣ Receivables,42,2,False,VNĐ,20435850000000.0
2026-Q1,BS_INTEREST_AND_FEE_RECEIVABLES,  ‣ Interest and Fee Receivables,43,2,False,VNĐ,4915151000000.0
2026-Q1,BS_DEFERRED_TAX_ASSETS,  ‣ Deferred Tax Assets,44,2,False,VNĐ,185259000000.0
2026-Q1,BS_OTHER_ASSETS_DETAIL,  ‣ Other Assets Detail,45,2,False,VNĐ,5713547000000.0
2026-Q1,BS_GOODWILL,  ‣ Goodwill,46,2,False,VNĐ,
2026-Q1,BS_PROVISION_OTHER_ASSETS,  ‣ Provision Other Assets,47,2,False,VNĐ,-18084000000.0
2026-Q1,BS_TOTAL_LIABILITIES_AND_EQUITY,Total Liabilities and Equity,48,1,False,VNĐ,527169377000000.0
2026-Q1,BS_TOTAL_LIABILITIES,Total Liabilities,49,1,False,VNĐ,479135059000000.0
2026-Q1,BS_DUE_TO_GOVERNMENT_AND_SBV,  ‣ Due to Government and SBV,50,2,False,VNĐ,8569775000000.0
2026-Q1,BS_PLACEMENTS_AND_BORROWINGS_FROM_CREDIT_INSTITUTIONS,  ‣ Placements and Borrowings from Credit Institutions,51,2,False,VNĐ,134159815000000.0
2026-Q1,BS_PLACEMENTS_FROM_CREDIT_INSTITUTIONS,    • Placements from Credit Institutions,52,3,False,VNĐ,103612548000000.0
2026-Q1,BS_BORROWINGS_FROM_CREDIT_INSTITUTIONS,    • Borrowings from Credit Institutions,53,3,False,VNĐ,30547267000000.0
2026-Q1,BS_CUSTOMER_DEPOSITS,  ‣ Customer Deposits,54,2,False,VNĐ,267038156000000.0
2026-Q1,BS_DERIVATIVES_AND_OTHER_FINANCIAL_LIABILITIES,  ‣ Derivatives and Other Financial Liabilities,55,2,False,VNĐ,0.0
2026-Q1,BS_FUNDS_AND_ENTRUSTED_INVESTMENTS,  ‣ Funds and Entrusted Investments,56,2,False,VNĐ,150825000000.0
2026-Q1,BS_VALUABLE_PAPERS_ISSUED,  ‣ Valuable Papers Issued,57,2,False,VNĐ,59646208000000.0
2026-Q1,BS_OTHER_LIABILITIES,  ‣ Other Liabilities,58,2,False,VNĐ,9570280000000.0
2026-Q1,BS_INTEREST_AND_FEE_PAYABLES,    • Interest and Fee Payables,59,3,False,VNĐ,6908300000000.0
2026-Q1,BS_DEFERRED_TAX_LIABILITIES,    • Deferred Tax Liabilities,60,3,False,VNĐ,
2026-Q1,BS_OTHER_PAYABLES_AND_LIABILITIES,    • Other Payables and Liabilities,61,3,False,VNĐ,2565585000000.0
2026-Q1,BS_OTHER_PROVISIONS,    • Other Provisions,62,3,False,VNĐ,0.0
2026-Q1,BS_EQUITY,Equity,63,1,False,VNĐ,48034318000000.0
2026-Q1,BS_CHARTER_CAPITAL_AND_FUNDS,  ‣ Charter Capital and Funds,64,2,False,VNĐ,27740469000000.0
2026-Q1,BS_CHARTER_CAPITAL,    • Charter Capital,65,3,False,VNĐ,27740469000000.0
2026-Q1,BS_SHARE_PREMIUM,    • Share Premium,66,3,False,VNĐ,0.0
2026-Q1,BS_TREASURY_SHARES,    • Treasury Shares,67,3,False,VNĐ,0.0
2026-Q1,BS_OTHER_CAPITAL,    • Other Capital,68,3,False,VNĐ,0.0
2026-Q1,BS_RESERVES,  ‣ Reserves,69,2,False,VNĐ,4936046000000.0
2026-Q1,BS_FOREIGN_EXCHANGE_DIFFERENCES,  ‣ Foreign Exchange Differences,70,2,False,VNĐ,373117000000.0
2026-Q1,BS_ASSET_REVALUATION_DIFFERENCES,  ‣ Asset Revaluation Differences,71,2,False,VNĐ,0.0
2026-Q1,BS_RETAINED_EARNINGS,  ‣ Retained Earnings,72,2,False,VNĐ,11305830000000.0
2026-Q1,BS_MINORITY_INTEREST,Minority Interest,73,1,False,VNĐ,3678856000000.0
2026-Q1,BS_OFF_BALANCE_SHEET_ITEMS,Off Balance Sheet Items,74,1,True,VNĐ,
2026-Q1,BS_LOAN_GUARANTEES,  ‣ Loan Guarantees,75,2,True,VNĐ,
2026-Q1,BS_FX_COMMITMENTS,  ‣ FX Commitments,76,2,True,VNĐ,3408655000000.0
2026-Q1,BS_COMMITMENTS_TO_BUY_FX,    • Commitments to Buy FX,77,3,True,VNĐ,480185000000.0
2026-Q1,BS_COMMITMENTS_TO_SELL_FX,    • Commitments to Sell FX,78,3,True,VNĐ,496567000000.0
2026-Q1,BS_SWAP_COMMITMENTS,    • Swap Commitments,79,3,True,VNĐ,86244435000000.0
2026-Q1,BS_FUTURE_COMMITMENTS,    • Future Commitments,80,3,True,VNĐ,0.0
2026-Q1,BS_IRREVOCABLE_LOAN_COMMITMENTS,  ‣ Irrevocable Loan Commitments,81,2,True,VNĐ,0.0
2026-Q1,BS_LC_COMMITMENTS,  ‣ LC Commitments,82,2,True,VNĐ,16069401000000.0
2026-Q1,BS_OTHER_GUARANTEES,  ‣ Other Guarantees,83,2,True,VNĐ,80590430000000.0
2026-Q1,BS_OTHER_COMMITMENTS,  ‣ Other Commitments,84,2,True,VNĐ,13561121000000.0
2025-Q4,BS_TOTAL_ASSETS,Total Assets,1,1,False,VNĐ,505901570000000.0
2025-Q4,BS_CASH_AND_PRECIOUS_METALS,Cash and Precious Metals,2,1,False,VNĐ,1704704000000.0
2025-Q4,BS_BALANCES_WITH_SBV,Balances With SBV,3,1,False,VNĐ,20459657000000.0
2025-Q4,BS_PLACEMENTS_AND_LOANS_TO_CREDIT_INSTITUTIONS,Placements and Loans to Credit Institutions,4,1,False,VNĐ,103388411000000.0
2025-Q4,BS_PLACEMENTS_WITH_CREDIT_INSTITUTIONS,  ‣ Placements With Credit Institutions,5,2,False,VNĐ,94871352000000.0
2025-Q4,BS_LOANS_TO_CREDIT_INSTITUTIONS,  ‣ Loans to Credit Institutions,6,2,False,VNĐ,8517059000000.0
2025-Q4,BS_PROVISION_CREDIT_INSTITUTIONS,  ‣ Provision Credit Institutions,7,2,False,VNĐ,0.0
2025-Q4,BS_TRADING_SECURITIES,Trading Securities,8,1,False,VNĐ,2119466000000.0
2025-Q4,BS_TRADING_SECURITIES_GROSS,  ‣ Trading Securities Gross,9,2,False,VNĐ,2119544000000.0
2025-Q4,BS_PROVISION_TRADING_SECURITIES,  ‣ Provision Trading Securities,10,2,False,VNĐ,-78000000.0
2025-Q4,BS_DERIVATIVES_AND_OTHER_FINANCIAL_ASSETS,Derivatives and Other Financial Assets,11,1,False,VNĐ,333702000000.0
2025-Q4,BS_LOANS_TO_CUSTOMERS,Loans to Customers,12,1,False,VNĐ,302186389000000.0
2025-Q4,BS_LOANS_TO_CUSTOMERS_GROSS,  ‣ Loans to Customers Gross,13,2,False,VNĐ,305816635000000.0
2025-Q4,BS_PROVISION_LOANS_TO_CUSTOMERS,  ‣ Provision Loans to Customers,14,2,False,VNĐ,-3630246000000.0
2025-Q4,BS_DEBT_PURCHASES,Debt Purchases,15,1,False,VNĐ,1096937000000.0
2025-Q4,BS_DEBT_PURCHASES_GROSS,  ‣ Debt Purchases Gross,16,2,False,VNĐ,1105226000000.0
2025-Q4,BS_PROVISION_DEBT_PURCHASES,  ‣ Provision Debt Purchases,17,2,False,VNĐ,-8289000000.0
2025-Q4,BS_INVESTMENT_SECURITIES,Investment Securities,18,1,False,VNĐ,51613170000000.0
2025-Q4,BS_AVAILABLE_FOR_SALE_SECURITIES,  ‣ Available for Sale Securities,19,2,False,VNĐ,52051025000000.0
2025-Q4,BS_HELD_TO_MATURITY_SECURITIES,  ‣ Held to Maturity Securities,20,2,False,VNĐ,0.0
2025-Q4,BS_PROVISION_INVESTMENT_SECURITIES,  ‣ Provision Investment Securities,21,2,False,VNĐ,-437855000000.0
2025-Q4,BS_LONG_TERM_INVESTMENTS,Long Term Investments,22,1,False,VNĐ,0.0
2025-Q4,BS_INVESTMENTS_IN_JOINT_VENTURES,  ‣ Investments in Joint Ventures,23,2,False,VNĐ,0.0
2025-Q4,BS_CAPITAL_CONTRIBUTION_JOINT_VENTURES,  ‣ Capital Contribution Joint Ventures,24,2,False,VNĐ,0.0
2025-Q4,BS_INVESTMENTS_IN_ASSOCIATES,  ‣ Investments in Associates,25,2,False,VNĐ,0.0
2025-Q4,BS_OTHER_LONG_TERM_INVESTMENTS,  ‣ Other Long Term Investments,26,2,False,VNĐ,0.0
2025-Q4,BS_PROVISION_LONG_TERM_INVESTMENTS,  ‣ Provision Long Term Investments,27,2,False,VNĐ,0.0
2025-Q4,BS_FIXED_ASSETS,Fixed Assets,28,1,False,VNĐ,1212704000000.0
2025-Q4,BS_TANGIBLE_FIXED_ASSETS,  ‣ Tangible Fixed Assets,29,2,False,VNĐ,748875000000.0
2025-Q4,BS_TANGIBLE_FIXED_ASSETS_COST,    • Tangible Fixed Assets Cost,30,3,False,VNĐ,2257192000000.0
2025-Q4,BS_TANGIBLE_FIXED_ASSETS_ACCUMULATED_DEPRECIATION,    • Tangible Fixed Assets Accumulated Depreciation,31,3,False,VNĐ,-1508317000000.0
2025-Q4,BS_FINANCE_LEASE_FIXED_ASSETS,  ‣ Finance Lease Fixed Assets,32,2,False,VNĐ,0.0
2025-Q4,BS_FINANCE_LEASE_FIXED_ASSETS_COST,    • Finance Lease Fixed Assets Cost,33,3,False,VNĐ,0.0
2025-Q4,BS_FINANCE_LEASE_FIXED_ASSETS_ACCUMULATED_DEPRECIATION,    • Finance Lease Fixed Assets Accumulated Depreciation,34,3,False,VNĐ,-0.0
2025-Q4,BS_INTANGIBLE_FIXED_ASSETS,  ‣ Intangible Fixed Assets,35,2,False,VNĐ,463829000000.0
2025-Q4,BS_INTANGIBLE_FIXED_ASSETS_COST,    • Intangible Fixed Assets Cost,36,3,False,VNĐ,1203852000000.0
2025-Q4,BS_INTANGIBLE_FIXED_ASSETS_ACCUMULATED_DEPRECIATION,    • Intangible Fixed Assets Accumulated Depreciation,37,3,False,VNĐ,-740023000000.0
2025-Q4,BS_INVESTMENT_PROPERTIES,Investment Properties,38,1,False,VNĐ,0.0
2025-Q4,BS_INVESTMENT_PROPERTIES_COST,  ‣ Investment Properties Cost,39,2,False,VNĐ,0.0
2025-Q4,BS_INVESTMENT_PROPERTIES_ACCUMULATED_DEPRECIATION,  ‣ Investment Properties Accumulated Depreciation,40,2,False,VNĐ,-0.0
2025-Q4,BS_OTHER_ASSETS,Other Assets,41,1,False,VNĐ,21786430000000.0
2025-Q4,BS_RECEIVABLES,  ‣ Receivables,42,2,False,VNĐ,12096291000000.0
2025-Q4,BS_INTEREST_AND_FEE_RECEIVABLES,  ‣ Interest and Fee Receivables,43,2,False,VNĐ,4021020000000.0
2025-Q4,BS_DEFERRED_TAX_ASSETS,  ‣ Deferred Tax Assets,44,2,False,VNĐ,0.0
2025-Q4,BS_OTHER_ASSETS_DETAIL,  ‣ Other Assets Detail,45,2,False,VNĐ,5687203000000.0
2025-Q4,BS_GOODWILL,  ‣ Goodwill,46,2,False,VNĐ,
2025-Q4,BS_PROVISION_OTHER_ASSETS,  ‣ Provision Other Assets,47,2,False,VNĐ,-18084000000.0
2025-Q4,BS_TOTAL_LIABILITIES_AND_EQUITY,Total Liabilities and Equity,48,1,False,VNĐ,505901570000000.0
2025-Q4,BS_TOTAL_LIABILITIES,Total Liabilities,49,1,False,VNĐ,459852809000000.0
2025-Q4,BS_DUE_TO_GOVERNMENT_AND_SBV,  ‣ Due to Government and SBV,50,2,False,VNĐ,1641641000000.0
2025-Q4,BS_PLACEMENTS_AND_BORROWINGS_FROM_CREDIT_INSTITUTIONS,  ‣ Placements and Borrowings from Credit Institutions,51,2,False,VNĐ,112055311000000.0
2025-Q4,BS_PLACEMENTS_FROM_CREDIT_INSTITUTIONS,    • Placements from Credit Institutions,52,3,False,VNĐ,74215800000000.0
2025-Q4,BS_BORROWINGS_FROM_CREDIT_INSTITUTIONS,    • Borrowings from Credit Institutions,53,3,False,VNĐ,37839511000000.0
2025-Q4,BS_CUSTOMER_DEPOSITS,  ‣ Customer Deposits,54,2,False,VNĐ,279050251000000.0
2025-Q4,BS_DERIVATIVES_AND_OTHER_FINANCIAL_LIABILITIES,  ‣ Derivatives and Other Financial Liabilities,55,2,False,VNĐ,0.0
2025-Q4,BS_FUNDS_AND_ENTRUSTED_INVESTMENTS,  ‣ Funds and Entrusted Investments,56,2,False,VNĐ,140504000000.0
2025-Q4,BS_VALUABLE_PAPERS_ISSUED,  ‣ Valuable Papers Issued,57,2,False,VNĐ,58825000000000.0
2025-Q4,BS_OTHER_LIABILITIES,  ‣ Other Liabilities,58,2,False,VNĐ,8140102000000.0
2025-Q4,BS_INTEREST_AND_FEE_PAYABLES,    • Interest and Fee Payables,59,3,False,VNĐ,5113299000000.0
2025-Q4,BS_DEFERRED_TAX_LIABILITIES,    • Deferred Tax Liabilities,60,3,False,VNĐ,
2025-Q4,BS_OTHER_PAYABLES_AND_LIABILITIES,    • Other Payables and Liabilities,61,3,False,VNĐ,3022838000000.0
2025-Q4,BS_OTHER_PROVISIONS,    • Other Provisions,62,3,False,VNĐ,0.0
2025-Q4,BS_EQUITY,Equity,63,1,False,VNĐ,46048761000000.0
2025-Q4,BS_CHARTER_CAPITAL_AND_FUNDS,  ‣ Charter Capital and Funds,64,2,False,VNĐ,27740469000000.0
2025-Q4,BS_CHARTER_CAPITAL,    • Charter Capital,65,3,False,VNĐ,27740469000000.0
2025-Q4,BS_SHARE_PREMIUM,    • Share Premium,66,3,False,VNĐ,0.0
2025-Q4,BS_TREASURY_SHARES,    • Treasury Shares,67,3,False,VNĐ,0.0
2025-Q4,BS_OTHER_CAPITAL,    • Other Capital,68,3,False,VNĐ,0.0
2025-Q4,BS_RESERVES,  ‣ Reserves,69,2,False,VNĐ,4936046000000.0
2025-Q4,BS_FOREIGN_EXCHANGE_DIFFERENCES,  ‣ Foreign Exchange Differences,70,2,False,VNĐ,0.0
2025-Q4,BS_ASSET_REVALUATION_DIFFERENCES,  ‣ Asset Revaluation Differences,71,2,False,VNĐ,0.0
2025-Q4,BS_RETAINED_EARNINGS,  ‣ Retained Earnings,72,2,False,VNĐ,9629495000000.0
2025-Q4,BS_MINORITY_INTEREST,Minority Interest,73,1,False,VNĐ,3742751000000.0
2025-Q4,BS_OFF_BALANCE_SHEET_ITEMS,Off Balance Sheet Items,74,1,True,VNĐ,
2025-Q4,BS_LOAN_GUARANTEES,  ‣ Loan Guarantees,75,2,True,VNĐ,
2025-Q4,BS_FX_COMMITMENTS,  ‣ FX Commitments,76,2,True,VNĐ,3409781000000.0
2025-Q4,BS_COMMITMENTS_TO_BUY_FX,    • Commitments to Buy FX,77,3,True,VNĐ,806530000000.0
2025-Q4,BS_COMMITMENTS_TO_SELL_FX,    • Commitments to Sell FX,78,3,True,VNĐ,804868000000.0
2025-Q4,BS_SWAP_COMMITMENTS,    • Swap Commitments,79,3,True,VNĐ,65334616000000.0
2025-Q4,BS_FUTURE_COMMITMENTS,    • Future Commitments,80,3,True,VNĐ,0.0
2025-Q4,BS_IRREVOCABLE_LOAN_COMMITMENTS,  ‣ Irrevocable Loan Commitments,81,2,True,VNĐ,0.0
2025-Q4,BS_LC_COMMITMENTS,  ‣ LC Commitments,82,2,True,VNĐ,11630343000000.0
2025-Q4,BS_OTHER_GUARANTEES,  ‣ Other Guarantees,83,2,True,VNĐ,76904679000000.0
2025-Q4,BS_OTHER_COMMITMENTS,  ‣ Other Commitments,84,2,True,VNĐ,14746481000000.0
2025-Q3,BS_TOTAL_ASSETS,Total Assets,1,1,False,VNĐ,451893195000000.0
2025-Q3,BS_CASH_AND_PRECIOUS_METALS,Cash and Precious Metals,2,1,False,VNĐ,1560071000000.0
2025-Q3,BS_BALANCES_WITH_SBV,Balances With SBV,3,1,False,VNĐ,20659033000000.0
2025-Q3,BS_PLACEMENTS_AND_LOANS_TO_CREDIT_INSTITUTIONS,Placements and Loans to Credit Institutions,4,1,False,VNĐ,65344160000000.0
2025-Q3,BS_PLACEMENTS_WITH_CREDIT_INSTITUTIONS,  ‣ Placements With Credit Institutions,5,2,False,VNĐ,64423385000000.0
2025-Q3,BS_LOANS_TO_CREDIT_INSTITUTIONS,  ‣ Loans to Credit Institutions,6,2,False,VNĐ,920775000000.0
2025-Q3,BS_PROVISION_CREDIT_INSTITUTIONS,  ‣ Provision Credit Institutions,7,2,False,VNĐ,0.0
2025-Q3,BS_TRADING_SECURITIES,Trading Securities,8,1,False,VNĐ,57321000000.0
2025-Q3,BS_TRADING_SECURITIES_GROSS,  ‣ Trading Securities Gross,9,2,False,VNĐ,58183000000.0
2025-Q3,BS_PROVISION_TRADING_SECURITIES,  ‣ Provision Trading Securities,10,2,False,VNĐ,-862000000.0
2025-Q3,BS_DERIVATIVES_AND_OTHER_FINANCIAL_ASSETS,Derivatives and Other Financial Assets,11,1,False,VNĐ,112651000000.0
2025-Q3,BS_LOANS_TO_CUSTOMERS,Loans to Customers,12,1,False,VNĐ,292020111000000.0
2025-Q3,BS_LOANS_TO_CUSTOMERS_GROSS,  ‣ Loans to Customers Gross,13,2,False,VNĐ,296054927000000.0
2025-Q3,BS_PROVISION_LOANS_TO_CUSTOMERS,  ‣ Provision Loans to Customers,14,2,False,VNĐ,-4034816000000.0
2025-Q3,BS_DEBT_PURCHASES,Debt Purchases,15,1,False,VNĐ,628010000000.0
2025-Q3,BS_DEBT_PURCHASES_GROSS,  ‣ Debt Purchases Gross,16,2,False,VNĐ,632756000000.0
2025-Q3,BS_PROVISION_DEBT_PURCHASES,  ‣ Provision Debt Purchases,17,2,False,VNĐ,-4746000000.0
2025-Q3,BS_INVESTMENT_SECURITIES,Investment Securities,18,1,False,VNĐ,57166207000000.0
2025-Q3,BS_AVAILABLE_FOR_SALE_SECURITIES,  ‣ Available for Sale Securities,19,2,False,VNĐ,57216163000000.0
2025-Q3,BS_HELD_TO_MATURITY_SECURITIES,  ‣ Held to Maturity Securities,20,2,False,VNĐ,44700000000.0
2025-Q3,BS_PROVISION_INVESTMENT_SECURITIES,  ‣ Provision Investment Securities,21,2,False,VNĐ,-94656000000.0
2025-Q3,BS_LONG_TERM_INVESTMENTS,Long Term Investments,22,1,False,VNĐ,0.0
2025-Q3,BS_INVESTMENTS_IN_JOINT_VENTURES,  ‣ Investments in Joint Ventures,23,2,False,VNĐ,0.0
2025-Q3,BS_CAPITAL_CONTRIBUTION_JOINT_VENTURES,  ‣ Capital Contribution Joint Ventures,24,2,False,VNĐ,0.0
2025-Q3,BS_INVESTMENTS_IN_ASSOCIATES,  ‣ Investments in Associates,25,2,False,VNĐ,0.0
2025-Q3,BS_OTHER_LONG_TERM_INVESTMENTS,  ‣ Other Long Term Investments,26,2,False,VNĐ,0.0
2025-Q3,BS_PROVISION_LONG_TERM_INVESTMENTS,  ‣ Provision Long Term Investments,27,2,False,VNĐ,0.0
2025-Q3,BS_FIXED_ASSETS,Fixed Assets,28,1,False,VNĐ,1253386000000.0
2025-Q3,BS_TANGIBLE_FIXED_ASSETS,  ‣ Tangible Fixed Assets,29,2,False,VNĐ,796929000000.0
2025-Q3,BS_TANGIBLE_FIXED_ASSETS_COST,    • Tangible Fixed Assets Cost,30,3,False,VNĐ,2239827000000.0
2025-Q3,BS_TANGIBLE_FIXED_ASSETS_ACCUMULATED_DEPRECIATION,    • Tangible Fixed Assets Accumulated Depreciation,31,3,False,VNĐ,-1442898000000.0
2025-Q3,BS_FINANCE_LEASE_FIXED_ASSETS,  ‣ Finance Lease Fixed Assets,32,2,False,VNĐ,0.0
2025-Q3,BS_FINANCE_LEASE_FIXED_ASSETS_COST,    • Finance Lease Fixed Assets Cost,33,3,False,VNĐ,0.0
2025-Q3,BS_FINANCE_LEASE_FIXED_ASSETS_ACCUMULATED_DEPRECIATION,    • Finance Lease Fixed Assets Accumulated Depreciation,34,3,False,VNĐ,-0.0
2025-Q3,BS_INTANGIBLE_FIXED_ASSETS,  ‣ Intangible Fixed Assets,35,2,False,VNĐ,456457000000.0
2025-Q3,BS_INTANGIBLE_FIXED_ASSETS_COST,    • Intangible Fixed Assets Cost,36,3,False,VNĐ,1198273000000.0
2025-Q3,BS_INTANGIBLE_FIXED_ASSETS_ACCUMULATED_DEPRECIATION,    • Intangible Fixed Assets Accumulated Depreciation,37,3,False,VNĐ,-741816000000.0
2025-Q3,BS_INVESTMENT_PROPERTIES,Investment Properties,38,1,False,VNĐ,0.0
2025-Q3,BS_INVESTMENT_PROPERTIES_COST,  ‣ Investment Properties Cost,39,2,False,VNĐ,0.0
2025-Q3,BS_INVESTMENT_PROPERTIES_ACCUMULATED_DEPRECIATION,  ‣ Investment Properties Accumulated Depreciation,40,2,False,VNĐ,-0.0
2025-Q3,BS_OTHER_ASSETS,Other Assets,41,1,False,VNĐ,13092245000000.0
2025-Q3,BS_RECEIVABLES,  ‣ Receivables,42,2,False,VNĐ,3256268000000.0
2025-Q3,BS_INTEREST_AND_FEE_RECEIVABLES,  ‣ Interest and Fee Receivables,43,2,False,VNĐ,4233668000000.0
2025-Q3,BS_DEFERRED_TAX_ASSETS,  ‣ Deferred Tax Assets,44,2,False,VNĐ,0.0
2025-Q3,BS_OTHER_ASSETS_DETAIL,  ‣ Other Assets Detail,45,2,False,VNĐ,5602338000000.0
2025-Q3,BS_GOODWILL,  ‣ Goodwill,46,2,False,VNĐ,
2025-Q3,BS_PROVISION_OTHER_ASSETS,  ‣ Provision Other Assets,47,2,False,VNĐ,-29000000.0
2025-Q3,BS_TOTAL_LIABILITIES_AND_EQUITY,Total Liabilities and Equity,48,1,False,VNĐ,451893195000000.0
2025-Q3,BS_TOTAL_LIABILITIES,Total Liabilities,49,1,False,VNĐ,411899955000000.0
2025-Q3,BS_DUE_TO_GOVERNMENT_AND_SBV,  ‣ Due to Government and SBV,50,2,False,VNĐ,262539000000.0
2025-Q3,BS_PLACEMENTS_AND_BORROWINGS_FROM_CREDIT_INSTITUTIONS,  ‣ Placements and Borrowings from Credit Institutions,51,2,False,VNĐ,99689552000000.0
2025-Q3,BS_PLACEMENTS_FROM_CREDIT_INSTITUTIONS,    • Placements from Credit Institutions,52,3,False,VNĐ,73030858000000.0
2025-Q3,BS_BORROWINGS_FROM_CREDIT_INSTITUTIONS,    • Borrowings from Credit Institutions,53,3,False,VNĐ,26658694000000.0
2025-Q3,BS_CUSTOMER_DEPOSITS,  ‣ Customer Deposits,54,2,False,VNĐ,260245786000000.0
2025-Q3,BS_DERIVATIVES_AND_OTHER_FINANCIAL_LIABILITIES,  ‣ Derivatives and Other Financial Liabilities,55,2,False,VNĐ,0.0
2025-Q3,BS_FUNDS_AND_ENTRUSTED_INVESTMENTS,  ‣ Funds and Entrusted Investments,56,2,False,VNĐ,126590000000.0
2025-Q3,BS_VALUABLE_PAPERS_ISSUED,  ‣ Valuable Papers Issued,57,2,False,VNĐ,44305800000000.0
2025-Q3,BS_OTHER_LIABILITIES,  ‣ Other Liabilities,58,2,False,VNĐ,7269688000000.0
2025-Q3,BS_INTEREST_AND_FEE_PAYABLES,    • Interest and Fee Payables,59,3,False,VNĐ,5104297000000.0
2025-Q3,BS_DEFERRED_TAX_LIABILITIES,    • Deferred Tax Liabilities,60,3,False,VNĐ,
2025-Q3,BS_OTHER_PAYABLES_AND_LIABILITIES,    • Other Payables and Liabilities,61,3,False,VNĐ,2165391000000.0
2025-Q3,BS_OTHER_PROVISIONS,    • Other Provisions,62,3,False,VNĐ,0.0
2025-Q3,BS_EQUITY,Equity,63,1,False,VNĐ,39993240000000.0
2025-Q3,BS_CHARTER_CAPITAL_AND_FUNDS,  ‣ Charter Capital and Funds,64,2,False,VNĐ,26419562000000.0
2025-Q3,BS_CHARTER_CAPITAL,    • Charter Capital,65,3,False,VNĐ,26419562000000.0
2025-Q3,BS_SHARE_PREMIUM,    • Share Premium,66,3,False,VNĐ,0.0
2025-Q3,BS_TREASURY_SHARES,    • Treasury Shares,67,3,False,VNĐ,0.0
2025-Q3,BS_OTHER_CAPITAL,    • Other Capital,68,3,False,VNĐ,0.0
2025-Q3,BS_RESERVES,  ‣ Reserves,69,2,False,VNĐ,4936046000000.0
2025-Q3,BS_FOREIGN_EXCHANGE_DIFFERENCES,  ‣ Foreign Exchange Differences,70,2,False,VNĐ,252197000000.0
2025-Q3,BS_ASSET_REVALUATION_DIFFERENCES,  ‣ Asset Revaluation Differences,71,2,False,VNĐ,0.0
2025-Q3,BS_RETAINED_EARNINGS,  ‣ Retained Earnings,72,2,False,VNĐ,8385337000000.0
2025-Q3,BS_MINORITY_INTEREST,Minority Interest,73,1,False,VNĐ,98000000.0
2025-Q3,BS_OFF_BALANCE_SHEET_ITEMS,Off Balance Sheet Items,74,1,True,VNĐ,
2025-Q3,BS_LOAN_GUARANTEES,  ‣ Loan Guarantees,75,2,True,VNĐ,
2025-Q3,BS_FX_COMMITMENTS,  ‣ FX Commitments,76,2,True,VNĐ,1876618000000.0
2025-Q3,BS_COMMITMENTS_TO_BUY_FX,    • Commitments to Buy FX,77,3,True,VNĐ,1231977000000.0
2025-Q3,BS_COMMITMENTS_TO_SELL_FX,    • Commitments to Sell FX,78,3,True,VNĐ,779289000000.0
2025-Q3,BS_SWAP_COMMITMENTS,    • Swap Commitments,79,3,True,VNĐ,60440752000000.0
2025-Q3,BS_FUTURE_COMMITMENTS,    • Future Commitments,80,3,True,VNĐ,0.0
2025-Q3,BS_IRREVOCABLE_LOAN_COMMITMENTS,  ‣ Irrevocable Loan Commitments,81,2,True,VNĐ,0.0
2025-Q3,BS_LC_COMMITMENTS,  ‣ LC Commitments,82,2,True,VNĐ,8643664000000.0
2025-Q3,BS_OTHER_GUARANTEES,  ‣ Other Guarantees,83,2,True,VNĐ,65906585000000.0
2025-Q3,BS_OTHER_COMMITMENTS,  ‣ Other Commitments,84,2,True,VNĐ,17821871000000.0
2025-Q2,BS_TOTAL_ASSETS,Total Assets,1,1,False,VNĐ,428589979000000.0
2025-Q2,BS_CASH_AND_PRECIOUS_METALS,Cash and Precious Metals,2,1,False,VNĐ,1551561000000.0
2025-Q2,BS_BALANCES_WITH_SBV,Balances With SBV,3,1,False,VNĐ,10000595000000.0
2025-Q2,BS_PLACEMENTS_AND_LOANS_TO_CREDIT_INSTITUTIONS,Placements and Loans to Credit Institutions,4,1,False,VNĐ,59990100000000.0
2025-Q2,BS_PLACEMENTS_WITH_CREDIT_INSTITUTIONS,  ‣ Placements With Credit Institutions,5,2,False,VNĐ,55756242000000.0
2025-Q2,BS_LOANS_TO_CREDIT_INSTITUTIONS,  ‣ Loans to Credit Institutions,6,2,False,VNĐ,4233858000000.0
2025-Q2,BS_PROVISION_CREDIT_INSTITUTIONS,  ‣ Provision Credit Institutions,7,2,False,VNĐ,0.0
2025-Q2,BS_TRADING_SECURITIES,Trading Securities,8,1,False,VNĐ,8833000000.0
2025-Q2,BS_TRADING_SECURITIES_GROSS,  ‣ Trading Securities Gross,9,2,False,VNĐ,9497000000.0
2025-Q2,BS_PROVISION_TRADING_SECURITIES,  ‣ Provision Trading Securities,10,2,False,VNĐ,-664000000.0
2025-Q2,BS_DERIVATIVES_AND_OTHER_FINANCIAL_ASSETS,Derivatives and Other Financial Assets,11,1,False,VNĐ,171549000000.0
2025-Q2,BS_LOANS_TO_CUSTOMERS,Loans to Customers,12,1,False,VNĐ,281188723000000.0
2025-Q2,BS_LOANS_TO_CUSTOMERS_GROSS,  ‣ Loans to Customers Gross,13,2,False,VNĐ,284849379000000.0
2025-Q2,BS_PROVISION_LOANS_TO_CUSTOMERS,  ‣ Provision Loans to Customers,14,2,False,VNĐ,-3660656000000.0
2025-Q2,BS_DEBT_PURCHASES,Debt Purchases,15,1,False,VNĐ,669877000000.0
2025-Q2,BS_DEBT_PURCHASES_GROSS,  ‣ Debt Purchases Gross,16,2,False,VNĐ,674939000000.0
2025-Q2,BS_PROVISION_DEBT_PURCHASES,  ‣ Provision Debt Purchases,17,2,False,VNĐ,-5062000000.0
2025-Q2,BS_INVESTMENT_SECURITIES,Investment Securities,18,1,False,VNĐ,60147095000000.0
2025-Q2,BS_AVAILABLE_FOR_SALE_SECURITIES,  ‣ Available for Sale Securities,19,2,False,VNĐ,60206683000000.0
2025-Q2,BS_HELD_TO_MATURITY_SECURITIES,  ‣ Held to Maturity Securities,20,2,False,VNĐ,44700000000.0
2025-Q2,BS_PROVISION_INVESTMENT_SECURITIES,  ‣ Provision Investment Securities,21,2,False,VNĐ,-104288000000.0
2025-Q2,BS_LONG_TERM_INVESTMENTS,Long Term Investments,22,1,False,VNĐ,0.0
2025-Q2,BS_INVESTMENTS_IN_JOINT_VENTURES,  ‣ Investments in Joint Ventures,23,2,False,VNĐ,0.0
2025-Q2,BS_CAPITAL_CONTRIBUTION_JOINT_VENTURES,  ‣ Capital Contribution Joint Ventures,24,2,False,VNĐ,0.0
2025-Q2,BS_INVESTMENTS_IN_ASSOCIATES,  ‣ Investments in Associates,25,2,False,VNĐ,0.0
2025-Q2,BS_OTHER_LONG_TERM_INVESTMENTS,  ‣ Other Long Term Investments,26,2,False,VNĐ,0.0
2025-Q2,BS_PROVISION_LONG_TERM_INVESTMENTS,  ‣ Provision Long Term Investments,27,2,False,VNĐ,0.0
2025-Q2,BS_FIXED_ASSETS,Fixed Assets,28,1,False,VNĐ,1189484000000.0
2025-Q2,BS_TANGIBLE_FIXED_ASSETS,  ‣ Tangible Fixed Assets,29,2,False,VNĐ,856436000000.0
2025-Q2,BS_TANGIBLE_FIXED_ASSETS_COST,    • Tangible Fixed Assets Cost,30,3,False,VNĐ,2250898000000.0
2025-Q2,BS_TANGIBLE_FIXED_ASSETS_ACCUMULATED_DEPRECIATION,    • Tangible Fixed Assets Accumulated Depreciation,31,3,False,VNĐ,-1394462000000.0
2025-Q2,BS_FINANCE_LEASE_FIXED_ASSETS,  ‣ Finance Lease Fixed Assets,32,2,False,VNĐ,0.0
2025-Q2,BS_FINANCE_LEASE_FIXED_ASSETS_COST,    • Finance Lease Fixed Assets Cost,33,3,False,VNĐ,0.0
2025-Q2,BS_FINANCE_LEASE_FIXED_ASSETS_ACCUMULATED_DEPRECIATION,    • Finance Lease Fixed Assets Accumulated Depreciation,34,3,False,VNĐ,-0.0
2025-Q2,BS_INTANGIBLE_FIXED_ASSETS,  ‣ Intangible Fixed Assets,35,2,False,VNĐ,333048000000.0
2025-Q2,BS_INTANGIBLE_FIXED_ASSETS_COST,    • Intangible Fixed Assets Cost,36,3,False,VNĐ,1039720000000.0
2025-Q2,BS_INTANGIBLE_FIXED_ASSETS_ACCUMULATED_DEPRECIATION,    • Intangible Fixed Assets Accumulated Depreciation,37,3,False,VNĐ,-706672000000.0
2025-Q2,BS_INVESTMENT_PROPERTIES,Investment Properties,38,1,False,VNĐ,0.0
2025-Q2,BS_INVESTMENT_PROPERTIES_COST,  ‣ Investment Properties Cost,39,2,False,VNĐ,0.0
2025-Q2,BS_INVESTMENT_PROPERTIES_ACCUMULATED_DEPRECIATION,  ‣ Investment Properties Accumulated Depreciation,40,2,False,VNĐ,-0.0
2025-Q2,BS_OTHER_ASSETS,Other Assets,41,1,False,VNĐ,13672162000000.0
2025-Q2,BS_RECEIVABLES,  ‣ Receivables,42,2,False,VNĐ,3424992000000.0
2025-Q2,BS_INTEREST_AND_FEE_RECEIVABLES,  ‣ Interest and Fee Receivables,43,2,False,VNĐ,4663773000000.0
2025-Q2,BS_DEFERRED_TAX_ASSETS,  ‣ Deferred Tax Assets,44,2,False,VNĐ,0.0
2025-Q2,BS_OTHER_ASSETS_DETAIL,  ‣ Other Assets Detail,45,2,False,VNĐ,5583427000000.0
2025-Q2,BS_GOODWILL,  ‣ Goodwill,46,2,False,VNĐ,
2025-Q2,BS_PROVISION_OTHER_ASSETS,  ‣ Provision Other Assets,47,2,False,VNĐ,-30000000.0
2025-Q2,BS_TOTAL_LIABILITIES_AND_EQUITY,Total Liabilities and Equity,48,1,False,VNĐ,428589979000000.0
2025-Q2,BS_TOTAL_LIABILITIES,Total Liabilities,49,1,False,VNĐ,390360071000000.0
2025-Q2,BS_DUE_TO_GOVERNMENT_AND_SBV,  ‣ Due to Government and SBV,50,2,False,VNĐ,6212060000000.0
2025-Q2,BS_PLACEMENTS_AND_BORROWINGS_FROM_CREDIT_INSTITUTIONS,  ‣ Placements and Borrowings from Credit Institutions,51,2,False,VNĐ,86542116000000.0
2025-Q2,BS_PLACEMENTS_FROM_CREDIT_INSTITUTIONS,    • Placements from Credit Institutions,52,3,False,VNĐ,55969792000000.0
2025-Q2,BS_BORROWINGS_FROM_CREDIT_INSTITUTIONS,    • Borrowings from Credit Institutions,53,3,False,VNĐ,30572324000000.0
2025-Q2,BS_CUSTOMER_DEPOSITS,  ‣ Customer Deposits,54,2,False,VNĐ,246844312000000.0
2025-Q2,BS_DERIVATIVES_AND_OTHER_FINANCIAL_LIABILITIES,  ‣ Derivatives and Other Financial Liabilities,55,2,False,VNĐ,0.0
2025-Q2,BS_FUNDS_AND_ENTRUSTED_INVESTMENTS,  ‣ Funds and Entrusted Investments,56,2,False,VNĐ,118537000000.0
2025-Q2,BS_VALUABLE_PAPERS_ISSUED,  ‣ Valuable Papers Issued,57,2,False,VNĐ,43958600000000.0
2025-Q2,BS_OTHER_LIABILITIES,  ‣ Other Liabilities,58,2,False,VNĐ,6684446000000.0
2025-Q2,BS_INTEREST_AND_FEE_PAYABLES,    • Interest and Fee Payables,59,3,False,VNĐ,4800099000000.0
2025-Q2,BS_DEFERRED_TAX_LIABILITIES,    • Deferred Tax Liabilities,60,3,False,VNĐ,
2025-Q2,BS_OTHER_PAYABLES_AND_LIABILITIES,    • Other Payables and Liabilities,61,3,False,VNĐ,1884347000000.0
2025-Q2,BS_OTHER_PROVISIONS,    • Other Provisions,62,3,False,VNĐ,0.0
2025-Q2,BS_EQUITY,Equity,63,1,False,VNĐ,38229908000000.0
2025-Q2,BS_CHARTER_CAPITAL_AND_FUNDS,  ‣ Charter Capital and Funds,64,2,False,VNĐ,26419562000000.0
2025-Q2,BS_CHARTER_CAPITAL,    • Charter Capital,65,3,False,VNĐ,26419562000000.0
2025-Q2,BS_SHARE_PREMIUM,    • Share Premium,66,3,False,VNĐ,0.0
2025-Q2,BS_TREASURY_SHARES,    • Treasury Shares,67,3,False,VNĐ,0.0
2025-Q2,BS_OTHER_CAPITAL,    • Other Capital,68,3,False,VNĐ,0.0
2025-Q2,BS_RESERVES,  ‣ Reserves,69,2,False,VNĐ,4936046000000.0
2025-Q2,BS_FOREIGN_EXCHANGE_DIFFERENCES,  ‣ Foreign Exchange Differences,70,2,False,VNĐ,0.0
2025-Q2,BS_ASSET_REVALUATION_DIFFERENCES,  ‣ Asset Revaluation Differences,71,2,False,VNĐ,0.0
2025-Q2,BS_RETAINED_EARNINGS,  ‣ Retained Earnings,72,2,False,VNĐ,6874202000000.0
2025-Q2,BS_MINORITY_INTEREST,Minority Interest,73,1,False,VNĐ,98000000.0
2025-Q2,BS_OFF_BALANCE_SHEET_ITEMS,Off Balance Sheet Items,74,1,True,VNĐ,
2025-Q2,BS_LOAN_GUARANTEES,  ‣ Loan Guarantees,75,2,True,VNĐ,
2025-Q2,BS_FX_COMMITMENTS,  ‣ FX Commitments,76,2,True,VNĐ,2079469000000.0
2025-Q2,BS_COMMITMENTS_TO_BUY_FX,    • Commitments to Buy FX,77,3,True,VNĐ,1204916000000.0
2025-Q2,BS_COMMITMENTS_TO_SELL_FX,    • Commitments to Sell FX,78,3,True,VNĐ,1204058000000.0
2025-Q2,BS_SWAP_COMMITMENTS,    • Swap Commitments,79,3,True,VNĐ,93769519000000.0
2025-Q2,BS_FUTURE_COMMITMENTS,    • Future Commitments,80,3,True,VNĐ,0.0
2025-Q2,BS_IRREVOCABLE_LOAN_COMMITMENTS,  ‣ Irrevocable Loan Commitments,81,2,True,VNĐ,0.0
2025-Q2,BS_LC_COMMITMENTS,  ‣ LC Commitments,82,2,True,VNĐ,3876569000000.0
2025-Q2,BS_OTHER_GUARANTEES,  ‣ Other Guarantees,83,2,True,VNĐ,62241724000000.0
2025-Q2,BS_OTHER_COMMITMENTS,  ‣ Other Commitments,84,2,True,VNĐ,11424353000000.0
2025-Q1,BS_TOTAL_ASSETS,Total Assets,1,1,False,VNĐ,388891150000000.0
2025-Q1,BS_CASH_AND_PRECIOUS_METALS,Cash and Precious Metals,2,1,False,VNĐ,1698877000000.0
2025-Q1,BS_BALANCES_WITH_SBV,Balances With SBV,3,1,False,VNĐ,16631310000000.0
2025-Q1,BS_PLACEMENTS_AND_LOANS_TO_CREDIT_INSTITUTIONS,Placements and Loans to Credit Institutions,4,1,False,VNĐ,35189690000000.0
2025-Q1,BS_PLACEMENTS_WITH_CREDIT_INSTITUTIONS,  ‣ Placements With Credit Institutions,5,2,False,VNĐ,26465726000000.0
2025-Q1,BS_LOANS_TO_CREDIT_INSTITUTIONS,  ‣ Loans to Credit Institutions,6,2,False,VNĐ,8723964000000.0
2025-Q1,BS_PROVISION_CREDIT_INSTITUTIONS,  ‣ Provision Credit Institutions,7,2,False,VNĐ,0.0
2025-Q1,BS_TRADING_SECURITIES,Trading Securities,8,1,False,VNĐ,10931000000.0
2025-Q1,BS_TRADING_SECURITIES_GROSS,  ‣ Trading Securities Gross,9,2,False,VNĐ,11427000000.0
2025-Q1,BS_PROVISION_TRADING_SECURITIES,  ‣ Provision Trading Securities,10,2,False,VNĐ,-496000000.0
2025-Q1,BS_DERIVATIVES_AND_OTHER_FINANCIAL_ASSETS,Derivatives and Other Financial Assets,11,1,False,VNĐ,55880000000.0
2025-Q1,BS_LOANS_TO_CUSTOMERS,Loans to Customers,12,1,False,VNĐ,259070461000000.0
2025-Q1,BS_LOANS_TO_CUSTOMERS_GROSS,  ‣ Loans to Customers Gross,13,2,False,VNĐ,262477215000000.0
2025-Q1,BS_PROVISION_LOANS_TO_CUSTOMERS,  ‣ Provision Loans to Customers,14,2,False,VNĐ,-3406754000000.0
2025-Q1,BS_DEBT_PURCHASES,Debt Purchases,15,1,False,VNĐ,679182000000.0
2025-Q1,BS_DEBT_PURCHASES_GROSS,  ‣ Debt Purchases Gross,16,2,False,VNĐ,684314000000.0
2025-Q1,BS_PROVISION_DEBT_PURCHASES,  ‣ Provision Debt Purchases,17,2,False,VNĐ,-5132000000.0
2025-Q1,BS_INVESTMENT_SECURITIES,Investment Securities,18,1,False,VNĐ,59909064000000.0
2025-Q1,BS_AVAILABLE_FOR_SALE_SECURITIES,  ‣ Available for Sale Securities,19,2,False,VNĐ,59971386000000.0
2025-Q1,BS_HELD_TO_MATURITY_SECURITIES,  ‣ Held to Maturity Securities,20,2,False,VNĐ,44700000000.0
2025-Q1,BS_PROVISION_INVESTMENT_SECURITIES,  ‣ Provision Investment Securities,21,2,False,VNĐ,-107022000000.0
2025-Q1,BS_LONG_TERM_INVESTMENTS,Long Term Investments,22,1,False,VNĐ,0.0
2025-Q1,BS_INVESTMENTS_IN_JOINT_VENTURES,  ‣ Investments in Joint Ventures,23,2,False,VNĐ,0.0
2025-Q1,BS_CAPITAL_CONTRIBUTION_JOINT_VENTURES,  ‣ Capital Contribution Joint Ventures,24,2,False,VNĐ,0.0
2025-Q1,BS_INVESTMENTS_IN_ASSOCIATES,  ‣ Investments in Associates,25,2,False,VNĐ,0.0
2025-Q1,BS_OTHER_LONG_TERM_INVESTMENTS,  ‣ Other Long Term Investments,26,2,False,VNĐ,0.0
2025-Q1,BS_PROVISION_LONG_TERM_INVESTMENTS,  ‣ Provision Long Term Investments,27,2,False,VNĐ,0.0
2025-Q1,BS_FIXED_ASSETS,Fixed Assets,28,1,False,VNĐ,1172615000000.0
2025-Q1,BS_TANGIBLE_FIXED_ASSETS,  ‣ Tangible Fixed Assets,29,2,False,VNĐ,819860000000.0
2025-Q1,BS_TANGIBLE_FIXED_ASSETS_COST,    • Tangible Fixed Assets Cost,30,3,False,VNĐ,2136513000000.0
2025-Q1,BS_TANGIBLE_FIXED_ASSETS_ACCUMULATED_DEPRECIATION,    • Tangible Fixed Assets Accumulated Depreciation,31,3,False,VNĐ,-1316653000000.0
2025-Q1,BS_FINANCE_LEASE_FIXED_ASSETS,  ‣ Finance Lease Fixed Assets,32,2,False,VNĐ,0.0
2025-Q1,BS_FINANCE_LEASE_FIXED_ASSETS_COST,    • Finance Lease Fixed Assets Cost,33,3,False,VNĐ,0.0
2025-Q1,BS_FINANCE_LEASE_FIXED_ASSETS_ACCUMULATED_DEPRECIATION,    • Finance Lease Fixed Assets Accumulated Depreciation,34,3,False,VNĐ,-0.0
2025-Q1,BS_INTANGIBLE_FIXED_ASSETS,  ‣ Intangible Fixed Assets,35,2,False,VNĐ,352755000000.0
2025-Q1,BS_INTANGIBLE_FIXED_ASSETS_COST,    • Intangible Fixed Assets Cost,36,3,False,VNĐ,1029724000000.0
2025-Q1,BS_INTANGIBLE_FIXED_ASSETS_ACCUMULATED_DEPRECIATION,    • Intangible Fixed Assets Accumulated Depreciation,37,3,False,VNĐ,-676969000000.0
2025-Q1,BS_INVESTMENT_PROPERTIES,Investment Properties,38,1,False,VNĐ,0.0
2025-Q1,BS_INVESTMENT_PROPERTIES_COST,  ‣ Investment Properties Cost,39,2,False,VNĐ,0.0
2025-Q1,BS_INVESTMENT_PROPERTIES_ACCUMULATED_DEPRECIATION,  ‣ Investment Properties Accumulated Depreciation,40,2,False,VNĐ,-0.0
2025-Q1,BS_OTHER_ASSETS,Other Assets,41,1,False,VNĐ,14473140000000.0
2025-Q1,BS_RECEIVABLES,  ‣ Receivables,42,2,False,VNĐ,5117352000000.0
2025-Q1,BS_INTEREST_AND_FEE_RECEIVABLES,  ‣ Interest and Fee Receivables,43,2,False,VNĐ,3773044000000.0
2025-Q1,BS_DEFERRED_TAX_ASSETS,  ‣ Deferred Tax Assets,44,2,False,VNĐ,0.0
2025-Q1,BS_OTHER_ASSETS_DETAIL,  ‣ Other Assets Detail,45,2,False,VNĐ,5590919000000.0
2025-Q1,BS_GOODWILL,  ‣ Goodwill,46,2,False,VNĐ,
2025-Q1,BS_PROVISION_OTHER_ASSETS,  ‣ Provision Other Assets,47,2,False,VNĐ,-8175000000.0
2025-Q1,BS_TOTAL_LIABILITIES_AND_EQUITY,Total Liabilities and Equity,48,1,False,VNĐ,388891150000000.0
2025-Q1,BS_TOTAL_LIABILITIES,Total Liabilities,49,1,False,VNĐ,349399554000000.0
2025-Q1,BS_DUE_TO_GOVERNMENT_AND_SBV,  ‣ Due to Government and SBV,50,2,False,VNĐ,5336899000000.0
2025-Q1,BS_PLACEMENTS_AND_BORROWINGS_FROM_CREDIT_INSTITUTIONS,  ‣ Placements and Borrowings from Credit Institutions,51,2,False,VNĐ,65987383000000.0
2025-Q1,BS_PLACEMENTS_FROM_CREDIT_INSTITUTIONS,    • Placements from Credit Institutions,52,3,False,VNĐ,43029794000000.0
2025-Q1,BS_BORROWINGS_FROM_CREDIT_INSTITUTIONS,    • Borrowings from Credit Institutions,53,3,False,VNĐ,22957589000000.0
2025-Q1,BS_CUSTOMER_DEPOSITS,  ‣ Customer Deposits,54,2,False,VNĐ,233114646000000.0
2025-Q1,BS_DERIVATIVES_AND_OTHER_FINANCIAL_LIABILITIES,  ‣ Derivatives and Other Financial Liabilities,55,2,False,VNĐ,0.0
2025-Q1,BS_FUNDS_AND_ENTRUSTED_INVESTMENTS,  ‣ Funds and Entrusted Investments,56,2,False,VNĐ,103644000000.0
2025-Q1,BS_VALUABLE_PAPERS_ISSUED,  ‣ Valuable Papers Issued,57,2,False,VNĐ,38602200000000.0
2025-Q1,BS_OTHER_LIABILITIES,  ‣ Other Liabilities,58,2,False,VNĐ,6254782000000.0
2025-Q1,BS_INTEREST_AND_FEE_PAYABLES,    • Interest and Fee Payables,59,3,False,VNĐ,4639923000000.0
2025-Q1,BS_DEFERRED_TAX_LIABILITIES,    • Deferred Tax Liabilities,60,3,False,VNĐ,
2025-Q1,BS_OTHER_PAYABLES_AND_LIABILITIES,    • Other Payables and Liabilities,61,3,False,VNĐ,1614859000000.0
2025-Q1,BS_OTHER_PROVISIONS,    • Other Provisions,62,3,False,VNĐ,0.0
2025-Q1,BS_EQUITY,Equity,63,1,False,VNĐ,39491596000000.0
2025-Q1,BS_CHARTER_CAPITAL_AND_FUNDS,  ‣ Charter Capital and Funds,64,2,False,VNĐ,26419562000000.0
2025-Q1,BS_CHARTER_CAPITAL,    • Charter Capital,65,3,False,VNĐ,26419562000000.0
2025-Q1,BS_SHARE_PREMIUM,    • Share Premium,66,3,False,VNĐ,0.0
2025-Q1,BS_TREASURY_SHARES,    • Treasury Shares,67,3,False,VNĐ,0.0
2025-Q1,BS_OTHER_CAPITAL,    • Other Capital,68,3,False,VNĐ,0.0
2025-Q1,BS_RESERVES,  ‣ Reserves,69,2,False,VNĐ,3721866000000.0
2025-Q1,BS_FOREIGN_EXCHANGE_DIFFERENCES,  ‣ Foreign Exchange Differences,70,2,False,VNĐ,210436000000.0
2025-Q1,BS_ASSET_REVALUATION_DIFFERENCES,  ‣ Asset Revaluation Differences,71,2,False,VNĐ,0.0
2025-Q1,BS_RETAINED_EARNINGS,  ‣ Retained Earnings,72,2,False,VNĐ,9139634000000.0
2025-Q1,BS_MINORITY_INTEREST,Minority Interest,73,1,False,VNĐ,98000000.0
2025-Q1,BS_OFF_BALANCE_SHEET_ITEMS,Off Balance Sheet Items,74,1,True,VNĐ,
2025-Q1,BS_LOAN_GUARANTEES,  ‣ Loan Guarantees,75,2,True,VNĐ,
2025-Q1,BS_FX_COMMITMENTS,  ‣ FX Commitments,76,2,True,VNĐ,2025135000000.0
2025-Q1,BS_COMMITMENTS_TO_BUY_FX,    • Commitments to Buy FX,77,3,True,VNĐ,1177701000000.0
2025-Q1,BS_COMMITMENTS_TO_SELL_FX,    • Commitments to Sell FX,78,3,True,VNĐ,1228989000000.0
2025-Q1,BS_SWAP_COMMITMENTS,    • Swap Commitments,79,3,True,VNĐ,70145427000000.0
2025-Q1,BS_FUTURE_COMMITMENTS,    • Future Commitments,80,3,True,VNĐ,0.0
2025-Q1,BS_IRREVOCABLE_LOAN_COMMITMENTS,  ‣ Irrevocable Loan Commitments,81,2,True,VNĐ,0.0
2025-Q1,BS_LC_COMMITMENTS,  ‣ LC Commitments,82,2,True,VNĐ,3047268000000.0
2025-Q1,BS_OTHER_GUARANTEES,  ‣ Other Guarantees,83,2,True,VNĐ,57828842000000.0
2025-Q1,BS_OTHER_COMMITMENTS,  ‣ Other Commitments,84,2,True,VNĐ,11997869000000.0
2024-Q4,BS_TOTAL_ASSETS,Total Assets,1,1,False,VNĐ,418028391000000.0
2024-Q4,BS_CASH_AND_PRECIOUS_METALS,Cash and Precious Metals,2,1,False,VNĐ,1292735000000.0
2024-Q4,BS_BALANCES_WITH_SBV,Balances With SBV,3,1,False,VNĐ,22708369000000.0
2024-Q4,BS_PLACEMENTS_AND_LOANS_TO_CREDIT_INSTITUTIONS,Placements and Loans to Credit Institutions,4,1,False,VNĐ,70520700000000.0
2024-Q4,BS_PLACEMENTS_WITH_CREDIT_INSTITUTIONS,  ‣ Placements With Credit Institutions,5,2,False,VNĐ,62182536000000.0
2024-Q4,BS_LOANS_TO_CREDIT_INSTITUTIONS,  ‣ Loans to Credit Institutions,6,2,False,VNĐ,8338164000000.0
2024-Q4,BS_PROVISION_CREDIT_INSTITUTIONS,  ‣ Provision Credit Institutions,7,2,False,VNĐ,0.0
2024-Q4,BS_TRADING_SECURITIES,Trading Securities,8,1,False,VNĐ,1000000.0
2024-Q4,BS_TRADING_SECURITIES_GROSS,  ‣ Trading Securities Gross,9,2,False,VNĐ,1000000.0
2024-Q4,BS_PROVISION_TRADING_SECURITIES,  ‣ Provision Trading Securities,10,2,False,VNĐ,0.0
2024-Q4,BS_DERIVATIVES_AND_OTHER_FINANCIAL_ASSETS,Derivatives and Other Financial Assets,11,1,False,VNĐ,0.0
2024-Q4,BS_LOANS_TO_CUSTOMERS,Loans to Customers,12,1,False,VNĐ,247238856000000.0
2024-Q4,BS_LOANS_TO_CUSTOMERS_GROSS,  ‣ Loans to Customers Gross,13,2,False,VNĐ,250331368000000.0
2024-Q4,BS_PROVISION_LOANS_TO_CUSTOMERS,  ‣ Provision Loans to Customers,14,2,False,VNĐ,-3092512000000.0
2024-Q4,BS_DEBT_PURCHASES,Debt Purchases,15,1,False,VNĐ,766739000000.0
2024-Q4,BS_DEBT_PURCHASES_GROSS,  ‣ Debt Purchases Gross,16,2,False,VNĐ,772533000000.0
2024-Q4,BS_PROVISION_DEBT_PURCHASES,  ‣ Provision Debt Purchases,17,2,False,VNĐ,-5794000000.0
2024-Q4,BS_INVESTMENT_SECURITIES,Investment Securities,18,1,False,VNĐ,59472044000000.0
2024-Q4,BS_AVAILABLE_FOR_SALE_SECURITIES,  ‣ Available for Sale Securities,19,2,False,VNĐ,59549367000000.0
2024-Q4,BS_HELD_TO_MATURITY_SECURITIES,  ‣ Held to Maturity Securities,20,2,False,VNĐ,44700000000.0
2024-Q4,BS_PROVISION_INVESTMENT_SECURITIES,  ‣ Provision Investment Securities,21,2,False,VNĐ,-122023000000.0
2024-Q4,BS_LONG_TERM_INVESTMENTS,Long Term Investments,22,1,False,VNĐ,0.0
2024-Q4,BS_INVESTMENTS_IN_JOINT_VENTURES,  ‣ Investments in Joint Ventures,23,2,False,VNĐ,0.0
2024-Q4,BS_CAPITAL_CONTRIBUTION_JOINT_VENTURES,  ‣ Capital Contribution Joint Ventures,24,2,False,VNĐ,0.0
2024-Q4,BS_INVESTMENTS_IN_ASSOCIATES,  ‣ Investments in Associates,25,2,False,VNĐ,0.0
2024-Q4,BS_OTHER_LONG_TERM_INVESTMENTS,  ‣ Other Long Term Investments,26,2,False,VNĐ,0.0
2024-Q4,BS_PROVISION_LONG_TERM_INVESTMENTS,  ‣ Provision Long Term Investments,27,2,False,VNĐ,0.0
2024-Q4,BS_FIXED_ASSETS,Fixed Assets,28,1,False,VNĐ,1221874000000.0
2024-Q4,BS_TANGIBLE_FIXED_ASSETS,  ‣ Tangible Fixed Assets,29,2,False,VNĐ,856699000000.0
2024-Q4,BS_TANGIBLE_FIXED_ASSETS_COST,    • Tangible Fixed Assets Cost,30,3,False,VNĐ,2134077000000.0
2024-Q4,BS_TANGIBLE_FIXED_ASSETS_ACCUMULATED_DEPRECIATION,    • Tangible Fixed Assets Accumulated Depreciation,31,3,False,VNĐ,-1277378000000.0
2024-Q4,BS_FINANCE_LEASE_FIXED_ASSETS,  ‣ Finance Lease Fixed Assets,32,2,False,VNĐ,0.0
2024-Q4,BS_FINANCE_LEASE_FIXED_ASSETS_COST,    • Finance Lease Fixed Assets Cost,33,3,False,VNĐ,0.0
2024-Q4,BS_FINANCE_LEASE_FIXED_ASSETS_ACCUMULATED_DEPRECIATION,    • Finance Lease Fixed Assets Accumulated Depreciation,34,3,False,VNĐ,-0.0
2024-Q4,BS_INTANGIBLE_FIXED_ASSETS,  ‣ Intangible Fixed Assets,35,2,False,VNĐ,365175000000.0
2024-Q4,BS_INTANGIBLE_FIXED_ASSETS_COST,    • Intangible Fixed Assets Cost,36,3,False,VNĐ,1027747000000.0
2024-Q4,BS_INTANGIBLE_FIXED_ASSETS_ACCUMULATED_DEPRECIATION,    • Intangible Fixed Assets Accumulated Depreciation,37,3,False,VNĐ,-662572000000.0
2024-Q4,BS_INVESTMENT_PROPERTIES,Investment Properties,38,1,False,VNĐ,0.0
2024-Q4,BS_INVESTMENT_PROPERTIES_COST,  ‣ Investment Properties Cost,39,2,False,VNĐ,0.0
2024-Q4,BS_INVESTMENT_PROPERTIES_ACCUMULATED_DEPRECIATION,  ‣ Investment Properties Accumulated Depreciation,40,2,False,VNĐ,-0.0
2024-Q4,BS_OTHER_ASSETS,Other Assets,41,1,False,VNĐ,14807073000000.0
2024-Q4,BS_RECEIVABLES,  ‣ Receivables,42,2,False,VNĐ,7033567000000.0
2024-Q4,BS_INTEREST_AND_FEE_RECEIVABLES,  ‣ Interest and Fee Receivables,43,2,False,VNĐ,3285020000000.0
2024-Q4,BS_DEFERRED_TAX_ASSETS,  ‣ Deferred Tax Assets,44,2,False,VNĐ,0.0
2024-Q4,BS_OTHER_ASSETS_DETAIL,  ‣ Other Assets Detail,45,2,False,VNĐ,4518359000000.0
2024-Q4,BS_GOODWILL,  ‣ Goodwill,46,2,False,VNĐ,
2024-Q4,BS_PROVISION_OTHER_ASSETS,  ‣ Provision Other Assets,47,2,False,VNĐ,-29873000000.0
2024-Q4,BS_TOTAL_LIABILITIES_AND_EQUITY,Total Liabilities and Equity,48,1,False,VNĐ,418028391000000.0
2024-Q4,BS_TOTAL_LIABILITIES,Total Liabilities,49,1,False,VNĐ,380433922000000.0
2024-Q4,BS_DUE_TO_GOVERNMENT_AND_SBV,  ‣ Due to Government and SBV,50,2,False,VNĐ,238268000000.0
2024-Q4,BS_PLACEMENTS_AND_BORROWINGS_FROM_CREDIT_INSTITUTIONS,  ‣ Placements and Borrowings from Credit Institutions,51,2,False,VNĐ,94513809000000.0
2024-Q4,BS_PLACEMENTS_FROM_CREDIT_INSTITUTIONS,    • Placements from Credit Institutions,52,3,False,VNĐ,76597834000000.0
2024-Q4,BS_BORROWINGS_FROM_CREDIT_INSTITUTIONS,    • Borrowings from Credit Institutions,53,3,False,VNĐ,17915975000000.0
2024-Q4,BS_CUSTOMER_DEPOSITS,  ‣ Customer Deposits,54,2,False,VNĐ,242805789000000.0
2024-Q4,BS_DERIVATIVES_AND_OTHER_FINANCIAL_LIABILITIES,  ‣ Derivatives and Other Financial Liabilities,55,2,False,VNĐ,131331000000.0
2024-Q4,BS_FUNDS_AND_ENTRUSTED_INVESTMENTS,  ‣ Funds and Entrusted Investments,56,2,False,VNĐ,93606000000.0
2024-Q4,BS_VALUABLE_PAPERS_ISSUED,  ‣ Valuable Papers Issued,57,2,False,VNĐ,36632200000000.0
2024-Q4,BS_OTHER_LIABILITIES,  ‣ Other Liabilities,58,2,False,VNĐ,6018919000000.0
2024-Q4,BS_INTEREST_AND_FEE_PAYABLES,    • Interest and Fee Payables,59,3,False,VNĐ,3519767000000.0
2024-Q4,BS_DEFERRED_TAX_LIABILITIES,    • Deferred Tax Liabilities,60,3,False,VNĐ,
2024-Q4,BS_OTHER_PAYABLES_AND_LIABILITIES,    • Other Payables and Liabilities,61,3,False,VNĐ,2499152000000.0
2024-Q4,BS_OTHER_PROVISIONS,    • Other Provisions,62,3,False,VNĐ,0.0
2024-Q4,BS_EQUITY,Equity,63,1,False,VNĐ,37594469000000.0
2024-Q4,BS_CHARTER_CAPITAL_AND_FUNDS,  ‣ Charter Capital and Funds,64,2,False,VNĐ,26419562000000.0
2024-Q4,BS_CHARTER_CAPITAL,    • Charter Capital,65,3,False,VNĐ,26419562000000.0
2024-Q4,BS_SHARE_PREMIUM,    • Share Premium,66,3,False,VNĐ,0.0
2024-Q4,BS_TREASURY_SHARES,    • Treasury Shares,67,3,False,VNĐ,0.0
2024-Q4,BS_OTHER_CAPITAL,    • Other Capital,68,3,False,VNĐ,0.0
2024-Q4,BS_RESERVES,  ‣ Reserves,69,2,False,VNĐ,3721866000000.0
2024-Q4,BS_FOREIGN_EXCHANGE_DIFFERENCES,  ‣ Foreign Exchange Differences,70,2,False,VNĐ,0.0
2024-Q4,BS_ASSET_REVALUATION_DIFFERENCES,  ‣ Asset Revaluation Differences,71,2,False,VNĐ,0.0
2024-Q4,BS_RETAINED_EARNINGS,  ‣ Retained Earnings,72,2,False,VNĐ,7452942000000.0
2024-Q4,BS_MINORITY_INTEREST,Minority Interest,73,1,False,VNĐ,99000000.0
2024-Q4,BS_OFF_BALANCE_SHEET_ITEMS,Off Balance Sheet Items,74,1,True,VNĐ,
2024-Q4,BS_LOAN_GUARANTEES,  ‣ Loan Guarantees,75,2,True,VNĐ,
2024-Q4,BS_FX_COMMITMENTS,  ‣ FX Commitments,76,2,True,VNĐ,2056280000000.0
2024-Q4,BS_COMMITMENTS_TO_BUY_FX,    • Commitments to Buy FX,77,3,True,VNĐ,6828219000000.0
2024-Q4,BS_COMMITMENTS_TO_SELL_FX,    • Commitments to Sell FX,78,3,True,VNĐ,6829158000000.0
2024-Q4,BS_SWAP_COMMITMENTS,    • Swap Commitments,79,3,True,VNĐ,76367711000000.0
2024-Q4,BS_FUTURE_COMMITMENTS,    • Future Commitments,80,3,True,VNĐ,0.0
2024-Q4,BS_IRREVOCABLE_LOAN_COMMITMENTS,  ‣ Irrevocable Loan Commitments,81,2,True,VNĐ,0.0
2024-Q4,BS_LC_COMMITMENTS,  ‣ LC Commitments,82,2,True,VNĐ,3133523000000.0
2024-Q4,BS_OTHER_GUARANTEES,  ‣ Other Guarantees,83,2,True,VNĐ,59245703000000.0
2024-Q4,BS_OTHER_COMMITMENTS,  ‣ Other Commitments,84,2,True,VNĐ,20470360000000.0
2024-Q3,BS_TOTAL_ASSETS,Total Assets,1,1,False,VNĐ,385352239000000.0
2024-Q3,BS_CASH_AND_PRECIOUS_METALS,Cash and Precious Metals,2,1,False,VNĐ,1692781000000.0
2024-Q3,BS_BALANCES_WITH_SBV,Balances With SBV,3,1,False,VNĐ,13214550000000.0
2024-Q3,BS_PLACEMENTS_AND_LOANS_TO_CREDIT_INSTITUTIONS,Placements and Loans to Credit Institutions,4,1,False,VNĐ,54515768000000.0
2024-Q3,BS_PLACEMENTS_WITH_CREDIT_INSTITUTIONS,  ‣ Placements With Credit Institutions,5,2,False,VNĐ,42047089000000.0
2024-Q3,BS_LOANS_TO_CREDIT_INSTITUTIONS,  ‣ Loans to Credit Institutions,6,2,False,VNĐ,12468679000000.0
2024-Q3,BS_PROVISION_CREDIT_INSTITUTIONS,  ‣ Provision Credit Institutions,7,2,False,VNĐ,0.0
2024-Q3,BS_TRADING_SECURITIES,Trading Securities,8,1,False,VNĐ,1000000.0
2024-Q3,BS_TRADING_SECURITIES_GROSS,  ‣ Trading Securities Gross,9,2,False,VNĐ,1000000.0
2024-Q3,BS_PROVISION_TRADING_SECURITIES,  ‣ Provision Trading Securities,10,2,False,VNĐ,0.0
2024-Q3,BS_DERIVATIVES_AND_OTHER_FINANCIAL_ASSETS,Derivatives and Other Financial Assets,11,1,False,VNĐ,0.0
2024-Q3,BS_LOANS_TO_CUSTOMERS,Loans to Customers,12,1,False,VNĐ,231562431000000.0
2024-Q3,BS_LOANS_TO_CUSTOMERS_GROSS,  ‣ Loans to Customers Gross,13,2,False,VNĐ,234722105000000.0
2024-Q3,BS_PROVISION_LOANS_TO_CUSTOMERS,  ‣ Provision Loans to Customers,14,2,False,VNĐ,-3159674000000.0
2024-Q3,BS_DEBT_PURCHASES,Debt Purchases,15,1,False,VNĐ,780647000000.0
2024-Q3,BS_DEBT_PURCHASES_GROSS,  ‣ Debt Purchases Gross,16,2,False,VNĐ,786546000000.0
2024-Q3,BS_PROVISION_DEBT_PURCHASES,  ‣ Provision Debt Purchases,17,2,False,VNĐ,-5899000000.0
2024-Q3,BS_INVESTMENT_SECURITIES,Investment Securities,18,1,False,VNĐ,63892590000000.0
2024-Q3,BS_AVAILABLE_FOR_SALE_SECURITIES,  ‣ Available for Sale Securities,19,2,False,VNĐ,63959218000000.0
2024-Q3,BS_HELD_TO_MATURITY_SECURITIES,  ‣ Held to Maturity Securities,20,2,False,VNĐ,44700000000.0
2024-Q3,BS_PROVISION_INVESTMENT_SECURITIES,  ‣ Provision Investment Securities,21,2,False,VNĐ,-111328000000.0
2024-Q3,BS_LONG_TERM_INVESTMENTS,Long Term Investments,22,1,False,VNĐ,0.0
2024-Q3,BS_INVESTMENTS_IN_JOINT_VENTURES,  ‣ Investments in Joint Ventures,23,2,False,VNĐ,0.0
2024-Q3,BS_CAPITAL_CONTRIBUTION_JOINT_VENTURES,  ‣ Capital Contribution Joint Ventures,24,2,False,VNĐ,0.0
2024-Q3,BS_INVESTMENTS_IN_ASSOCIATES,  ‣ Investments in Associates,25,2,False,VNĐ,0.0
2024-Q3,BS_OTHER_LONG_TERM_INVESTMENTS,  ‣ Other Long Term Investments,26,2,False,VNĐ,0.0
2024-Q3,BS_PROVISION_LONG_TERM_INVESTMENTS,  ‣ Provision Long Term Investments,27,2,False,VNĐ,0.0
2024-Q3,BS_FIXED_ASSETS,Fixed Assets,28,1,False,VNĐ,1091450000000.0
2024-Q3,BS_TANGIBLE_FIXED_ASSETS,  ‣ Tangible Fixed Assets,29,2,False,VNĐ,720716000000.0
2024-Q3,BS_TANGIBLE_FIXED_ASSETS_COST,    • Tangible Fixed Assets Cost,30,3,False,VNĐ,1949597000000.0
2024-Q3,BS_TANGIBLE_FIXED_ASSETS_ACCUMULATED_DEPRECIATION,    • Tangible Fixed Assets Accumulated Depreciation,31,3,False,VNĐ,-1228881000000.0
2024-Q3,BS_FINANCE_LEASE_FIXED_ASSETS,  ‣ Finance Lease Fixed Assets,32,2,False,VNĐ,0.0
2024-Q3,BS_FINANCE_LEASE_FIXED_ASSETS_COST,    • Finance Lease Fixed Assets Cost,33,3,False,VNĐ,0.0
2024-Q3,BS_FINANCE_LEASE_FIXED_ASSETS_ACCUMULATED_DEPRECIATION,    • Finance Lease Fixed Assets Accumulated Depreciation,34,3,False,VNĐ,-0.0
2024-Q3,BS_INTANGIBLE_FIXED_ASSETS,  ‣ Intangible Fixed Assets,35,2,False,VNĐ,370734000000.0
2024-Q3,BS_INTANGIBLE_FIXED_ASSETS_COST,    • Intangible Fixed Assets Cost,36,3,False,VNĐ,1005166000000.0
2024-Q3,BS_INTANGIBLE_FIXED_ASSETS_ACCUMULATED_DEPRECIATION,    • Intangible Fixed Assets Accumulated Depreciation,37,3,False,VNĐ,-634432000000.0
2024-Q3,BS_INVESTMENT_PROPERTIES,Investment Properties,38,1,False,VNĐ,0.0
2024-Q3,BS_INVESTMENT_PROPERTIES_COST,  ‣ Investment Properties Cost,39,2,False,VNĐ,0.0
2024-Q3,BS_INVESTMENT_PROPERTIES_ACCUMULATED_DEPRECIATION,  ‣ Investment Properties Accumulated Depreciation,40,2,False,VNĐ,-0.0
2024-Q3,BS_OTHER_ASSETS,Other Assets,41,1,False,VNĐ,18602021000000.0
2024-Q3,BS_RECEIVABLES,  ‣ Receivables,42,2,False,VNĐ,10373665000000.0
2024-Q3,BS_INTEREST_AND_FEE_RECEIVABLES,  ‣ Interest and Fee Receivables,43,2,False,VNĐ,3723111000000.0
2024-Q3,BS_DEFERRED_TAX_ASSETS,  ‣ Deferred Tax Assets,44,2,False,VNĐ,0.0
2024-Q3,BS_OTHER_ASSETS_DETAIL,  ‣ Other Assets Detail,45,2,False,VNĐ,4505273000000.0
2024-Q3,BS_GOODWILL,  ‣ Goodwill,46,2,False,VNĐ,
2024-Q3,BS_PROVISION_OTHER_ASSETS,  ‣ Provision Other Assets,47,2,False,VNĐ,-28000000.0
2024-Q3,BS_TOTAL_LIABILITIES_AND_EQUITY,Total Liabilities and Equity,48,1,False,VNĐ,385352239000000.0
2024-Q3,BS_TOTAL_LIABILITIES,Total Liabilities,49,1,False,VNĐ,349041157000000.0
2024-Q3,BS_DUE_TO_GOVERNMENT_AND_SBV,  ‣ Due to Government and SBV,50,2,False,VNĐ,1166989000000.0
2024-Q3,BS_PLACEMENTS_AND_BORROWINGS_FROM_CREDIT_INSTITUTIONS,  ‣ Placements and Borrowings from Credit Institutions,51,2,False,VNĐ,80925983000000.0
2024-Q3,BS_PLACEMENTS_FROM_CREDIT_INSTITUTIONS,    • Placements from Credit Institutions,52,3,False,VNĐ,70603246000000.0
2024-Q3,BS_BORROWINGS_FROM_CREDIT_INSTITUTIONS,    • Borrowings from Credit Institutions,53,3,False,VNĐ,10322737000000.0
2024-Q3,BS_CUSTOMER_DEPOSITS,  ‣ Customer Deposits,54,2,False,VNĐ,224821010000000.0
2024-Q3,BS_DERIVATIVES_AND_OTHER_FINANCIAL_LIABILITIES,  ‣ Derivatives and Other Financial Liabilities,55,2,False,VNĐ,154452000000.0
2024-Q3,BS_FUNDS_AND_ENTRUSTED_INVESTMENTS,  ‣ Funds and Entrusted Investments,56,2,False,VNĐ,86548000000.0
2024-Q3,BS_VALUABLE_PAPERS_ISSUED,  ‣ Valuable Papers Issued,57,2,False,VNĐ,36284473000000.0
2024-Q3,BS_OTHER_LIABILITIES,  ‣ Other Liabilities,58,2,False,VNĐ,5601702000000.0
2024-Q3,BS_INTEREST_AND_FEE_PAYABLES,    • Interest and Fee Payables,59,3,False,VNĐ,3585166000000.0
2024-Q3,BS_DEFERRED_TAX_LIABILITIES,    • Deferred Tax Liabilities,60,3,False,VNĐ,
2024-Q3,BS_OTHER_PAYABLES_AND_LIABILITIES,    • Other Payables and Liabilities,61,3,False,VNĐ,2016536000000.0
2024-Q3,BS_OTHER_PROVISIONS,    • Other Provisions,62,3,False,VNĐ,0.0
2024-Q3,BS_EQUITY,Equity,63,1,False,VNĐ,36311082000000.0
2024-Q3,BS_CHARTER_CAPITAL_AND_FUNDS,  ‣ Charter Capital and Funds,64,2,False,VNĐ,22016350000000.0
2024-Q3,BS_CHARTER_CAPITAL,    • Charter Capital,65,3,False,VNĐ,22016350000000.0
2024-Q3,BS_SHARE_PREMIUM,    • Share Premium,66,3,False,VNĐ,0.0
2024-Q3,BS_TREASURY_SHARES,    • Treasury Shares,67,3,False,VNĐ,0.0
2024-Q3,BS_OTHER_CAPITAL,    • Other Capital,68,3,False,VNĐ,0.0
2024-Q3,BS_RESERVES,  ‣ Reserves,69,2,False,VNĐ,3721866000000.0
2024-Q3,BS_FOREIGN_EXCHANGE_DIFFERENCES,  ‣ Foreign Exchange Differences,70,2,False,VNĐ,419867000000.0
2024-Q3,BS_ASSET_REVALUATION_DIFFERENCES,  ‣ Asset Revaluation Differences,71,2,False,VNĐ,0.0
2024-Q3,BS_RETAINED_EARNINGS,  ‣ Retained Earnings,72,2,False,VNĐ,10152901000000.0
2024-Q3,BS_MINORITY_INTEREST,Minority Interest,73,1,False,VNĐ,98000000.0
2024-Q3,BS_OFF_BALANCE_SHEET_ITEMS,Off Balance Sheet Items,74,1,True,VNĐ,
2024-Q3,BS_LOAN_GUARANTEES,  ‣ Loan Guarantees,75,2,True,VNĐ,
2024-Q3,BS_FX_COMMITMENTS,  ‣ FX Commitments,76,2,True,VNĐ,283521000000.0
2024-Q3,BS_COMMITMENTS_TO_BUY_FX,    • Commitments to Buy FX,77,3,True,VNĐ,4532219000000.0
2024-Q3,BS_COMMITMENTS_TO_SELL_FX,    • Commitments to Sell FX,78,3,True,VNĐ,1487877000000.0
2024-Q3,BS_SWAP_COMMITMENTS,    • Swap Commitments,79,3,True,VNĐ,124816085000000.0
2024-Q3,BS_FUTURE_COMMITMENTS,    • Future Commitments,80,3,True,VNĐ,0.0
2024-Q3,BS_IRREVOCABLE_LOAN_COMMITMENTS,  ‣ Irrevocable Loan Commitments,81,2,True,VNĐ,0.0
2024-Q3,BS_LC_COMMITMENTS,  ‣ LC Commitments,82,2,True,VNĐ,3757241000000.0
2024-Q3,BS_OTHER_GUARANTEES,  ‣ Other Guarantees,83,2,True,VNĐ,51317837000000.0
2024-Q3,BS_OTHER_COMMITMENTS,  ‣ Other Commitments,84,2,True,VNĐ,23733107000000.0
2024-Q2,BS_TOTAL_ASSETS,Total Assets,1,1,False,VNĐ,361554998000000.0
2024-Q2,BS_CASH_AND_PRECIOUS_METALS,Cash and Precious Metals,2,1,False,VNĐ,1455124000000.0
2024-Q2,BS_BALANCES_WITH_SBV,Balances With SBV,3,1,False,VNĐ,8928740000000.0
2024-Q2,BS_PLACEMENTS_AND_LOANS_TO_CREDIT_INSTITUTIONS,Placements and Loans to Credit Institutions,4,1,False,VNĐ,55159384000000.0
2024-Q2,BS_PLACEMENTS_WITH_CREDIT_INSTITUTIONS,  ‣ Placements With Credit Institutions,5,2,False,VNĐ,40506981000000.0
2024-Q2,BS_LOANS_TO_CREDIT_INSTITUTIONS,  ‣ Loans to Credit Institutions,6,2,False,VNĐ,14652403000000.0
2024-Q2,BS_PROVISION_CREDIT_INSTITUTIONS,  ‣ Provision Credit Institutions,7,2,False,VNĐ,0.0
2024-Q2,BS_TRADING_SECURITIES,Trading Securities,8,1,False,VNĐ,4630000000.0
2024-Q2,BS_TRADING_SECURITIES_GROSS,  ‣ Trading Securities Gross,9,2,False,VNĐ,5106000000.0
2024-Q2,BS_PROVISION_TRADING_SECURITIES,  ‣ Provision Trading Securities,10,2,False,VNĐ,-476000000.0
2024-Q2,BS_DERIVATIVES_AND_OTHER_FINANCIAL_ASSETS,Derivatives and Other Financial Assets,11,1,False,VNĐ,0.0
2024-Q2,BS_LOANS_TO_CUSTOMERS,Loans to Customers,12,1,False,VNĐ,210529898000000.0
2024-Q2,BS_LOANS_TO_CUSTOMERS_GROSS,  ‣ Loans to Customers Gross,13,2,False,VNĐ,213432272000000.0
2024-Q2,BS_PROVISION_LOANS_TO_CUSTOMERS,  ‣ Provision Loans to Customers,14,2,False,VNĐ,-2902374000000.0
2024-Q2,BS_DEBT_PURCHASES,Debt Purchases,15,1,False,VNĐ,793404000000.0
2024-Q2,BS_DEBT_PURCHASES_GROSS,  ‣ Debt Purchases Gross,16,2,False,VNĐ,799399000000.0
2024-Q2,BS_PROVISION_DEBT_PURCHASES,  ‣ Provision Debt Purchases,17,2,False,VNĐ,-5995000000.0
2024-Q2,BS_INVESTMENT_SECURITIES,Investment Securities,18,1,False,VNĐ,60864989000000.0
2024-Q2,BS_AVAILABLE_FOR_SALE_SECURITIES,  ‣ Available for Sale Securities,19,2,False,VNĐ,60911469000000.0
2024-Q2,BS_HELD_TO_MATURITY_SECURITIES,  ‣ Held to Maturity Securities,20,2,False,VNĐ,44700000000.0
2024-Q2,BS_PROVISION_INVESTMENT_SECURITIES,  ‣ Provision Investment Securities,21,2,False,VNĐ,-91180000000.0
2024-Q2,BS_LONG_TERM_INVESTMENTS,Long Term Investments,22,1,False,VNĐ,0.0
2024-Q2,BS_INVESTMENTS_IN_JOINT_VENTURES,  ‣ Investments in Joint Ventures,23,2,False,VNĐ,0.0
2024-Q2,BS_CAPITAL_CONTRIBUTION_JOINT_VENTURES,  ‣ Capital Contribution Joint Ventures,24,2,False,VNĐ,0.0
2024-Q2,BS_INVESTMENTS_IN_ASSOCIATES,  ‣ Investments in Associates,25,2,False,VNĐ,0.0
2024-Q2,BS_OTHER_LONG_TERM_INVESTMENTS,  ‣ Other Long Term Investments,26,2,False,VNĐ,0.0
2024-Q2,BS_PROVISION_LONG_TERM_INVESTMENTS,  ‣ Provision Long Term Investments,27,2,False,VNĐ,0.0
2024-Q2,BS_FIXED_ASSETS,Fixed Assets,28,1,False,VNĐ,1059960000000.0
2024-Q2,BS_TANGIBLE_FIXED_ASSETS,  ‣ Tangible Fixed Assets,29,2,False,VNĐ,763408000000.0
2024-Q2,BS_TANGIBLE_FIXED_ASSETS_COST,    • Tangible Fixed Assets Cost,30,3,False,VNĐ,1933553000000.0
2024-Q2,BS_TANGIBLE_FIXED_ASSETS_ACCUMULATED_DEPRECIATION,    • Tangible Fixed Assets Accumulated Depreciation,31,3,False,VNĐ,-1170145000000.0
2024-Q2,BS_FINANCE_LEASE_FIXED_ASSETS,  ‣ Finance Lease Fixed Assets,32,2,False,VNĐ,0.0
2024-Q2,BS_FINANCE_LEASE_FIXED_ASSETS_COST,    • Finance Lease Fixed Assets Cost,33,3,False,VNĐ,0.0
2024-Q2,BS_FINANCE_LEASE_FIXED_ASSETS_ACCUMULATED_DEPRECIATION,    • Finance Lease Fixed Assets Accumulated Depreciation,34,3,False,VNĐ,-0.0
2024-Q2,BS_INTANGIBLE_FIXED_ASSETS,  ‣ Intangible Fixed Assets,35,2,False,VNĐ,296552000000.0
2024-Q2,BS_INTANGIBLE_FIXED_ASSETS_COST,    • Intangible Fixed Assets Cost,36,3,False,VNĐ,904238000000.0
2024-Q2,BS_INTANGIBLE_FIXED_ASSETS_ACCUMULATED_DEPRECIATION,    • Intangible Fixed Assets Accumulated Depreciation,37,3,False,VNĐ,-607686000000.0
2024-Q2,BS_INVESTMENT_PROPERTIES,Investment Properties,38,1,False,VNĐ,0.0
2024-Q2,BS_INVESTMENT_PROPERTIES_COST,  ‣ Investment Properties Cost,39,2,False,VNĐ,0.0
2024-Q2,BS_INVESTMENT_PROPERTIES_ACCUMULATED_DEPRECIATION,  ‣ Investment Properties Accumulated Depreciation,40,2,False,VNĐ,-0.0
2024-Q2,BS_OTHER_ASSETS,Other Assets,41,1,False,VNĐ,22758869000000.0
2024-Q2,BS_RECEIVABLES,  ‣ Receivables,42,2,False,VNĐ,14665913000000.0
2024-Q2,BS_INTEREST_AND_FEE_RECEIVABLES,  ‣ Interest and Fee Receivables,43,2,False,VNĐ,3586332000000.0
2024-Q2,BS_DEFERRED_TAX_ASSETS,  ‣ Deferred Tax Assets,44,2,False,VNĐ,0.0
2024-Q2,BS_OTHER_ASSETS_DETAIL,  ‣ Other Assets Detail,45,2,False,VNĐ,4506652000000.0
2024-Q2,BS_GOODWILL,  ‣ Goodwill,46,2,False,VNĐ,
2024-Q2,BS_PROVISION_OTHER_ASSETS,  ‣ Provision Other Assets,47,2,False,VNĐ,-28000000.0
2024-Q2,BS_TOTAL_LIABILITIES_AND_EQUITY,Total Liabilities and Equity,48,1,False,VNĐ,361554998000000.0
2024-Q2,BS_TOTAL_LIABILITIES,Total Liabilities,49,1,False,VNĐ,325945991000000.0
2024-Q2,BS_DUE_TO_GOVERNMENT_AND_SBV,  ‣ Due to Government and SBV,50,2,False,VNĐ,1726595000000.0
2024-Q2,BS_PLACEMENTS_AND_BORROWINGS_FROM_CREDIT_INSTITUTIONS,  ‣ Placements and Borrowings from Credit Institutions,51,2,False,VNĐ,78591585000000.0
2024-Q2,BS_PLACEMENTS_FROM_CREDIT_INSTITUTIONS,    • Placements from Credit Institutions,52,3,False,VNĐ,59481873000000.0
2024-Q2,BS_BORROWINGS_FROM_CREDIT_INSTITUTIONS,    • Borrowings from Credit Institutions,53,3,False,VNĐ,19109712000000.0
2024-Q2,BS_CUSTOMER_DEPOSITS,  ‣ Customer Deposits,54,2,False,VNĐ,202997118000000.0
2024-Q2,BS_DERIVATIVES_AND_OTHER_FINANCIAL_LIABILITIES,  ‣ Derivatives and Other Financial Liabilities,55,2,False,VNĐ,403983000000.0
2024-Q2,BS_FUNDS_AND_ENTRUSTED_INVESTMENTS,  ‣ Funds and Entrusted Investments,56,2,False,VNĐ,81659000000.0
2024-Q2,BS_VALUABLE_PAPERS_ISSUED,  ‣ Valuable Papers Issued,57,2,False,VNĐ,36013262000000.0
2024-Q2,BS_OTHER_LIABILITIES,  ‣ Other Liabilities,58,2,False,VNĐ,6131789000000.0
2024-Q2,BS_INTEREST_AND_FEE_PAYABLES,    • Interest and Fee Payables,59,3,False,VNĐ,3633231000000.0
2024-Q2,BS_DEFERRED_TAX_LIABILITIES,    • Deferred Tax Liabilities,60,3,False,VNĐ,
2024-Q2,BS_OTHER_PAYABLES_AND_LIABILITIES,    • Other Payables and Liabilities,61,3,False,VNĐ,2498558000000.0
2024-Q2,BS_OTHER_PROVISIONS,    • Other Provisions,62,3,False,VNĐ,0.0
2024-Q2,BS_EQUITY,Equity,63,1,False,VNĐ,35609007000000.0
2024-Q2,BS_CHARTER_CAPITAL_AND_FUNDS,  ‣ Charter Capital and Funds,64,2,False,VNĐ,22016350000000.0
2024-Q2,BS_CHARTER_CAPITAL,    • Charter Capital,65,3,False,VNĐ,22016350000000.0
2024-Q2,BS_SHARE_PREMIUM,    • Share Premium,66,3,False,VNĐ,0.0
2024-Q2,BS_TREASURY_SHARES,    • Treasury Shares,67,3,False,VNĐ,0.0
2024-Q2,BS_OTHER_CAPITAL,    • Other Capital,68,3,False,VNĐ,0.0
2024-Q2,BS_RESERVES,  ‣ Reserves,69,2,False,VNĐ,3721866000000.0
2024-Q2,BS_FOREIGN_EXCHANGE_DIFFERENCES,  ‣ Foreign Exchange Differences,70,2,False,VNĐ,0.0
2024-Q2,BS_ASSET_REVALUATION_DIFFERENCES,  ‣ Asset Revaluation Differences,71,2,False,VNĐ,0.0
2024-Q2,BS_RETAINED_EARNINGS,  ‣ Retained Earnings,72,2,False,VNĐ,9870693000000.0
2024-Q2,BS_MINORITY_INTEREST,Minority Interest,73,1,False,VNĐ,98000000.0
2024-Q2,BS_OFF_BALANCE_SHEET_ITEMS,Off Balance Sheet Items,74,1,True,VNĐ,
2024-Q2,BS_LOAN_GUARANTEES,  ‣ Loan Guarantees,75,2,True,VNĐ,
2024-Q2,BS_FX_COMMITMENTS,  ‣ FX Commitments,76,2,True,VNĐ,813534000000.0
2024-Q2,BS_COMMITMENTS_TO_BUY_FX,    • Commitments to Buy FX,77,3,True,VNĐ,4760513000000.0
2024-Q2,BS_COMMITMENTS_TO_SELL_FX,    • Commitments to Sell FX,78,3,True,VNĐ,4769456000000.0
2024-Q2,BS_SWAP_COMMITMENTS,    • Swap Commitments,79,3,True,VNĐ,98594634000000.0
2024-Q2,BS_FUTURE_COMMITMENTS,    • Future Commitments,80,3,True,VNĐ,0.0
2024-Q2,BS_IRREVOCABLE_LOAN_COMMITMENTS,  ‣ Irrevocable Loan Commitments,81,2,True,VNĐ,0.0
2024-Q2,BS_LC_COMMITMENTS,  ‣ LC Commitments,82,2,True,VNĐ,3026137000000.0
2024-Q2,BS_OTHER_GUARANTEES,  ‣ Other Guarantees,83,2,True,VNĐ,50463393000000.0
2024-Q2,BS_OTHER_COMMITMENTS,  ‣ Other Commitments,84,2,True,VNĐ,14544880000000.0
2024-Q1,BS_TOTAL_ASSETS,Total Assets,1,1,False,VNĐ,355870488000000.0
2024-Q1,BS_CASH_AND_PRECIOUS_METALS,Cash and Precious Metals,2,1,False,VNĐ,1789390000000.0
2024-Q1,BS_BALANCES_WITH_SBV,Balances With SBV,3,1,False,VNĐ,11378128000000.0
2024-Q1,BS_PLACEMENTS_AND_LOANS_TO_CREDIT_INSTITUTIONS,Placements and Loans to Credit Institutions,4,1,False,VNĐ,56447319000000.0
2024-Q1,BS_PLACEMENTS_WITH_CREDIT_INSTITUTIONS,  ‣ Placements With Credit Institutions,5,2,False,VNĐ,41430265000000.0
2024-Q1,BS_LOANS_TO_CREDIT_INSTITUTIONS,  ‣ Loans to Credit Institutions,6,2,False,VNĐ,15017054000000.0
2024-Q1,BS_PROVISION_CREDIT_INSTITUTIONS,  ‣ Provision Credit Institutions,7,2,False,VNĐ,0.0
2024-Q1,BS_TRADING_SECURITIES,Trading Securities,8,1,False,VNĐ,3898000000.0
2024-Q1,BS_TRADING_SECURITIES_GROSS,  ‣ Trading Securities Gross,9,2,False,VNĐ,3898000000.0
2024-Q1,BS_PROVISION_TRADING_SECURITIES,  ‣ Provision Trading Securities,10,2,False,VNĐ,0.0
2024-Q1,BS_DERIVATIVES_AND_OTHER_FINANCIAL_ASSETS,Derivatives and Other Financial Assets,11,1,False,VNĐ,0.0
2024-Q1,BS_LOANS_TO_CUSTOMERS,Loans to Customers,12,1,False,VNĐ,198127997000000.0
2024-Q1,BS_LOANS_TO_CUSTOMERS_GROSS,  ‣ Loans to Customers Gross,13,2,False,VNĐ,200829487000000.0
2024-Q1,BS_PROVISION_LOANS_TO_CUSTOMERS,  ‣ Provision Loans to Customers,14,2,False,VNĐ,-2701490000000.0
2024-Q1,BS_DEBT_PURCHASES,Debt Purchases,15,1,False,VNĐ,805010000000.0
2024-Q1,BS_DEBT_PURCHASES_GROSS,  ‣ Debt Purchases Gross,16,2,False,VNĐ,811093000000.0
2024-Q1,BS_PROVISION_DEBT_PURCHASES,  ‣ Provision Debt Purchases,17,2,False,VNĐ,-6083000000.0
2024-Q1,BS_INVESTMENT_SECURITIES,Investment Securities,18,1,False,VNĐ,62151600000000.0
2024-Q1,BS_AVAILABLE_FOR_SALE_SECURITIES,  ‣ Available for Sale Securities,19,2,False,VNĐ,62199375000000.0
2024-Q1,BS_HELD_TO_MATURITY_SECURITIES,  ‣ Held to Maturity Securities,20,2,False,VNĐ,44700000000.0
2024-Q1,BS_PROVISION_INVESTMENT_SECURITIES,  ‣ Provision Investment Securities,21,2,False,VNĐ,-92475000000.0
2024-Q1,BS_LONG_TERM_INVESTMENTS,Long Term Investments,22,1,False,VNĐ,0.0
2024-Q1,BS_INVESTMENTS_IN_JOINT_VENTURES,  ‣ Investments in Joint Ventures,23,2,False,VNĐ,0.0
2024-Q1,BS_CAPITAL_CONTRIBUTION_JOINT_VENTURES,  ‣ Capital Contribution Joint Ventures,24,2,False,VNĐ,0.0
2024-Q1,BS_INVESTMENTS_IN_ASSOCIATES,  ‣ Investments in Associates,25,2,False,VNĐ,0.0
2024-Q1,BS_OTHER_LONG_TERM_INVESTMENTS,  ‣ Other Long Term Investments,26,2,False,VNĐ,0.0
2024-Q1,BS_PROVISION_LONG_TERM_INVESTMENTS,  ‣ Provision Long Term Investments,27,2,False,VNĐ,0.0
2024-Q1,BS_FIXED_ASSETS,Fixed Assets,28,1,False,VNĐ,998703000000.0
2024-Q1,BS_TANGIBLE_FIXED_ASSETS,  ‣ Tangible Fixed Assets,29,2,False,VNĐ,685595000000.0
2024-Q1,BS_TANGIBLE_FIXED_ASSETS_COST,    • Tangible Fixed Assets Cost,30,3,False,VNĐ,1796194000000.0
2024-Q1,BS_TANGIBLE_FIXED_ASSETS_ACCUMULATED_DEPRECIATION,    • Tangible Fixed Assets Accumulated Depreciation,31,3,False,VNĐ,-1110599000000.0
2024-Q1,BS_FINANCE_LEASE_FIXED_ASSETS,  ‣ Finance Lease Fixed Assets,32,2,False,VNĐ,0.0
2024-Q1,BS_FINANCE_LEASE_FIXED_ASSETS_COST,    • Finance Lease Fixed Assets Cost,33,3,False,VNĐ,0.0
2024-Q1,BS_FINANCE_LEASE_FIXED_ASSETS_ACCUMULATED_DEPRECIATION,    • Finance Lease Fixed Assets Accumulated Depreciation,34,3,False,VNĐ,-0.0
2024-Q1,BS_INTANGIBLE_FIXED_ASSETS,  ‣ Intangible Fixed Assets,35,2,False,VNĐ,313108000000.0
2024-Q1,BS_INTANGIBLE_FIXED_ASSETS_COST,    • Intangible Fixed Assets Cost,36,3,False,VNĐ,895216000000.0
2024-Q1,BS_INTANGIBLE_FIXED_ASSETS_ACCUMULATED_DEPRECIATION,    • Intangible Fixed Assets Accumulated Depreciation,37,3,False,VNĐ,-582108000000.0
2024-Q1,BS_INVESTMENT_PROPERTIES,Investment Properties,38,1,False,VNĐ,0.0
2024-Q1,BS_INVESTMENT_PROPERTIES_COST,  ‣ Investment Properties Cost,39,2,False,VNĐ,0.0
2024-Q1,BS_INVESTMENT_PROPERTIES_ACCUMULATED_DEPRECIATION,  ‣ Investment Properties Accumulated Depreciation,40,2,False,VNĐ,-0.0
2024-Q1,BS_OTHER_ASSETS,Other Assets,41,1,False,VNĐ,24168443000000.0
2024-Q1,BS_RECEIVABLES,  ‣ Receivables,42,2,False,VNĐ,16107004000000.0
2024-Q1,BS_INTEREST_AND_FEE_RECEIVABLES,  ‣ Interest and Fee Receivables,43,2,False,VNĐ,3554458000000.0
2024-Q1,BS_DEFERRED_TAX_ASSETS,  ‣ Deferred Tax Assets,44,2,False,VNĐ,0.0
2024-Q1,BS_OTHER_ASSETS_DETAIL,  ‣ Other Assets Detail,45,2,False,VNĐ,4597009000000.0
2024-Q1,BS_GOODWILL,  ‣ Goodwill,46,2,False,VNĐ,
2024-Q1,BS_PROVISION_OTHER_ASSETS,  ‣ Provision Other Assets,47,2,False,VNĐ,-90028000000.0
2024-Q1,BS_TOTAL_LIABILITIES_AND_EQUITY,Total Liabilities and Equity,48,1,False,VNĐ,355870488000000.0
2024-Q1,BS_TOTAL_LIABILITIES,Total Liabilities,49,1,False,VNĐ,321680275000000.0
2024-Q1,BS_DUE_TO_GOVERNMENT_AND_SBV,  ‣ Due to Government and SBV,50,2,False,VNĐ,340781000000.0
2024-Q1,BS_PLACEMENTS_AND_BORROWINGS_FROM_CREDIT_INSTITUTIONS,  ‣ Placements and Borrowings from Credit Institutions,51,2,False,VNĐ,92480852000000.0
2024-Q1,BS_PLACEMENTS_FROM_CREDIT_INSTITUTIONS,    • Placements from Credit Institutions,52,3,False,VNĐ,66911903000000.0
2024-Q1,BS_BORROWINGS_FROM_CREDIT_INSTITUTIONS,    • Borrowings from Credit Institutions,53,3,False,VNĐ,25568949000000.0
2024-Q1,BS_CUSTOMER_DEPOSITS,  ‣ Customer Deposits,54,2,False,VNĐ,190827358000000.0
2024-Q1,BS_DERIVATIVES_AND_OTHER_FINANCIAL_LIABILITIES,  ‣ Derivatives and Other Financial Liabilities,55,2,False,VNĐ,268349000000.0
2024-Q1,BS_FUNDS_AND_ENTRUSTED_INVESTMENTS,  ‣ Funds and Entrusted Investments,56,2,False,VNĐ,75569000000.0
2024-Q1,BS_VALUABLE_PAPERS_ISSUED,  ‣ Valuable Papers Issued,57,2,False,VNĐ,31811364000000.0
2024-Q1,BS_OTHER_LIABILITIES,  ‣ Other Liabilities,58,2,False,VNĐ,5876002000000.0
2024-Q1,BS_INTEREST_AND_FEE_PAYABLES,    • Interest and Fee Payables,59,3,False,VNĐ,4209375000000.0
2024-Q1,BS_DEFERRED_TAX_LIABILITIES,    • Deferred Tax Liabilities,60,3,False,VNĐ,
2024-Q1,BS_OTHER_PAYABLES_AND_LIABILITIES,    • Other Payables and Liabilities,61,3,False,VNĐ,1666627000000.0
2024-Q1,BS_OTHER_PROVISIONS,    • Other Provisions,62,3,False,VNĐ,0.0
2024-Q1,BS_EQUITY,Equity,63,1,False,VNĐ,34190213000000.0
2024-Q1,BS_CHARTER_CAPITAL_AND_FUNDS,  ‣ Charter Capital and Funds,64,2,False,VNĐ,22016350000000.0
2024-Q1,BS_CHARTER_CAPITAL,    • Charter Capital,65,3,False,VNĐ,22016350000000.0
2024-Q1,BS_SHARE_PREMIUM,    • Share Premium,66,3,False,VNĐ,0.0
2024-Q1,BS_TREASURY_SHARES,    • Treasury Shares,67,3,False,VNĐ,0.0
2024-Q1,BS_OTHER_CAPITAL,    • Other Capital,68,3,False,VNĐ,0.0
2024-Q1,BS_RESERVES,  ‣ Reserves,69,2,False,VNĐ,3052367000000.0
2024-Q1,BS_FOREIGN_EXCHANGE_DIFFERENCES,  ‣ Foreign Exchange Differences,70,2,False,VNĐ,6866000000.0
2024-Q1,BS_ASSET_REVALUATION_DIFFERENCES,  ‣ Asset Revaluation Differences,71,2,False,VNĐ,0.0
2024-Q1,BS_RETAINED_EARNINGS,  ‣ Retained Earnings,72,2,False,VNĐ,9114476000000.0
2024-Q1,BS_MINORITY_INTEREST,Minority Interest,73,1,False,VNĐ,154000000.0
2024-Q1,BS_OFF_BALANCE_SHEET_ITEMS,Off Balance Sheet Items,74,1,True,VNĐ,
2024-Q1,BS_LOAN_GUARANTEES,  ‣ Loan Guarantees,75,2,True,VNĐ,
2024-Q1,BS_FX_COMMITMENTS,  ‣ FX Commitments,76,2,True,VNĐ,1577621000000.0
2024-Q1,BS_COMMITMENTS_TO_BUY_FX,    • Commitments to Buy FX,77,3,True,VNĐ,1925355000000.0
2024-Q1,BS_COMMITMENTS_TO_SELL_FX,    • Commitments to Sell FX,78,3,True,VNĐ,860633000000.0
2024-Q1,BS_SWAP_COMMITMENTS,    • Swap Commitments,79,3,True,VNĐ,100706188000000.0
2024-Q1,BS_FUTURE_COMMITMENTS,    • Future Commitments,80,3,True,VNĐ,0.0
2024-Q1,BS_IRREVOCABLE_LOAN_COMMITMENTS,  ‣ Irrevocable Loan Commitments,81,2,True,VNĐ,0.0
2024-Q1,BS_LC_COMMITMENTS,  ‣ LC Commitments,82,2,True,VNĐ,2992201000000.0
2024-Q1,BS_OTHER_GUARANTEES,  ‣ Other Guarantees,83,2,True,VNĐ,51527208000000.0
2024-Q1,BS_OTHER_COMMITMENTS,  ‣ Other Commitments,84,2,True,VNĐ,16917717000000.0
2023-Q4,BS_TOTAL_ASSETS,Total Assets,1,1,False,VNĐ,356636840000000.0
2023-Q4,BS_CASH_AND_PRECIOUS_METALS,Cash and Precious Metals,2,1,False,VNĐ,2338561000000.0
2023-Q4,BS_BALANCES_WITH_SBV,Balances With SBV,3,1,False,VNĐ,9211968000000.0
2023-Q4,BS_PLACEMENTS_AND_LOANS_TO_CREDIT_INSTITUTIONS,Placements and Loans to Credit Institutions,4,1,False,VNĐ,52351827000000.0
2023-Q4,BS_PLACEMENTS_WITH_CREDIT_INSTITUTIONS,  ‣ Placements With Credit Institutions,5,2,False,VNĐ,33887940000000.0
2023-Q4,BS_LOANS_TO_CREDIT_INSTITUTIONS,  ‣ Loans to Credit Institutions,6,2,False,VNĐ,18463887000000.0
2023-Q4,BS_PROVISION_CREDIT_INSTITUTIONS,  ‣ Provision Credit Institutions,7,2,False,VNĐ,0.0
2023-Q4,BS_TRADING_SECURITIES,Trading Securities,8,1,False,VNĐ,0.0
2023-Q4,BS_TRADING_SECURITIES_GROSS,  ‣ Trading Securities Gross,9,2,False,VNĐ,0.0
2023-Q4,BS_PROVISION_TRADING_SECURITIES,  ‣ Provision Trading Securities,10,2,False,VNĐ,0.0
2023-Q4,BS_DERIVATIVES_AND_OTHER_FINANCIAL_ASSETS,Derivatives and Other Financial Assets,11,1,False,VNĐ,0.0
2023-Q4,BS_LOANS_TO_CUSTOMERS,Loans to Customers,12,1,False,VNĐ,202586102000000.0
2023-Q4,BS_LOANS_TO_CUSTOMERS_GROSS,  ‣ Loans to Customers Gross,13,2,False,VNĐ,205262092000000.0
2023-Q4,BS_PROVISION_LOANS_TO_CUSTOMERS,  ‣ Provision Loans to Customers,14,2,False,VNĐ,-2675990000000.0
2023-Q4,BS_DEBT_PURCHASES,Debt Purchases,15,1,False,VNĐ,92062000000.0
2023-Q4,BS_DEBT_PURCHASES_GROSS,  ‣ Debt Purchases Gross,16,2,False,VNĐ,92757000000.0
2023-Q4,BS_PROVISION_DEBT_PURCHASES,  ‣ Provision Debt Purchases,17,2,False,VNĐ,-695000000.0
2023-Q4,BS_INVESTMENT_SECURITIES,Investment Securities,18,1,False,VNĐ,65335805000000.0
2023-Q4,BS_AVAILABLE_FOR_SALE_SECURITIES,  ‣ Available for Sale Securities,19,2,False,VNĐ,65391552000000.0
2023-Q4,BS_HELD_TO_MATURITY_SECURITIES,  ‣ Held to Maturity Securities,20,2,False,VNĐ,44700000000.0
2023-Q4,BS_PROVISION_INVESTMENT_SECURITIES,  ‣ Provision Investment Securities,21,2,False,VNĐ,-100447000000.0
2023-Q4,BS_LONG_TERM_INVESTMENTS,Long Term Investments,22,1,False,VNĐ,0.0
2023-Q4,BS_INVESTMENTS_IN_JOINT_VENTURES,  ‣ Investments in Joint Ventures,23,2,False,VNĐ,0.0
2023-Q4,BS_CAPITAL_CONTRIBUTION_JOINT_VENTURES,  ‣ Capital Contribution Joint Ventures,24,2,False,VNĐ,0.0
2023-Q4,BS_INVESTMENTS_IN_ASSOCIATES,  ‣ Investments in Associates,25,2,False,VNĐ,0.0
2023-Q4,BS_OTHER_LONG_TERM_INVESTMENTS,  ‣ Other Long Term Investments,26,2,False,VNĐ,0.0
2023-Q4,BS_PROVISION_LONG_TERM_INVESTMENTS,  ‣ Provision Long Term Investments,27,2,False,VNĐ,0.0
2023-Q4,BS_FIXED_ASSETS,Fixed Assets,28,1,False,VNĐ,1058906000000.0
2023-Q4,BS_TANGIBLE_FIXED_ASSETS,  ‣ Tangible Fixed Assets,29,2,False,VNĐ,729429000000.0
2023-Q4,BS_TANGIBLE_FIXED_ASSETS_COST,    • Tangible Fixed Assets Cost,30,3,False,VNĐ,1785660000000.0
2023-Q4,BS_TANGIBLE_FIXED_ASSETS_ACCUMULATED_DEPRECIATION,    • Tangible Fixed Assets Accumulated Depreciation,31,3,False,VNĐ,-1056231000000.0
2023-Q4,BS_FINANCE_LEASE_FIXED_ASSETS,  ‣ Finance Lease Fixed Assets,32,2,False,VNĐ,0.0
2023-Q4,BS_FINANCE_LEASE_FIXED_ASSETS_COST,    • Finance Lease Fixed Assets Cost,33,3,False,VNĐ,0.0
2023-Q4,BS_FINANCE_LEASE_FIXED_ASSETS_ACCUMULATED_DEPRECIATION,    • Finance Lease Fixed Assets Accumulated Depreciation,34,3,False,VNĐ,-0.0
2023-Q4,BS_INTANGIBLE_FIXED_ASSETS,  ‣ Intangible Fixed Assets,35,2,False,VNĐ,329477000000.0
2023-Q4,BS_INTANGIBLE_FIXED_ASSETS_COST,    • Intangible Fixed Assets Cost,36,3,False,VNĐ,886455000000.0
2023-Q4,BS_INTANGIBLE_FIXED_ASSETS_ACCUMULATED_DEPRECIATION,    • Intangible Fixed Assets Accumulated Depreciation,37,3,False,VNĐ,-556978000000.0
2023-Q4,BS_INVESTMENT_PROPERTIES,Investment Properties,38,1,False,VNĐ,0.0
2023-Q4,BS_INVESTMENT_PROPERTIES_COST,  ‣ Investment Properties Cost,39,2,False,VNĐ,0.0
2023-Q4,BS_INVESTMENT_PROPERTIES_ACCUMULATED_DEPRECIATION,  ‣ Investment Properties Accumulated Depreciation,40,2,False,VNĐ,-0.0
2023-Q4,BS_OTHER_ASSETS,Other Assets,41,1,False,VNĐ,23661609000000.0
2023-Q4,BS_RECEIVABLES,  ‣ Receivables,42,2,False,VNĐ,15202088000000.0
2023-Q4,BS_INTEREST_AND_FEE_RECEIVABLES,  ‣ Interest and Fee Receivables,43,2,False,VNĐ,3867721000000.0
2023-Q4,BS_DEFERRED_TAX_ASSETS,  ‣ Deferred Tax Assets,44,2,False,VNĐ,0.0
2023-Q4,BS_OTHER_ASSETS_DETAIL,  ‣ Other Assets Detail,45,2,False,VNĐ,4681800000000.0
2023-Q4,BS_GOODWILL,  ‣ Goodwill,46,2,False,VNĐ,
2023-Q4,BS_PROVISION_OTHER_ASSETS,  ‣ Provision Other Assets,47,2,False,VNĐ,-90000000000.0
2023-Q4,BS_TOTAL_LIABILITIES_AND_EQUITY,Total Liabilities and Equity,48,1,False,VNĐ,356636840000000.0
2023-Q4,BS_TOTAL_LIABILITIES,Total Liabilities,49,1,False,VNĐ,323894128000000.0
2023-Q4,BS_DUE_TO_GOVERNMENT_AND_SBV,  ‣ Due to Government and SBV,50,2,False,VNĐ,338420000000.0
2023-Q4,BS_PLACEMENTS_AND_BORROWINGS_FROM_CREDIT_INSTITUTIONS,  ‣ Placements and Borrowings from Credit Institutions,51,2,False,VNĐ,83965697000000.0
2023-Q4,BS_PLACEMENTS_FROM_CREDIT_INSTITUTIONS,    • Placements from Credit Institutions,52,3,False,VNĐ,62399297000000.0
2023-Q4,BS_BORROWINGS_FROM_CREDIT_INSTITUTIONS,    • Borrowings from Credit Institutions,53,3,False,VNĐ,21566400000000.0
2023-Q4,BS_CUSTOMER_DEPOSITS,  ‣ Customer Deposits,54,2,False,VNĐ,208261560000000.0
2023-Q4,BS_DERIVATIVES_AND_OTHER_FINANCIAL_LIABILITIES,  ‣ Derivatives and Other Financial Liabilities,55,2,False,VNĐ,66150000000.0
2023-Q4,BS_FUNDS_AND_ENTRUSTED_INVESTMENTS,  ‣ Funds and Entrusted Investments,56,2,False,VNĐ,74311000000.0
2023-Q4,BS_VALUABLE_PAPERS_ISSUED,  ‣ Valuable Papers Issued,57,2,False,VNĐ,24216267000000.0
2023-Q4,BS_OTHER_LIABILITIES,  ‣ Other Liabilities,58,2,False,VNĐ,6971723000000.0
2023-Q4,BS_INTEREST_AND_FEE_PAYABLES,    • Interest and Fee Payables,59,3,False,VNĐ,4978734000000.0
2023-Q4,BS_DEFERRED_TAX_LIABILITIES,    • Deferred Tax Liabilities,60,3,False,VNĐ,
2023-Q4,BS_OTHER_PAYABLES_AND_LIABILITIES,    • Other Payables and Liabilities,61,3,False,VNĐ,1992989000000.0
2023-Q4,BS_OTHER_PROVISIONS,    • Other Provisions,62,3,False,VNĐ,0.0
2023-Q4,BS_EQUITY,Equity,63,1,False,VNĐ,32742712000000.0
2023-Q4,BS_CHARTER_CAPITAL_AND_FUNDS,  ‣ Charter Capital and Funds,64,2,False,VNĐ,22016350000000.0
2023-Q4,BS_CHARTER_CAPITAL,    • Charter Capital,65,3,False,VNĐ,22016350000000.0
2023-Q4,BS_SHARE_PREMIUM,    • Share Premium,66,3,False,VNĐ,0.0
2023-Q4,BS_TREASURY_SHARES,    • Treasury Shares,67,3,False,VNĐ,0.0
2023-Q4,BS_OTHER_CAPITAL,    • Other Capital,68,3,False,VNĐ,0.0
2023-Q4,BS_RESERVES,  ‣ Reserves,69,2,False,VNĐ,3052367000000.0
2023-Q4,BS_FOREIGN_EXCHANGE_DIFFERENCES,  ‣ Foreign Exchange Differences,70,2,False,VNĐ,0.0
2023-Q4,BS_ASSET_REVALUATION_DIFFERENCES,  ‣ Asset Revaluation Differences,71,2,False,VNĐ,0.0
2023-Q4,BS_RETAINED_EARNINGS,  ‣ Retained Earnings,72,2,False,VNĐ,7673995000000.0
2023-Q4,BS_MINORITY_INTEREST,Minority Interest,73,1,False,VNĐ,0.0
2023-Q4,BS_OFF_BALANCE_SHEET_ITEMS,Off Balance Sheet Items,74,1,True,VNĐ,
2023-Q4,BS_LOAN_GUARANTEES,  ‣ Loan Guarantees,75,2,True,VNĐ,
2023-Q4,BS_FX_COMMITMENTS,  ‣ FX Commitments,76,2,True,VNĐ,1241077000000.0
2023-Q4,BS_COMMITMENTS_TO_BUY_FX,    • Commitments to Buy FX,77,3,True,VNĐ,1552640000000.0
2023-Q4,BS_COMMITMENTS_TO_SELL_FX,    • Commitments to Sell FX,78,3,True,VNĐ,1387911000000.0
2023-Q4,BS_SWAP_COMMITMENTS,    • Swap Commitments,79,3,True,VNĐ,68370480000000.0
2023-Q4,BS_FUTURE_COMMITMENTS,    • Future Commitments,80,3,True,VNĐ,0.0
2023-Q4,BS_IRREVOCABLE_LOAN_COMMITMENTS,  ‣ Irrevocable Loan Commitments,81,2,True,VNĐ,0.0
2023-Q4,BS_LC_COMMITMENTS,  ‣ LC Commitments,82,2,True,VNĐ,2232344000000.0
2023-Q4,BS_OTHER_GUARANTEES,  ‣ Other Guarantees,83,2,True,VNĐ,50773538000000.0
2023-Q4,BS_OTHER_COMMITMENTS,  ‣ Other Commitments,84,2,True,VNĐ,19943134000000.0
2023-Q3,BS_TOTAL_ASSETS,Total Assets,1,1,False,VNĐ,344402552000000.0
2023-Q3,BS_CASH_AND_PRECIOUS_METALS,Cash and Precious Metals,2,1,False,VNĐ,2102795000000.0
2023-Q3,BS_BALANCES_WITH_SBV,Balances With SBV,3,1,False,VNĐ,10397108000000.0
2023-Q3,BS_PLACEMENTS_AND_LOANS_TO_CREDIT_INSTITUTIONS,Placements and Loans to Credit Institutions,4,1,False,VNĐ,58926396000000.0
2023-Q3,BS_PLACEMENTS_WITH_CREDIT_INSTITUTIONS,  ‣ Placements With Credit Institutions,5,2,False,VNĐ,41232919000000.0
2023-Q3,BS_LOANS_TO_CREDIT_INSTITUTIONS,  ‣ Loans to Credit Institutions,6,2,False,VNĐ,17693477000000.0
2023-Q3,BS_PROVISION_CREDIT_INSTITUTIONS,  ‣ Provision Credit Institutions,7,2,False,VNĐ,0.0
2023-Q3,BS_TRADING_SECURITIES,Trading Securities,8,1,False,VNĐ,0.0
2023-Q3,BS_TRADING_SECURITIES_GROSS,  ‣ Trading Securities Gross,9,2,False,VNĐ,0.0
2023-Q3,BS_PROVISION_TRADING_SECURITIES,  ‣ Provision Trading Securities,10,2,False,VNĐ,0.0
2023-Q3,BS_DERIVATIVES_AND_OTHER_FINANCIAL_ASSETS,Derivatives and Other Financial Assets,11,1,False,VNĐ,0.0
2023-Q3,BS_LOANS_TO_CUSTOMERS,Loans to Customers,12,1,False,VNĐ,177431789000000.0
2023-Q3,BS_LOANS_TO_CUSTOMERS_GROSS,  ‣ Loans to Customers Gross,13,2,False,VNĐ,179946188000000.0
2023-Q3,BS_PROVISION_LOANS_TO_CUSTOMERS,  ‣ Provision Loans to Customers,14,2,False,VNĐ,-2514399000000.0
2023-Q3,BS_DEBT_PURCHASES,Debt Purchases,15,1,False,VNĐ,145760000000.0
2023-Q3,BS_DEBT_PURCHASES_GROSS,  ‣ Debt Purchases Gross,16,2,False,VNĐ,146861000000.0
2023-Q3,BS_PROVISION_DEBT_PURCHASES,  ‣ Provision Debt Purchases,17,2,False,VNĐ,-1101000000.0
2023-Q3,BS_INVESTMENT_SECURITIES,Investment Securities,18,1,False,VNĐ,67866961000000.0
2023-Q3,BS_AVAILABLE_FOR_SALE_SECURITIES,  ‣ Available for Sale Securities,19,2,False,VNĐ,68047000000000.0
2023-Q3,BS_HELD_TO_MATURITY_SECURITIES,  ‣ Held to Maturity Securities,20,2,False,VNĐ,44700000000.0
2023-Q3,BS_PROVISION_INVESTMENT_SECURITIES,  ‣ Provision Investment Securities,21,2,False,VNĐ,-224739000000.0
2023-Q3,BS_LONG_TERM_INVESTMENTS,Long Term Investments,22,1,False,VNĐ,0.0
2023-Q3,BS_INVESTMENTS_IN_JOINT_VENTURES,  ‣ Investments in Joint Ventures,23,2,False,VNĐ,0.0
2023-Q3,BS_CAPITAL_CONTRIBUTION_JOINT_VENTURES,  ‣ Capital Contribution Joint Ventures,24,2,False,VNĐ,0.0
2023-Q3,BS_INVESTMENTS_IN_ASSOCIATES,  ‣ Investments in Associates,25,2,False,VNĐ,0.0
2023-Q3,BS_OTHER_LONG_TERM_INVESTMENTS,  ‣ Other Long Term Investments,26,2,False,VNĐ,0.0
2023-Q3,BS_PROVISION_LONG_TERM_INVESTMENTS,  ‣ Provision Long Term Investments,27,2,False,VNĐ,0.0
2023-Q3,BS_FIXED_ASSETS,Fixed Assets,28,1,False,VNĐ,1102629000000.0
2023-Q3,BS_TANGIBLE_FIXED_ASSETS,  ‣ Tangible Fixed Assets,29,2,False,VNĐ,768619000000.0
2023-Q3,BS_TANGIBLE_FIXED_ASSETS_COST,    • Tangible Fixed Assets Cost,30,3,False,VNĐ,1770829000000.0
2023-Q3,BS_TANGIBLE_FIXED_ASSETS_ACCUMULATED_DEPRECIATION,    • Tangible Fixed Assets Accumulated Depreciation,31,3,False,VNĐ,-1002210000000.0
2023-Q3,BS_FINANCE_LEASE_FIXED_ASSETS,  ‣ Finance Lease Fixed Assets,32,2,False,VNĐ,0.0
2023-Q3,BS_FINANCE_LEASE_FIXED_ASSETS_COST,    • Finance Lease Fixed Assets Cost,33,3,False,VNĐ,0.0
2023-Q3,BS_FINANCE_LEASE_FIXED_ASSETS_ACCUMULATED_DEPRECIATION,    • Finance Lease Fixed Assets Accumulated Depreciation,34,3,False,VNĐ,-0.0
2023-Q3,BS_INTANGIBLE_FIXED_ASSETS,  ‣ Intangible Fixed Assets,35,2,False,VNĐ,334010000000.0
2023-Q3,BS_INTANGIBLE_FIXED_ASSETS_COST,    • Intangible Fixed Assets Cost,36,3,False,VNĐ,863108000000.0
2023-Q3,BS_INTANGIBLE_FIXED_ASSETS_ACCUMULATED_DEPRECIATION,    • Intangible Fixed Assets Accumulated Depreciation,37,3,False,VNĐ,-529098000000.0
2023-Q3,BS_INVESTMENT_PROPERTIES,Investment Properties,38,1,False,VNĐ,0.0
2023-Q3,BS_INVESTMENT_PROPERTIES_COST,  ‣ Investment Properties Cost,39,2,False,VNĐ,0.0
2023-Q3,BS_INVESTMENT_PROPERTIES_ACCUMULATED_DEPRECIATION,  ‣ Investment Properties Accumulated Depreciation,40,2,False,VNĐ,-0.0
2023-Q3,BS_OTHER_ASSETS,Other Assets,41,1,False,VNĐ,26429114000000.0
2023-Q3,BS_RECEIVABLES,  ‣ Receivables,42,2,False,VNĐ,18128442000000.0
2023-Q3,BS_INTEREST_AND_FEE_RECEIVABLES,  ‣ Interest and Fee Receivables,43,2,False,VNĐ,3382978000000.0
2023-Q3,BS_DEFERRED_TAX_ASSETS,  ‣ Deferred Tax Assets,44,2,False,VNĐ,0.0
2023-Q3,BS_OTHER_ASSETS_DETAIL,  ‣ Other Assets Detail,45,2,False,VNĐ,4922785000000.0
2023-Q3,BS_GOODWILL,  ‣ Goodwill,46,2,False,VNĐ,
2023-Q3,BS_PROVISION_OTHER_ASSETS,  ‣ Provision Other Assets,47,2,False,VNĐ,-5091000000.0
2023-Q3,BS_TOTAL_LIABILITIES_AND_EQUITY,Total Liabilities and Equity,48,1,False,VNĐ,344402552000000.0
2023-Q3,BS_TOTAL_LIABILITIES,Total Liabilities,49,1,False,VNĐ,312018615000000.0
2023-Q3,BS_DUE_TO_GOVERNMENT_AND_SBV,  ‣ Due to Government and SBV,50,2,False,VNĐ,365637000000.0
2023-Q3,BS_PLACEMENTS_AND_BORROWINGS_FROM_CREDIT_INSTITUTIONS,  ‣ Placements and Borrowings from Credit Institutions,51,2,False,VNĐ,97361110000000.0
2023-Q3,BS_PLACEMENTS_FROM_CREDIT_INSTITUTIONS,    • Placements from Credit Institutions,52,3,False,VNĐ,79329698000000.0
2023-Q3,BS_BORROWINGS_FROM_CREDIT_INSTITUTIONS,    • Borrowings from Credit Institutions,53,3,False,VNĐ,18031412000000.0
2023-Q3,BS_CUSTOMER_DEPOSITS,  ‣ Customer Deposits,54,2,False,VNĐ,193753424000000.0
2023-Q3,BS_DERIVATIVES_AND_OTHER_FINANCIAL_LIABILITIES,  ‣ Derivatives and Other Financial Liabilities,55,2,False,VNĐ,128486000000.0
2023-Q3,BS_FUNDS_AND_ENTRUSTED_INVESTMENTS,  ‣ Funds and Entrusted Investments,56,2,False,VNĐ,82468000000.0
2023-Q3,BS_VALUABLE_PAPERS_ISSUED,  ‣ Valuable Papers Issued,57,2,False,VNĐ,12168977000000.0
2023-Q3,BS_OTHER_LIABILITIES,  ‣ Other Liabilities,58,2,False,VNĐ,8158513000000.0
2023-Q3,BS_INTEREST_AND_FEE_PAYABLES,    • Interest and Fee Payables,59,3,False,VNĐ,6362983000000.0
2023-Q3,BS_DEFERRED_TAX_LIABILITIES,    • Deferred Tax Liabilities,60,3,False,VNĐ,
2023-Q3,BS_OTHER_PAYABLES_AND_LIABILITIES,    • Other Payables and Liabilities,61,3,False,VNĐ,1795530000000.0
2023-Q3,BS_OTHER_PROVISIONS,    • Other Provisions,62,3,False,VNĐ,0.0
2023-Q3,BS_EQUITY,Equity,63,1,False,VNĐ,32383937000000.0
2023-Q3,BS_CHARTER_CAPITAL_AND_FUNDS,  ‣ Charter Capital and Funds,64,2,False,VNĐ,22016350000000.0
2023-Q3,BS_CHARTER_CAPITAL,    • Charter Capital,65,3,False,VNĐ,22016350000000.0
2023-Q3,BS_SHARE_PREMIUM,    • Share Premium,66,3,False,VNĐ,0.0
2023-Q3,BS_TREASURY_SHARES,    • Treasury Shares,67,3,False,VNĐ,0.0
2023-Q3,BS_OTHER_CAPITAL,    • Other Capital,68,3,False,VNĐ,0.0
2023-Q3,BS_RESERVES,  ‣ Reserves,69,2,False,VNĐ,3052367000000.0
2023-Q3,BS_FOREIGN_EXCHANGE_DIFFERENCES,  ‣ Foreign Exchange Differences,70,2,False,VNĐ,138452000000.0
2023-Q3,BS_ASSET_REVALUATION_DIFFERENCES,  ‣ Asset Revaluation Differences,71,2,False,VNĐ,0.0
2023-Q3,BS_RETAINED_EARNINGS,  ‣ Retained Earnings,72,2,False,VNĐ,7176768000000.0
2023-Q3,BS_MINORITY_INTEREST,Minority Interest,73,1,False,VNĐ,0.0
2023-Q3,BS_OFF_BALANCE_SHEET_ITEMS,Off Balance Sheet Items,74,1,True,VNĐ,
2023-Q3,BS_LOAN_GUARANTEES,  ‣ Loan Guarantees,75,2,True,VNĐ,
2023-Q3,BS_FX_COMMITMENTS,  ‣ FX Commitments,76,2,True,VNĐ,1354955000000.0
2023-Q3,BS_COMMITMENTS_TO_BUY_FX,    • Commitments to Buy FX,77,3,True,VNĐ,2091874000000.0
2023-Q3,BS_COMMITMENTS_TO_SELL_FX,    • Commitments to Sell FX,78,3,True,VNĐ,3673649000000.0
2023-Q3,BS_SWAP_COMMITMENTS,    • Swap Commitments,79,3,True,VNĐ,128721746000000.0
2023-Q3,BS_FUTURE_COMMITMENTS,    • Future Commitments,80,3,True,VNĐ,0.0
2023-Q3,BS_IRREVOCABLE_LOAN_COMMITMENTS,  ‣ Irrevocable Loan Commitments,81,2,True,VNĐ,0.0
2023-Q3,BS_LC_COMMITMENTS,  ‣ LC Commitments,82,2,True,VNĐ,3549387000000.0
2023-Q3,BS_OTHER_GUARANTEES,  ‣ Other Guarantees,83,2,True,VNĐ,43069606000000.0
2023-Q3,BS_OTHER_COMMITMENTS,  ‣ Other Commitments,84,2,True,VNĐ,14594785000000.0
2023-Q2,BS_TOTAL_ASSETS,Total Assets,1,1,False,VNĐ,343406813000000.0
2023-Q2,BS_CASH_AND_PRECIOUS_METALS,Cash and Precious Metals,2,1,False,VNĐ,2182092000000.0
2023-Q2,BS_BALANCES_WITH_SBV,Balances With SBV,3,1,False,VNĐ,9213239000000.0
2023-Q2,BS_PLACEMENTS_AND_LOANS_TO_CREDIT_INSTITUTIONS,Placements and Loans to Credit Institutions,4,1,False,VNĐ,56630247000000.0
2023-Q2,BS_PLACEMENTS_WITH_CREDIT_INSTITUTIONS,  ‣ Placements With Credit Institutions,5,2,False,VNĐ,39363356000000.0
2023-Q2,BS_LOANS_TO_CREDIT_INSTITUTIONS,  ‣ Loans to Credit Institutions,6,2,False,VNĐ,17266891000000.0
2023-Q2,BS_PROVISION_CREDIT_INSTITUTIONS,  ‣ Provision Credit Institutions,7,2,False,VNĐ,0.0
2023-Q2,BS_TRADING_SECURITIES,Trading Securities,8,1,False,VNĐ,0.0
2023-Q2,BS_TRADING_SECURITIES_GROSS,  ‣ Trading Securities Gross,9,2,False,VNĐ,0.0
2023-Q2,BS_PROVISION_TRADING_SECURITIES,  ‣ Provision Trading Securities,10,2,False,VNĐ,0.0
2023-Q2,BS_DERIVATIVES_AND_OTHER_FINANCIAL_ASSETS,Derivatives and Other Financial Assets,11,1,False,VNĐ,294883000000.0
2023-Q2,BS_LOANS_TO_CUSTOMERS,Loans to Customers,12,1,False,VNĐ,174730627000000.0
2023-Q2,BS_LOANS_TO_CUSTOMERS_GROSS,  ‣ Loans to Customers Gross,13,2,False,VNĐ,177113201000000.0
2023-Q2,BS_PROVISION_LOANS_TO_CUSTOMERS,  ‣ Provision Loans to Customers,14,2,False,VNĐ,-2382574000000.0
2023-Q2,BS_DEBT_PURCHASES,Debt Purchases,15,1,False,VNĐ,159263000000.0
2023-Q2,BS_DEBT_PURCHASES_GROSS,  ‣ Debt Purchases Gross,16,2,False,VNĐ,160466000000.0
2023-Q2,BS_PROVISION_DEBT_PURCHASES,  ‣ Provision Debt Purchases,17,2,False,VNĐ,-1203000000.0
2023-Q2,BS_INVESTMENT_SECURITIES,Investment Securities,18,1,False,VNĐ,73758379000000.0
2023-Q2,BS_AVAILABLE_FOR_SALE_SECURITIES,  ‣ Available for Sale Securities,19,2,False,VNĐ,73880655000000.0
2023-Q2,BS_HELD_TO_MATURITY_SECURITIES,  ‣ Held to Maturity Securities,20,2,False,VNĐ,44700000000.0
2023-Q2,BS_PROVISION_INVESTMENT_SECURITIES,  ‣ Provision Investment Securities,21,2,False,VNĐ,-166976000000.0
2023-Q2,BS_LONG_TERM_INVESTMENTS,Long Term Investments,22,1,False,VNĐ,0.0
2023-Q2,BS_INVESTMENTS_IN_JOINT_VENTURES,  ‣ Investments in Joint Ventures,23,2,False,VNĐ,0.0
2023-Q2,BS_CAPITAL_CONTRIBUTION_JOINT_VENTURES,  ‣ Capital Contribution Joint Ventures,24,2,False,VNĐ,0.0
2023-Q2,BS_INVESTMENTS_IN_ASSOCIATES,  ‣ Investments in Associates,25,2,False,VNĐ,0.0
2023-Q2,BS_OTHER_LONG_TERM_INVESTMENTS,  ‣ Other Long Term Investments,26,2,False,VNĐ,0.0
2023-Q2,BS_PROVISION_LONG_TERM_INVESTMENTS,  ‣ Provision Long Term Investments,27,2,False,VNĐ,0.0
2023-Q2,BS_FIXED_ASSETS,Fixed Assets,28,1,False,VNĐ,1067825000000.0
2023-Q2,BS_TANGIBLE_FIXED_ASSETS,  ‣ Tangible Fixed Assets,29,2,False,VNĐ,804587000000.0
2023-Q2,BS_TANGIBLE_FIXED_ASSETS_COST,    • Tangible Fixed Assets Cost,30,3,False,VNĐ,1747253000000.0
2023-Q2,BS_TANGIBLE_FIXED_ASSETS_ACCUMULATED_DEPRECIATION,    • Tangible Fixed Assets Accumulated Depreciation,31,3,False,VNĐ,-942666000000.0
2023-Q2,BS_FINANCE_LEASE_FIXED_ASSETS,  ‣ Finance Lease Fixed Assets,32,2,False,VNĐ,0.0
2023-Q2,BS_FINANCE_LEASE_FIXED_ASSETS_COST,    • Finance Lease Fixed Assets Cost,33,3,False,VNĐ,0.0
2023-Q2,BS_FINANCE_LEASE_FIXED_ASSETS_ACCUMULATED_DEPRECIATION,    • Finance Lease Fixed Assets Accumulated Depreciation,34,3,False,VNĐ,-0.0
2023-Q2,BS_INTANGIBLE_FIXED_ASSETS,  ‣ Intangible Fixed Assets,35,2,False,VNĐ,263238000000.0
2023-Q2,BS_INTANGIBLE_FIXED_ASSETS_COST,    • Intangible Fixed Assets Cost,36,3,False,VNĐ,765438000000.0
2023-Q2,BS_INTANGIBLE_FIXED_ASSETS_ACCUMULATED_DEPRECIATION,    • Intangible Fixed Assets Accumulated Depreciation,37,3,False,VNĐ,-502200000000.0
2023-Q2,BS_INVESTMENT_PROPERTIES,Investment Properties,38,1,False,VNĐ,0.0
2023-Q2,BS_INVESTMENT_PROPERTIES_COST,  ‣ Investment Properties Cost,39,2,False,VNĐ,0.0
2023-Q2,BS_INVESTMENT_PROPERTIES_ACCUMULATED_DEPRECIATION,  ‣ Investment Properties Accumulated Depreciation,40,2,False,VNĐ,-0.0
2023-Q2,BS_OTHER_ASSETS,Other Assets,41,1,False,VNĐ,25370258000000.0
2023-Q2,BS_RECEIVABLES,  ‣ Receivables,42,2,False,VNĐ,17078068000000.0
2023-Q2,BS_INTEREST_AND_FEE_RECEIVABLES,  ‣ Interest and Fee Receivables,43,2,False,VNĐ,3274916000000.0
2023-Q2,BS_DEFERRED_TAX_ASSETS,  ‣ Deferred Tax Assets,44,2,False,VNĐ,0.0
2023-Q2,BS_OTHER_ASSETS_DETAIL,  ‣ Other Assets Detail,45,2,False,VNĐ,5022365000000.0
2023-Q2,BS_GOODWILL,  ‣ Goodwill,46,2,False,VNĐ,
2023-Q2,BS_PROVISION_OTHER_ASSETS,  ‣ Provision Other Assets,47,2,False,VNĐ,-5091000000.0
2023-Q2,BS_TOTAL_LIABILITIES_AND_EQUITY,Total Liabilities and Equity,48,1,False,VNĐ,343406813000000.0
2023-Q2,BS_TOTAL_LIABILITIES,Total Liabilities,49,1,False,VNĐ,312420874000000.0
2023-Q2,BS_DUE_TO_GOVERNMENT_AND_SBV,  ‣ Due to Government and SBV,50,2,False,VNĐ,2976577000000.0
2023-Q2,BS_PLACEMENTS_AND_BORROWINGS_FROM_CREDIT_INSTITUTIONS,  ‣ Placements and Borrowings from Credit Institutions,51,2,False,VNĐ,88139893000000.0
2023-Q2,BS_PLACEMENTS_FROM_CREDIT_INSTITUTIONS,    • Placements from Credit Institutions,52,3,False,VNĐ,59164724000000.0
2023-Q2,BS_BORROWINGS_FROM_CREDIT_INSTITUTIONS,    • Borrowings from Credit Institutions,53,3,False,VNĐ,28975169000000.0
2023-Q2,BS_CUSTOMER_DEPOSITS,  ‣ Customer Deposits,54,2,False,VNĐ,199126911000000.0
2023-Q2,BS_DERIVATIVES_AND_OTHER_FINANCIAL_LIABILITIES,  ‣ Derivatives and Other Financial Liabilities,55,2,False,VNĐ,0.0
2023-Q2,BS_FUNDS_AND_ENTRUSTED_INVESTMENTS,  ‣ Funds and Entrusted Investments,56,2,False,VNĐ,101049000000.0
2023-Q2,BS_VALUABLE_PAPERS_ISSUED,  ‣ Valuable Papers Issued,57,2,False,VNĐ,15266125000000.0
2023-Q2,BS_OTHER_LIABILITIES,  ‣ Other Liabilities,58,2,False,VNĐ,6810319000000.0
2023-Q2,BS_INTEREST_AND_FEE_PAYABLES,    • Interest and Fee Payables,59,3,False,VNĐ,5434891000000.0
2023-Q2,BS_DEFERRED_TAX_LIABILITIES,    • Deferred Tax Liabilities,60,3,False,VNĐ,
2023-Q2,BS_OTHER_PAYABLES_AND_LIABILITIES,    • Other Payables and Liabilities,61,3,False,VNĐ,1375428000000.0
2023-Q2,BS_OTHER_PROVISIONS,    • Other Provisions,62,3,False,VNĐ,0.0
2023-Q2,BS_EQUITY,Equity,63,1,False,VNĐ,30985939000000.0
2023-Q2,BS_CHARTER_CAPITAL_AND_FUNDS,  ‣ Charter Capital and Funds,64,2,False,VNĐ,22016350000000.0
2023-Q2,BS_CHARTER_CAPITAL,    • Charter Capital,65,3,False,VNĐ,22016350000000.0
2023-Q2,BS_SHARE_PREMIUM,    • Share Premium,66,3,False,VNĐ,0.0
2023-Q2,BS_TREASURY_SHARES,    • Treasury Shares,67,3,False,VNĐ,0.0
2023-Q2,BS_OTHER_CAPITAL,    • Other Capital,68,3,False,VNĐ,0.0
2023-Q2,BS_RESERVES,  ‣ Reserves,69,2,False,VNĐ,3052367000000.0
2023-Q2,BS_FOREIGN_EXCHANGE_DIFFERENCES,  ‣ Foreign Exchange Differences,70,2,False,VNĐ,0.0
2023-Q2,BS_ASSET_REVALUATION_DIFFERENCES,  ‣ Asset Revaluation Differences,71,2,False,VNĐ,0.0
2023-Q2,BS_RETAINED_EARNINGS,  ‣ Retained Earnings,72,2,False,VNĐ,5917222000000.0
2023-Q2,BS_MINORITY_INTEREST,Minority Interest,73,1,False,VNĐ,0.0
2023-Q2,BS_OFF_BALANCE_SHEET_ITEMS,Off Balance Sheet Items,74,1,True,VNĐ,
2023-Q2,BS_LOAN_GUARANTEES,  ‣ Loan Guarantees,75,2,True,VNĐ,
2023-Q2,BS_FX_COMMITMENTS,  ‣ FX Commitments,76,2,True,VNĐ,2663454000000.0
2023-Q2,BS_COMMITMENTS_TO_BUY_FX,    • Commitments to Buy FX,77,3,True,VNĐ,2797468000000.0
2023-Q2,BS_COMMITMENTS_TO_SELL_FX,    • Commitments to Sell FX,78,3,True,VNĐ,2798008000000.0
2023-Q2,BS_SWAP_COMMITMENTS,    • Swap Commitments,79,3,True,VNĐ,128221643000000.0
2023-Q2,BS_FUTURE_COMMITMENTS,    • Future Commitments,80,3,True,VNĐ,0.0
2023-Q2,BS_IRREVOCABLE_LOAN_COMMITMENTS,  ‣ Irrevocable Loan Commitments,81,2,True,VNĐ,0.0
2023-Q2,BS_LC_COMMITMENTS,  ‣ LC Commitments,82,2,True,VNĐ,2411056000000.0
2023-Q2,BS_OTHER_GUARANTEES,  ‣ Other Guarantees,83,2,True,VNĐ,38722709000000.0
2023-Q2,BS_OTHER_COMMITMENTS,  ‣ Other Commitments,84,2,True,VNĐ,10468212000000.0
2023-Q1,BS_TOTAL_ASSETS,Total Assets,1,1,False,VNĐ,343522216000000.0
2023-Q1,BS_CASH_AND_PRECIOUS_METALS,Cash and Precious Metals,2,1,False,VNĐ,3421333000000.0
2023-Q1,BS_BALANCES_WITH_SBV,Balances With SBV,3,1,False,VNĐ,8982501000000.0
2023-Q1,BS_PLACEMENTS_AND_LOANS_TO_CREDIT_INSTITUTIONS,Placements and Loans to Credit Institutions,4,1,False,VNĐ,56285508000000.0
2023-Q1,BS_PLACEMENTS_WITH_CREDIT_INSTITUTIONS,  ‣ Placements With Credit Institutions,5,2,False,VNĐ,38777945000000.0
2023-Q1,BS_LOANS_TO_CREDIT_INSTITUTIONS,  ‣ Loans to Credit Institutions,6,2,False,VNĐ,17507563000000.0
2023-Q1,BS_PROVISION_CREDIT_INSTITUTIONS,  ‣ Provision Credit Institutions,7,2,False,VNĐ,0.0
2023-Q1,BS_TRADING_SECURITIES,Trading Securities,8,1,False,VNĐ,0.0
2023-Q1,BS_TRADING_SECURITIES_GROSS,  ‣ Trading Securities Gross,9,2,False,VNĐ,0.0
2023-Q1,BS_PROVISION_TRADING_SECURITIES,  ‣ Provision Trading Securities,10,2,False,VNĐ,0.0
2023-Q1,BS_DERIVATIVES_AND_OTHER_FINANCIAL_ASSETS,Derivatives and Other Financial Assets,11,1,False,VNĐ,282297000000.0
2023-Q1,BS_LOANS_TO_CUSTOMERS,Loans to Customers,12,1,False,VNĐ,170658669000000.0
2023-Q1,BS_LOANS_TO_CUSTOMERS_GROSS,  ‣ Loans to Customers Gross,13,2,False,VNĐ,172753147000000.0
2023-Q1,BS_PROVISION_LOANS_TO_CUSTOMERS,  ‣ Provision Loans to Customers,14,2,False,VNĐ,-2094478000000.0
2023-Q1,BS_DEBT_PURCHASES,Debt Purchases,15,1,False,VNĐ,114937000000.0
2023-Q1,BS_DEBT_PURCHASES_GROSS,  ‣ Debt Purchases Gross,16,2,False,VNĐ,115805000000.0
2023-Q1,BS_PROVISION_DEBT_PURCHASES,  ‣ Provision Debt Purchases,17,2,False,VNĐ,-868000000.0
2023-Q1,BS_INVESTMENT_SECURITIES,Investment Securities,18,1,False,VNĐ,78679929000000.0
2023-Q1,BS_AVAILABLE_FOR_SALE_SECURITIES,  ‣ Available for Sale Securities,19,2,False,VNĐ,78815324000000.0
2023-Q1,BS_HELD_TO_MATURITY_SECURITIES,  ‣ Held to Maturity Securities,20,2,False,VNĐ,44700000000.0
2023-Q1,BS_PROVISION_INVESTMENT_SECURITIES,  ‣ Provision Investment Securities,21,2,False,VNĐ,-180095000000.0
2023-Q1,BS_LONG_TERM_INVESTMENTS,Long Term Investments,22,1,False,VNĐ,0.0
2023-Q1,BS_INVESTMENTS_IN_JOINT_VENTURES,  ‣ Investments in Joint Ventures,23,2,False,VNĐ,0.0
2023-Q1,BS_CAPITAL_CONTRIBUTION_JOINT_VENTURES,  ‣ Capital Contribution Joint Ventures,24,2,False,VNĐ,0.0
2023-Q1,BS_INVESTMENTS_IN_ASSOCIATES,  ‣ Investments in Associates,25,2,False,VNĐ,0.0
2023-Q1,BS_OTHER_LONG_TERM_INVESTMENTS,  ‣ Other Long Term Investments,26,2,False,VNĐ,0.0
2023-Q1,BS_PROVISION_LONG_TERM_INVESTMENTS,  ‣ Provision Long Term Investments,27,2,False,VNĐ,0.0
2023-Q1,BS_FIXED_ASSETS,Fixed Assets,28,1,False,VNĐ,1134970000000.0
2023-Q1,BS_TANGIBLE_FIXED_ASSETS,  ‣ Tangible Fixed Assets,29,2,False,VNĐ,856026000000.0
2023-Q1,BS_TANGIBLE_FIXED_ASSETS_COST,    • Tangible Fixed Assets Cost,30,3,False,VNĐ,1738191000000.0
2023-Q1,BS_TANGIBLE_FIXED_ASSETS_ACCUMULATED_DEPRECIATION,    • Tangible Fixed Assets Accumulated Depreciation,31,3,False,VNĐ,-882165000000.0
2023-Q1,BS_FINANCE_LEASE_FIXED_ASSETS,  ‣ Finance Lease Fixed Assets,32,2,False,VNĐ,0.0
2023-Q1,BS_FINANCE_LEASE_FIXED_ASSETS_COST,    • Finance Lease Fixed Assets Cost,33,3,False,VNĐ,0.0
2023-Q1,BS_FINANCE_LEASE_FIXED_ASSETS_ACCUMULATED_DEPRECIATION,    • Finance Lease Fixed Assets Accumulated Depreciation,34,3,False,VNĐ,-0.0
2023-Q1,BS_INTANGIBLE_FIXED_ASSETS,  ‣ Intangible Fixed Assets,35,2,False,VNĐ,278944000000.0
2023-Q1,BS_INTANGIBLE_FIXED_ASSETS_COST,    • Intangible Fixed Assets Cost,36,3,False,VNĐ,754213000000.0
2023-Q1,BS_INTANGIBLE_FIXED_ASSETS_ACCUMULATED_DEPRECIATION,    • Intangible Fixed Assets Accumulated Depreciation,37,3,False,VNĐ,-475269000000.0
2023-Q1,BS_INVESTMENT_PROPERTIES,Investment Properties,38,1,False,VNĐ,0.0
2023-Q1,BS_INVESTMENT_PROPERTIES_COST,  ‣ Investment Properties Cost,39,2,False,VNĐ,0.0
2023-Q1,BS_INVESTMENT_PROPERTIES_ACCUMULATED_DEPRECIATION,  ‣ Investment Properties Accumulated Depreciation,40,2,False,VNĐ,-0.0
2023-Q1,BS_OTHER_ASSETS,Other Assets,41,1,False,VNĐ,23962072000000.0
2023-Q1,BS_RECEIVABLES,  ‣ Receivables,42,2,False,VNĐ,15153768000000.0
2023-Q1,BS_INTEREST_AND_FEE_RECEIVABLES,  ‣ Interest and Fee Receivables,43,2,False,VNĐ,3392617000000.0
2023-Q1,BS_DEFERRED_TAX_ASSETS,  ‣ Deferred Tax Assets,44,2,False,VNĐ,0.0
2023-Q1,BS_OTHER_ASSETS_DETAIL,  ‣ Other Assets Detail,45,2,False,VNĐ,5420778000000.0
2023-Q1,BS_GOODWILL,  ‣ Goodwill,46,2,False,VNĐ,
2023-Q1,BS_PROVISION_OTHER_ASSETS,  ‣ Provision Other Assets,47,2,False,VNĐ,-5091000000.0
2023-Q1,BS_TOTAL_LIABILITIES_AND_EQUITY,Total Liabilities and Equity,48,1,False,VNĐ,343522216000000.0
2023-Q1,BS_TOTAL_LIABILITIES,Total Liabilities,49,1,False,VNĐ,309859923000000.0
2023-Q1,BS_DUE_TO_GOVERNMENT_AND_SBV,  ‣ Due to Government and SBV,50,2,False,VNĐ,413067000000.0
2023-Q1,BS_PLACEMENTS_AND_BORROWINGS_FROM_CREDIT_INSTITUTIONS,  ‣ Placements and Borrowings from Credit Institutions,51,2,False,VNĐ,82742383000000.0
2023-Q1,BS_PLACEMENTS_FROM_CREDIT_INSTITUTIONS,    • Placements from Credit Institutions,52,3,False,VNĐ,59511279000000.0
2023-Q1,BS_BORROWINGS_FROM_CREDIT_INSTITUTIONS,    • Borrowings from Credit Institutions,53,3,False,VNĐ,23231104000000.0
2023-Q1,BS_CUSTOMER_DEPOSITS,  ‣ Customer Deposits,54,2,False,VNĐ,200998074000000.0
2023-Q1,BS_DERIVATIVES_AND_OTHER_FINANCIAL_LIABILITIES,  ‣ Derivatives and Other Financial Liabilities,55,2,False,VNĐ,0.0
2023-Q1,BS_FUNDS_AND_ENTRUSTED_INVESTMENTS,  ‣ Funds and Entrusted Investments,56,2,False,VNĐ,153474000000.0
2023-Q1,BS_VALUABLE_PAPERS_ISSUED,  ‣ Valuable Papers Issued,57,2,False,VNĐ,19085909000000.0
2023-Q1,BS_OTHER_LIABILITIES,  ‣ Other Liabilities,58,2,False,VNĐ,6467016000000.0
2023-Q1,BS_INTEREST_AND_FEE_PAYABLES,    • Interest and Fee Payables,59,3,False,VNĐ,5340497000000.0
2023-Q1,BS_DEFERRED_TAX_LIABILITIES,    • Deferred Tax Liabilities,60,3,False,VNĐ,
2023-Q1,BS_OTHER_PAYABLES_AND_LIABILITIES,    • Other Payables and Liabilities,61,3,False,VNĐ,0.0
2023-Q1,BS_OTHER_PROVISIONS,    • Other Provisions,62,3,False,VNĐ,1126519000000.0
2023-Q1,BS_EQUITY,Equity,63,1,False,VNĐ,33662293000000.0
2023-Q1,BS_CHARTER_CAPITAL_AND_FUNDS,  ‣ Charter Capital and Funds,64,2,False,VNĐ,18378520000000.0
2023-Q1,BS_CHARTER_CAPITAL,    • Charter Capital,65,3,False,VNĐ,15817555000000.0
2023-Q1,BS_SHARE_PREMIUM,    • Share Premium,66,3,False,VNĐ,2560965000000.0
2023-Q1,BS_TREASURY_SHARES,    • Treasury Shares,67,3,False,VNĐ,0.0
2023-Q1,BS_OTHER_CAPITAL,    • Other Capital,68,3,False,VNĐ,0.0
2023-Q1,BS_RESERVES,  ‣ Reserves,69,2,False,VNĐ,2113255000000.0
2023-Q1,BS_FOREIGN_EXCHANGE_DIFFERENCES,  ‣ Foreign Exchange Differences,70,2,False,VNĐ,10070000000.0
2023-Q1,BS_ASSET_REVALUATION_DIFFERENCES,  ‣ Asset Revaluation Differences,71,2,False,VNĐ,0.0
2023-Q1,BS_RETAINED_EARNINGS,  ‣ Retained Earnings,72,2,False,VNĐ,13160448000000.0
2023-Q1,BS_MINORITY_INTEREST,Minority Interest,73,1,False,VNĐ,0.0
2023-Q1,BS_OFF_BALANCE_SHEET_ITEMS,Off Balance Sheet Items,74,1,True,VNĐ,
2023-Q1,BS_LOAN_GUARANTEES,  ‣ Loan Guarantees,75,2,True,VNĐ,
2023-Q1,BS_FX_COMMITMENTS,  ‣ FX Commitments,76,2,True,VNĐ,436569000000.0
2023-Q1,BS_COMMITMENTS_TO_BUY_FX,    • Commitments to Buy FX,77,3,True,VNĐ,1025224000000.0
2023-Q1,BS_COMMITMENTS_TO_SELL_FX,    • Commitments to Sell FX,78,3,True,VNĐ,2481664000000.0
2023-Q1,BS_SWAP_COMMITMENTS,    • Swap Commitments,79,3,True,VNĐ,159209871000000.0
2023-Q1,BS_FUTURE_COMMITMENTS,    • Future Commitments,80,3,True,VNĐ,0.0
2023-Q1,BS_IRREVOCABLE_LOAN_COMMITMENTS,  ‣ Irrevocable Loan Commitments,81,2,True,VNĐ,0.0
2023-Q1,BS_LC_COMMITMENTS,  ‣ LC Commitments,82,2,True,VNĐ,3026669000000.0
2023-Q1,BS_OTHER_GUARANTEES,  ‣ Other Guarantees,83,2,True,VNĐ,36050831000000.0
2023-Q1,BS_OTHER_COMMITMENTS,  ‣ Other Commitments,84,2,True,VNĐ,12048672000000.0
2022-Q4,BS_TOTAL_ASSETS,Total Assets,1,1,False,VNĐ,328634007000000.0
2022-Q4,BS_CASH_AND_PRECIOUS_METALS,Cash and Precious Metals,2,1,False,VNĐ,2426932000000.0
2022-Q4,BS_BALANCES_WITH_SBV,Balances With SBV,3,1,False,VNĐ,11988501000000.0
2022-Q4,BS_PLACEMENTS_AND_LOANS_TO_CREDIT_INSTITUTIONS,Placements and Loans to Credit Institutions,4,1,False,VNĐ,53364944000000.0
2022-Q4,BS_PLACEMENTS_WITH_CREDIT_INSTITUTIONS,  ‣ Placements With Credit Institutions,5,2,False,VNĐ,36886065000000.0
2022-Q4,BS_LOANS_TO_CREDIT_INSTITUTIONS,  ‣ Loans to Credit Institutions,6,2,False,VNĐ,16478879000000.0
2022-Q4,BS_PROVISION_CREDIT_INSTITUTIONS,  ‣ Provision Credit Institutions,7,2,False,VNĐ,0.0
2022-Q4,BS_TRADING_SECURITIES,Trading Securities,8,1,False,VNĐ,0.0
2022-Q4,BS_TRADING_SECURITIES_GROSS,  ‣ Trading Securities Gross,9,2,False,VNĐ,0.0
2022-Q4,BS_PROVISION_TRADING_SECURITIES,  ‣ Provision Trading Securities,10,2,False,VNĐ,0.0
2022-Q4,BS_DERIVATIVES_AND_OTHER_FINANCIAL_ASSETS,Derivatives and Other Financial Assets,11,1,False,VNĐ,203247000000.0
2022-Q4,BS_LOANS_TO_CUSTOMERS,Loans to Customers,12,1,False,VNĐ,159160375000000.0
2022-Q4,BS_LOANS_TO_CUSTOMERS_GROSS,  ‣ Loans to Customers Gross,13,2,False,VNĐ,160992963000000.0
2022-Q4,BS_PROVISION_LOANS_TO_CUSTOMERS,  ‣ Provision Loans to Customers,14,2,False,VNĐ,-1832588000000.0
2022-Q4,BS_DEBT_PURCHASES,Debt Purchases,15,1,False,VNĐ,180610000000.0
2022-Q4,BS_DEBT_PURCHASES_GROSS,  ‣ Debt Purchases Gross,16,2,False,VNĐ,181975000000.0
2022-Q4,BS_PROVISION_DEBT_PURCHASES,  ‣ Provision Debt Purchases,17,2,False,VNĐ,-1365000000.0
2022-Q4,BS_INVESTMENT_SECURITIES,Investment Securities,18,1,False,VNĐ,74376644000000.0
2022-Q4,BS_AVAILABLE_FOR_SALE_SECURITIES,  ‣ Available for Sale Securities,19,2,False,VNĐ,74520673000000.0
2022-Q4,BS_HELD_TO_MATURITY_SECURITIES,  ‣ Held to Maturity Securities,20,2,False,VNĐ,44700000000.0
2022-Q4,BS_PROVISION_INVESTMENT_SECURITIES,  ‣ Provision Investment Securities,21,2,False,VNĐ,-188729000000.0
2022-Q4,BS_LONG_TERM_INVESTMENTS,Long Term Investments,22,1,False,VNĐ,0.0
2022-Q4,BS_INVESTMENTS_IN_JOINT_VENTURES,  ‣ Investments in Joint Ventures,23,2,False,VNĐ,0.0
2022-Q4,BS_CAPITAL_CONTRIBUTION_JOINT_VENTURES,  ‣ Capital Contribution Joint Ventures,24,2,False,VNĐ,0.0
2022-Q4,BS_INVESTMENTS_IN_ASSOCIATES,  ‣ Investments in Associates,25,2,False,VNĐ,0.0
2022-Q4,BS_OTHER_LONG_TERM_INVESTMENTS,  ‣ Other Long Term Investments,26,2,False,VNĐ,0.0
2022-Q4,BS_PROVISION_LONG_TERM_INVESTMENTS,  ‣ Provision Long Term Investments,27,2,False,VNĐ,0.0
2022-Q4,BS_FIXED_ASSETS,Fixed Assets,28,1,False,VNĐ,1205386000000.0
2022-Q4,BS_TANGIBLE_FIXED_ASSETS,  ‣ Tangible Fixed Assets,29,2,False,VNĐ,903413000000.0
2022-Q4,BS_TANGIBLE_FIXED_ASSETS_COST,    • Tangible Fixed Assets Cost,30,3,False,VNĐ,1725795000000.0
2022-Q4,BS_TANGIBLE_FIXED_ASSETS_ACCUMULATED_DEPRECIATION,    • Tangible Fixed Assets Accumulated Depreciation,31,3,False,VNĐ,-822382000000.0
2022-Q4,BS_FINANCE_LEASE_FIXED_ASSETS,  ‣ Finance Lease Fixed Assets,32,2,False,VNĐ,0.0
2022-Q4,BS_FINANCE_LEASE_FIXED_ASSETS_COST,    • Finance Lease Fixed Assets Cost,33,3,False,VNĐ,0.0
2022-Q4,BS_FINANCE_LEASE_FIXED_ASSETS_ACCUMULATED_DEPRECIATION,    • Finance Lease Fixed Assets Accumulated Depreciation,34,3,False,VNĐ,-0.0
2022-Q4,BS_INTANGIBLE_FIXED_ASSETS,  ‣ Intangible Fixed Assets,35,2,False,VNĐ,301973000000.0
2022-Q4,BS_INTANGIBLE_FIXED_ASSETS_COST,    • Intangible Fixed Assets Cost,36,3,False,VNĐ,750811000000.0
2022-Q4,BS_INTANGIBLE_FIXED_ASSETS_ACCUMULATED_DEPRECIATION,    • Intangible Fixed Assets Accumulated Depreciation,37,3,False,VNĐ,-448838000000.0
2022-Q4,BS_INVESTMENT_PROPERTIES,Investment Properties,38,1,False,VNĐ,0.0
2022-Q4,BS_INVESTMENT_PROPERTIES_COST,  ‣ Investment Properties Cost,39,2,False,VNĐ,0.0
2022-Q4,BS_INVESTMENT_PROPERTIES_ACCUMULATED_DEPRECIATION,  ‣ Investment Properties Accumulated Depreciation,40,2,False,VNĐ,-0.0
2022-Q4,BS_OTHER_ASSETS,Other Assets,41,1,False,VNĐ,25727368000000.0
2022-Q4,BS_RECEIVABLES,  ‣ Receivables,42,2,False,VNĐ,17545725000000.0
2022-Q4,BS_INTEREST_AND_FEE_RECEIVABLES,  ‣ Interest and Fee Receivables,43,2,False,VNĐ,3140637000000.0
2022-Q4,BS_DEFERRED_TAX_ASSETS,  ‣ Deferred Tax Assets,44,2,False,VNĐ,0.0
2022-Q4,BS_OTHER_ASSETS_DETAIL,  ‣ Other Assets Detail,45,2,False,VNĐ,5046097000000.0
2022-Q4,BS_GOODWILL,  ‣ Goodwill,46,2,False,VNĐ,
2022-Q4,BS_PROVISION_OTHER_ASSETS,  ‣ Provision Other Assets,47,2,False,VNĐ,-5091000000.0
2022-Q4,BS_TOTAL_LIABILITIES_AND_EQUITY,Total Liabilities and Equity,48,1,False,VNĐ,328634007000000.0
2022-Q4,BS_TOTAL_LIABILITIES,Total Liabilities,49,1,False,VNĐ,296394955000000.0
2022-Q4,BS_DUE_TO_GOVERNMENT_AND_SBV,  ‣ Due to Government and SBV,50,2,False,VNĐ,433439000000.0
2022-Q4,BS_PLACEMENTS_AND_BORROWINGS_FROM_CREDIT_INSTITUTIONS,  ‣ Placements and Borrowings from Credit Institutions,51,2,False,VNĐ,73496158000000.0
2022-Q4,BS_PLACEMENTS_FROM_CREDIT_INSTITUTIONS,    • Placements from Credit Institutions,52,3,False,VNĐ,47265806000000.0
2022-Q4,BS_BORROWINGS_FROM_CREDIT_INSTITUTIONS,    • Borrowings from Credit Institutions,53,3,False,VNĐ,26230352000000.0
2022-Q4,BS_CUSTOMER_DEPOSITS,  ‣ Customer Deposits,54,2,False,VNĐ,194959921000000.0
2022-Q4,BS_DERIVATIVES_AND_OTHER_FINANCIAL_LIABILITIES,  ‣ Derivatives and Other Financial Liabilities,55,2,False,VNĐ,0.0
2022-Q4,BS_FUNDS_AND_ENTRUSTED_INVESTMENTS,  ‣ Funds and Entrusted Investments,56,2,False,VNĐ,164923000000.0
2022-Q4,BS_VALUABLE_PAPERS_ISSUED,  ‣ Valuable Papers Issued,57,2,False,VNĐ,20429954000000.0
2022-Q4,BS_OTHER_LIABILITIES,  ‣ Other Liabilities,58,2,False,VNĐ,6910560000000.0
2022-Q4,BS_INTEREST_AND_FEE_PAYABLES,    • Interest and Fee Payables,59,3,False,VNĐ,4125419000000.0
2022-Q4,BS_DEFERRED_TAX_LIABILITIES,    • Deferred Tax Liabilities,60,3,False,VNĐ,
2022-Q4,BS_OTHER_PAYABLES_AND_LIABILITIES,    • Other Payables and Liabilities,61,3,False,VNĐ,2785141000000.0
2022-Q4,BS_OTHER_PROVISIONS,    • Other Provisions,62,3,False,VNĐ,0.0
2022-Q4,BS_EQUITY,Equity,63,1,False,VNĐ,32239052000000.0
2022-Q4,BS_CHARTER_CAPITAL_AND_FUNDS,  ‣ Charter Capital and Funds,64,2,False,VNĐ,18378520000000.0
2022-Q4,BS_CHARTER_CAPITAL,    • Charter Capital,65,3,False,VNĐ,15817555000000.0
2022-Q4,BS_SHARE_PREMIUM,    • Share Premium,66,3,False,VNĐ,2560965000000.0
2022-Q4,BS_TREASURY_SHARES,    • Treasury Shares,67,3,False,VNĐ,0.0
2022-Q4,BS_OTHER_CAPITAL,    • Other Capital,68,3,False,VNĐ,0.0
2022-Q4,BS_RESERVES,  ‣ Reserves,69,2,False,VNĐ,2113255000000.0
2022-Q4,BS_FOREIGN_EXCHANGE_DIFFERENCES,  ‣ Foreign Exchange Differences,70,2,False,VNĐ,0.0
2022-Q4,BS_ASSET_REVALUATION_DIFFERENCES,  ‣ Asset Revaluation Differences,71,2,False,VNĐ,0.0
2022-Q4,BS_RETAINED_EARNINGS,  ‣ Retained Earnings,72,2,False,VNĐ,11747277000000.0
2022-Q4,BS_MINORITY_INTEREST,Minority Interest,73,1,False,VNĐ,0.0
2022-Q4,BS_OFF_BALANCE_SHEET_ITEMS,Off Balance Sheet Items,74,1,True,VNĐ,
2022-Q4,BS_LOAN_GUARANTEES,  ‣ Loan Guarantees,75,2,True,VNĐ,
2022-Q4,BS_FX_COMMITMENTS,  ‣ FX Commitments,76,2,True,VNĐ,455706000000.0
2022-Q4,BS_COMMITMENTS_TO_BUY_FX,    • Commitments to Buy FX,77,3,True,VNĐ,1965841000000.0
2022-Q4,BS_COMMITMENTS_TO_SELL_FX,    • Commitments to Sell FX,78,3,True,VNĐ,2507217000000.0
2022-Q4,BS_SWAP_COMMITMENTS,    • Swap Commitments,79,3,True,VNĐ,93630916000000.0
2022-Q4,BS_FUTURE_COMMITMENTS,    • Future Commitments,80,3,True,VNĐ,0.0
2022-Q4,BS_IRREVOCABLE_LOAN_COMMITMENTS,  ‣ Irrevocable Loan Commitments,81,2,True,VNĐ,0.0
2022-Q4,BS_LC_COMMITMENTS,  ‣ LC Commitments,82,2,True,VNĐ,2738296000000.0
2022-Q4,BS_OTHER_GUARANTEES,  ‣ Other Guarantees,83,2,True,VNĐ,32222084000000.0
2022-Q4,BS_OTHER_COMMITMENTS,  ‣ Other Commitments,84,2,True,VNĐ,11138527000000.0
2022-Q3,BS_TOTAL_ASSETS,Total Assets,1,1,False,VNĐ,317327732000000.0
2022-Q3,BS_CASH_AND_PRECIOUS_METALS,Cash and Precious Metals,2,1,False,VNĐ,2392363000000.0
2022-Q3,BS_BALANCES_WITH_SBV,Balances With SBV,3,1,False,VNĐ,9188049000000.0
2022-Q3,BS_PLACEMENTS_AND_LOANS_TO_CREDIT_INSTITUTIONS,Placements and Loans to Credit Institutions,4,1,False,VNĐ,46897369000000.0
2022-Q3,BS_PLACEMENTS_WITH_CREDIT_INSTITUTIONS,  ‣ Placements With Credit Institutions,5,2,False,VNĐ,31424834000000.0
2022-Q3,BS_LOANS_TO_CREDIT_INSTITUTIONS,  ‣ Loans to Credit Institutions,6,2,False,VNĐ,15472535000000.0
2022-Q3,BS_PROVISION_CREDIT_INSTITUTIONS,  ‣ Provision Credit Institutions,7,2,False,VNĐ,0.0
2022-Q3,BS_TRADING_SECURITIES,Trading Securities,8,1,False,VNĐ,0.0
2022-Q3,BS_TRADING_SECURITIES_GROSS,  ‣ Trading Securities Gross,9,2,False,VNĐ,0.0
2022-Q3,BS_PROVISION_TRADING_SECURITIES,  ‣ Provision Trading Securities,10,2,False,VNĐ,0.0
2022-Q3,BS_DERIVATIVES_AND_OTHER_FINANCIAL_ASSETS,Derivatives and Other Financial Assets,11,1,False,VNĐ,95137000000.0
2022-Q3,BS_LOANS_TO_CUSTOMERS,Loans to Customers,12,1,False,VNĐ,154164205000000.0
2022-Q3,BS_LOANS_TO_CUSTOMERS_GROSS,  ‣ Loans to Customers Gross,13,2,False,VNĐ,156191002000000.0
2022-Q3,BS_PROVISION_LOANS_TO_CUSTOMERS,  ‣ Provision Loans to Customers,14,2,False,VNĐ,-2026797000000.0
2022-Q3,BS_DEBT_PURCHASES,Debt Purchases,15,1,False,VNĐ,317832000000.0
2022-Q3,BS_DEBT_PURCHASES_GROSS,  ‣ Debt Purchases Gross,16,2,False,VNĐ,320234000000.0
2022-Q3,BS_PROVISION_DEBT_PURCHASES,  ‣ Provision Debt Purchases,17,2,False,VNĐ,-2402000000.0
2022-Q3,BS_INVESTMENT_SECURITIES,Investment Securities,18,1,False,VNĐ,76108912000000.0
2022-Q3,BS_AVAILABLE_FOR_SALE_SECURITIES,  ‣ Available for Sale Securities,19,2,False,VNĐ,76235600000000.0
2022-Q3,BS_HELD_TO_MATURITY_SECURITIES,  ‣ Held to Maturity Securities,20,2,False,VNĐ,44700000000.0
2022-Q3,BS_PROVISION_INVESTMENT_SECURITIES,  ‣ Provision Investment Securities,21,2,False,VNĐ,-171388000000.0
2022-Q3,BS_LONG_TERM_INVESTMENTS,Long Term Investments,22,1,False,VNĐ,0.0
2022-Q3,BS_INVESTMENTS_IN_JOINT_VENTURES,  ‣ Investments in Joint Ventures,23,2,False,VNĐ,0.0
2022-Q3,BS_CAPITAL_CONTRIBUTION_JOINT_VENTURES,  ‣ Capital Contribution Joint Ventures,24,2,False,VNĐ,0.0
2022-Q3,BS_INVESTMENTS_IN_ASSOCIATES,  ‣ Investments in Associates,25,2,False,VNĐ,0.0
2022-Q3,BS_OTHER_LONG_TERM_INVESTMENTS,  ‣ Other Long Term Investments,26,2,False,VNĐ,0.0
2022-Q3,BS_PROVISION_LONG_TERM_INVESTMENTS,  ‣ Provision Long Term Investments,27,2,False,VNĐ,0.0
2022-Q3,BS_FIXED_ASSETS,Fixed Assets,28,1,False,VNĐ,1086505000000.0
2022-Q3,BS_TANGIBLE_FIXED_ASSETS,  ‣ Tangible Fixed Assets,29,2,False,VNĐ,801682000000.0
2022-Q3,BS_TANGIBLE_FIXED_ASSETS_COST,    • Tangible Fixed Assets Cost,30,3,False,VNĐ,1570939000000.0
2022-Q3,BS_TANGIBLE_FIXED_ASSETS_ACCUMULATED_DEPRECIATION,    • Tangible Fixed Assets Accumulated Depreciation,31,3,False,VNĐ,-769257000000.0
2022-Q3,BS_FINANCE_LEASE_FIXED_ASSETS,  ‣ Finance Lease Fixed Assets,32,2,False,VNĐ,0.0
2022-Q3,BS_FINANCE_LEASE_FIXED_ASSETS_COST,    • Finance Lease Fixed Assets Cost,33,3,False,VNĐ,0.0
2022-Q3,BS_FINANCE_LEASE_FIXED_ASSETS_ACCUMULATED_DEPRECIATION,    • Finance Lease Fixed Assets Accumulated Depreciation,34,3,False,VNĐ,-0.0
2022-Q3,BS_INTANGIBLE_FIXED_ASSETS,  ‣ Intangible Fixed Assets,35,2,False,VNĐ,284823000000.0
2022-Q3,BS_INTANGIBLE_FIXED_ASSETS_COST,    • Intangible Fixed Assets Cost,36,3,False,VNĐ,708465000000.0
2022-Q3,BS_INTANGIBLE_FIXED_ASSETS_ACCUMULATED_DEPRECIATION,    • Intangible Fixed Assets Accumulated Depreciation,37,3,False,VNĐ,-423642000000.0
2022-Q3,BS_INVESTMENT_PROPERTIES,Investment Properties,38,1,False,VNĐ,0.0
2022-Q3,BS_INVESTMENT_PROPERTIES_COST,  ‣ Investment Properties Cost,39,2,False,VNĐ,0.0
2022-Q3,BS_INVESTMENT_PROPERTIES_ACCUMULATED_DEPRECIATION,  ‣ Investment Properties Accumulated Depreciation,40,2,False,VNĐ,-0.0
2022-Q3,BS_OTHER_ASSETS,Other Assets,41,1,False,VNĐ,27077360000000.0
2022-Q3,BS_RECEIVABLES,  ‣ Receivables,42,2,False,VNĐ,22338502000000.0
2022-Q3,BS_INTEREST_AND_FEE_RECEIVABLES,  ‣ Interest and Fee Receivables,43,2,False,VNĐ,2973750000000.0
2022-Q3,BS_DEFERRED_TAX_ASSETS,  ‣ Deferred Tax Assets,44,2,False,VNĐ,0.0
2022-Q3,BS_OTHER_ASSETS_DETAIL,  ‣ Other Assets Detail,45,2,False,VNĐ,1768724000000.0
2022-Q3,BS_GOODWILL,  ‣ Goodwill,46,2,False,VNĐ,
2022-Q3,BS_PROVISION_OTHER_ASSETS,  ‣ Provision Other Assets,47,2,False,VNĐ,-3616000000.0
2022-Q3,BS_TOTAL_LIABILITIES_AND_EQUITY,Total Liabilities and Equity,48,1,False,VNĐ,317327732000000.0
2022-Q3,BS_TOTAL_LIABILITIES,Total Liabilities,49,1,False,VNĐ,286690434000000.0
2022-Q3,BS_DUE_TO_GOVERNMENT_AND_SBV,  ‣ Due to Government and SBV,50,2,False,VNĐ,460808000000.0
2022-Q3,BS_PLACEMENTS_AND_BORROWINGS_FROM_CREDIT_INSTITUTIONS,  ‣ Placements and Borrowings from Credit Institutions,51,2,False,VNĐ,87201286000000.0
2022-Q3,BS_PLACEMENTS_FROM_CREDIT_INSTITUTIONS,    • Placements from Credit Institutions,52,3,False,VNĐ,50077494000000.0
2022-Q3,BS_BORROWINGS_FROM_CREDIT_INSTITUTIONS,    • Borrowings from Credit Institutions,53,3,False,VNĐ,37123792000000.0
2022-Q3,BS_CUSTOMER_DEPOSITS,  ‣ Customer Deposits,54,2,False,VNĐ,162694692000000.0
2022-Q3,BS_DERIVATIVES_AND_OTHER_FINANCIAL_LIABILITIES,  ‣ Derivatives and Other Financial Liabilities,55,2,False,VNĐ,0.0
2022-Q3,BS_FUNDS_AND_ENTRUSTED_INVESTMENTS,  ‣ Funds and Entrusted Investments,56,2,False,VNĐ,419769000000.0
2022-Q3,BS_VALUABLE_PAPERS_ISSUED,  ‣ Valuable Papers Issued,57,2,False,VNĐ,29842920000000.0
2022-Q3,BS_OTHER_LIABILITIES,  ‣ Other Liabilities,58,2,False,VNĐ,6070959000000.0
2022-Q3,BS_INTEREST_AND_FEE_PAYABLES,    • Interest and Fee Payables,59,3,False,VNĐ,3647302000000.0
2022-Q3,BS_DEFERRED_TAX_LIABILITIES,    • Deferred Tax Liabilities,60,3,False,VNĐ,
2022-Q3,BS_OTHER_PAYABLES_AND_LIABILITIES,    • Other Payables and Liabilities,61,3,False,VNĐ,2423657000000.0
2022-Q3,BS_OTHER_PROVISIONS,    • Other Provisions,62,3,False,VNĐ,0.0
2022-Q3,BS_EQUITY,Equity,63,1,False,VNĐ,30637298000000.0
2022-Q3,BS_CHARTER_CAPITAL_AND_FUNDS,  ‣ Charter Capital and Funds,64,2,False,VNĐ,18378520000000.0
2022-Q3,BS_CHARTER_CAPITAL,    • Charter Capital,65,3,False,VNĐ,15817555000000.0
2022-Q3,BS_SHARE_PREMIUM,    • Share Premium,66,3,False,VNĐ,2560965000000.0
2022-Q3,BS_TREASURY_SHARES,    • Treasury Shares,67,3,False,VNĐ,0.0
2022-Q3,BS_OTHER_CAPITAL,    • Other Capital,68,3,False,VNĐ,0.0
2022-Q3,BS_RESERVES,  ‣ Reserves,69,2,False,VNĐ,2113255000000.0
2022-Q3,BS_FOREIGN_EXCHANGE_DIFFERENCES,  ‣ Foreign Exchange Differences,70,2,False,VNĐ,-82426000000.0
2022-Q3,BS_ASSET_REVALUATION_DIFFERENCES,  ‣ Asset Revaluation Differences,71,2,False,VNĐ,0.0
2022-Q3,BS_RETAINED_EARNINGS,  ‣ Retained Earnings,72,2,False,VNĐ,10227949000000.0
2022-Q3,BS_MINORITY_INTEREST,Minority Interest,73,1,False,VNĐ,0.0
2022-Q3,BS_OFF_BALANCE_SHEET_ITEMS,Off Balance Sheet Items,74,1,True,VNĐ,
2022-Q3,BS_LOAN_GUARANTEES,  ‣ Loan Guarantees,75,2,True,VNĐ,
2022-Q3,BS_FX_COMMITMENTS,  ‣ FX Commitments,76,2,True,VNĐ,400820000000.0
2022-Q3,BS_COMMITMENTS_TO_BUY_FX,    • Commitments to Buy FX,77,3,True,VNĐ,1017710000000.0
2022-Q3,BS_COMMITMENTS_TO_SELL_FX,    • Commitments to Sell FX,78,3,True,VNĐ,3284247000000.0
2022-Q3,BS_SWAP_COMMITMENTS,    • Swap Commitments,79,3,True,VNĐ,118238389000000.0
2022-Q3,BS_FUTURE_COMMITMENTS,    • Future Commitments,80,3,True,VNĐ,0.0
2022-Q3,BS_IRREVOCABLE_LOAN_COMMITMENTS,  ‣ Irrevocable Loan Commitments,81,2,True,VNĐ,0.0
2022-Q3,BS_LC_COMMITMENTS,  ‣ LC Commitments,82,2,True,VNĐ,2720320000000.0
2022-Q3,BS_OTHER_GUARANTEES,  ‣ Other Guarantees,83,2,True,VNĐ,27855306000000.0
2022-Q3,BS_OTHER_COMMITMENTS,  ‣ Other Commitments,84,2,True,VNĐ,13896954000000.0
2022-Q2,BS_TOTAL_ASSETS,Total Assets,1,1,False,VNĐ,310769290000000.0
2022-Q2,BS_CASH_AND_PRECIOUS_METALS,Cash and Precious Metals,2,1,False,VNĐ,1834965000000.0
2022-Q2,BS_BALANCES_WITH_SBV,Balances With SBV,3,1,False,VNĐ,14590366000000.0
2022-Q2,BS_PLACEMENTS_AND_LOANS_TO_CREDIT_INSTITUTIONS,Placements and Loans to Credit Institutions,4,1,False,VNĐ,40738575000000.0
2022-Q2,BS_PLACEMENTS_WITH_CREDIT_INSTITUTIONS,  ‣ Placements With Credit Institutions,5,2,False,VNĐ,26523222000000.0
2022-Q2,BS_LOANS_TO_CREDIT_INSTITUTIONS,  ‣ Loans to Credit Institutions,6,2,False,VNĐ,14215353000000.0
2022-Q2,BS_PROVISION_CREDIT_INSTITUTIONS,  ‣ Provision Credit Institutions,7,2,False,VNĐ,0.0
2022-Q2,BS_TRADING_SECURITIES,Trading Securities,8,1,False,VNĐ,0.0
2022-Q2,BS_TRADING_SECURITIES_GROSS,  ‣ Trading Securities Gross,9,2,False,VNĐ,0.0
2022-Q2,BS_PROVISION_TRADING_SECURITIES,  ‣ Provision Trading Securities,10,2,False,VNĐ,0.0
2022-Q2,BS_DERIVATIVES_AND_OTHER_FINANCIAL_ASSETS,Derivatives and Other Financial Assets,11,1,False,VNĐ,0.0
2022-Q2,BS_LOANS_TO_CUSTOMERS,Loans to Customers,12,1,False,VNĐ,149008131000000.0
2022-Q2,BS_LOANS_TO_CUSTOMERS_GROSS,  ‣ Loans to Customers Gross,13,2,False,VNĐ,151083664000000.0
2022-Q2,BS_PROVISION_LOANS_TO_CUSTOMERS,  ‣ Provision Loans to Customers,14,2,False,VNĐ,-2075533000000.0
2022-Q2,BS_DEBT_PURCHASES,Debt Purchases,15,1,False,VNĐ,349113000000.0
2022-Q2,BS_DEBT_PURCHASES_GROSS,  ‣ Debt Purchases Gross,16,2,False,VNĐ,351751000000.0
2022-Q2,BS_PROVISION_DEBT_PURCHASES,  ‣ Provision Debt Purchases,17,2,False,VNĐ,-2638000000.0
2022-Q2,BS_INVESTMENT_SECURITIES,Investment Securities,18,1,False,VNĐ,76531823000000.0
2022-Q2,BS_AVAILABLE_FOR_SALE_SECURITIES,  ‣ Available for Sale Securities,19,2,False,VNĐ,76665466000000.0
2022-Q2,BS_HELD_TO_MATURITY_SECURITIES,  ‣ Held to Maturity Securities,20,2,False,VNĐ,44700000000.0
2022-Q2,BS_PROVISION_INVESTMENT_SECURITIES,  ‣ Provision Investment Securities,21,2,False,VNĐ,-178343000000.0
2022-Q2,BS_LONG_TERM_INVESTMENTS,Long Term Investments,22,1,False,VNĐ,0.0
2022-Q2,BS_INVESTMENTS_IN_JOINT_VENTURES,  ‣ Investments in Joint Ventures,23,2,False,VNĐ,0.0
2022-Q2,BS_CAPITAL_CONTRIBUTION_JOINT_VENTURES,  ‣ Capital Contribution Joint Ventures,24,2,False,VNĐ,0.0
2022-Q2,BS_INVESTMENTS_IN_ASSOCIATES,  ‣ Investments in Associates,25,2,False,VNĐ,0.0
2022-Q2,BS_OTHER_LONG_TERM_INVESTMENTS,  ‣ Other Long Term Investments,26,2,False,VNĐ,0.0
2022-Q2,BS_PROVISION_LONG_TERM_INVESTMENTS,  ‣ Provision Long Term Investments,27,2,False,VNĐ,0.0
2022-Q2,BS_FIXED_ASSETS,Fixed Assets,28,1,False,VNĐ,810544000000.0
2022-Q2,BS_TANGIBLE_FIXED_ASSETS,  ‣ Tangible Fixed Assets,29,2,False,VNĐ,509973000000.0
2022-Q2,BS_TANGIBLE_FIXED_ASSETS_COST,    • Tangible Fixed Assets Cost,30,3,False,VNĐ,1216772000000.0
2022-Q2,BS_TANGIBLE_FIXED_ASSETS_ACCUMULATED_DEPRECIATION,    • Tangible Fixed Assets Accumulated Depreciation,31,3,False,VNĐ,-706799000000.0
2022-Q2,BS_FINANCE_LEASE_FIXED_ASSETS,  ‣ Finance Lease Fixed Assets,32,2,False,VNĐ,0.0
2022-Q2,BS_FINANCE_LEASE_FIXED_ASSETS_COST,    • Finance Lease Fixed Assets Cost,33,3,False,VNĐ,0.0
2022-Q2,BS_FINANCE_LEASE_FIXED_ASSETS_ACCUMULATED_DEPRECIATION,    • Finance Lease Fixed Assets Accumulated Depreciation,34,3,False,VNĐ,-0.0
2022-Q2,BS_INTANGIBLE_FIXED_ASSETS,  ‣ Intangible Fixed Assets,35,2,False,VNĐ,300571000000.0
2022-Q2,BS_INTANGIBLE_FIXED_ASSETS_COST,    • Intangible Fixed Assets Cost,36,3,False,VNĐ,696269000000.0
2022-Q2,BS_INTANGIBLE_FIXED_ASSETS_ACCUMULATED_DEPRECIATION,    • Intangible Fixed Assets Accumulated Depreciation,37,3,False,VNĐ,-395698000000.0
2022-Q2,BS_INVESTMENT_PROPERTIES,Investment Properties,38,1,False,VNĐ,0.0
2022-Q2,BS_INVESTMENT_PROPERTIES_COST,  ‣ Investment Properties Cost,39,2,False,VNĐ,0.0
2022-Q2,BS_INVESTMENT_PROPERTIES_ACCUMULATED_DEPRECIATION,  ‣ Investment Properties Accumulated Depreciation,40,2,False,VNĐ,-0.0
2022-Q2,BS_OTHER_ASSETS,Other Assets,41,1,False,VNĐ,26905773000000.0
2022-Q2,BS_RECEIVABLES,  ‣ Receivables,42,2,False,VNĐ,22704149000000.0
2022-Q2,BS_INTEREST_AND_FEE_RECEIVABLES,  ‣ Interest and Fee Receivables,43,2,False,VNĐ,2483921000000.0
2022-Q2,BS_DEFERRED_TAX_ASSETS,  ‣ Deferred Tax Assets,44,2,False,VNĐ,0.0
2022-Q2,BS_OTHER_ASSETS_DETAIL,  ‣ Other Assets Detail,45,2,False,VNĐ,1721319000000.0
2022-Q2,BS_GOODWILL,  ‣ Goodwill,46,2,False,VNĐ,
2022-Q2,BS_PROVISION_OTHER_ASSETS,  ‣ Provision Other Assets,47,2,False,VNĐ,-3616000000.0
2022-Q2,BS_TOTAL_LIABILITIES_AND_EQUITY,Total Liabilities and Equity,48,1,False,VNĐ,310769290000000.0
2022-Q2,BS_TOTAL_LIABILITIES,Total Liabilities,49,1,False,VNĐ,281761188000000.0
2022-Q2,BS_DUE_TO_GOVERNMENT_AND_SBV,  ‣ Due to Government and SBV,50,2,False,VNĐ,493305000000.0
2022-Q2,BS_PLACEMENTS_AND_BORROWINGS_FROM_CREDIT_INSTITUTIONS,  ‣ Placements and Borrowings from Credit Institutions,51,2,False,VNĐ,88034259000000.0
2022-Q2,BS_PLACEMENTS_FROM_CREDIT_INSTITUTIONS,    • Placements from Credit Institutions,52,3,False,VNĐ,44097489000000.0
2022-Q2,BS_BORROWINGS_FROM_CREDIT_INSTITUTIONS,    • Borrowings from Credit Institutions,53,3,False,VNĐ,43936770000000.0
2022-Q2,BS_CUSTOMER_DEPOSITS,  ‣ Customer Deposits,54,2,False,VNĐ,156336660000000.0
2022-Q2,BS_DERIVATIVES_AND_OTHER_FINANCIAL_LIABILITIES,  ‣ Derivatives and Other Financial Liabilities,55,2,False,VNĐ,7283000000.0
2022-Q2,BS_FUNDS_AND_ENTRUSTED_INVESTMENTS,  ‣ Funds and Entrusted Investments,56,2,False,VNĐ,412906000000.0
2022-Q2,BS_VALUABLE_PAPERS_ISSUED,  ‣ Valuable Papers Issued,57,2,False,VNĐ,31267793000000.0
2022-Q2,BS_OTHER_LIABILITIES,  ‣ Other Liabilities,58,2,False,VNĐ,5208982000000.0
2022-Q2,BS_INTEREST_AND_FEE_PAYABLES,    • Interest and Fee Payables,59,3,False,VNĐ,2905181000000.0
2022-Q2,BS_DEFERRED_TAX_LIABILITIES,    • Deferred Tax Liabilities,60,3,False,VNĐ,
2022-Q2,BS_OTHER_PAYABLES_AND_LIABILITIES,    • Other Payables and Liabilities,61,3,False,VNĐ,2303801000000.0
2022-Q2,BS_OTHER_PROVISIONS,    • Other Provisions,62,3,False,VNĐ,0.0
2022-Q2,BS_EQUITY,Equity,63,1,False,VNĐ,29008102000000.0
2022-Q2,BS_CHARTER_CAPITAL_AND_FUNDS,  ‣ Charter Capital and Funds,64,2,False,VNĐ,18378520000000.0
2022-Q2,BS_CHARTER_CAPITAL,    • Charter Capital,65,3,False,VNĐ,15817555000000.0
2022-Q2,BS_SHARE_PREMIUM,    • Share Premium,66,3,False,VNĐ,2560965000000.0
2022-Q2,BS_TREASURY_SHARES,    • Treasury Shares,67,3,False,VNĐ,0.0
2022-Q2,BS_OTHER_CAPITAL,    • Other Capital,68,3,False,VNĐ,0.0
2022-Q2,BS_RESERVES,  ‣ Reserves,69,2,False,VNĐ,2113255000000.0
2022-Q2,BS_FOREIGN_EXCHANGE_DIFFERENCES,  ‣ Foreign Exchange Differences,70,2,False,VNĐ,0.0
2022-Q2,BS_ASSET_REVALUATION_DIFFERENCES,  ‣ Asset Revaluation Differences,71,2,False,VNĐ,0.0
2022-Q2,BS_RETAINED_EARNINGS,  ‣ Retained Earnings,72,2,False,VNĐ,8516327000000.0
2022-Q2,BS_MINORITY_INTEREST,Minority Interest,73,1,False,VNĐ,0.0
2022-Q2,BS_OFF_BALANCE_SHEET_ITEMS,Off Balance Sheet Items,74,1,True,VNĐ,
2022-Q2,BS_LOAN_GUARANTEES,  ‣ Loan Guarantees,75,2,True,VNĐ,
2022-Q2,BS_FX_COMMITMENTS,  ‣ FX Commitments,76,2,True,VNĐ,203219000000.0
2022-Q2,BS_COMMITMENTS_TO_BUY_FX,    • Commitments to Buy FX,77,3,True,VNĐ,4431988000000.0
2022-Q2,BS_COMMITMENTS_TO_SELL_FX,    • Commitments to Sell FX,78,3,True,VNĐ,4434626000000.0
2022-Q2,BS_SWAP_COMMITMENTS,    • Swap Commitments,79,3,True,VNĐ,128320901000000.0
2022-Q2,BS_FUTURE_COMMITMENTS,    • Future Commitments,80,3,True,VNĐ,0.0
2022-Q2,BS_IRREVOCABLE_LOAN_COMMITMENTS,  ‣ Irrevocable Loan Commitments,81,2,True,VNĐ,0.0
2022-Q2,BS_LC_COMMITMENTS,  ‣ LC Commitments,82,2,True,VNĐ,5199940000000.0
2022-Q2,BS_OTHER_GUARANTEES,  ‣ Other Guarantees,83,2,True,VNĐ,27445952000000.0
2022-Q2,BS_OTHER_COMMITMENTS,  ‣ Other Commitments,84,2,True,VNĐ,12818218000000.0
2022-Q1,BS_TOTAL_ASSETS,Total Assets,1,1,False,VNĐ,302622532000000.0
2022-Q1,BS_CASH_AND_PRECIOUS_METALS,Cash and Precious Metals,2,1,False,VNĐ,2476525000000.0
2022-Q1,BS_BALANCES_WITH_SBV,Balances With SBV,3,1,False,VNĐ,14077084000000.0
2022-Q1,BS_PLACEMENTS_AND_LOANS_TO_CREDIT_INSTITUTIONS,Placements and Loans to Credit Institutions,4,1,False,VNĐ,37628452000000.0
2022-Q1,BS_PLACEMENTS_WITH_CREDIT_INSTITUTIONS,  ‣ Placements With Credit Institutions,5,2,False,VNĐ,28992946000000.0
2022-Q1,BS_LOANS_TO_CREDIT_INSTITUTIONS,  ‣ Loans to Credit Institutions,6,2,False,VNĐ,8635506000000.0
2022-Q1,BS_PROVISION_CREDIT_INSTITUTIONS,  ‣ Provision Credit Institutions,7,2,False,VNĐ,0.0
2022-Q1,BS_TRADING_SECURITIES,Trading Securities,8,1,False,VNĐ,0.0
2022-Q1,BS_TRADING_SECURITIES_GROSS,  ‣ Trading Securities Gross,9,2,False,VNĐ,0.0
2022-Q1,BS_PROVISION_TRADING_SECURITIES,  ‣ Provision Trading Securities,10,2,False,VNĐ,0.0
2022-Q1,BS_DERIVATIVES_AND_OTHER_FINANCIAL_ASSETS,Derivatives and Other Financial Assets,11,1,False,VNĐ,0.0
2022-Q1,BS_LOANS_TO_CUSTOMERS,Loans to Customers,12,1,False,VNĐ,147720192000000.0
2022-Q1,BS_LOANS_TO_CUSTOMERS_GROSS,  ‣ Loans to Customers Gross,13,2,False,VNĐ,149875029000000.0
2022-Q1,BS_PROVISION_LOANS_TO_CUSTOMERS,  ‣ Provision Loans to Customers,14,2,False,VNĐ,-2154837000000.0
2022-Q1,BS_DEBT_PURCHASES,Debt Purchases,15,1,False,VNĐ,353564000000.0
2022-Q1,BS_DEBT_PURCHASES_GROSS,  ‣ Debt Purchases Gross,16,2,False,VNĐ,356236000000.0
2022-Q1,BS_PROVISION_DEBT_PURCHASES,  ‣ Provision Debt Purchases,17,2,False,VNĐ,-2672000000.0
2022-Q1,BS_INVESTMENT_SECURITIES,Investment Securities,18,1,False,VNĐ,77405030000000.0
2022-Q1,BS_AVAILABLE_FOR_SALE_SECURITIES,  ‣ Available for Sale Securities,19,2,False,VNĐ,77803586000000.0
2022-Q1,BS_HELD_TO_MATURITY_SECURITIES,  ‣ Held to Maturity Securities,20,2,False,VNĐ,44700000000.0
2022-Q1,BS_PROVISION_INVESTMENT_SECURITIES,  ‣ Provision Investment Securities,21,2,False,VNĐ,-443256000000.0
2022-Q1,BS_LONG_TERM_INVESTMENTS,Long Term Investments,22,1,False,VNĐ,0.0
2022-Q1,BS_INVESTMENTS_IN_JOINT_VENTURES,  ‣ Investments in Joint Ventures,23,2,False,VNĐ,0.0
2022-Q1,BS_CAPITAL_CONTRIBUTION_JOINT_VENTURES,  ‣ Capital Contribution Joint Ventures,24,2,False,VNĐ,0.0
2022-Q1,BS_INVESTMENTS_IN_ASSOCIATES,  ‣ Investments in Associates,25,2,False,VNĐ,0.0
2022-Q1,BS_OTHER_LONG_TERM_INVESTMENTS,  ‣ Other Long Term Investments,26,2,False,VNĐ,0.0
2022-Q1,BS_PROVISION_LONG_TERM_INVESTMENTS,  ‣ Provision Long Term Investments,27,2,False,VNĐ,0.0
2022-Q1,BS_FIXED_ASSETS,Fixed Assets,28,1,False,VNĐ,741418000000.0
2022-Q1,BS_TANGIBLE_FIXED_ASSETS,  ‣ Tangible Fixed Assets,29,2,False,VNĐ,478960000000.0
2022-Q1,BS_TANGIBLE_FIXED_ASSETS_COST,    • Tangible Fixed Assets Cost,30,3,False,VNĐ,1138997000000.0
2022-Q1,BS_TANGIBLE_FIXED_ASSETS_ACCUMULATED_DEPRECIATION,    • Tangible Fixed Assets Accumulated Depreciation,31,3,False,VNĐ,-660037000000.0
2022-Q1,BS_FINANCE_LEASE_FIXED_ASSETS,  ‣ Finance Lease Fixed Assets,32,2,False,VNĐ,0.0
2022-Q1,BS_FINANCE_LEASE_FIXED_ASSETS_COST,    • Finance Lease Fixed Assets Cost,33,3,False,VNĐ,0.0
2022-Q1,BS_FINANCE_LEASE_FIXED_ASSETS_ACCUMULATED_DEPRECIATION,    • Finance Lease Fixed Assets Accumulated Depreciation,34,3,False,VNĐ,-0.0
2022-Q1,BS_INTANGIBLE_FIXED_ASSETS,  ‣ Intangible Fixed Assets,35,2,False,VNĐ,262458000000.0
2022-Q1,BS_INTANGIBLE_FIXED_ASSETS_COST,    • Intangible Fixed Assets Cost,36,3,False,VNĐ,631859000000.0
2022-Q1,BS_INTANGIBLE_FIXED_ASSETS_ACCUMULATED_DEPRECIATION,    • Intangible Fixed Assets Accumulated Depreciation,37,3,False,VNĐ,-369401000000.0
2022-Q1,BS_INVESTMENT_PROPERTIES,Investment Properties,38,1,False,VNĐ,0.0
2022-Q1,BS_INVESTMENT_PROPERTIES_COST,  ‣ Investment Properties Cost,39,2,False,VNĐ,0.0
2022-Q1,BS_INVESTMENT_PROPERTIES_ACCUMULATED_DEPRECIATION,  ‣ Investment Properties Accumulated Depreciation,40,2,False,VNĐ,-0.0
2022-Q1,BS_OTHER_ASSETS,Other Assets,41,1,False,VNĐ,22220267000000.0
2022-Q1,BS_RECEIVABLES,  ‣ Receivables,42,2,False,VNĐ,18293250000000.0
2022-Q1,BS_INTEREST_AND_FEE_RECEIVABLES,  ‣ Interest and Fee Receivables,43,2,False,VNĐ,2276112000000.0
2022-Q1,BS_DEFERRED_TAX_ASSETS,  ‣ Deferred Tax Assets,44,2,False,VNĐ,0.0
2022-Q1,BS_OTHER_ASSETS_DETAIL,  ‣ Other Assets Detail,45,2,False,VNĐ,1654521000000.0
2022-Q1,BS_GOODWILL,  ‣ Goodwill,46,2,False,VNĐ,
2022-Q1,BS_PROVISION_OTHER_ASSETS,  ‣ Provision Other Assets,47,2,False,VNĐ,-3616000000.0
2022-Q1,BS_TOTAL_LIABILITIES_AND_EQUITY,Total Liabilities and Equity,48,1,False,VNĐ,302622532000000.0
2022-Q1,BS_TOTAL_LIABILITIES,Total Liabilities,49,1,False,VNĐ,275242056000000.0
2022-Q1,BS_DUE_TO_GOVERNMENT_AND_SBV,  ‣ Due to Government and SBV,50,2,False,VNĐ,532269000000.0
2022-Q1,BS_PLACEMENTS_AND_BORROWINGS_FROM_CREDIT_INSTITUTIONS,  ‣ Placements and Borrowings from Credit Institutions,51,2,False,VNĐ,80247844000000.0
2022-Q1,BS_PLACEMENTS_FROM_CREDIT_INSTITUTIONS,    • Placements from Credit Institutions,52,3,False,VNĐ,45449755000000.0
2022-Q1,BS_BORROWINGS_FROM_CREDIT_INSTITUTIONS,    • Borrowings from Credit Institutions,53,3,False,VNĐ,34798089000000.0
2022-Q1,BS_CUSTOMER_DEPOSITS,  ‣ Customer Deposits,54,2,False,VNĐ,152538738000000.0
2022-Q1,BS_DERIVATIVES_AND_OTHER_FINANCIAL_LIABILITIES,  ‣ Derivatives and Other Financial Liabilities,55,2,False,VNĐ,51673000000.0
2022-Q1,BS_FUNDS_AND_ENTRUSTED_INVESTMENTS,  ‣ Funds and Entrusted Investments,56,2,False,VNĐ,409190000000.0
2022-Q1,BS_VALUABLE_PAPERS_ISSUED,  ‣ Valuable Papers Issued,57,2,False,VNĐ,37220237000000.0
2022-Q1,BS_OTHER_LIABILITIES,  ‣ Other Liabilities,58,2,False,VNĐ,4242105000000.0
2022-Q1,BS_INTEREST_AND_FEE_PAYABLES,    • Interest and Fee Payables,59,3,False,VNĐ,2897207000000.0
2022-Q1,BS_DEFERRED_TAX_LIABILITIES,    • Deferred Tax Liabilities,60,3,False,VNĐ,
2022-Q1,BS_OTHER_PAYABLES_AND_LIABILITIES,    • Other Payables and Liabilities,61,3,False,VNĐ,1344898000000.0
2022-Q1,BS_OTHER_PROVISIONS,    • Other Provisions,62,3,False,VNĐ,0.0
2022-Q1,BS_EQUITY,Equity,63,1,False,VNĐ,27380476000000.0
2022-Q1,BS_CHARTER_CAPITAL_AND_FUNDS,  ‣ Charter Capital and Funds,64,2,False,VNĐ,18378520000000.0
2022-Q1,BS_CHARTER_CAPITAL,    • Charter Capital,65,3,False,VNĐ,15817555000000.0
2022-Q1,BS_SHARE_PREMIUM,    • Share Premium,66,3,False,VNĐ,2560965000000.0
2022-Q1,BS_TREASURY_SHARES,    • Treasury Shares,67,3,False,VNĐ,0.0
2022-Q1,BS_OTHER_CAPITAL,    • Other Capital,68,3,False,VNĐ,0.0
2022-Q1,BS_RESERVES,  ‣ Reserves,69,2,False,VNĐ,1388879000000.0
2022-Q1,BS_FOREIGN_EXCHANGE_DIFFERENCES,  ‣ Foreign Exchange Differences,70,2,False,VNĐ,97838000000.0
2022-Q1,BS_ASSET_REVALUATION_DIFFERENCES,  ‣ Asset Revaluation Differences,71,2,False,VNĐ,0.0
2022-Q1,BS_RETAINED_EARNINGS,  ‣ Retained Earnings,72,2,False,VNĐ,7515239000000.0
2022-Q1,BS_MINORITY_INTEREST,Minority Interest,73,1,False,VNĐ,0.0
2022-Q1,BS_OFF_BALANCE_SHEET_ITEMS,Off Balance Sheet Items,74,1,True,VNĐ,
2022-Q1,BS_LOAN_GUARANTEES,  ‣ Loan Guarantees,75,2,True,VNĐ,
2022-Q1,BS_FX_COMMITMENTS,  ‣ FX Commitments,76,2,True,VNĐ,208636000000.0
2022-Q1,BS_COMMITMENTS_TO_BUY_FX,    • Commitments to Buy FX,77,3,True,VNĐ,3753561000000.0
2022-Q1,BS_COMMITMENTS_TO_SELL_FX,    • Commitments to Sell FX,78,3,True,VNĐ,3832115000000.0
2022-Q1,BS_SWAP_COMMITMENTS,    • Swap Commitments,79,3,True,VNĐ,92634270000000.0
2022-Q1,BS_FUTURE_COMMITMENTS,    • Future Commitments,80,3,True,VNĐ,0.0
2022-Q1,BS_IRREVOCABLE_LOAN_COMMITMENTS,  ‣ Irrevocable Loan Commitments,81,2,True,VNĐ,0.0
2022-Q1,BS_LC_COMMITMENTS,  ‣ LC Commitments,82,2,True,VNĐ,5073999000000.0
2022-Q1,BS_OTHER_GUARANTEES,  ‣ Other Guarantees,83,2,True,VNĐ,25479215000000.0
2022-Q1,BS_OTHER_COMMITMENTS,  ‣ Other Commitments,84,2,True,VNĐ,15798007000000.0
2021-Q4,BS_TOTAL_ASSETS,Total Assets,1,1,False,VNĐ,292827078000000.0
2021-Q4,BS_CASH_AND_PRECIOUS_METALS,Cash and Precious Metals,2,1,False,VNĐ,2553309000000.0
2021-Q4,BS_BALANCES_WITH_SBV,Balances With SBV,3,1,False,VNĐ,18039848000000.0
2021-Q4,BS_PLACEMENTS_AND_LOANS_TO_CREDIT_INSTITUTIONS,Placements and Loans to Credit Institutions,4,1,False,VNĐ,48752914000000.0
2021-Q4,BS_PLACEMENTS_WITH_CREDIT_INSTITUTIONS,  ‣ Placements With Credit Institutions,5,2,False,VNĐ,35868051000000.0
2021-Q4,BS_LOANS_TO_CREDIT_INSTITUTIONS,  ‣ Loans to Credit Institutions,6,2,False,VNĐ,12884863000000.0
2021-Q4,BS_PROVISION_CREDIT_INSTITUTIONS,  ‣ Provision Credit Institutions,7,2,False,VNĐ,0.0
2021-Q4,BS_TRADING_SECURITIES,Trading Securities,8,1,False,VNĐ,0.0
2021-Q4,BS_TRADING_SECURITIES_GROSS,  ‣ Trading Securities Gross,9,2,False,VNĐ,0.0
2021-Q4,BS_PROVISION_TRADING_SECURITIES,  ‣ Provision Trading Securities,10,2,False,VNĐ,0.0
2021-Q4,BS_DERIVATIVES_AND_OTHER_FINANCIAL_ASSETS,Derivatives and Other Financial Assets,11,1,False,VNĐ,0.0
2021-Q4,BS_LOANS_TO_CUSTOMERS,Loans to Customers,12,1,False,VNĐ,139462565000000.0
2021-Q4,BS_LOANS_TO_CUSTOMERS_GROSS,  ‣ Loans to Customers Gross,13,2,False,VNĐ,141227857000000.0
2021-Q4,BS_PROVISION_LOANS_TO_CUSTOMERS,  ‣ Provision Loans to Customers,14,2,False,VNĐ,-1765292000000.0
2021-Q4,BS_DEBT_PURCHASES,Debt Purchases,15,1,False,VNĐ,960393000000.0
2021-Q4,BS_DEBT_PURCHASES_GROSS,  ‣ Debt Purchases Gross,16,2,False,VNĐ,967650000000.0
2021-Q4,BS_PROVISION_DEBT_PURCHASES,  ‣ Provision Debt Purchases,17,2,False,VNĐ,-7257000000.0
2021-Q4,BS_INVESTMENT_SECURITIES,Investment Securities,18,1,False,VNĐ,62404684000000.0
2021-Q4,BS_AVAILABLE_FOR_SALE_SECURITIES,  ‣ Available for Sale Securities,19,2,False,VNĐ,62735195000000.0
2021-Q4,BS_HELD_TO_MATURITY_SECURITIES,  ‣ Held to Maturity Securities,20,2,False,VNĐ,44700000000.0
2021-Q4,BS_PROVISION_INVESTMENT_SECURITIES,  ‣ Provision Investment Securities,21,2,False,VNĐ,-375211000000.0
2021-Q4,BS_LONG_TERM_INVESTMENTS,Long Term Investments,22,1,False,VNĐ,0.0
2021-Q4,BS_INVESTMENTS_IN_JOINT_VENTURES,  ‣ Investments in Joint Ventures,23,2,False,VNĐ,0.0
2021-Q4,BS_CAPITAL_CONTRIBUTION_JOINT_VENTURES,  ‣ Capital Contribution Joint Ventures,24,2,False,VNĐ,0.0
2021-Q4,BS_INVESTMENTS_IN_ASSOCIATES,  ‣ Investments in Associates,25,2,False,VNĐ,0.0
2021-Q4,BS_OTHER_LONG_TERM_INVESTMENTS,  ‣ Other Long Term Investments,26,2,False,VNĐ,0.0
2021-Q4,BS_PROVISION_LONG_TERM_INVESTMENTS,  ‣ Provision Long Term Investments,27,2,False,VNĐ,0.0
2021-Q4,BS_FIXED_ASSETS,Fixed Assets,28,1,False,VNĐ,788613000000.0
2021-Q4,BS_TANGIBLE_FIXED_ASSETS,  ‣ Tangible Fixed Assets,29,2,False,VNĐ,512870000000.0
2021-Q4,BS_TANGIBLE_FIXED_ASSETS_COST,    • Tangible Fixed Assets Cost,30,3,False,VNĐ,1133034000000.0
2021-Q4,BS_TANGIBLE_FIXED_ASSETS_ACCUMULATED_DEPRECIATION,    • Tangible Fixed Assets Accumulated Depreciation,31,3,False,VNĐ,-620164000000.0
2021-Q4,BS_FINANCE_LEASE_FIXED_ASSETS,  ‣ Finance Lease Fixed Assets,32,2,False,VNĐ,0.0
2021-Q4,BS_FINANCE_LEASE_FIXED_ASSETS_COST,    • Finance Lease Fixed Assets Cost,33,3,False,VNĐ,0.0
2021-Q4,BS_FINANCE_LEASE_FIXED_ASSETS_ACCUMULATED_DEPRECIATION,    • Finance Lease Fixed Assets Accumulated Depreciation,34,3,False,VNĐ,-0.0
2021-Q4,BS_INTANGIBLE_FIXED_ASSETS,  ‣ Intangible Fixed Assets,35,2,False,VNĐ,275743000000.0
2021-Q4,BS_INTANGIBLE_FIXED_ASSETS_COST,    • Intangible Fixed Assets Cost,36,3,False,VNĐ,620296000000.0
2021-Q4,BS_INTANGIBLE_FIXED_ASSETS_ACCUMULATED_DEPRECIATION,    • Intangible Fixed Assets Accumulated Depreciation,37,3,False,VNĐ,-344553000000.0
2021-Q4,BS_INVESTMENT_PROPERTIES,Investment Properties,38,1,False,VNĐ,0.0
2021-Q4,BS_INVESTMENT_PROPERTIES_COST,  ‣ Investment Properties Cost,39,2,False,VNĐ,0.0
2021-Q4,BS_INVESTMENT_PROPERTIES_ACCUMULATED_DEPRECIATION,  ‣ Investment Properties Accumulated Depreciation,40,2,False,VNĐ,-0.0
2021-Q4,BS_OTHER_ASSETS,Other Assets,41,1,False,VNĐ,19864752000000.0
2021-Q4,BS_RECEIVABLES,  ‣ Receivables,42,2,False,VNĐ,16282628000000.0
2021-Q4,BS_INTEREST_AND_FEE_RECEIVABLES,  ‣ Interest and Fee Receivables,43,2,False,VNĐ,1935129000000.0
2021-Q4,BS_DEFERRED_TAX_ASSETS,  ‣ Deferred Tax Assets,44,2,False,VNĐ,0.0
2021-Q4,BS_OTHER_ASSETS_DETAIL,  ‣ Other Assets Detail,45,2,False,VNĐ,1650611000000.0
2021-Q4,BS_GOODWILL,  ‣ Goodwill,46,2,False,VNĐ,
2021-Q4,BS_PROVISION_OTHER_ASSETS,  ‣ Provision Other Assets,47,2,False,VNĐ,-3616000000.0
2021-Q4,BS_TOTAL_LIABILITIES_AND_EQUITY,Total Liabilities and Equity,48,1,False,VNĐ,292827078000000.0
2021-Q4,BS_TOTAL_LIABILITIES,Total Liabilities,49,1,False,VNĐ,266839097000000.0
2021-Q4,BS_DUE_TO_GOVERNMENT_AND_SBV,  ‣ Due to Government and SBV,50,2,False,VNĐ,564074000000.0
2021-Q4,BS_PLACEMENTS_AND_BORROWINGS_FROM_CREDIT_INSTITUTIONS,  ‣ Placements and Borrowings from Credit Institutions,51,2,False,VNĐ,87015960000000.0
2021-Q4,BS_PLACEMENTS_FROM_CREDIT_INSTITUTIONS,    • Placements from Credit Institutions,52,3,False,VNĐ,53315464000000.0
2021-Q4,BS_BORROWINGS_FROM_CREDIT_INSTITUTIONS,    • Borrowings from Credit Institutions,53,3,False,VNĐ,33700496000000.0
2021-Q4,BS_CUSTOMER_DEPOSITS,  ‣ Customer Deposits,54,2,False,VNĐ,139562262000000.0
2021-Q4,BS_DERIVATIVES_AND_OTHER_FINANCIAL_LIABILITIES,  ‣ Derivatives and Other Financial Liabilities,55,2,False,VNĐ,77705000000.0
2021-Q4,BS_FUNDS_AND_ENTRUSTED_INVESTMENTS,  ‣ Funds and Entrusted Investments,56,2,False,VNĐ,401664000000.0
2021-Q4,BS_VALUABLE_PAPERS_ISSUED,  ‣ Valuable Papers Issued,57,2,False,VNĐ,35405147000000.0
2021-Q4,BS_OTHER_LIABILITIES,  ‣ Other Liabilities,58,2,False,VNĐ,3812285000000.0
2021-Q4,BS_INTEREST_AND_FEE_PAYABLES,    • Interest and Fee Payables,59,3,False,VNĐ,2583032000000.0
2021-Q4,BS_DEFERRED_TAX_LIABILITIES,    • Deferred Tax Liabilities,60,3,False,VNĐ,
2021-Q4,BS_OTHER_PAYABLES_AND_LIABILITIES,    • Other Payables and Liabilities,61,3,False,VNĐ,1229253000000.0
2021-Q4,BS_OTHER_PROVISIONS,    • Other Provisions,62,3,False,VNĐ,0.0
2021-Q4,BS_EQUITY,Equity,63,1,False,VNĐ,25987981000000.0
2021-Q4,BS_CHARTER_CAPITAL_AND_FUNDS,  ‣ Charter Capital and Funds,64,2,False,VNĐ,18378520000000.0
2021-Q4,BS_CHARTER_CAPITAL,    • Charter Capital,65,3,False,VNĐ,15817555000000.0
2021-Q4,BS_SHARE_PREMIUM,    • Share Premium,66,3,False,VNĐ,2560965000000.0
2021-Q4,BS_TREASURY_SHARES,    • Treasury Shares,67,3,False,VNĐ,0.0
2021-Q4,BS_OTHER_CAPITAL,    • Other Capital,68,3,False,VNĐ,0.0
2021-Q4,BS_RESERVES,  ‣ Reserves,69,2,False,VNĐ,1388879000000.0
2021-Q4,BS_FOREIGN_EXCHANGE_DIFFERENCES,  ‣ Foreign Exchange Differences,70,2,False,VNĐ,0.0
2021-Q4,BS_ASSET_REVALUATION_DIFFERENCES,  ‣ Asset Revaluation Differences,71,2,False,VNĐ,0.0
2021-Q4,BS_RETAINED_EARNINGS,  ‣ Retained Earnings,72,2,False,VNĐ,6220582000000.0
2021-Q4,BS_MINORITY_INTEREST,Minority Interest,73,1,False,VNĐ,0.0
2021-Q4,BS_OFF_BALANCE_SHEET_ITEMS,Off Balance Sheet Items,74,1,True,VNĐ,
2021-Q4,BS_LOAN_GUARANTEES,  ‣ Loan Guarantees,75,2,True,VNĐ,
2021-Q4,BS_FX_COMMITMENTS,  ‣ FX Commitments,76,2,True,VNĐ,212050000000.0
2021-Q4,BS_COMMITMENTS_TO_BUY_FX,    • Commitments to Buy FX,77,3,True,VNĐ,1445427000000.0
2021-Q4,BS_COMMITMENTS_TO_SELL_FX,    • Commitments to Sell FX,78,3,True,VNĐ,1325068000000.0
2021-Q4,BS_SWAP_COMMITMENTS,    • Swap Commitments,79,3,True,VNĐ,134862073000000.0
2021-Q4,BS_FUTURE_COMMITMENTS,    • Future Commitments,80,3,True,VNĐ,0.0
2021-Q4,BS_IRREVOCABLE_LOAN_COMMITMENTS,  ‣ Irrevocable Loan Commitments,81,2,True,VNĐ,0.0
2021-Q4,BS_LC_COMMITMENTS,  ‣ LC Commitments,82,2,True,VNĐ,3832911000000.0
2021-Q4,BS_OTHER_GUARANTEES,  ‣ Other Guarantees,83,2,True,VNĐ,25688026000000.0
2021-Q4,BS_OTHER_COMMITMENTS,  ‣ Other Commitments,84,2,True,VNĐ,14114344000000.0
2021-Q3,BS_TOTAL_ASSETS,Total Assets,1,1,False,VNĐ,260327561000000.0
2021-Q3,BS_CASH_AND_PRECIOUS_METALS,Cash and Precious Metals,2,1,False,VNĐ,2558712000000.0
2021-Q3,BS_BALANCES_WITH_SBV,Balances With SBV,3,1,False,VNĐ,11574314000000.0
2021-Q3,BS_PLACEMENTS_AND_LOANS_TO_CREDIT_INSTITUTIONS,Placements and Loans to Credit Institutions,4,1,False,VNĐ,38117144000000.0
2021-Q3,BS_PLACEMENTS_WITH_CREDIT_INSTITUTIONS,  ‣ Placements With Credit Institutions,5,2,False,VNĐ,27187801000000.0
2021-Q3,BS_LOANS_TO_CREDIT_INSTITUTIONS,  ‣ Loans to Credit Institutions,6,2,False,VNĐ,10929343000000.0
2021-Q3,BS_PROVISION_CREDIT_INSTITUTIONS,  ‣ Provision Credit Institutions,7,2,False,VNĐ,0.0
2021-Q3,BS_TRADING_SECURITIES,Trading Securities,8,1,False,VNĐ,0.0
2021-Q3,BS_TRADING_SECURITIES_GROSS,  ‣ Trading Securities Gross,9,2,False,VNĐ,0.0
2021-Q3,BS_PROVISION_TRADING_SECURITIES,  ‣ Provision Trading Securities,10,2,False,VNĐ,0.0
2021-Q3,BS_DERIVATIVES_AND_OTHER_FINANCIAL_ASSETS,Derivatives and Other Financial Assets,11,1,False,VNĐ,189844000000.0
2021-Q3,BS_LOANS_TO_CUSTOMERS,Loans to Customers,12,1,False,VNĐ,131411928000000.0
2021-Q3,BS_LOANS_TO_CUSTOMERS_GROSS,  ‣ Loans to Customers Gross,13,2,False,VNĐ,133002039000000.0
2021-Q3,BS_PROVISION_LOANS_TO_CUSTOMERS,  ‣ Provision Loans to Customers,14,2,False,VNĐ,-1590111000000.0
2021-Q3,BS_DEBT_PURCHASES,Debt Purchases,15,1,False,VNĐ,958785000000.0
2021-Q3,BS_DEBT_PURCHASES_GROSS,  ‣ Debt Purchases Gross,16,2,False,VNĐ,966243000000.0
2021-Q3,BS_PROVISION_DEBT_PURCHASES,  ‣ Provision Debt Purchases,17,2,False,VNĐ,-7458000000.0
2021-Q3,BS_INVESTMENT_SECURITIES,Investment Securities,18,1,False,VNĐ,53854112000000.0
2021-Q3,BS_AVAILABLE_FOR_SALE_SECURITIES,  ‣ Available for Sale Securities,19,2,False,VNĐ,53948349000000.0
2021-Q3,BS_HELD_TO_MATURITY_SECURITIES,  ‣ Held to Maturity Securities,20,2,False,VNĐ,44700000000.0
2021-Q3,BS_PROVISION_INVESTMENT_SECURITIES,  ‣ Provision Investment Securities,21,2,False,VNĐ,-138937000000.0
2021-Q3,BS_LONG_TERM_INVESTMENTS,Long Term Investments,22,1,False,VNĐ,0.0
2021-Q3,BS_INVESTMENTS_IN_JOINT_VENTURES,  ‣ Investments in Joint Ventures,23,2,False,VNĐ,0.0
2021-Q3,BS_CAPITAL_CONTRIBUTION_JOINT_VENTURES,  ‣ Capital Contribution Joint Ventures,24,2,False,VNĐ,0.0
2021-Q3,BS_INVESTMENTS_IN_ASSOCIATES,  ‣ Investments in Associates,25,2,False,VNĐ,0.0
2021-Q3,BS_OTHER_LONG_TERM_INVESTMENTS,  ‣ Other Long Term Investments,26,2,False,VNĐ,0.0
2021-Q3,BS_PROVISION_LONG_TERM_INVESTMENTS,  ‣ Provision Long Term Investments,27,2,False,VNĐ,0.0
2021-Q3,BS_FIXED_ASSETS,Fixed Assets,28,1,False,VNĐ,778305000000.0
2021-Q3,BS_TANGIBLE_FIXED_ASSETS,  ‣ Tangible Fixed Assets,29,2,False,VNĐ,517028000000.0
2021-Q3,BS_TANGIBLE_FIXED_ASSETS_COST,    • Tangible Fixed Assets Cost,30,3,False,VNĐ,1097402000000.0
2021-Q3,BS_TANGIBLE_FIXED_ASSETS_ACCUMULATED_DEPRECIATION,    • Tangible Fixed Assets Accumulated Depreciation,31,3,False,VNĐ,-580374000000.0
2021-Q3,BS_FINANCE_LEASE_FIXED_ASSETS,  ‣ Finance Lease Fixed Assets,32,2,False,VNĐ,0.0
2021-Q3,BS_FINANCE_LEASE_FIXED_ASSETS_COST,    • Finance Lease Fixed Assets Cost,33,3,False,VNĐ,0.0
2021-Q3,BS_FINANCE_LEASE_FIXED_ASSETS_ACCUMULATED_DEPRECIATION,    • Finance Lease Fixed Assets Accumulated Depreciation,34,3,False,VNĐ,-0.0
2021-Q3,BS_INTANGIBLE_FIXED_ASSETS,  ‣ Intangible Fixed Assets,35,2,False,VNĐ,261277000000.0
2021-Q3,BS_INTANGIBLE_FIXED_ASSETS_COST,    • Intangible Fixed Assets Cost,36,3,False,VNĐ,580176000000.0
2021-Q3,BS_INTANGIBLE_FIXED_ASSETS_ACCUMULATED_DEPRECIATION,    • Intangible Fixed Assets Accumulated Depreciation,37,3,False,VNĐ,-318899000000.0
2021-Q3,BS_INVESTMENT_PROPERTIES,Investment Properties,38,1,False,VNĐ,0.0
2021-Q3,BS_INVESTMENT_PROPERTIES_COST,  ‣ Investment Properties Cost,39,2,False,VNĐ,0.0
2021-Q3,BS_INVESTMENT_PROPERTIES_ACCUMULATED_DEPRECIATION,  ‣ Investment Properties Accumulated Depreciation,40,2,False,VNĐ,-0.0
2021-Q3,BS_OTHER_ASSETS,Other Assets,41,1,False,VNĐ,20884417000000.0
2021-Q3,BS_RECEIVABLES,  ‣ Receivables,42,2,False,VNĐ,17218632000000.0
2021-Q3,BS_INTEREST_AND_FEE_RECEIVABLES,  ‣ Interest and Fee Receivables,43,2,False,VNĐ,2098647000000.0
2021-Q3,BS_DEFERRED_TAX_ASSETS,  ‣ Deferred Tax Assets,44,2,False,VNĐ,0.0
2021-Q3,BS_OTHER_ASSETS_DETAIL,  ‣ Other Assets Detail,45,2,False,VNĐ,1569751000000.0
2021-Q3,BS_GOODWILL,  ‣ Goodwill,46,2,False,VNĐ,
2021-Q3,BS_PROVISION_OTHER_ASSETS,  ‣ Provision Other Assets,47,2,False,VNĐ,-2613000000.0
2021-Q3,BS_TOTAL_LIABILITIES_AND_EQUITY,Total Liabilities and Equity,48,1,False,VNĐ,260327561000000.0
2021-Q3,BS_TOTAL_LIABILITIES,Total Liabilities,49,1,False,VNĐ,235568431000000.0
2021-Q3,BS_DUE_TO_GOVERNMENT_AND_SBV,  ‣ Due to Government and SBV,50,2,False,VNĐ,598091000000.0
2021-Q3,BS_PLACEMENTS_AND_BORROWINGS_FROM_CREDIT_INSTITUTIONS,  ‣ Placements and Borrowings from Credit Institutions,51,2,False,VNĐ,66974452000000.0
2021-Q3,BS_PLACEMENTS_FROM_CREDIT_INSTITUTIONS,    • Placements from Credit Institutions,52,3,False,VNĐ,44154489000000.0
2021-Q3,BS_BORROWINGS_FROM_CREDIT_INSTITUTIONS,    • Borrowings from Credit Institutions,53,3,False,VNĐ,22819963000000.0
2021-Q3,BS_CUSTOMER_DEPOSITS,  ‣ Customer Deposits,54,2,False,VNĐ,131508437000000.0
2021-Q3,BS_DERIVATIVES_AND_OTHER_FINANCIAL_LIABILITIES,  ‣ Derivatives and Other Financial Liabilities,55,2,False,VNĐ,0.0
2021-Q3,BS_FUNDS_AND_ENTRUSTED_INVESTMENTS,  ‣ Funds and Entrusted Investments,56,2,False,VNĐ,632857000000.0
2021-Q3,BS_VALUABLE_PAPERS_ISSUED,  ‣ Valuable Papers Issued,57,2,False,VNĐ,31528192000000.0
2021-Q3,BS_OTHER_LIABILITIES,  ‣ Other Liabilities,58,2,False,VNĐ,4326402000000.0
2021-Q3,BS_INTEREST_AND_FEE_PAYABLES,    • Interest and Fee Payables,59,3,False,VNĐ,2791991000000.0
2021-Q3,BS_DEFERRED_TAX_LIABILITIES,    • Deferred Tax Liabilities,60,3,False,VNĐ,
2021-Q3,BS_OTHER_PAYABLES_AND_LIABILITIES,    • Other Payables and Liabilities,61,3,False,VNĐ,1534411000000.0
2021-Q3,BS_OTHER_PROVISIONS,    • Other Provisions,62,3,False,VNĐ,0.0
2021-Q3,BS_EQUITY,Equity,63,1,False,VNĐ,24759130000000.0
2021-Q3,BS_CHARTER_CAPITAL_AND_FUNDS,  ‣ Charter Capital and Funds,64,2,False,VNĐ,14277682000000.0
2021-Q3,BS_CHARTER_CAPITAL,    • Charter Capital,65,3,False,VNĐ,11716717000000.0
2021-Q3,BS_SHARE_PREMIUM,    • Share Premium,66,3,False,VNĐ,2560965000000.0
2021-Q3,BS_TREASURY_SHARES,    • Treasury Shares,67,3,False,VNĐ,0.0
2021-Q3,BS_OTHER_CAPITAL,    • Other Capital,68,3,False,VNĐ,0.0
2021-Q3,BS_RESERVES,  ‣ Reserves,69,2,False,VNĐ,1388879000000.0
2021-Q3,BS_FOREIGN_EXCHANGE_DIFFERENCES,  ‣ Foreign Exchange Differences,70,2,False,VNĐ,86282000000.0
2021-Q3,BS_ASSET_REVALUATION_DIFFERENCES,  ‣ Asset Revaluation Differences,71,2,False,VNĐ,0.0
2021-Q3,BS_RETAINED_EARNINGS,  ‣ Retained Earnings,72,2,False,VNĐ,9006287000000.0
2021-Q3,BS_MINORITY_INTEREST,Minority Interest,73,1,False,VNĐ,0.0
2021-Q3,BS_OFF_BALANCE_SHEET_ITEMS,Off Balance Sheet Items,74,1,True,VNĐ,
2021-Q3,BS_LOAN_GUARANTEES,  ‣ Loan Guarantees,75,2,True,VNĐ,
2021-Q3,BS_FX_COMMITMENTS,  ‣ FX Commitments,76,2,True,VNĐ,215002000000.0
2021-Q3,BS_COMMITMENTS_TO_BUY_FX,    • Commitments to Buy FX,77,3,True,VNĐ,1513725000000.0
2021-Q3,BS_COMMITMENTS_TO_SELL_FX,    • Commitments to Sell FX,78,3,True,VNĐ,2458729000000.0
2021-Q3,BS_SWAP_COMMITMENTS,    • Swap Commitments,79,3,True,VNĐ,164792333000000.0
2021-Q3,BS_FUTURE_COMMITMENTS,    • Future Commitments,80,3,True,VNĐ,0.0
2021-Q3,BS_IRREVOCABLE_LOAN_COMMITMENTS,  ‣ Irrevocable Loan Commitments,81,2,True,VNĐ,0.0
2021-Q3,BS_LC_COMMITMENTS,  ‣ LC Commitments,82,2,True,VNĐ,3929888000000.0
2021-Q3,BS_OTHER_GUARANTEES,  ‣ Other Guarantees,83,2,True,VNĐ,22953955000000.0
2021-Q3,BS_OTHER_COMMITMENTS,  ‣ Other Commitments,84,2,True,VNĐ,9853231000000.0
2021-Q2,BS_TOTAL_ASSETS,Total Assets,1,1,False,VNĐ,242246851000000.0
2021-Q2,BS_CASH_AND_PRECIOUS_METALS,Cash and Precious Metals,2,1,False,VNĐ,2022546000000.0
2021-Q2,BS_BALANCES_WITH_SBV,Balances With SBV,3,1,False,VNĐ,16421498000000.0
2021-Q2,BS_PLACEMENTS_AND_LOANS_TO_CREDIT_INSTITUTIONS,Placements and Loans to Credit Institutions,4,1,False,VNĐ,24762767000000.0
2021-Q2,BS_PLACEMENTS_WITH_CREDIT_INSTITUTIONS,  ‣ Placements With Credit Institutions,5,2,False,VNĐ,14085647000000.0
2021-Q2,BS_LOANS_TO_CREDIT_INSTITUTIONS,  ‣ Loans to Credit Institutions,6,2,False,VNĐ,10677120000000.0
2021-Q2,BS_PROVISION_CREDIT_INSTITUTIONS,  ‣ Provision Credit Institutions,7,2,False,VNĐ,0.0
2021-Q2,BS_TRADING_SECURITIES,Trading Securities,8,1,False,VNĐ,0.0
2021-Q2,BS_TRADING_SECURITIES_GROSS,  ‣ Trading Securities Gross,9,2,False,VNĐ,0.0
2021-Q2,BS_PROVISION_TRADING_SECURITIES,  ‣ Provision Trading Securities,10,2,False,VNĐ,0.0
2021-Q2,BS_DERIVATIVES_AND_OTHER_FINANCIAL_ASSETS,Derivatives and Other Financial Assets,11,1,False,VNĐ,195550000000.0
2021-Q2,BS_LOANS_TO_CUSTOMERS,Loans to Customers,12,1,False,VNĐ,130003410000000.0
2021-Q2,BS_LOANS_TO_CUSTOMERS_GROSS,  ‣ Loans to Customers Gross,13,2,False,VNĐ,132203531000000.0
2021-Q2,BS_PROVISION_LOANS_TO_CUSTOMERS,  ‣ Provision Loans to Customers,14,2,False,VNĐ,-2200121000000.0
2021-Q2,BS_DEBT_PURCHASES,Debt Purchases,15,1,False,VNĐ,999870000000.0
2021-Q2,BS_DEBT_PURCHASES_GROSS,  ‣ Debt Purchases Gross,16,2,False,VNĐ,1007428000000.0
2021-Q2,BS_PROVISION_DEBT_PURCHASES,  ‣ Provision Debt Purchases,17,2,False,VNĐ,-7558000000.0
2021-Q2,BS_INVESTMENT_SECURITIES,Investment Securities,18,1,False,VNĐ,49402870000000.0
2021-Q2,BS_AVAILABLE_FOR_SALE_SECURITIES,  ‣ Available for Sale Securities,19,2,False,VNĐ,49526005000000.0
2021-Q2,BS_HELD_TO_MATURITY_SECURITIES,  ‣ Held to Maturity Securities,20,2,False,VNĐ,44700000000.0
2021-Q2,BS_PROVISION_INVESTMENT_SECURITIES,  ‣ Provision Investment Securities,21,2,False,VNĐ,-167835000000.0
2021-Q2,BS_LONG_TERM_INVESTMENTS,Long Term Investments,22,1,False,VNĐ,0.0
2021-Q2,BS_INVESTMENTS_IN_JOINT_VENTURES,  ‣ Investments in Joint Ventures,23,2,False,VNĐ,0.0
2021-Q2,BS_CAPITAL_CONTRIBUTION_JOINT_VENTURES,  ‣ Capital Contribution Joint Ventures,24,2,False,VNĐ,0.0
2021-Q2,BS_INVESTMENTS_IN_ASSOCIATES,  ‣ Investments in Associates,25,2,False,VNĐ,0.0
2021-Q2,BS_OTHER_LONG_TERM_INVESTMENTS,  ‣ Other Long Term Investments,26,2,False,VNĐ,0.0
2021-Q2,BS_PROVISION_LONG_TERM_INVESTMENTS,  ‣ Provision Long Term Investments,27,2,False,VNĐ,0.0
2021-Q2,BS_FIXED_ASSETS,Fixed Assets,28,1,False,VNĐ,761898000000.0
2021-Q2,BS_TANGIBLE_FIXED_ASSETS,  ‣ Tangible Fixed Assets,29,2,False,VNĐ,519066000000.0
2021-Q2,BS_TANGIBLE_FIXED_ASSETS_COST,    • Tangible Fixed Assets Cost,30,3,False,VNĐ,1056933000000.0
2021-Q2,BS_TANGIBLE_FIXED_ASSETS_ACCUMULATED_DEPRECIATION,    • Tangible Fixed Assets Accumulated Depreciation,31,3,False,VNĐ,-537867000000.0
2021-Q2,BS_FINANCE_LEASE_FIXED_ASSETS,  ‣ Finance Lease Fixed Assets,32,2,False,VNĐ,0.0
2021-Q2,BS_FINANCE_LEASE_FIXED_ASSETS_COST,    • Finance Lease Fixed Assets Cost,33,3,False,VNĐ,0.0
2021-Q2,BS_FINANCE_LEASE_FIXED_ASSETS_ACCUMULATED_DEPRECIATION,    • Finance Lease Fixed Assets Accumulated Depreciation,34,3,False,VNĐ,-0.0
2021-Q2,BS_INTANGIBLE_FIXED_ASSETS,  ‣ Intangible Fixed Assets,35,2,False,VNĐ,242832000000.0
2021-Q2,BS_INTANGIBLE_FIXED_ASSETS_COST,    • Intangible Fixed Assets Cost,36,3,False,VNĐ,536952000000.0
2021-Q2,BS_INTANGIBLE_FIXED_ASSETS_ACCUMULATED_DEPRECIATION,    • Intangible Fixed Assets Accumulated Depreciation,37,3,False,VNĐ,-294120000000.0
2021-Q2,BS_INVESTMENT_PROPERTIES,Investment Properties,38,1,False,VNĐ,0.0
2021-Q2,BS_INVESTMENT_PROPERTIES_COST,  ‣ Investment Properties Cost,39,2,False,VNĐ,0.0
2021-Q2,BS_INVESTMENT_PROPERTIES_ACCUMULATED_DEPRECIATION,  ‣ Investment Properties Accumulated Depreciation,40,2,False,VNĐ,-0.0
2021-Q2,BS_OTHER_ASSETS,Other Assets,41,1,False,VNĐ,17676442000000.0
2021-Q2,BS_RECEIVABLES,  ‣ Receivables,42,2,False,VNĐ,14320301000000.0
2021-Q2,BS_INTEREST_AND_FEE_RECEIVABLES,  ‣ Interest and Fee Receivables,43,2,False,VNĐ,1733065000000.0
2021-Q2,BS_DEFERRED_TAX_ASSETS,  ‣ Deferred Tax Assets,44,2,False,VNĐ,0.0
2021-Q2,BS_OTHER_ASSETS_DETAIL,  ‣ Other Assets Detail,45,2,False,VNĐ,1625689000000.0
2021-Q2,BS_GOODWILL,  ‣ Goodwill,46,2,False,VNĐ,
2021-Q2,BS_PROVISION_OTHER_ASSETS,  ‣ Provision Other Assets,47,2,False,VNĐ,-2613000000.0
2021-Q2,BS_TOTAL_LIABILITIES_AND_EQUITY,Total Liabilities and Equity,48,1,False,VNĐ,242246851000000.0
2021-Q2,BS_TOTAL_LIABILITIES,Total Liabilities,49,1,False,VNĐ,221967382000000.0
2021-Q2,BS_DUE_TO_GOVERNMENT_AND_SBV,  ‣ Due to Government and SBV,50,2,False,VNĐ,626953000000.0
2021-Q2,BS_PLACEMENTS_AND_BORROWINGS_FROM_CREDIT_INSTITUTIONS,  ‣ Placements and Borrowings from Credit Institutions,51,2,False,VNĐ,56157590000000.0
2021-Q2,BS_PLACEMENTS_FROM_CREDIT_INSTITUTIONS,    • Placements from Credit Institutions,52,3,False,VNĐ,30812212000000.0
2021-Q2,BS_BORROWINGS_FROM_CREDIT_INSTITUTIONS,    • Borrowings from Credit Institutions,53,3,False,VNĐ,25345378000000.0
2021-Q2,BS_CUSTOMER_DEPOSITS,  ‣ Customer Deposits,54,2,False,VNĐ,132062360000000.0
2021-Q2,BS_DERIVATIVES_AND_OTHER_FINANCIAL_LIABILITIES,  ‣ Derivatives and Other Financial Liabilities,55,2,False,VNĐ,0.0
2021-Q2,BS_FUNDS_AND_ENTRUSTED_INVESTMENTS,  ‣ Funds and Entrusted Investments,56,2,False,VNĐ,664246000000.0
2021-Q2,BS_VALUABLE_PAPERS_ISSUED,  ‣ Valuable Papers Issued,57,2,False,VNĐ,28635426000000.0
2021-Q2,BS_OTHER_LIABILITIES,  ‣ Other Liabilities,58,2,False,VNĐ,3820807000000.0
2021-Q2,BS_INTEREST_AND_FEE_PAYABLES,    • Interest and Fee Payables,59,3,False,VNĐ,2431219000000.0
2021-Q2,BS_DEFERRED_TAX_LIABILITIES,    • Deferred Tax Liabilities,60,3,False,VNĐ,
2021-Q2,BS_OTHER_PAYABLES_AND_LIABILITIES,    • Other Payables and Liabilities,61,3,False,VNĐ,1389588000000.0
2021-Q2,BS_OTHER_PROVISIONS,    • Other Provisions,62,3,False,VNĐ,0.0
2021-Q2,BS_EQUITY,Equity,63,1,False,VNĐ,20279469000000.0
2021-Q2,BS_CHARTER_CAPITAL_AND_FUNDS,  ‣ Charter Capital and Funds,64,2,False,VNĐ,10994182000000.0
2021-Q2,BS_CHARTER_CAPITAL,    • Charter Capital,65,3,False,VNĐ,10716717000000.0
2021-Q2,BS_SHARE_PREMIUM,    • Share Premium,66,3,False,VNĐ,277465000000.0
2021-Q2,BS_TREASURY_SHARES,    • Treasury Shares,67,3,False,VNĐ,0.0
2021-Q2,BS_OTHER_CAPITAL,    • Other Capital,68,3,False,VNĐ,0.0
2021-Q2,BS_RESERVES,  ‣ Reserves,69,2,False,VNĐ,1388879000000.0
2021-Q2,BS_FOREIGN_EXCHANGE_DIFFERENCES,  ‣ Foreign Exchange Differences,70,2,False,VNĐ,0.0
2021-Q2,BS_ASSET_REVALUATION_DIFFERENCES,  ‣ Asset Revaluation Differences,71,2,False,VNĐ,0.0
2021-Q2,BS_RETAINED_EARNINGS,  ‣ Retained Earnings,72,2,False,VNĐ,7896408000000.0
2021-Q2,BS_MINORITY_INTEREST,Minority Interest,73,1,False,VNĐ,0.0
2021-Q2,BS_OFF_BALANCE_SHEET_ITEMS,Off Balance Sheet Items,74,1,True,VNĐ,
2021-Q2,BS_LOAN_GUARANTEES,  ‣ Loan Guarantees,75,2,True,VNĐ,
2021-Q2,BS_FX_COMMITMENTS,  ‣ FX Commitments,76,2,True,VNĐ,0.0
2021-Q2,BS_COMMITMENTS_TO_BUY_FX,    • Commitments to Buy FX,77,3,True,VNĐ,7568205000000.0
2021-Q2,BS_COMMITMENTS_TO_SELL_FX,    • Commitments to Sell FX,78,3,True,VNĐ,7583220000000.0
2021-Q2,BS_SWAP_COMMITMENTS,    • Swap Commitments,79,3,True,VNĐ,153932561000000.0
2021-Q2,BS_FUTURE_COMMITMENTS,    • Future Commitments,80,3,True,VNĐ,0.0
2021-Q2,BS_IRREVOCABLE_LOAN_COMMITMENTS,  ‣ Irrevocable Loan Commitments,81,2,True,VNĐ,0.0
2021-Q2,BS_LC_COMMITMENTS,  ‣ LC Commitments,82,2,True,VNĐ,3573484000000.0
2021-Q2,BS_OTHER_GUARANTEES,  ‣ Other Guarantees,83,2,True,VNĐ,20844155000000.0
2021-Q2,BS_OTHER_COMMITMENTS,  ‣ Other Commitments,84,2,True,VNĐ,11063659000000.0
2021-Q1,BS_TOTAL_ASSETS,Total Assets,1,1,False,VNĐ,216152686000000.0
2021-Q1,BS_CASH_AND_PRECIOUS_METALS,Cash and Precious Metals,2,1,False,VNĐ,1829035000000.0
2021-Q1,BS_BALANCES_WITH_SBV,Balances With SBV,3,1,False,VNĐ,10467415000000.0
2021-Q1,BS_PLACEMENTS_AND_LOANS_TO_CREDIT_INSTITUTIONS,Placements and Loans to Credit Institutions,4,1,False,VNĐ,14595304000000.0
2021-Q1,BS_PLACEMENTS_WITH_CREDIT_INSTITUTIONS,  ‣ Placements With Credit Institutions,5,2,False,VNĐ,8733887000000.0
2021-Q1,BS_LOANS_TO_CREDIT_INSTITUTIONS,  ‣ Loans to Credit Institutions,6,2,False,VNĐ,5861417000000.0
2021-Q1,BS_PROVISION_CREDIT_INSTITUTIONS,  ‣ Provision Credit Institutions,7,2,False,VNĐ,0.0
2021-Q1,BS_TRADING_SECURITIES,Trading Securities,8,1,False,VNĐ,0.0
2021-Q1,BS_TRADING_SECURITIES_GROSS,  ‣ Trading Securities Gross,9,2,False,VNĐ,0.0
2021-Q1,BS_PROVISION_TRADING_SECURITIES,  ‣ Provision Trading Securities,10,2,False,VNĐ,0.0
2021-Q1,BS_DERIVATIVES_AND_OTHER_FINANCIAL_ASSETS,Derivatives and Other Financial Assets,11,1,False,VNĐ,153807000000.0
2021-Q1,BS_LOANS_TO_CUSTOMERS,Loans to Customers,12,1,False,VNĐ,122398784000000.0
2021-Q1,BS_LOANS_TO_CUSTOMERS_GROSS,  ‣ Loans to Customers Gross,13,2,False,VNĐ,124386976000000.0
2021-Q1,BS_PROVISION_LOANS_TO_CUSTOMERS,  ‣ Provision Loans to Customers,14,2,False,VNĐ,-1988192000000.0
2021-Q1,BS_DEBT_PURCHASES,Debt Purchases,15,1,False,VNĐ,1000257000000.0
2021-Q1,BS_DEBT_PURCHASES_GROSS,  ‣ Debt Purchases Gross,16,2,False,VNĐ,1008022000000.0
2021-Q1,BS_PROVISION_DEBT_PURCHASES,  ‣ Provision Debt Purchases,17,2,False,VNĐ,-7765000000.0
2021-Q1,BS_INVESTMENT_SECURITIES,Investment Securities,18,1,False,VNĐ,49335396000000.0
2021-Q1,BS_AVAILABLE_FOR_SALE_SECURITIES,  ‣ Available for Sale Securities,19,2,False,VNĐ,49426955000000.0
2021-Q1,BS_HELD_TO_MATURITY_SECURITIES,  ‣ Held to Maturity Securities,20,2,False,VNĐ,44700000000.0
2021-Q1,BS_PROVISION_INVESTMENT_SECURITIES,  ‣ Provision Investment Securities,21,2,False,VNĐ,-136259000000.0
2021-Q1,BS_LONG_TERM_INVESTMENTS,Long Term Investments,22,1,False,VNĐ,0.0
2021-Q1,BS_INVESTMENTS_IN_JOINT_VENTURES,  ‣ Investments in Joint Ventures,23,2,False,VNĐ,0.0
2021-Q1,BS_CAPITAL_CONTRIBUTION_JOINT_VENTURES,  ‣ Capital Contribution Joint Ventures,24,2,False,VNĐ,0.0
2021-Q1,BS_INVESTMENTS_IN_ASSOCIATES,  ‣ Investments in Associates,25,2,False,VNĐ,0.0
2021-Q1,BS_OTHER_LONG_TERM_INVESTMENTS,  ‣ Other Long Term Investments,26,2,False,VNĐ,0.0
2021-Q1,BS_PROVISION_LONG_TERM_INVESTMENTS,  ‣ Provision Long Term Investments,27,2,False,VNĐ,0.0
2021-Q1,BS_FIXED_ASSETS,Fixed Assets,28,1,False,VNĐ,779732000000.0
2021-Q1,BS_TANGIBLE_FIXED_ASSETS,  ‣ Tangible Fixed Assets,29,2,False,VNĐ,538341000000.0
2021-Q1,BS_TANGIBLE_FIXED_ASSETS_COST,    • Tangible Fixed Assets Cost,30,3,False,VNĐ,1036483000000.0
2021-Q1,BS_TANGIBLE_FIXED_ASSETS_ACCUMULATED_DEPRECIATION,    • Tangible Fixed Assets Accumulated Depreciation,31,3,False,VNĐ,-498142000000.0
2021-Q1,BS_FINANCE_LEASE_FIXED_ASSETS,  ‣ Finance Lease Fixed Assets,32,2,False,VNĐ,0.0
2021-Q1,BS_FINANCE_LEASE_FIXED_ASSETS_COST,    • Finance Lease Fixed Assets Cost,33,3,False,VNĐ,0.0
2021-Q1,BS_FINANCE_LEASE_FIXED_ASSETS_ACCUMULATED_DEPRECIATION,    • Finance Lease Fixed Assets Accumulated Depreciation,34,3,False,VNĐ,-0.0
2021-Q1,BS_INTANGIBLE_FIXED_ASSETS,  ‣ Intangible Fixed Assets,35,2,False,VNĐ,241391000000.0
2021-Q1,BS_INTANGIBLE_FIXED_ASSETS_COST,    • Intangible Fixed Assets Cost,36,3,False,VNĐ,513265000000.0
2021-Q1,BS_INTANGIBLE_FIXED_ASSETS_ACCUMULATED_DEPRECIATION,    • Intangible Fixed Assets Accumulated Depreciation,37,3,False,VNĐ,-271874000000.0
2021-Q1,BS_INVESTMENT_PROPERTIES,Investment Properties,38,1,False,VNĐ,0.0
2021-Q1,BS_INVESTMENT_PROPERTIES_COST,  ‣ Investment Properties Cost,39,2,False,VNĐ,0.0
2021-Q1,BS_INVESTMENT_PROPERTIES_ACCUMULATED_DEPRECIATION,  ‣ Investment Properties Accumulated Depreciation,40,2,False,VNĐ,-0.0
2021-Q1,BS_OTHER_ASSETS,Other Assets,41,1,False,VNĐ,15592956000000.0
2021-Q1,BS_RECEIVABLES,  ‣ Receivables,42,2,False,VNĐ,12427850000000.0
2021-Q1,BS_INTEREST_AND_FEE_RECEIVABLES,  ‣ Interest and Fee Receivables,43,2,False,VNĐ,1642618000000.0
2021-Q1,BS_DEFERRED_TAX_ASSETS,  ‣ Deferred Tax Assets,44,2,False,VNĐ,0.0
2021-Q1,BS_OTHER_ASSETS_DETAIL,  ‣ Other Assets Detail,45,2,False,VNĐ,1576189000000.0
2021-Q1,BS_GOODWILL,  ‣ Goodwill,46,2,False,VNĐ,
2021-Q1,BS_PROVISION_OTHER_ASSETS,  ‣ Provision Other Assets,47,2,False,VNĐ,-53701000000.0
2021-Q1,BS_TOTAL_LIABILITIES_AND_EQUITY,Total Liabilities and Equity,48,1,False,VNĐ,216152686000000.0
2021-Q1,BS_TOTAL_LIABILITIES,Total Liabilities,49,1,False,VNĐ,198202860000000.0
2021-Q1,BS_DUE_TO_GOVERNMENT_AND_SBV,  ‣ Due to Government and SBV,50,2,False,VNĐ,668285000000.0
2021-Q1,BS_PLACEMENTS_AND_BORROWINGS_FROM_CREDIT_INSTITUTIONS,  ‣ Placements and Borrowings from Credit Institutions,51,2,False,VNĐ,48712126000000.0
2021-Q1,BS_PLACEMENTS_FROM_CREDIT_INSTITUTIONS,    • Placements from Credit Institutions,52,3,False,VNĐ,28483199000000.0
2021-Q1,BS_BORROWINGS_FROM_CREDIT_INSTITUTIONS,    • Borrowings from Credit Institutions,53,3,False,VNĐ,20228927000000.0
2021-Q1,BS_CUSTOMER_DEPOSITS,  ‣ Customer Deposits,54,2,False,VNĐ,120036649000000.0
2021-Q1,BS_DERIVATIVES_AND_OTHER_FINANCIAL_LIABILITIES,  ‣ Derivatives and Other Financial Liabilities,55,2,False,VNĐ,0.0
2021-Q1,BS_FUNDS_AND_ENTRUSTED_INVESTMENTS,  ‣ Funds and Entrusted Investments,56,2,False,VNĐ,679715000000.0
2021-Q1,BS_VALUABLE_PAPERS_ISSUED,  ‣ Valuable Papers Issued,57,2,False,VNĐ,24444124000000.0
2021-Q1,BS_OTHER_LIABILITIES,  ‣ Other Liabilities,58,2,False,VNĐ,3661961000000.0
2021-Q1,BS_INTEREST_AND_FEE_PAYABLES,    • Interest and Fee Payables,59,3,False,VNĐ,2642868000000.0
2021-Q1,BS_DEFERRED_TAX_LIABILITIES,    • Deferred Tax Liabilities,60,3,False,VNĐ,
2021-Q1,BS_OTHER_PAYABLES_AND_LIABILITIES,    • Other Payables and Liabilities,61,3,False,VNĐ,1019093000000.0
2021-Q1,BS_OTHER_PROVISIONS,    • Other Provisions,62,3,False,VNĐ,0.0
2021-Q1,BS_EQUITY,Equity,63,1,False,VNĐ,17949826000000.0
2021-Q1,BS_CHARTER_CAPITAL_AND_FUNDS,  ‣ Charter Capital and Funds,64,2,False,VNĐ,9859189000000.0
2021-Q1,BS_CHARTER_CAPITAL,    • Charter Capital,65,3,False,VNĐ,10716717000000.0
2021-Q1,BS_SHARE_PREMIUM,    • Share Premium,66,3,False,VNĐ,51071000000.0
2021-Q1,BS_TREASURY_SHARES,    • Treasury Shares,67,3,False,VNĐ,-908599000000.0
2021-Q1,BS_OTHER_CAPITAL,    • Other Capital,68,3,False,VNĐ,0.0
2021-Q1,BS_RESERVES,  ‣ Reserves,69,2,False,VNĐ,862350000000.0
2021-Q1,BS_FOREIGN_EXCHANGE_DIFFERENCES,  ‣ Foreign Exchange Differences,70,2,False,VNĐ,67399000000.0
2021-Q1,BS_ASSET_REVALUATION_DIFFERENCES,  ‣ Asset Revaluation Differences,71,2,False,VNĐ,0.0
2021-Q1,BS_RETAINED_EARNINGS,  ‣ Retained Earnings,72,2,False,VNĐ,7160888000000.0
2021-Q1,BS_MINORITY_INTEREST,Minority Interest,73,1,False,VNĐ,0.0
2021-Q1,BS_OFF_BALANCE_SHEET_ITEMS,Off Balance Sheet Items,74,1,True,VNĐ,
2021-Q1,BS_LOAN_GUARANTEES,  ‣ Loan Guarantees,75,2,True,VNĐ,
2021-Q1,BS_FX_COMMITMENTS,  ‣ FX Commitments,76,2,True,VNĐ,204233000000.0
2021-Q1,BS_COMMITMENTS_TO_BUY_FX,    • Commitments to Buy FX,77,3,True,VNĐ,5620633000000.0
2021-Q1,BS_COMMITMENTS_TO_SELL_FX,    • Commitments to Sell FX,78,3,True,VNĐ,2284354000000.0
2021-Q1,BS_SWAP_COMMITMENTS,    • Swap Commitments,79,3,True,VNĐ,127792498000000.0
2021-Q1,BS_FUTURE_COMMITMENTS,    • Future Commitments,80,3,True,VNĐ,0.0
2021-Q1,BS_IRREVOCABLE_LOAN_COMMITMENTS,  ‣ Irrevocable Loan Commitments,81,2,True,VNĐ,0.0
2021-Q1,BS_LC_COMMITMENTS,  ‣ LC Commitments,82,2,True,VNĐ,3946142000000.0
2021-Q1,BS_OTHER_GUARANTEES,  ‣ Other Guarantees,83,2,True,VNĐ,17915229000000.0
2021-Q1,BS_OTHER_COMMITMENTS,  ‣ Other Commitments,84,2,True,VNĐ,10426005000000.0
2020-Q4,BS_TOTAL_ASSETS,Total Assets,1,1,False,VNĐ,206314594000000.0
2020-Q4,BS_CASH_AND_PRECIOUS_METALS,Cash and Precious Metals,2,1,False,VNĐ,2214265000000.0
2020-Q4,BS_BALANCES_WITH_SBV,Balances With SBV,3,1,False,VNĐ,9108762000000.0
2020-Q4,BS_PLACEMENTS_AND_LOANS_TO_CREDIT_INSTITUTIONS,Placements and Loans to Credit Institutions,4,1,False,VNĐ,12698296000000.0
2020-Q4,BS_PLACEMENTS_WITH_CREDIT_INSTITUTIONS,  ‣ Placements With Credit Institutions,5,2,False,VNĐ,8685780000000.0
2020-Q4,BS_LOANS_TO_CREDIT_INSTITUTIONS,  ‣ Loans to Credit Institutions,6,2,False,VNĐ,4012516000000.0
2020-Q4,BS_PROVISION_CREDIT_INSTITUTIONS,  ‣ Provision Credit Institutions,7,2,False,VNĐ,0.0
2020-Q4,BS_TRADING_SECURITIES,Trading Securities,8,1,False,VNĐ,0.0
2020-Q4,BS_TRADING_SECURITIES_GROSS,  ‣ Trading Securities Gross,9,2,False,VNĐ,0.0
2020-Q4,BS_PROVISION_TRADING_SECURITIES,  ‣ Provision Trading Securities,10,2,False,VNĐ,0.0
2020-Q4,BS_DERIVATIVES_AND_OTHER_FINANCIAL_ASSETS,Derivatives and Other Financial Assets,11,1,False,VNĐ,77344000000.0
2020-Q4,BS_LOANS_TO_CUSTOMERS,Loans to Customers,12,1,False,VNĐ,118084610000000.0
2020-Q4,BS_LOANS_TO_CUSTOMERS_GROSS,  ‣ Loans to Customers Gross,13,2,False,VNĐ,119990991000000.0
2020-Q4,BS_PROVISION_LOANS_TO_CUSTOMERS,  ‣ Provision Loans to Customers,14,2,False,VNĐ,-1906381000000.0
2020-Q4,BS_DEBT_PURCHASES,Debt Purchases,15,1,False,VNĐ,1043036000000.0
2020-Q4,BS_DEBT_PURCHASES_GROSS,  ‣ Debt Purchases Gross,16,2,False,VNĐ,1051094000000.0
2020-Q4,BS_PROVISION_DEBT_PURCHASES,  ‣ Provision Debt Purchases,17,2,False,VNĐ,-8058000000.0
2020-Q4,BS_INVESTMENT_SECURITIES,Investment Securities,18,1,False,VNĐ,48095142000000.0
2020-Q4,BS_AVAILABLE_FOR_SALE_SECURITIES,  ‣ Available for Sale Securities,19,2,False,VNĐ,48197336000000.0
2020-Q4,BS_HELD_TO_MATURITY_SECURITIES,  ‣ Held to Maturity Securities,20,2,False,VNĐ,44700000000.0
2020-Q4,BS_PROVISION_INVESTMENT_SECURITIES,  ‣ Provision Investment Securities,21,2,False,VNĐ,-146894000000.0
2020-Q4,BS_LONG_TERM_INVESTMENTS,Long Term Investments,22,1,False,VNĐ,0.0
2020-Q4,BS_INVESTMENTS_IN_JOINT_VENTURES,  ‣ Investments in Joint Ventures,23,2,False,VNĐ,0.0
2020-Q4,BS_CAPITAL_CONTRIBUTION_JOINT_VENTURES,  ‣ Capital Contribution Joint Ventures,24,2,False,VNĐ,0.0
2020-Q4,BS_INVESTMENTS_IN_ASSOCIATES,  ‣ Investments in Associates,25,2,False,VNĐ,0.0
2020-Q4,BS_OTHER_LONG_TERM_INVESTMENTS,  ‣ Other Long Term Investments,26,2,False,VNĐ,0.0
2020-Q4,BS_PROVISION_LONG_TERM_INVESTMENTS,  ‣ Provision Long Term Investments,27,2,False,VNĐ,0.0
2020-Q4,BS_FIXED_ASSETS,Fixed Assets,28,1,False,VNĐ,708842000000.0
2020-Q4,BS_TANGIBLE_FIXED_ASSETS,  ‣ Tangible Fixed Assets,29,2,False,VNĐ,475619000000.0
2020-Q4,BS_TANGIBLE_FIXED_ASSETS_COST,    • Tangible Fixed Assets Cost,30,3,False,VNĐ,934334000000.0
2020-Q4,BS_TANGIBLE_FIXED_ASSETS_ACCUMULATED_DEPRECIATION,    • Tangible Fixed Assets Accumulated Depreciation,31,3,False,VNĐ,-458715000000.0
2020-Q4,BS_FINANCE_LEASE_FIXED_ASSETS,  ‣ Finance Lease Fixed Assets,32,2,False,VNĐ,0.0
2020-Q4,BS_FINANCE_LEASE_FIXED_ASSETS_COST,    • Finance Lease Fixed Assets Cost,33,3,False,VNĐ,0.0
2020-Q4,BS_FINANCE_LEASE_FIXED_ASSETS_ACCUMULATED_DEPRECIATION,    • Finance Lease Fixed Assets Accumulated Depreciation,34,3,False,VNĐ,-0.0
2020-Q4,BS_INTANGIBLE_FIXED_ASSETS,  ‣ Intangible Fixed Assets,35,2,False,VNĐ,233223000000.0
2020-Q4,BS_INTANGIBLE_FIXED_ASSETS_COST,    • Intangible Fixed Assets Cost,36,3,False,VNĐ,483915000000.0
2020-Q4,BS_INTANGIBLE_FIXED_ASSETS_ACCUMULATED_DEPRECIATION,    • Intangible Fixed Assets Accumulated Depreciation,37,3,False,VNĐ,-250692000000.0
2020-Q4,BS_INVESTMENT_PROPERTIES,Investment Properties,38,1,False,VNĐ,0.0
2020-Q4,BS_INVESTMENT_PROPERTIES_COST,  ‣ Investment Properties Cost,39,2,False,VNĐ,0.0
2020-Q4,BS_INVESTMENT_PROPERTIES_ACCUMULATED_DEPRECIATION,  ‣ Investment Properties Accumulated Depreciation,40,2,False,VNĐ,-0.0
2020-Q4,BS_OTHER_ASSETS,Other Assets,41,1,False,VNĐ,14284297000000.0
2020-Q4,BS_RECEIVABLES,  ‣ Receivables,42,2,False,VNĐ,11088232000000.0
2020-Q4,BS_INTEREST_AND_FEE_RECEIVABLES,  ‣ Interest and Fee Receivables,43,2,False,VNĐ,1677236000000.0
2020-Q4,BS_DEFERRED_TAX_ASSETS,  ‣ Deferred Tax Assets,44,2,False,VNĐ,0.0
2020-Q4,BS_OTHER_ASSETS_DETAIL,  ‣ Other Assets Detail,45,2,False,VNĐ,1572530000000.0
2020-Q4,BS_GOODWILL,  ‣ Goodwill,46,2,False,VNĐ,
2020-Q4,BS_PROVISION_OTHER_ASSETS,  ‣ Provision Other Assets,47,2,False,VNĐ,-53701000000.0
2020-Q4,BS_TOTAL_LIABILITIES_AND_EQUITY,Total Liabilities and Equity,48,1,False,VNĐ,206314594000000.0
2020-Q4,BS_TOTAL_LIABILITIES,Total Liabilities,49,1,False,VNĐ,189570291000000.0
2020-Q4,BS_DUE_TO_GOVERNMENT_AND_SBV,  ‣ Due to Government and SBV,50,2,False,VNĐ,697937000000.0
2020-Q4,BS_PLACEMENTS_AND_BORROWINGS_FROM_CREDIT_INSTITUTIONS,  ‣ Placements and Borrowings from Credit Institutions,51,2,False,VNĐ,40879958000000.0
2020-Q4,BS_PLACEMENTS_FROM_CREDIT_INSTITUTIONS,    • Placements from Credit Institutions,52,3,False,VNĐ,19401344000000.0
2020-Q4,BS_BORROWINGS_FROM_CREDIT_INSTITUTIONS,    • Borrowings from Credit Institutions,53,3,False,VNĐ,21478614000000.0
2020-Q4,BS_CUSTOMER_DEPOSITS,  ‣ Customer Deposits,54,2,False,VNĐ,115903526000000.0
2020-Q4,BS_DERIVATIVES_AND_OTHER_FINANCIAL_LIABILITIES,  ‣ Derivatives and Other Financial Liabilities,55,2,False,VNĐ,0.0
2020-Q4,BS_FUNDS_AND_ENTRUSTED_INVESTMENTS,  ‣ Funds and Entrusted Investments,56,2,False,VNĐ,688576000000.0
2020-Q4,BS_VALUABLE_PAPERS_ISSUED,  ‣ Valuable Papers Issued,57,2,False,VNĐ,27438818000000.0
2020-Q4,BS_OTHER_LIABILITIES,  ‣ Other Liabilities,58,2,False,VNĐ,3961476000000.0
2020-Q4,BS_INTEREST_AND_FEE_PAYABLES,    • Interest and Fee Payables,59,3,False,VNĐ,2608422000000.0
2020-Q4,BS_DEFERRED_TAX_LIABILITIES,    • Deferred Tax Liabilities,60,3,False,VNĐ,
2020-Q4,BS_OTHER_PAYABLES_AND_LIABILITIES,    • Other Payables and Liabilities,61,3,False,VNĐ,1353054000000.0
2020-Q4,BS_OTHER_PROVISIONS,    • Other Provisions,62,3,False,VNĐ,0.0
2020-Q4,BS_EQUITY,Equity,63,1,False,VNĐ,16744303000000.0
2020-Q4,BS_CHARTER_CAPITAL_AND_FUNDS,  ‣ Charter Capital and Funds,64,2,False,VNĐ,9859190000000.0
2020-Q4,BS_CHARTER_CAPITAL,    • Charter Capital,65,3,False,VNĐ,10716717000000.0
2020-Q4,BS_SHARE_PREMIUM,    • Share Premium,66,3,False,VNĐ,51072000000.0
2020-Q4,BS_TREASURY_SHARES,    • Treasury Shares,67,3,False,VNĐ,-908599000000.0
2020-Q4,BS_OTHER_CAPITAL,    • Other Capital,68,3,False,VNĐ,0.0
2020-Q4,BS_RESERVES,  ‣ Reserves,69,2,False,VNĐ,862350000000.0
2020-Q4,BS_FOREIGN_EXCHANGE_DIFFERENCES,  ‣ Foreign Exchange Differences,70,2,False,VNĐ,0.0
2020-Q4,BS_ASSET_REVALUATION_DIFFERENCES,  ‣ Asset Revaluation Differences,71,2,False,VNĐ,0.0
2020-Q4,BS_RETAINED_EARNINGS,  ‣ Retained Earnings,72,2,False,VNĐ,6022763000000.0
2020-Q4,BS_MINORITY_INTEREST,Minority Interest,73,1,False,VNĐ,0.0
2020-Q4,BS_OFF_BALANCE_SHEET_ITEMS,Off Balance Sheet Items,74,1,True,VNĐ,
2020-Q4,BS_LOAN_GUARANTEES,  ‣ Loan Guarantees,75,2,True,VNĐ,
2020-Q4,BS_FX_COMMITMENTS,  ‣ FX Commitments,76,2,True,VNĐ,208607000000.0
2020-Q4,BS_COMMITMENTS_TO_BUY_FX,    • Commitments to Buy FX,77,3,True,VNĐ,4462774000000.0
2020-Q4,BS_COMMITMENTS_TO_SELL_FX,    • Commitments to Sell FX,78,3,True,VNĐ,4042638000000.0
2020-Q4,BS_SWAP_COMMITMENTS,    • Swap Commitments,79,3,True,VNĐ,77355440000000.0
2020-Q4,BS_FUTURE_COMMITMENTS,    • Future Commitments,80,3,True,VNĐ,0.0
2020-Q4,BS_IRREVOCABLE_LOAN_COMMITMENTS,  ‣ Irrevocable Loan Commitments,81,2,True,VNĐ,0.0
2020-Q4,BS_LC_COMMITMENTS,  ‣ LC Commitments,82,2,True,VNĐ,2605732000000.0
2020-Q4,BS_OTHER_GUARANTEES,  ‣ Other Guarantees,83,2,True,VNĐ,17110059000000.0
2020-Q4,BS_OTHER_COMMITMENTS,  ‣ Other Commitments,84,2,True,VNĐ,7262285000000.0
2020-Q3,BS_TOTAL_ASSETS,Total Assets,1,1,False,VNĐ,193461319000000.0
2020-Q3,BS_CASH_AND_PRECIOUS_METALS,Cash and Precious Metals,2,1,False,VNĐ,1789875000000.0
2020-Q3,BS_BALANCES_WITH_SBV,Balances With SBV,3,1,False,VNĐ,8870437000000.0
2020-Q3,BS_PLACEMENTS_AND_LOANS_TO_CREDIT_INSTITUTIONS,Placements and Loans to Credit Institutions,4,1,False,VNĐ,19326156000000.0
2020-Q3,BS_PLACEMENTS_WITH_CREDIT_INSTITUTIONS,  ‣ Placements With Credit Institutions,5,2,False,VNĐ,16100752000000.0
2020-Q3,BS_LOANS_TO_CREDIT_INSTITUTIONS,  ‣ Loans to Credit Institutions,6,2,False,VNĐ,3225404000000.0
2020-Q3,BS_PROVISION_CREDIT_INSTITUTIONS,  ‣ Provision Credit Institutions,7,2,False,VNĐ,0.0
2020-Q3,BS_TRADING_SECURITIES,Trading Securities,8,1,False,VNĐ,0.0
2020-Q3,BS_TRADING_SECURITIES_GROSS,  ‣ Trading Securities Gross,9,2,False,VNĐ,0.0
2020-Q3,BS_PROVISION_TRADING_SECURITIES,  ‣ Provision Trading Securities,10,2,False,VNĐ,0.0
2020-Q3,BS_DERIVATIVES_AND_OTHER_FINANCIAL_ASSETS,Derivatives and Other Financial Assets,11,1,False,VNĐ,72291000000.0
2020-Q3,BS_LOANS_TO_CUSTOMERS,Loans to Customers,12,1,False,VNĐ,108523546000000.0
2020-Q3,BS_LOANS_TO_CUSTOMERS_GROSS,  ‣ Loans to Customers Gross,13,2,False,VNĐ,110340232000000.0
2020-Q3,BS_PROVISION_LOANS_TO_CUSTOMERS,  ‣ Provision Loans to Customers,14,2,False,VNĐ,-1816686000000.0
2020-Q3,BS_DEBT_PURCHASES,Debt Purchases,15,1,False,VNĐ,1071369000000.0
2020-Q3,BS_DEBT_PURCHASES_GROSS,  ‣ Debt Purchases Gross,16,2,False,VNĐ,1079639000000.0
2020-Q3,BS_PROVISION_DEBT_PURCHASES,  ‣ Provision Debt Purchases,17,2,False,VNĐ,-8270000000.0
2020-Q3,BS_INVESTMENT_SECURITIES,Investment Securities,18,1,False,VNĐ,42338093000000.0
2020-Q3,BS_AVAILABLE_FOR_SALE_SECURITIES,  ‣ Available for Sale Securities,19,2,False,VNĐ,42454857000000.0
2020-Q3,BS_HELD_TO_MATURITY_SECURITIES,  ‣ Held to Maturity Securities,20,2,False,VNĐ,44700000000.0
2020-Q3,BS_PROVISION_INVESTMENT_SECURITIES,  ‣ Provision Investment Securities,21,2,False,VNĐ,-161464000000.0
2020-Q3,BS_LONG_TERM_INVESTMENTS,Long Term Investments,22,1,False,VNĐ,0.0
2020-Q3,BS_INVESTMENTS_IN_JOINT_VENTURES,  ‣ Investments in Joint Ventures,23,2,False,VNĐ,0.0
2020-Q3,BS_CAPITAL_CONTRIBUTION_JOINT_VENTURES,  ‣ Capital Contribution Joint Ventures,24,2,False,VNĐ,0.0
2020-Q3,BS_INVESTMENTS_IN_ASSOCIATES,  ‣ Investments in Associates,25,2,False,VNĐ,0.0
2020-Q3,BS_OTHER_LONG_TERM_INVESTMENTS,  ‣ Other Long Term Investments,26,2,False,VNĐ,0.0
2020-Q3,BS_PROVISION_LONG_TERM_INVESTMENTS,  ‣ Provision Long Term Investments,27,2,False,VNĐ,0.0
2020-Q3,BS_FIXED_ASSETS,Fixed Assets,28,1,False,VNĐ,566225000000.0
2020-Q3,BS_TANGIBLE_FIXED_ASSETS,  ‣ Tangible Fixed Assets,29,2,False,VNĐ,360898000000.0
2020-Q3,BS_TANGIBLE_FIXED_ASSETS_COST,    • Tangible Fixed Assets Cost,30,3,False,VNĐ,780648000000.0
2020-Q3,BS_TANGIBLE_FIXED_ASSETS_ACCUMULATED_DEPRECIATION,    • Tangible Fixed Assets Accumulated Depreciation,31,3,False,VNĐ,-419750000000.0
2020-Q3,BS_FINANCE_LEASE_FIXED_ASSETS,  ‣ Finance Lease Fixed Assets,32,2,False,VNĐ,0.0
2020-Q3,BS_FINANCE_LEASE_FIXED_ASSETS_COST,    • Finance Lease Fixed Assets Cost,33,3,False,VNĐ,0.0
2020-Q3,BS_FINANCE_LEASE_FIXED_ASSETS_ACCUMULATED_DEPRECIATION,    • Finance Lease Fixed Assets Accumulated Depreciation,34,3,False,VNĐ,-0.0
2020-Q3,BS_INTANGIBLE_FIXED_ASSETS,  ‣ Intangible Fixed Assets,35,2,False,VNĐ,205327000000.0
2020-Q3,BS_INTANGIBLE_FIXED_ASSETS_COST,    • Intangible Fixed Assets Cost,36,3,False,VNĐ,435441000000.0
2020-Q3,BS_INTANGIBLE_FIXED_ASSETS_ACCUMULATED_DEPRECIATION,    • Intangible Fixed Assets Accumulated Depreciation,37,3,False,VNĐ,-230114000000.0
2020-Q3,BS_INVESTMENT_PROPERTIES,Investment Properties,38,1,False,VNĐ,0.0
2020-Q3,BS_INVESTMENT_PROPERTIES_COST,  ‣ Investment Properties Cost,39,2,False,VNĐ,0.0
2020-Q3,BS_INVESTMENT_PROPERTIES_ACCUMULATED_DEPRECIATION,  ‣ Investment Properties Accumulated Depreciation,40,2,False,VNĐ,-0.0
2020-Q3,BS_OTHER_ASSETS,Other Assets,41,1,False,VNĐ,10903327000000.0
2020-Q3,BS_RECEIVABLES,  ‣ Receivables,42,2,False,VNĐ,7584408000000.0
2020-Q3,BS_INTEREST_AND_FEE_RECEIVABLES,  ‣ Interest and Fee Receivables,43,2,False,VNĐ,1821064000000.0
2020-Q3,BS_DEFERRED_TAX_ASSETS,  ‣ Deferred Tax Assets,44,2,False,VNĐ,0.0
2020-Q3,BS_OTHER_ASSETS_DETAIL,  ‣ Other Assets Detail,45,2,False,VNĐ,1523399000000.0
2020-Q3,BS_GOODWILL,  ‣ Goodwill,46,2,False,VNĐ,
2020-Q3,BS_PROVISION_OTHER_ASSETS,  ‣ Provision Other Assets,47,2,False,VNĐ,-25544000000.0
2020-Q3,BS_TOTAL_LIABILITIES_AND_EQUITY,Total Liabilities and Equity,48,1,False,VNĐ,193461319000000.0
2020-Q3,BS_TOTAL_LIABILITIES,Total Liabilities,49,1,False,VNĐ,178023249000000.0
2020-Q3,BS_DUE_TO_GOVERNMENT_AND_SBV,  ‣ Due to Government and SBV,50,2,False,VNĐ,731691000000.0
2020-Q3,BS_PLACEMENTS_AND_BORROWINGS_FROM_CREDIT_INSTITUTIONS,  ‣ Placements and Borrowings from Credit Institutions,51,2,False,VNĐ,43782865000000.0
2020-Q3,BS_PLACEMENTS_FROM_CREDIT_INSTITUTIONS,    • Placements from Credit Institutions,52,3,False,VNĐ,31257656000000.0
2020-Q3,BS_BORROWINGS_FROM_CREDIT_INSTITUTIONS,    • Borrowings from Credit Institutions,53,3,False,VNĐ,12525209000000.0
2020-Q3,BS_CUSTOMER_DEPOSITS,  ‣ Customer Deposits,54,2,False,VNĐ,108694001000000.0
2020-Q3,BS_DERIVATIVES_AND_OTHER_FINANCIAL_LIABILITIES,  ‣ Derivatives and Other Financial Liabilities,55,2,False,VNĐ,0.0
2020-Q3,BS_FUNDS_AND_ENTRUSTED_INVESTMENTS,  ‣ Funds and Entrusted Investments,56,2,False,VNĐ,690394000000.0
2020-Q3,BS_VALUABLE_PAPERS_ISSUED,  ‣ Valuable Papers Issued,57,2,False,VNĐ,20277248000000.0
2020-Q3,BS_OTHER_LIABILITIES,  ‣ Other Liabilities,58,2,False,VNĐ,3847050000000.0
2020-Q3,BS_INTEREST_AND_FEE_PAYABLES,    • Interest and Fee Payables,59,3,False,VNĐ,2499681000000.0
2020-Q3,BS_DEFERRED_TAX_LIABILITIES,    • Deferred Tax Liabilities,60,3,False,VNĐ,
2020-Q3,BS_OTHER_PAYABLES_AND_LIABILITIES,    • Other Payables and Liabilities,61,3,False,VNĐ,1347369000000.0
2020-Q3,BS_OTHER_PROVISIONS,    • Other Provisions,62,3,False,VNĐ,0.0
2020-Q3,BS_EQUITY,Equity,63,1,False,VNĐ,15438070000000.0
2020-Q3,BS_CHARTER_CAPITAL_AND_FUNDS,  ‣ Charter Capital and Funds,64,2,False,VNĐ,7657369000000.0
2020-Q3,BS_CHARTER_CAPITAL,    • Charter Capital,65,3,False,VNĐ,8565892000000.0
2020-Q3,BS_SHARE_PREMIUM,    • Share Premium,66,3,False,VNĐ,76000000.0
2020-Q3,BS_TREASURY_SHARES,    • Treasury Shares,67,3,False,VNĐ,-908599000000.0
2020-Q3,BS_OTHER_CAPITAL,    • Other Capital,68,3,False,VNĐ,0.0
2020-Q3,BS_RESERVES,  ‣ Reserves,69,2,False,VNĐ,1040335000000.0
2020-Q3,BS_FOREIGN_EXCHANGE_DIFFERENCES,  ‣ Foreign Exchange Differences,70,2,False,VNĐ,175040000000.0
2020-Q3,BS_ASSET_REVALUATION_DIFFERENCES,  ‣ Asset Revaluation Differences,71,2,False,VNĐ,0.0
2020-Q3,BS_RETAINED_EARNINGS,  ‣ Retained Earnings,72,2,False,VNĐ,6565326000000.0
2020-Q3,BS_MINORITY_INTEREST,Minority Interest,73,1,False,VNĐ,0.0
2020-Q3,BS_OFF_BALANCE_SHEET_ITEMS,Off Balance Sheet Items,74,1,True,VNĐ,
2020-Q3,BS_LOAN_GUARANTEES,  ‣ Loan Guarantees,75,2,True,VNĐ,
2020-Q3,BS_FX_COMMITMENTS,  ‣ FX Commitments,76,2,True,VNĐ,152497000000.0
2020-Q3,BS_COMMITMENTS_TO_BUY_FX,    • Commitments to Buy FX,77,3,True,VNĐ,2427461000000.0
2020-Q3,BS_COMMITMENTS_TO_SELL_FX,    • Commitments to Sell FX,78,3,True,VNĐ,2319162000000.0
2020-Q3,BS_SWAP_COMMITMENTS,    • Swap Commitments,79,3,True,VNĐ,75201930000000.0
2020-Q3,BS_FUTURE_COMMITMENTS,    • Future Commitments,80,3,True,VNĐ,0.0
2020-Q3,BS_IRREVOCABLE_LOAN_COMMITMENTS,  ‣ Irrevocable Loan Commitments,81,2,True,VNĐ,0.0
2020-Q3,BS_LC_COMMITMENTS,  ‣ LC Commitments,82,2,True,VNĐ,1718866000000.0
2020-Q3,BS_OTHER_GUARANTEES,  ‣ Other Guarantees,83,2,True,VNĐ,13666504000000.0
2020-Q3,BS_OTHER_COMMITMENTS,  ‣ Other Commitments,84,2,True,VNĐ,5493830000000.0
2020-Q2,BS_TOTAL_ASSETS,Total Assets,1,1,False,VNĐ,181339877000000.0
2020-Q2,BS_CASH_AND_PRECIOUS_METALS,Cash and Precious Metals,2,1,False,VNĐ,1620795000000.0
2020-Q2,BS_BALANCES_WITH_SBV,Balances With SBV,3,1,False,VNĐ,7702277000000.0
2020-Q2,BS_PLACEMENTS_AND_LOANS_TO_CREDIT_INSTITUTIONS,Placements and Loans to Credit Institutions,4,1,False,VNĐ,23349975000000.0
2020-Q2,BS_PLACEMENTS_WITH_CREDIT_INSTITUTIONS,  ‣ Placements With Credit Institutions,5,2,False,VNĐ,18961680000000.0
2020-Q2,BS_LOANS_TO_CREDIT_INSTITUTIONS,  ‣ Loans to Credit Institutions,6,2,False,VNĐ,4388295000000.0
2020-Q2,BS_PROVISION_CREDIT_INSTITUTIONS,  ‣ Provision Credit Institutions,7,2,False,VNĐ,0.0
2020-Q2,BS_TRADING_SECURITIES,Trading Securities,8,1,False,VNĐ,0.0
2020-Q2,BS_TRADING_SECURITIES_GROSS,  ‣ Trading Securities Gross,9,2,False,VNĐ,0.0
2020-Q2,BS_PROVISION_TRADING_SECURITIES,  ‣ Provision Trading Securities,10,2,False,VNĐ,0.0
2020-Q2,BS_DERIVATIVES_AND_OTHER_FINANCIAL_ASSETS,Derivatives and Other Financial Assets,11,1,False,VNĐ,59364000000.0
2020-Q2,BS_LOANS_TO_CUSTOMERS,Loans to Customers,12,1,False,VNĐ,98754279000000.0
2020-Q2,BS_LOANS_TO_CUSTOMERS_GROSS,  ‣ Loans to Customers Gross,13,2,False,VNĐ,100419332000000.0
2020-Q2,BS_PROVISION_LOANS_TO_CUSTOMERS,  ‣ Provision Loans to Customers,14,2,False,VNĐ,-1665053000000.0
2020-Q2,BS_DEBT_PURCHASES,Debt Purchases,15,1,False,VNĐ,1113260000000.0
2020-Q2,BS_DEBT_PURCHASES_GROSS,  ‣ Debt Purchases Gross,16,2,False,VNĐ,1121570000000.0
2020-Q2,BS_PROVISION_DEBT_PURCHASES,  ‣ Provision Debt Purchases,17,2,False,VNĐ,-8310000000.0
2020-Q2,BS_INVESTMENT_SECURITIES,Investment Securities,18,1,False,VNĐ,38211435000000.0
2020-Q2,BS_AVAILABLE_FOR_SALE_SECURITIES,  ‣ Available for Sale Securities,19,2,False,VNĐ,38324320000000.0
2020-Q2,BS_HELD_TO_MATURITY_SECURITIES,  ‣ Held to Maturity Securities,20,2,False,VNĐ,44700000000.0
2020-Q2,BS_PROVISION_INVESTMENT_SECURITIES,  ‣ Provision Investment Securities,21,2,False,VNĐ,-157585000000.0
2020-Q2,BS_LONG_TERM_INVESTMENTS,Long Term Investments,22,1,False,VNĐ,0.0
2020-Q2,BS_INVESTMENTS_IN_JOINT_VENTURES,  ‣ Investments in Joint Ventures,23,2,False,VNĐ,0.0
2020-Q2,BS_CAPITAL_CONTRIBUTION_JOINT_VENTURES,  ‣ Capital Contribution Joint Ventures,24,2,False,VNĐ,0.0
2020-Q2,BS_INVESTMENTS_IN_ASSOCIATES,  ‣ Investments in Associates,25,2,False,VNĐ,0.0
2020-Q2,BS_OTHER_LONG_TERM_INVESTMENTS,  ‣ Other Long Term Investments,26,2,False,VNĐ,0.0
2020-Q2,BS_PROVISION_LONG_TERM_INVESTMENTS,  ‣ Provision Long Term Investments,27,2,False,VNĐ,0.0
2020-Q2,BS_FIXED_ASSETS,Fixed Assets,28,1,False,VNĐ,602256000000.0
2020-Q2,BS_TANGIBLE_FIXED_ASSETS,  ‣ Tangible Fixed Assets,29,2,False,VNĐ,387327000000.0
2020-Q2,BS_TANGIBLE_FIXED_ASSETS_COST,    • Tangible Fixed Assets Cost,30,3,False,VNĐ,774312000000.0
2020-Q2,BS_TANGIBLE_FIXED_ASSETS_ACCUMULATED_DEPRECIATION,    • Tangible Fixed Assets Accumulated Depreciation,31,3,False,VNĐ,-386985000000.0
2020-Q2,BS_FINANCE_LEASE_FIXED_ASSETS,  ‣ Finance Lease Fixed Assets,32,2,False,VNĐ,0.0
2020-Q2,BS_FINANCE_LEASE_FIXED_ASSETS_COST,    • Finance Lease Fixed Assets Cost,33,3,False,VNĐ,0.0
2020-Q2,BS_FINANCE_LEASE_FIXED_ASSETS_ACCUMULATED_DEPRECIATION,    • Finance Lease Fixed Assets Accumulated Depreciation,34,3,False,VNĐ,-0.0
2020-Q2,BS_INTANGIBLE_FIXED_ASSETS,  ‣ Intangible Fixed Assets,35,2,False,VNĐ,214929000000.0
2020-Q2,BS_INTANGIBLE_FIXED_ASSETS_COST,    • Intangible Fixed Assets Cost,36,3,False,VNĐ,419322000000.0
2020-Q2,BS_INTANGIBLE_FIXED_ASSETS_ACCUMULATED_DEPRECIATION,    • Intangible Fixed Assets Accumulated Depreciation,37,3,False,VNĐ,-204393000000.0
2020-Q2,BS_INVESTMENT_PROPERTIES,Investment Properties,38,1,False,VNĐ,0.0
2020-Q2,BS_INVESTMENT_PROPERTIES_COST,  ‣ Investment Properties Cost,39,2,False,VNĐ,0.0
2020-Q2,BS_INVESTMENT_PROPERTIES_ACCUMULATED_DEPRECIATION,  ‣ Investment Properties Accumulated Depreciation,40,2,False,VNĐ,-0.0
2020-Q2,BS_OTHER_ASSETS,Other Assets,41,1,False,VNĐ,9926236000000.0
2020-Q2,BS_RECEIVABLES,  ‣ Receivables,42,2,False,VNĐ,6879346000000.0
2020-Q2,BS_INTEREST_AND_FEE_RECEIVABLES,  ‣ Interest and Fee Receivables,43,2,False,VNĐ,1564654000000.0
2020-Q2,BS_DEFERRED_TAX_ASSETS,  ‣ Deferred Tax Assets,44,2,False,VNĐ,0.0
2020-Q2,BS_OTHER_ASSETS_DETAIL,  ‣ Other Assets Detail,45,2,False,VNĐ,1507780000000.0
2020-Q2,BS_GOODWILL,  ‣ Goodwill,46,2,False,VNĐ,
2020-Q2,BS_PROVISION_OTHER_ASSETS,  ‣ Provision Other Assets,47,2,False,VNĐ,-25544000000.0
2020-Q2,BS_TOTAL_LIABILITIES_AND_EQUITY,Total Liabilities and Equity,48,1,False,VNĐ,181339877000000.0
2020-Q2,BS_TOTAL_LIABILITIES,Total Liabilities,49,1,False,VNĐ,166869224000000.0
2020-Q2,BS_DUE_TO_GOVERNMENT_AND_SBV,  ‣ Due to Government and SBV,50,2,False,VNĐ,771563000000.0
2020-Q2,BS_PLACEMENTS_AND_BORROWINGS_FROM_CREDIT_INSTITUTIONS,  ‣ Placements and Borrowings from Credit Institutions,51,2,False,VNĐ,45992431000000.0
2020-Q2,BS_PLACEMENTS_FROM_CREDIT_INSTITUTIONS,    • Placements from Credit Institutions,52,3,False,VNĐ,31270611000000.0
2020-Q2,BS_BORROWINGS_FROM_CREDIT_INSTITUTIONS,    • Borrowings from Credit Institutions,53,3,False,VNĐ,14721820000000.0
2020-Q2,BS_CUSTOMER_DEPOSITS,  ‣ Customer Deposits,54,2,False,VNĐ,96214153000000.0
2020-Q2,BS_DERIVATIVES_AND_OTHER_FINANCIAL_LIABILITIES,  ‣ Derivatives and Other Financial Liabilities,55,2,False,VNĐ,0.0
2020-Q2,BS_FUNDS_AND_ENTRUSTED_INVESTMENTS,  ‣ Funds and Entrusted Investments,56,2,False,VNĐ,710250000000.0
2020-Q2,BS_VALUABLE_PAPERS_ISSUED,  ‣ Valuable Papers Issued,57,2,False,VNĐ,19642928000000.0
2020-Q2,BS_OTHER_LIABILITIES,  ‣ Other Liabilities,58,2,False,VNĐ,3537899000000.0
2020-Q2,BS_INTEREST_AND_FEE_PAYABLES,    • Interest and Fee Payables,59,3,False,VNĐ,2080499000000.0
2020-Q2,BS_DEFERRED_TAX_LIABILITIES,    • Deferred Tax Liabilities,60,3,False,VNĐ,
2020-Q2,BS_OTHER_PAYABLES_AND_LIABILITIES,    • Other Payables and Liabilities,61,3,False,VNĐ,1457400000000.0
2020-Q2,BS_OTHER_PROVISIONS,    • Other Provisions,62,3,False,VNĐ,0.0
2020-Q2,BS_EQUITY,Equity,63,1,False,VNĐ,14470653000000.0
2020-Q2,BS_CHARTER_CAPITAL_AND_FUNDS,  ‣ Charter Capital and Funds,64,2,False,VNĐ,7657369000000.0
2020-Q2,BS_CHARTER_CAPITAL,    • Charter Capital,65,3,False,VNĐ,8565892000000.0
2020-Q2,BS_SHARE_PREMIUM,    • Share Premium,66,3,False,VNĐ,76000000.0
2020-Q2,BS_TREASURY_SHARES,    • Treasury Shares,67,3,False,VNĐ,-908599000000.0
2020-Q2,BS_OTHER_CAPITAL,    • Other Capital,68,3,False,VNĐ,0.0
2020-Q2,BS_RESERVES,  ‣ Reserves,69,2,False,VNĐ,1040335000000.0
2020-Q2,BS_FOREIGN_EXCHANGE_DIFFERENCES,  ‣ Foreign Exchange Differences,70,2,False,VNĐ,0.0
2020-Q2,BS_ASSET_REVALUATION_DIFFERENCES,  ‣ Asset Revaluation Differences,71,2,False,VNĐ,0.0
2020-Q2,BS_RETAINED_EARNINGS,  ‣ Retained Earnings,72,2,False,VNĐ,5772949000000.0
2020-Q2,BS_MINORITY_INTEREST,Minority Interest,73,1,False,VNĐ,0.0
2020-Q2,BS_OFF_BALANCE_SHEET_ITEMS,Off Balance Sheet Items,74,1,True,VNĐ,
2020-Q2,BS_LOAN_GUARANTEES,  ‣ Loan Guarantees,75,2,True,VNĐ,
2020-Q2,BS_FX_COMMITMENTS,  ‣ FX Commitments,76,2,True,VNĐ,0.0
2020-Q2,BS_COMMITMENTS_TO_BUY_FX,    • Commitments to Buy FX,77,3,True,VNĐ,3939876000000.0
2020-Q2,BS_COMMITMENTS_TO_SELL_FX,    • Commitments to Sell FX,78,3,True,VNĐ,3866487000000.0
2020-Q2,BS_SWAP_COMMITMENTS,    • Swap Commitments,79,3,True,VNĐ,74739939000000.0
2020-Q2,BS_FUTURE_COMMITMENTS,    • Future Commitments,80,3,True,VNĐ,0.0
2020-Q2,BS_IRREVOCABLE_LOAN_COMMITMENTS,  ‣ Irrevocable Loan Commitments,81,2,True,VNĐ,0.0
2020-Q2,BS_LC_COMMITMENTS,  ‣ LC Commitments,82,2,True,VNĐ,2353980000000.0
2020-Q2,BS_OTHER_GUARANTEES,  ‣ Other Guarantees,83,2,True,VNĐ,11400816000000.0
2020-Q2,BS_OTHER_COMMITMENTS,  ‣ Other Commitments,84,2,True,VNĐ,4915205000000.0
2020-Q1,BS_TOTAL_ASSETS,Total Assets,1,1,False,VNĐ,176632067000000.0
2020-Q1,BS_CASH_AND_PRECIOUS_METALS,Cash and Precious Metals,2,1,False,VNĐ,1608090000000.0
2020-Q1,BS_BALANCES_WITH_SBV,Balances With SBV,3,1,False,VNĐ,3249808000000.0
2020-Q1,BS_PLACEMENTS_AND_LOANS_TO_CREDIT_INSTITUTIONS,Placements and Loans to Credit Institutions,4,1,False,VNĐ,23885054000000.0
2020-Q1,BS_PLACEMENTS_WITH_CREDIT_INSTITUTIONS,  ‣ Placements With Credit Institutions,5,2,False,VNĐ,20490801000000.0
2020-Q1,BS_LOANS_TO_CREDIT_INSTITUTIONS,  ‣ Loans to Credit Institutions,6,2,False,VNĐ,3394253000000.0
2020-Q1,BS_PROVISION_CREDIT_INSTITUTIONS,  ‣ Provision Credit Institutions,7,2,False,VNĐ,0.0
2020-Q1,BS_TRADING_SECURITIES,Trading Securities,8,1,False,VNĐ,0.0
2020-Q1,BS_TRADING_SECURITIES_GROSS,  ‣ Trading Securities Gross,9,2,False,VNĐ,0.0
2020-Q1,BS_PROVISION_TRADING_SECURITIES,  ‣ Provision Trading Securities,10,2,False,VNĐ,0.0
2020-Q1,BS_DERIVATIVES_AND_OTHER_FINANCIAL_ASSETS,Derivatives and Other Financial Assets,11,1,False,VNĐ,85730000000.0
2020-Q1,BS_LOANS_TO_CUSTOMERS,Loans to Customers,12,1,False,VNĐ,99076574000000.0
2020-Q1,BS_LOANS_TO_CUSTOMERS_GROSS,  ‣ Loans to Customers Gross,13,2,False,VNĐ,100508623000000.0
2020-Q1,BS_PROVISION_LOANS_TO_CUSTOMERS,  ‣ Provision Loans to Customers,14,2,False,VNĐ,-1432049000000.0
2020-Q1,BS_DEBT_PURCHASES,Debt Purchases,15,1,False,VNĐ,1021460000000.0
2020-Q1,BS_DEBT_PURCHASES_GROSS,  ‣ Debt Purchases Gross,16,2,False,VNĐ,1029312000000.0
2020-Q1,BS_PROVISION_DEBT_PURCHASES,  ‣ Provision Debt Purchases,17,2,False,VNĐ,-7852000000.0
2020-Q1,BS_INVESTMENT_SECURITIES,Investment Securities,18,1,False,VNĐ,37789032000000.0
2020-Q1,BS_AVAILABLE_FOR_SALE_SECURITIES,  ‣ Available for Sale Securities,19,2,False,VNĐ,37870350000000.0
2020-Q1,BS_HELD_TO_MATURITY_SECURITIES,  ‣ Held to Maturity Securities,20,2,False,VNĐ,44700000000.0
2020-Q1,BS_PROVISION_INVESTMENT_SECURITIES,  ‣ Provision Investment Securities,21,2,False,VNĐ,-126018000000.0
2020-Q1,BS_LONG_TERM_INVESTMENTS,Long Term Investments,22,1,False,VNĐ,39600000000.0
2020-Q1,BS_INVESTMENTS_IN_JOINT_VENTURES,  ‣ Investments in Joint Ventures,23,2,False,VNĐ,0.0
2020-Q1,BS_CAPITAL_CONTRIBUTION_JOINT_VENTURES,  ‣ Capital Contribution Joint Ventures,24,2,False,VNĐ,0.0
2020-Q1,BS_INVESTMENTS_IN_ASSOCIATES,  ‣ Investments in Associates,25,2,False,VNĐ,0.0
2020-Q1,BS_OTHER_LONG_TERM_INVESTMENTS,  ‣ Other Long Term Investments,26,2,False,VNĐ,39600000000.0
2020-Q1,BS_PROVISION_LONG_TERM_INVESTMENTS,  ‣ Provision Long Term Investments,27,2,False,VNĐ,0.0
2020-Q1,BS_FIXED_ASSETS,Fixed Assets,28,1,False,VNĐ,626871000000.0
2020-Q1,BS_TANGIBLE_FIXED_ASSETS,  ‣ Tangible Fixed Assets,29,2,False,VNĐ,404752000000.0
2020-Q1,BS_TANGIBLE_FIXED_ASSETS_COST,    • Tangible Fixed Assets Cost,30,3,False,VNĐ,763234000000.0
2020-Q1,BS_TANGIBLE_FIXED_ASSETS_ACCUMULATED_DEPRECIATION,    • Tangible Fixed Assets Accumulated Depreciation,31,3,False,VNĐ,-358482000000.0
2020-Q1,BS_FINANCE_LEASE_FIXED_ASSETS,  ‣ Finance Lease Fixed Assets,32,2,False,VNĐ,0.0
2020-Q1,BS_FINANCE_LEASE_FIXED_ASSETS_COST,    • Finance Lease Fixed Assets Cost,33,3,False,VNĐ,0.0
2020-Q1,BS_FINANCE_LEASE_FIXED_ASSETS_ACCUMULATED_DEPRECIATION,    • Finance Lease Fixed Assets Accumulated Depreciation,34,3,False,VNĐ,-0.0
2020-Q1,BS_INTANGIBLE_FIXED_ASSETS,  ‣ Intangible Fixed Assets,35,2,False,VNĐ,222119000000.0
2020-Q1,BS_INTANGIBLE_FIXED_ASSETS_COST,    • Intangible Fixed Assets Cost,36,3,False,VNĐ,412226000000.0
2020-Q1,BS_INTANGIBLE_FIXED_ASSETS_ACCUMULATED_DEPRECIATION,    • Intangible Fixed Assets Accumulated Depreciation,37,3,False,VNĐ,-190107000000.0
2020-Q1,BS_INVESTMENT_PROPERTIES,Investment Properties,38,1,False,VNĐ,0.0
2020-Q1,BS_INVESTMENT_PROPERTIES_COST,  ‣ Investment Properties Cost,39,2,False,VNĐ,0.0
2020-Q1,BS_INVESTMENT_PROPERTIES_ACCUMULATED_DEPRECIATION,  ‣ Investment Properties Accumulated Depreciation,40,2,False,VNĐ,-0.0
2020-Q1,BS_OTHER_ASSETS,Other Assets,41,1,False,VNĐ,9249848000000.0
2020-Q1,BS_RECEIVABLES,  ‣ Receivables,42,2,False,VNĐ,6091296000000.0
2020-Q1,BS_INTEREST_AND_FEE_RECEIVABLES,  ‣ Interest and Fee Receivables,43,2,False,VNĐ,1670095000000.0
2020-Q1,BS_DEFERRED_TAX_ASSETS,  ‣ Deferred Tax Assets,44,2,False,VNĐ,0.0
2020-Q1,BS_OTHER_ASSETS_DETAIL,  ‣ Other Assets Detail,45,2,False,VNĐ,1503765000000.0
2020-Q1,BS_GOODWILL,  ‣ Goodwill,46,2,False,VNĐ,
2020-Q1,BS_PROVISION_OTHER_ASSETS,  ‣ Provision Other Assets,47,2,False,VNĐ,-15308000000.0
2020-Q1,BS_TOTAL_LIABILITIES_AND_EQUITY,Total Liabilities and Equity,48,1,False,VNĐ,176632067000000.0
2020-Q1,BS_TOTAL_LIABILITIES,Total Liabilities,49,1,False,VNĐ,162769230000000.0
2020-Q1,BS_DUE_TO_GOVERNMENT_AND_SBV,  ‣ Due to Government and SBV,50,2,False,VNĐ,1475129000000.0
2020-Q1,BS_PLACEMENTS_AND_BORROWINGS_FROM_CREDIT_INSTITUTIONS,  ‣ Placements and Borrowings from Credit Institutions,51,2,False,VNĐ,50977111000000.0
2020-Q1,BS_PLACEMENTS_FROM_CREDIT_INSTITUTIONS,    • Placements from Credit Institutions,52,3,False,VNĐ,34379754000000.0
2020-Q1,BS_BORROWINGS_FROM_CREDIT_INSTITUTIONS,    • Borrowings from Credit Institutions,53,3,False,VNĐ,16597357000000.0
2020-Q1,BS_CUSTOMER_DEPOSITS,  ‣ Customer Deposits,54,2,False,VNĐ,89686651000000.0
2020-Q1,BS_DERIVATIVES_AND_OTHER_FINANCIAL_LIABILITIES,  ‣ Derivatives and Other Financial Liabilities,55,2,False,VNĐ,0.0
2020-Q1,BS_FUNDS_AND_ENTRUSTED_INVESTMENTS,  ‣ Funds and Entrusted Investments,56,2,False,VNĐ,727579000000.0
2020-Q1,BS_VALUABLE_PAPERS_ISSUED,  ‣ Valuable Papers Issued,57,2,False,VNĐ,16500350000000.0
2020-Q1,BS_OTHER_LIABILITIES,  ‣ Other Liabilities,58,2,False,VNĐ,3402410000000.0
2020-Q1,BS_INTEREST_AND_FEE_PAYABLES,    • Interest and Fee Payables,59,3,False,VNĐ,2138219000000.0
2020-Q1,BS_DEFERRED_TAX_LIABILITIES,    • Deferred Tax Liabilities,60,3,False,VNĐ,
2020-Q1,BS_OTHER_PAYABLES_AND_LIABILITIES,    • Other Payables and Liabilities,61,3,False,VNĐ,1264191000000.0
2020-Q1,BS_OTHER_PROVISIONS,    • Other Provisions,62,3,False,VNĐ,0.0
2020-Q1,BS_EQUITY,Equity,63,1,False,VNĐ,13862837000000.0
2020-Q1,BS_CHARTER_CAPITAL_AND_FUNDS,  ‣ Charter Capital and Funds,64,2,False,VNĐ,7657369000000.0
2020-Q1,BS_CHARTER_CAPITAL,    • Charter Capital,65,3,False,VNĐ,8565892000000.0
2020-Q1,BS_SHARE_PREMIUM,    • Share Premium,66,3,False,VNĐ,76000000.0
2020-Q1,BS_TREASURY_SHARES,    • Treasury Shares,67,3,False,VNĐ,-908599000000.0
2020-Q1,BS_OTHER_CAPITAL,    • Other Capital,68,3,False,VNĐ,0.0
2020-Q1,BS_RESERVES,  ‣ Reserves,69,2,False,VNĐ,576259000000.0
2020-Q1,BS_FOREIGN_EXCHANGE_DIFFERENCES,  ‣ Foreign Exchange Differences,70,2,False,VNĐ,205034000000.0
2020-Q1,BS_ASSET_REVALUATION_DIFFERENCES,  ‣ Asset Revaluation Differences,71,2,False,VNĐ,0.0
2020-Q1,BS_RETAINED_EARNINGS,  ‣ Retained Earnings,72,2,False,VNĐ,5424175000000.0
2020-Q1,BS_MINORITY_INTEREST,Minority Interest,73,1,False,VNĐ,0.0
2020-Q1,BS_OFF_BALANCE_SHEET_ITEMS,Off Balance Sheet Items,74,1,True,VNĐ,
2020-Q1,BS_LOAN_GUARANTEES,  ‣ Loan Guarantees,75,2,True,VNĐ,
2020-Q1,BS_FX_COMMITMENTS,  ‣ FX Commitments,76,2,True,VNĐ,152596000000.0
2020-Q1,BS_COMMITMENTS_TO_BUY_FX,    • Commitments to Buy FX,77,3,True,VNĐ,3881506000000.0
2020-Q1,BS_COMMITMENTS_TO_SELL_FX,    • Commitments to Sell FX,78,3,True,VNĐ,3804213000000.0
2020-Q1,BS_SWAP_COMMITMENTS,    • Swap Commitments,79,3,True,VNĐ,71156808000000.0
2020-Q1,BS_FUTURE_COMMITMENTS,    • Future Commitments,80,3,True,VNĐ,0.0
2020-Q1,BS_IRREVOCABLE_LOAN_COMMITMENTS,  ‣ Irrevocable Loan Commitments,81,2,True,VNĐ,0.0
2020-Q1,BS_LC_COMMITMENTS,  ‣ LC Commitments,82,2,True,VNĐ,1510907000000.0
2020-Q1,BS_OTHER_GUARANTEES,  ‣ Other Guarantees,83,2,True,VNĐ,11377696000000.0
2020-Q1,BS_OTHER_COMMITMENTS,  ‣ Other Commitments,84,2,True,VNĐ,1113978000000.0
2019-Q4,BS_TOTAL_ASSETS,Total Assets,1,1,False,VNĐ,164593666000000.0
2019-Q4,BS_CASH_AND_PRECIOUS_METALS,Cash and Precious Metals,2,1,False,VNĐ,1654531000000.0
2019-Q4,BS_BALANCES_WITH_SBV,Balances With SBV,3,1,False,VNĐ,7760937000000.0
2019-Q4,BS_PLACEMENTS_AND_LOANS_TO_CREDIT_INSTITUTIONS,Placements and Loans to Credit Institutions,4,1,False,VNĐ,21023865000000.0
2019-Q4,BS_PLACEMENTS_WITH_CREDIT_INSTITUTIONS,  ‣ Placements With Credit Institutions,5,2,False,VNĐ,19261332000000.0
2019-Q4,BS_LOANS_TO_CREDIT_INSTITUTIONS,  ‣ Loans to Credit Institutions,6,2,False,VNĐ,1762533000000.0
2019-Q4,BS_PROVISION_CREDIT_INSTITUTIONS,  ‣ Provision Credit Institutions,7,2,False,VNĐ,0.0
2019-Q4,BS_TRADING_SECURITIES,Trading Securities,8,1,False,VNĐ,0.0
2019-Q4,BS_TRADING_SECURITIES_GROSS,  ‣ Trading Securities Gross,9,2,False,VNĐ,0.0
2019-Q4,BS_PROVISION_TRADING_SECURITIES,  ‣ Provision Trading Securities,10,2,False,VNĐ,0.0
2019-Q4,BS_DERIVATIVES_AND_OTHER_FINANCIAL_ASSETS,Derivatives and Other Financial Assets,11,1,False,VNĐ,12987000000.0
2019-Q4,BS_LOANS_TO_CUSTOMERS,Loans to Customers,12,1,False,VNĐ,94435382000000.0
2019-Q4,BS_LOANS_TO_CUSTOMERS_GROSS,  ‣ Loans to Customers Gross,13,2,False,VNĐ,95643700000000.0
2019-Q4,BS_PROVISION_LOANS_TO_CUSTOMERS,  ‣ Provision Loans to Customers,14,2,False,VNĐ,-1208318000000.0
2019-Q4,BS_DEBT_PURCHASES,Debt Purchases,15,1,False,VNĐ,1041334000000.0
2019-Q4,BS_DEBT_PURCHASES_GROSS,  ‣ Debt Purchases Gross,16,2,False,VNĐ,1050606000000.0
2019-Q4,BS_PROVISION_DEBT_PURCHASES,  ‣ Provision Debt Purchases,17,2,False,VNĐ,-9272000000.0
2019-Q4,BS_INVESTMENT_SECURITIES,Investment Securities,18,1,False,VNĐ,26075064000000.0
2019-Q4,BS_AVAILABLE_FOR_SALE_SECURITIES,  ‣ Available for Sale Securities,19,2,False,VNĐ,26139104000000.0
2019-Q4,BS_HELD_TO_MATURITY_SECURITIES,  ‣ Held to Maturity Securities,20,2,False,VNĐ,44700000000.0
2019-Q4,BS_PROVISION_INVESTMENT_SECURITIES,  ‣ Provision Investment Securities,21,2,False,VNĐ,-108740000000.0
2019-Q4,BS_LONG_TERM_INVESTMENTS,Long Term Investments,22,1,False,VNĐ,0.0
2019-Q4,BS_INVESTMENTS_IN_JOINT_VENTURES,  ‣ Investments in Joint Ventures,23,2,False,VNĐ,0.0
2019-Q4,BS_CAPITAL_CONTRIBUTION_JOINT_VENTURES,  ‣ Capital Contribution Joint Ventures,24,2,False,VNĐ,0.0
2019-Q4,BS_INVESTMENTS_IN_ASSOCIATES,  ‣ Investments in Associates,25,2,False,VNĐ,0.0
2019-Q4,BS_OTHER_LONG_TERM_INVESTMENTS,  ‣ Other Long Term Investments,26,2,False,VNĐ,0.0
2019-Q4,BS_PROVISION_LONG_TERM_INVESTMENTS,  ‣ Provision Long Term Investments,27,2,False,VNĐ,0.0
2019-Q4,BS_FIXED_ASSETS,Fixed Assets,28,1,False,VNĐ,570994000000.0
2019-Q4,BS_TANGIBLE_FIXED_ASSETS,  ‣ Tangible Fixed Assets,29,2,False,VNĐ,368965000000.0
2019-Q4,BS_TANGIBLE_FIXED_ASSETS_COST,    • Tangible Fixed Assets Cost,30,3,False,VNĐ,698012000000.0
2019-Q4,BS_TANGIBLE_FIXED_ASSETS_ACCUMULATED_DEPRECIATION,    • Tangible Fixed Assets Accumulated Depreciation,31,3,False,VNĐ,-329047000000.0
2019-Q4,BS_FINANCE_LEASE_FIXED_ASSETS,  ‣ Finance Lease Fixed Assets,32,2,False,VNĐ,0.0
2019-Q4,BS_FINANCE_LEASE_FIXED_ASSETS_COST,    • Finance Lease Fixed Assets Cost,33,3,False,VNĐ,0.0
2019-Q4,BS_FINANCE_LEASE_FIXED_ASSETS_ACCUMULATED_DEPRECIATION,    • Finance Lease Fixed Assets Accumulated Depreciation,34,3,False,VNĐ,-0.0
2019-Q4,BS_INTANGIBLE_FIXED_ASSETS,  ‣ Intangible Fixed Assets,35,2,False,VNĐ,202029000000.0
2019-Q4,BS_INTANGIBLE_FIXED_ASSETS_COST,    • Intangible Fixed Assets Cost,36,3,False,VNĐ,370895000000.0
2019-Q4,BS_INTANGIBLE_FIXED_ASSETS_ACCUMULATED_DEPRECIATION,    • Intangible Fixed Assets Accumulated Depreciation,37,3,False,VNĐ,-168866000000.0
2019-Q4,BS_INVESTMENT_PROPERTIES,Investment Properties,38,1,False,VNĐ,0.0
2019-Q4,BS_INVESTMENT_PROPERTIES_COST,  ‣ Investment Properties Cost,39,2,False,VNĐ,0.0
2019-Q4,BS_INVESTMENT_PROPERTIES_ACCUMULATED_DEPRECIATION,  ‣ Investment Properties Accumulated Depreciation,40,2,False,VNĐ,-0.0
2019-Q4,BS_OTHER_ASSETS,Other Assets,41,1,False,VNĐ,12018572000000.0
2019-Q4,BS_RECEIVABLES,  ‣ Receivables,42,2,False,VNĐ,9222733000000.0
2019-Q4,BS_INTEREST_AND_FEE_RECEIVABLES,  ‣ Interest and Fee Receivables,43,2,False,VNĐ,1311427000000.0
2019-Q4,BS_DEFERRED_TAX_ASSETS,  ‣ Deferred Tax Assets,44,2,False,VNĐ,0.0
2019-Q4,BS_OTHER_ASSETS_DETAIL,  ‣ Other Assets Detail,45,2,False,VNĐ,1499720000000.0
2019-Q4,BS_GOODWILL,  ‣ Goodwill,46,2,False,VNĐ,
2019-Q4,BS_PROVISION_OTHER_ASSETS,  ‣ Provision Other Assets,47,2,False,VNĐ,-15308000000.0
2019-Q4,BS_TOTAL_LIABILITIES_AND_EQUITY,Total Liabilities and Equity,48,1,False,VNĐ,164593666000000.0
2019-Q4,BS_TOTAL_LIABILITIES,Total Liabilities,49,1,False,VNĐ,151518886000000.0
2019-Q4,BS_DUE_TO_GOVERNMENT_AND_SBV,  ‣ Due to Government and SBV,50,2,False,VNĐ,828005000000.0
2019-Q4,BS_PLACEMENTS_AND_BORROWINGS_FROM_CREDIT_INSTITUTIONS,  ‣ Placements and Borrowings from Credit Institutions,51,2,False,VNĐ,40213903000000.0
2019-Q4,BS_PLACEMENTS_FROM_CREDIT_INSTITUTIONS,    • Placements from Credit Institutions,52,3,False,VNĐ,28948393000000.0
2019-Q4,BS_BORROWINGS_FROM_CREDIT_INSTITUTIONS,    • Borrowings from Credit Institutions,53,3,False,VNĐ,11265510000000.0
2019-Q4,BS_CUSTOMER_DEPOSITS,  ‣ Customer Deposits,54,2,False,VNĐ,92439495000000.0
2019-Q4,BS_DERIVATIVES_AND_OTHER_FINANCIAL_LIABILITIES,  ‣ Derivatives and Other Financial Liabilities,55,2,False,VNĐ,0.0
2019-Q4,BS_FUNDS_AND_ENTRUSTED_INVESTMENTS,  ‣ Funds and Entrusted Investments,56,2,False,VNĐ,706047000000.0
2019-Q4,BS_VALUABLE_PAPERS_ISSUED,  ‣ Valuable Papers Issued,57,2,False,VNĐ,14426020000000.0
2019-Q4,BS_OTHER_LIABILITIES,  ‣ Other Liabilities,58,2,False,VNĐ,2905416000000.0
2019-Q4,BS_INTEREST_AND_FEE_PAYABLES,    • Interest and Fee Payables,59,3,False,VNĐ,2034579000000.0
2019-Q4,BS_DEFERRED_TAX_LIABILITIES,    • Deferred Tax Liabilities,60,3,False,VNĐ,
2019-Q4,BS_OTHER_PAYABLES_AND_LIABILITIES,    • Other Payables and Liabilities,61,3,False,VNĐ,870837000000.0
2019-Q4,BS_OTHER_PROVISIONS,    • Other Provisions,62,3,False,VNĐ,0.0
2019-Q4,BS_EQUITY,Equity,63,1,False,VNĐ,13074780000000.0
2019-Q4,BS_CHARTER_CAPITAL_AND_FUNDS,  ‣ Charter Capital and Funds,64,2,False,VNĐ,7882729000000.0
2019-Q4,BS_CHARTER_CAPITAL,    • Charter Capital,65,3,False,VNĐ,8565892000000.0
2019-Q4,BS_SHARE_PREMIUM,    • Share Premium,66,3,False,VNĐ,76000000.0
2019-Q4,BS_TREASURY_SHARES,    • Treasury Shares,67,3,False,VNĐ,-683239000000.0
2019-Q4,BS_OTHER_CAPITAL,    • Other Capital,68,3,False,VNĐ,0.0
2019-Q4,BS_RESERVES,  ‣ Reserves,69,2,False,VNĐ,576259000000.0
2019-Q4,BS_FOREIGN_EXCHANGE_DIFFERENCES,  ‣ Foreign Exchange Differences,70,2,False,VNĐ,0.0
2019-Q4,BS_ASSET_REVALUATION_DIFFERENCES,  ‣ Asset Revaluation Differences,71,2,False,VNĐ,0.0
2019-Q4,BS_RETAINED_EARNINGS,  ‣ Retained Earnings,72,2,False,VNĐ,4615792000000.0
2019-Q4,BS_MINORITY_INTEREST,Minority Interest,73,1,False,VNĐ,0.0
2019-Q4,BS_OFF_BALANCE_SHEET_ITEMS,Off Balance Sheet Items,74,1,True,VNĐ,
2019-Q4,BS_LOAN_GUARANTEES,  ‣ Loan Guarantees,75,2,True,VNĐ,
2019-Q4,BS_FX_COMMITMENTS,  ‣ FX Commitments,76,2,True,VNĐ,86770000000.0
2019-Q4,BS_COMMITMENTS_TO_BUY_FX,    • Commitments to Buy FX,77,3,True,VNĐ,6812180000000.0
2019-Q4,BS_COMMITMENTS_TO_SELL_FX,    • Commitments to Sell FX,78,3,True,VNĐ,6822556000000.0
2019-Q4,BS_SWAP_COMMITMENTS,    • Swap Commitments,79,3,True,VNĐ,59929770000000.0
2019-Q4,BS_FUTURE_COMMITMENTS,    • Future Commitments,80,3,True,VNĐ,0.0
2019-Q4,BS_IRREVOCABLE_LOAN_COMMITMENTS,  ‣ Irrevocable Loan Commitments,81,2,True,VNĐ,0.0
2019-Q4,BS_LC_COMMITMENTS,  ‣ LC Commitments,82,2,True,VNĐ,1761377000000.0
2019-Q4,BS_OTHER_GUARANTEES,  ‣ Other Guarantees,83,2,True,VNĐ,11534642000000.0
2019-Q4,BS_OTHER_COMMITMENTS,  ‣ Other Commitments,84,2,True,VNĐ,1300013000000.0
2019-Q3,BS_TOTAL_ASSETS,Total Assets,1,1,False,VNĐ,153929979000000.0
2019-Q3,BS_CASH_AND_PRECIOUS_METALS,Cash and Precious Metals,2,1,False,VNĐ,1567186000000.0
2019-Q3,BS_BALANCES_WITH_SBV,Balances With SBV,3,1,False,VNĐ,6087591000000.0
2019-Q3,BS_PLACEMENTS_AND_LOANS_TO_CREDIT_INSTITUTIONS,Placements and Loans to Credit Institutions,4,1,False,VNĐ,21379254000000.0
2019-Q3,BS_PLACEMENTS_WITH_CREDIT_INSTITUTIONS,  ‣ Placements With Credit Institutions,5,2,False,VNĐ,21279254000000.0
2019-Q3,BS_LOANS_TO_CREDIT_INSTITUTIONS,  ‣ Loans to Credit Institutions,6,2,False,VNĐ,100000000000.0
2019-Q3,BS_PROVISION_CREDIT_INSTITUTIONS,  ‣ Provision Credit Institutions,7,2,False,VNĐ,0.0
2019-Q3,BS_TRADING_SECURITIES,Trading Securities,8,1,False,VNĐ,0.0
2019-Q3,BS_TRADING_SECURITIES_GROSS,  ‣ Trading Securities Gross,9,2,False,VNĐ,0.0
2019-Q3,BS_PROVISION_TRADING_SECURITIES,  ‣ Provision Trading Securities,10,2,False,VNĐ,0.0
2019-Q3,BS_DERIVATIVES_AND_OTHER_FINANCIAL_ASSETS,Derivatives and Other Financial Assets,11,1,False,VNĐ,86725000000.0
2019-Q3,BS_LOANS_TO_CUSTOMERS,Loans to Customers,12,1,False,VNĐ,91827514000000.0
2019-Q3,BS_LOANS_TO_CUSTOMERS_GROSS,  ‣ Loans to Customers Gross,13,2,False,VNĐ,92954005000000.0
2019-Q3,BS_PROVISION_LOANS_TO_CUSTOMERS,  ‣ Provision Loans to Customers,14,2,False,VNĐ,-1126491000000.0
2019-Q3,BS_DEBT_PURCHASES,Debt Purchases,15,1,False,VNĐ,902908000000.0
2019-Q3,BS_DEBT_PURCHASES_GROSS,  ‣ Debt Purchases Gross,16,2,False,VNĐ,909269000000.0
2019-Q3,BS_PROVISION_DEBT_PURCHASES,  ‣ Provision Debt Purchases,17,2,False,VNĐ,-6361000000.0
2019-Q3,BS_INVESTMENT_SECURITIES,Investment Securities,18,1,False,VNĐ,19882626000000.0
2019-Q3,BS_AVAILABLE_FOR_SALE_SECURITIES,  ‣ Available for Sale Securities,19,2,False,VNĐ,19942100000000.0
2019-Q3,BS_HELD_TO_MATURITY_SECURITIES,  ‣ Held to Maturity Securities,20,2,False,VNĐ,44700000000.0
2019-Q3,BS_PROVISION_INVESTMENT_SECURITIES,  ‣ Provision Investment Securities,21,2,False,VNĐ,-104174000000.0
2019-Q3,BS_LONG_TERM_INVESTMENTS,Long Term Investments,22,1,False,VNĐ,0.0
2019-Q3,BS_INVESTMENTS_IN_JOINT_VENTURES,  ‣ Investments in Joint Ventures,23,2,False,VNĐ,0.0
2019-Q3,BS_CAPITAL_CONTRIBUTION_JOINT_VENTURES,  ‣ Capital Contribution Joint Ventures,24,2,False,VNĐ,0.0
2019-Q3,BS_INVESTMENTS_IN_ASSOCIATES,  ‣ Investments in Associates,25,2,False,VNĐ,0.0
2019-Q3,BS_OTHER_LONG_TERM_INVESTMENTS,  ‣ Other Long Term Investments,26,2,False,VNĐ,0.0
2019-Q3,BS_PROVISION_LONG_TERM_INVESTMENTS,  ‣ Provision Long Term Investments,27,2,False,VNĐ,0.0
2019-Q3,BS_FIXED_ASSETS,Fixed Assets,28,1,False,VNĐ,411839000000.0
2019-Q3,BS_TANGIBLE_FIXED_ASSETS,  ‣ Tangible Fixed Assets,29,2,False,VNĐ,272291000000.0
2019-Q3,BS_TANGIBLE_FIXED_ASSETS_COST,    • Tangible Fixed Assets Cost,30,3,False,VNĐ,576943000000.0
2019-Q3,BS_TANGIBLE_FIXED_ASSETS_ACCUMULATED_DEPRECIATION,    • Tangible Fixed Assets Accumulated Depreciation,31,3,False,VNĐ,-304652000000.0
2019-Q3,BS_FINANCE_LEASE_FIXED_ASSETS,  ‣ Finance Lease Fixed Assets,32,2,False,VNĐ,0.0
2019-Q3,BS_FINANCE_LEASE_FIXED_ASSETS_COST,    • Finance Lease Fixed Assets Cost,33,3,False,VNĐ,0.0
2019-Q3,BS_FINANCE_LEASE_FIXED_ASSETS_ACCUMULATED_DEPRECIATION,    • Finance Lease Fixed Assets Accumulated Depreciation,34,3,False,VNĐ,-0.0
2019-Q3,BS_INTANGIBLE_FIXED_ASSETS,  ‣ Intangible Fixed Assets,35,2,False,VNĐ,139548000000.0
2019-Q3,BS_INTANGIBLE_FIXED_ASSETS_COST,    • Intangible Fixed Assets Cost,36,3,False,VNĐ,291365000000.0
2019-Q3,BS_INTANGIBLE_FIXED_ASSETS_ACCUMULATED_DEPRECIATION,    • Intangible Fixed Assets Accumulated Depreciation,37,3,False,VNĐ,-151817000000.0
2019-Q3,BS_INVESTMENT_PROPERTIES,Investment Properties,38,1,False,VNĐ,0.0
2019-Q3,BS_INVESTMENT_PROPERTIES_COST,  ‣ Investment Properties Cost,39,2,False,VNĐ,0.0
2019-Q3,BS_INVESTMENT_PROPERTIES_ACCUMULATED_DEPRECIATION,  ‣ Investment Properties Accumulated Depreciation,40,2,False,VNĐ,-0.0
2019-Q3,BS_OTHER_ASSETS,Other Assets,41,1,False,VNĐ,11784336000000.0
2019-Q3,BS_RECEIVABLES,  ‣ Receivables,42,2,False,VNĐ,7500341000000.0
2019-Q3,BS_INTEREST_AND_FEE_RECEIVABLES,  ‣ Interest and Fee Receivables,43,2,False,VNĐ,1386249000000.0
2019-Q3,BS_DEFERRED_TAX_ASSETS,  ‣ Deferred Tax Assets,44,2,False,VNĐ,0.0
2019-Q3,BS_OTHER_ASSETS_DETAIL,  ‣ Other Assets Detail,45,2,False,VNĐ,2897746000000.0
2019-Q3,BS_GOODWILL,  ‣ Goodwill,46,2,False,VNĐ,
2019-Q3,BS_PROVISION_OTHER_ASSETS,  ‣ Provision Other Assets,47,2,False,VNĐ,0.0
2019-Q3,BS_TOTAL_LIABILITIES_AND_EQUITY,Total Liabilities and Equity,48,1,False,VNĐ,153929979000000.0
2019-Q3,BS_TOTAL_LIABILITIES,Total Liabilities,49,1,False,VNĐ,142020768000000.0
2019-Q3,BS_DUE_TO_GOVERNMENT_AND_SBV,  ‣ Due to Government and SBV,50,2,False,VNĐ,857282000000.0
2019-Q3,BS_PLACEMENTS_AND_BORROWINGS_FROM_CREDIT_INSTITUTIONS,  ‣ Placements and Borrowings from Credit Institutions,51,2,False,VNĐ,39159546000000.0
2019-Q3,BS_PLACEMENTS_FROM_CREDIT_INSTITUTIONS,    • Placements from Credit Institutions,52,3,False,VNĐ,28694325000000.0
2019-Q3,BS_BORROWINGS_FROM_CREDIT_INSTITUTIONS,    • Borrowings from Credit Institutions,53,3,False,VNĐ,10465221000000.0
2019-Q3,BS_CUSTOMER_DEPOSITS,  ‣ Customer Deposits,54,2,False,VNĐ,85596232000000.0
2019-Q3,BS_DERIVATIVES_AND_OTHER_FINANCIAL_LIABILITIES,  ‣ Derivatives and Other Financial Liabilities,55,2,False,VNĐ,0.0
2019-Q3,BS_FUNDS_AND_ENTRUSTED_INVESTMENTS,  ‣ Funds and Entrusted Investments,56,2,False,VNĐ,694606000000.0
2019-Q3,BS_VALUABLE_PAPERS_ISSUED,  ‣ Valuable Papers Issued,57,2,False,VNĐ,13040539000000.0
2019-Q3,BS_OTHER_LIABILITIES,  ‣ Other Liabilities,58,2,False,VNĐ,2672563000000.0
2019-Q3,BS_INTEREST_AND_FEE_PAYABLES,    • Interest and Fee Payables,59,3,False,VNĐ,1755869000000.0
2019-Q3,BS_DEFERRED_TAX_LIABILITIES,    • Deferred Tax Liabilities,60,3,False,VNĐ,
2019-Q3,BS_OTHER_PAYABLES_AND_LIABILITIES,    • Other Payables and Liabilities,61,3,False,VNĐ,916694000000.0
2019-Q3,BS_OTHER_PROVISIONS,    • Other Provisions,62,3,False,VNĐ,0.0
2019-Q3,BS_EQUITY,Equity,63,1,False,VNĐ,11909211000000.0
2019-Q3,BS_CHARTER_CAPITAL_AND_FUNDS,  ‣ Charter Capital and Funds,64,2,False,VNĐ,7882729000000.0
2019-Q3,BS_CHARTER_CAPITAL,    • Charter Capital,65,3,False,VNĐ,8565892000000.0
2019-Q3,BS_SHARE_PREMIUM,    • Share Premium,66,3,False,VNĐ,76000000.0
2019-Q3,BS_TREASURY_SHARES,    • Treasury Shares,67,3,False,VNĐ,-683239000000.0
2019-Q3,BS_OTHER_CAPITAL,    • Other Capital,68,3,False,VNĐ,0.0
2019-Q3,BS_RESERVES,  ‣ Reserves,69,2,False,VNĐ,576259000000.0
2019-Q3,BS_FOREIGN_EXCHANGE_DIFFERENCES,  ‣ Foreign Exchange Differences,70,2,False,VNĐ,0.0
2019-Q3,BS_ASSET_REVALUATION_DIFFERENCES,  ‣ Asset Revaluation Differences,71,2,False,VNĐ,0.0
2019-Q3,BS_RETAINED_EARNINGS,  ‣ Retained Earnings,72,2,False,VNĐ,3450223000000.0
2019-Q3,BS_MINORITY_INTEREST,Minority Interest,73,1,False,VNĐ,0.0
2019-Q3,BS_OFF_BALANCE_SHEET_ITEMS,Off Balance Sheet Items,74,1,True,VNĐ,
2019-Q3,BS_LOAN_GUARANTEES,  ‣ Loan Guarantees,75,2,True,VNĐ,
2019-Q3,BS_FX_COMMITMENTS,  ‣ FX Commitments,76,2,True,VNĐ,66250000000.0
2019-Q3,BS_COMMITMENTS_TO_BUY_FX,    • Commitments to Buy FX,77,3,True,VNĐ,0.0
2019-Q3,BS_COMMITMENTS_TO_SELL_FX,    • Commitments to Sell FX,78,3,True,VNĐ,0.0
2019-Q3,BS_SWAP_COMMITMENTS,    • Swap Commitments,79,3,True,VNĐ,0.0
2019-Q3,BS_FUTURE_COMMITMENTS,    • Future Commitments,80,3,True,VNĐ,0.0
2019-Q3,BS_IRREVOCABLE_LOAN_COMMITMENTS,  ‣ Irrevocable Loan Commitments,81,2,True,VNĐ,0.0
2019-Q3,BS_LC_COMMITMENTS,  ‣ LC Commitments,82,2,True,VNĐ,1268681000000.0
2019-Q3,BS_OTHER_GUARANTEES,  ‣ Other Guarantees,83,2,True,VNĐ,10786636000000.0
2019-Q3,BS_OTHER_COMMITMENTS,  ‣ Other Commitments,84,2,True,VNĐ,1967822000000.0
2019-Q2,BS_TOTAL_ASSETS,Total Assets,1,1,False,VNĐ,145716202000000.0
2019-Q2,BS_CASH_AND_PRECIOUS_METALS,Cash and Precious Metals,2,1,False,VNĐ,1936607000000.0
2019-Q2,BS_BALANCES_WITH_SBV,Balances With SBV,3,1,False,VNĐ,5394561000000.0
2019-Q2,BS_PLACEMENTS_AND_LOANS_TO_CREDIT_INSTITUTIONS,Placements and Loans to Credit Institutions,4,1,False,VNĐ,17087887000000.0
2019-Q2,BS_PLACEMENTS_WITH_CREDIT_INSTITUTIONS,  ‣ Placements With Credit Institutions,5,2,False,VNĐ,17087887000000.0
2019-Q2,BS_LOANS_TO_CREDIT_INSTITUTIONS,  ‣ Loans to Credit Institutions,6,2,False,VNĐ,0.0
2019-Q2,BS_PROVISION_CREDIT_INSTITUTIONS,  ‣ Provision Credit Institutions,7,2,False,VNĐ,0.0
2019-Q2,BS_TRADING_SECURITIES,Trading Securities,8,1,False,VNĐ,0.0
2019-Q2,BS_TRADING_SECURITIES_GROSS,  ‣ Trading Securities Gross,9,2,False,VNĐ,0.0
2019-Q2,BS_PROVISION_TRADING_SECURITIES,  ‣ Provision Trading Securities,10,2,False,VNĐ,0.0
2019-Q2,BS_DERIVATIVES_AND_OTHER_FINANCIAL_ASSETS,Derivatives and Other Financial Assets,11,1,False,VNĐ,56402000000.0
2019-Q2,BS_LOANS_TO_CUSTOMERS,Loans to Customers,12,1,False,VNĐ,87833651000000.0
2019-Q2,BS_LOANS_TO_CUSTOMERS_GROSS,  ‣ Loans to Customers Gross,13,2,False,VNĐ,88957315000000.0
2019-Q2,BS_PROVISION_LOANS_TO_CUSTOMERS,  ‣ Provision Loans to Customers,14,2,False,VNĐ,-1123664000000.0
2019-Q2,BS_DEBT_PURCHASES,Debt Purchases,15,1,False,VNĐ,1014944000000.0
2019-Q2,BS_DEBT_PURCHASES_GROSS,  ‣ Debt Purchases Gross,16,2,False,VNĐ,1022614000000.0
2019-Q2,BS_PROVISION_DEBT_PURCHASES,  ‣ Provision Debt Purchases,17,2,False,VNĐ,-7670000000.0
2019-Q2,BS_INVESTMENT_SECURITIES,Investment Securities,18,1,False,VNĐ,24127676000000.0
2019-Q2,BS_AVAILABLE_FOR_SALE_SECURITIES,  ‣ Available for Sale Securities,19,2,False,VNĐ,24127225000000.0
2019-Q2,BS_HELD_TO_MATURITY_SECURITIES,  ‣ Held to Maturity Securities,20,2,False,VNĐ,471390000000.0
2019-Q2,BS_PROVISION_INVESTMENT_SECURITIES,  ‣ Provision Investment Securities,21,2,False,VNĐ,-470939000000.0
2019-Q2,BS_LONG_TERM_INVESTMENTS,Long Term Investments,22,1,False,VNĐ,0.0
2019-Q2,BS_INVESTMENTS_IN_JOINT_VENTURES,  ‣ Investments in Joint Ventures,23,2,False,VNĐ,0.0
2019-Q2,BS_CAPITAL_CONTRIBUTION_JOINT_VENTURES,  ‣ Capital Contribution Joint Ventures,24,2,False,VNĐ,0.0
2019-Q2,BS_INVESTMENTS_IN_ASSOCIATES,  ‣ Investments in Associates,25,2,False,VNĐ,0.0
2019-Q2,BS_OTHER_LONG_TERM_INVESTMENTS,  ‣ Other Long Term Investments,26,2,False,VNĐ,0.0
2019-Q2,BS_PROVISION_LONG_TERM_INVESTMENTS,  ‣ Provision Long Term Investments,27,2,False,VNĐ,0.0
2019-Q2,BS_FIXED_ASSETS,Fixed Assets,28,1,False,VNĐ,332138000000.0
2019-Q2,BS_TANGIBLE_FIXED_ASSETS,  ‣ Tangible Fixed Assets,29,2,False,VNĐ,238804000000.0
2019-Q2,BS_TANGIBLE_FIXED_ASSETS_COST,    • Tangible Fixed Assets Cost,30,3,False,VNĐ,518953000000.0
2019-Q2,BS_TANGIBLE_FIXED_ASSETS_ACCUMULATED_DEPRECIATION,    • Tangible Fixed Assets Accumulated Depreciation,31,3,False,VNĐ,-280149000000.0
2019-Q2,BS_FINANCE_LEASE_FIXED_ASSETS,  ‣ Finance Lease Fixed Assets,32,2,False,VNĐ,0.0
2019-Q2,BS_FINANCE_LEASE_FIXED_ASSETS_COST,    • Finance Lease Fixed Assets Cost,33,3,False,VNĐ,0.0
2019-Q2,BS_FINANCE_LEASE_FIXED_ASSETS_ACCUMULATED_DEPRECIATION,    • Finance Lease Fixed Assets Accumulated Depreciation,34,3,False,VNĐ,-0.0
2019-Q2,BS_INTANGIBLE_FIXED_ASSETS,  ‣ Intangible Fixed Assets,35,2,False,VNĐ,93334000000.0
2019-Q2,BS_INTANGIBLE_FIXED_ASSETS_COST,    • Intangible Fixed Assets Cost,36,3,False,VNĐ,230281000000.0
2019-Q2,BS_INTANGIBLE_FIXED_ASSETS_ACCUMULATED_DEPRECIATION,    • Intangible Fixed Assets Accumulated Depreciation,37,3,False,VNĐ,-136947000000.0
2019-Q2,BS_INVESTMENT_PROPERTIES,Investment Properties,38,1,False,VNĐ,0.0
2019-Q2,BS_INVESTMENT_PROPERTIES_COST,  ‣ Investment Properties Cost,39,2,False,VNĐ,0.0
2019-Q2,BS_INVESTMENT_PROPERTIES_ACCUMULATED_DEPRECIATION,  ‣ Investment Properties Accumulated Depreciation,40,2,False,VNĐ,-0.0
2019-Q2,BS_OTHER_ASSETS,Other Assets,41,1,False,VNĐ,7932336000000.0
2019-Q2,BS_RECEIVABLES,  ‣ Receivables,42,2,False,VNĐ,4888376000000.0
2019-Q2,BS_INTEREST_AND_FEE_RECEIVABLES,  ‣ Interest and Fee Receivables,43,2,False,VNĐ,1389651000000.0
2019-Q2,BS_DEFERRED_TAX_ASSETS,  ‣ Deferred Tax Assets,44,2,False,VNĐ,0.0
2019-Q2,BS_OTHER_ASSETS_DETAIL,  ‣ Other Assets Detail,45,2,False,VNĐ,1654309000000.0
2019-Q2,BS_GOODWILL,  ‣ Goodwill,46,2,False,VNĐ,
2019-Q2,BS_PROVISION_OTHER_ASSETS,  ‣ Provision Other Assets,47,2,False,VNĐ,0.0
2019-Q2,BS_TOTAL_LIABILITIES_AND_EQUITY,Total Liabilities and Equity,48,1,False,VNĐ,145716202000000.0
2019-Q2,BS_TOTAL_LIABILITIES,Total Liabilities,49,1,False,VNĐ,134434246000000.0
2019-Q2,BS_DUE_TO_GOVERNMENT_AND_SBV,  ‣ Due to Government and SBV,50,2,False,VNĐ,1604609000000.0
2019-Q2,BS_PLACEMENTS_AND_BORROWINGS_FROM_CREDIT_INSTITUTIONS,  ‣ Placements and Borrowings from Credit Institutions,51,2,False,VNĐ,35515937000000.0
2019-Q2,BS_PLACEMENTS_FROM_CREDIT_INSTITUTIONS,    • Placements from Credit Institutions,52,3,False,VNĐ,22889050000000.0
2019-Q2,BS_BORROWINGS_FROM_CREDIT_INSTITUTIONS,    • Borrowings from Credit Institutions,53,3,False,VNĐ,12626887000000.0
2019-Q2,BS_CUSTOMER_DEPOSITS,  ‣ Customer Deposits,54,2,False,VNĐ,80873528000000.0
2019-Q2,BS_DERIVATIVES_AND_OTHER_FINANCIAL_LIABILITIES,  ‣ Derivatives and Other Financial Liabilities,55,2,False,VNĐ,0.0
2019-Q2,BS_FUNDS_AND_ENTRUSTED_INVESTMENTS,  ‣ Funds and Entrusted Investments,56,2,False,VNĐ,480004000000.0
2019-Q2,BS_VALUABLE_PAPERS_ISSUED,  ‣ Valuable Papers Issued,57,2,False,VNĐ,13092559000000.0
2019-Q2,BS_OTHER_LIABILITIES,  ‣ Other Liabilities,58,2,False,VNĐ,2867609000000.0
2019-Q2,BS_INTEREST_AND_FEE_PAYABLES,    • Interest and Fee Payables,59,3,False,VNĐ,1442107000000.0
2019-Q2,BS_DEFERRED_TAX_LIABILITIES,    • Deferred Tax Liabilities,60,3,False,VNĐ,
2019-Q2,BS_OTHER_PAYABLES_AND_LIABILITIES,    • Other Payables and Liabilities,61,3,False,VNĐ,1425502000000.0
2019-Q2,BS_OTHER_PROVISIONS,    • Other Provisions,62,3,False,VNĐ,0.0
2019-Q2,BS_EQUITY,Equity,63,1,False,VNĐ,11281956000000.0
2019-Q2,BS_CHARTER_CAPITAL_AND_FUNDS,  ‣ Charter Capital and Funds,64,2,False,VNĐ,7882729000000.0
2019-Q2,BS_CHARTER_CAPITAL,    • Charter Capital,65,3,False,VNĐ,8565892000000.0
2019-Q2,BS_SHARE_PREMIUM,    • Share Premium,66,3,False,VNĐ,76000000.0
2019-Q2,BS_TREASURY_SHARES,    • Treasury Shares,67,3,False,VNĐ,-683239000000.0
2019-Q2,BS_OTHER_CAPITAL,    • Other Capital,68,3,False,VNĐ,0.0
2019-Q2,BS_RESERVES,  ‣ Reserves,69,2,False,VNĐ,576259000000.0
2019-Q2,BS_FOREIGN_EXCHANGE_DIFFERENCES,  ‣ Foreign Exchange Differences,70,2,False,VNĐ,0.0
2019-Q2,BS_ASSET_REVALUATION_DIFFERENCES,  ‣ Asset Revaluation Differences,71,2,False,VNĐ,0.0
2019-Q2,BS_RETAINED_EARNINGS,  ‣ Retained Earnings,72,2,False,VNĐ,2822968000000.0
2019-Q2,BS_MINORITY_INTEREST,Minority Interest,73,1,False,VNĐ,0.0
2019-Q2,BS_OFF_BALANCE_SHEET_ITEMS,Off Balance Sheet Items,74,1,True,VNĐ,
2019-Q2,BS_LOAN_GUARANTEES,  ‣ Loan Guarantees,75,2,True,VNĐ,
2019-Q2,BS_FX_COMMITMENTS,  ‣ FX Commitments,76,2,True,VNĐ,0.0
2019-Q2,BS_COMMITMENTS_TO_BUY_FX,    • Commitments to Buy FX,77,3,True,VNĐ,5497055000000.0
2019-Q2,BS_COMMITMENTS_TO_SELL_FX,    • Commitments to Sell FX,78,3,True,VNĐ,5500174000000.0
2019-Q2,BS_SWAP_COMMITMENTS,    • Swap Commitments,79,3,True,VNĐ,56080299000000.0
2019-Q2,BS_FUTURE_COMMITMENTS,    • Future Commitments,80,3,True,VNĐ,0.0
2019-Q2,BS_IRREVOCABLE_LOAN_COMMITMENTS,  ‣ Irrevocable Loan Commitments,81,2,True,VNĐ,0.0
2019-Q2,BS_LC_COMMITMENTS,  ‣ LC Commitments,82,2,True,VNĐ,1983842000000.0
2019-Q2,BS_OTHER_GUARANTEES,  ‣ Other Guarantees,83,2,True,VNĐ,10925524000000.0
2019-Q2,BS_OTHER_COMMITMENTS,  ‣ Other Commitments,84,2,True,VNĐ,1785125000000.0
2019-Q1,BS_TOTAL_ASSETS,Total Assets,1,1,False,VNĐ,139944260000000.0
2019-Q1,BS_CASH_AND_PRECIOUS_METALS,Cash and Precious Metals,2,1,False,VNĐ,1315204000000.0
2019-Q1,BS_BALANCES_WITH_SBV,Balances With SBV,3,1,False,VNĐ,4912162000000.0
2019-Q1,BS_PLACEMENTS_AND_LOANS_TO_CREDIT_INSTITUTIONS,Placements and Loans to Credit Institutions,4,1,False,VNĐ,19121044000000.0
2019-Q1,BS_PLACEMENTS_WITH_CREDIT_INSTITUTIONS,  ‣ Placements With Credit Institutions,5,2,False,VNĐ,18461044000000.0
2019-Q1,BS_LOANS_TO_CREDIT_INSTITUTIONS,  ‣ Loans to Credit Institutions,6,2,False,VNĐ,660000000000.0
2019-Q1,BS_PROVISION_CREDIT_INSTITUTIONS,  ‣ Provision Credit Institutions,7,2,False,VNĐ,0.0
2019-Q1,BS_TRADING_SECURITIES,Trading Securities,8,1,False,VNĐ,0.0
2019-Q1,BS_TRADING_SECURITIES_GROSS,  ‣ Trading Securities Gross,9,2,False,VNĐ,0.0
2019-Q1,BS_PROVISION_TRADING_SECURITIES,  ‣ Provision Trading Securities,10,2,False,VNĐ,0.0
2019-Q1,BS_DERIVATIVES_AND_OTHER_FINANCIAL_ASSETS,Derivatives and Other Financial Assets,11,1,False,VNĐ,20563000000.0
2019-Q1,BS_LOANS_TO_CUSTOMERS,Loans to Customers,12,1,False,VNĐ,83680118000000.0
2019-Q1,BS_LOANS_TO_CUSTOMERS_GROSS,  ‣ Loans to Customers Gross,13,2,False,VNĐ,84723658000000.0
2019-Q1,BS_PROVISION_LOANS_TO_CUSTOMERS,  ‣ Provision Loans to Customers,14,2,False,VNĐ,-1043540000000.0
2019-Q1,BS_DEBT_PURCHASES,Debt Purchases,15,1,False,VNĐ,1187468000000.0
2019-Q1,BS_DEBT_PURCHASES_GROSS,  ‣ Debt Purchases Gross,16,2,False,VNĐ,1196987000000.0
2019-Q1,BS_PROVISION_DEBT_PURCHASES,  ‣ Provision Debt Purchases,17,2,False,VNĐ,-9519000000.0
2019-Q1,BS_INVESTMENT_SECURITIES,Investment Securities,18,1,False,VNĐ,20972837000000.0
2019-Q1,BS_AVAILABLE_FOR_SALE_SECURITIES,  ‣ Available for Sale Securities,19,2,False,VNĐ,20738177000000.0
2019-Q1,BS_HELD_TO_MATURITY_SECURITIES,  ‣ Held to Maturity Securities,20,2,False,VNĐ,801215000000.0
2019-Q1,BS_PROVISION_INVESTMENT_SECURITIES,  ‣ Provision Investment Securities,21,2,False,VNĐ,-566555000000.0
2019-Q1,BS_LONG_TERM_INVESTMENTS,Long Term Investments,22,1,False,VNĐ,0.0
2019-Q1,BS_INVESTMENTS_IN_JOINT_VENTURES,  ‣ Investments in Joint Ventures,23,2,False,VNĐ,0.0
2019-Q1,BS_CAPITAL_CONTRIBUTION_JOINT_VENTURES,  ‣ Capital Contribution Joint Ventures,24,2,False,VNĐ,0.0
2019-Q1,BS_INVESTMENTS_IN_ASSOCIATES,  ‣ Investments in Associates,25,2,False,VNĐ,0.0
2019-Q1,BS_OTHER_LONG_TERM_INVESTMENTS,  ‣ Other Long Term Investments,26,2,False,VNĐ,0.0
2019-Q1,BS_PROVISION_LONG_TERM_INVESTMENTS,  ‣ Provision Long Term Investments,27,2,False,VNĐ,0.0
2019-Q1,BS_FIXED_ASSETS,Fixed Assets,28,1,False,VNĐ,358191000000.0
2019-Q1,BS_TANGIBLE_FIXED_ASSETS,  ‣ Tangible Fixed Assets,29,2,False,VNĐ,256006000000.0
2019-Q1,BS_TANGIBLE_FIXED_ASSETS_COST,    • Tangible Fixed Assets Cost,30,3,False,VNĐ,517111000000.0
2019-Q1,BS_TANGIBLE_FIXED_ASSETS_ACCUMULATED_DEPRECIATION,    • Tangible Fixed Assets Accumulated Depreciation,31,3,False,VNĐ,-261105000000.0
2019-Q1,BS_FINANCE_LEASE_FIXED_ASSETS,  ‣ Finance Lease Fixed Assets,32,2,False,VNĐ,0.0
2019-Q1,BS_FINANCE_LEASE_FIXED_ASSETS_COST,    • Finance Lease Fixed Assets Cost,33,3,False,VNĐ,0.0
2019-Q1,BS_FINANCE_LEASE_FIXED_ASSETS_ACCUMULATED_DEPRECIATION,    • Finance Lease Fixed Assets Accumulated Depreciation,34,3,False,VNĐ,-0.0
2019-Q1,BS_INTANGIBLE_FIXED_ASSETS,  ‣ Intangible Fixed Assets,35,2,False,VNĐ,102185000000.0
2019-Q1,BS_INTANGIBLE_FIXED_ASSETS_COST,    • Intangible Fixed Assets Cost,36,3,False,VNĐ,230057000000.0
2019-Q1,BS_INTANGIBLE_FIXED_ASSETS_ACCUMULATED_DEPRECIATION,    • Intangible Fixed Assets Accumulated Depreciation,37,3,False,VNĐ,-127872000000.0
2019-Q1,BS_INVESTMENT_PROPERTIES,Investment Properties,38,1,False,VNĐ,0.0
2019-Q1,BS_INVESTMENT_PROPERTIES_COST,  ‣ Investment Properties Cost,39,2,False,VNĐ,0.0
2019-Q1,BS_INVESTMENT_PROPERTIES_ACCUMULATED_DEPRECIATION,  ‣ Investment Properties Accumulated Depreciation,40,2,False,VNĐ,-0.0
2019-Q1,BS_OTHER_ASSETS,Other Assets,41,1,False,VNĐ,8376673000000.0
2019-Q1,BS_RECEIVABLES,  ‣ Receivables,42,2,False,VNĐ,4670375000000.0
2019-Q1,BS_INTEREST_AND_FEE_RECEIVABLES,  ‣ Interest and Fee Receivables,43,2,False,VNĐ,1168546000000.0
2019-Q1,BS_DEFERRED_TAX_ASSETS,  ‣ Deferred Tax Assets,44,2,False,VNĐ,0.0
2019-Q1,BS_OTHER_ASSETS_DETAIL,  ‣ Other Assets Detail,45,2,False,VNĐ,2537752000000.0
2019-Q1,BS_GOODWILL,  ‣ Goodwill,46,2,False,VNĐ,
2019-Q1,BS_PROVISION_OTHER_ASSETS,  ‣ Provision Other Assets,47,2,False,VNĐ,0.0
2019-Q1,BS_TOTAL_LIABILITIES_AND_EQUITY,Total Liabilities and Equity,48,1,False,VNĐ,139944260000000.0
2019-Q1,BS_TOTAL_LIABILITIES,Total Liabilities,49,1,False,VNĐ,128601773000000.0
2019-Q1,BS_DUE_TO_GOVERNMENT_AND_SBV,  ‣ Due to Government and SBV,50,2,False,VNĐ,924507000000.0
2019-Q1,BS_PLACEMENTS_AND_BORROWINGS_FROM_CREDIT_INSTITUTIONS,  ‣ Placements and Borrowings from Credit Institutions,51,2,False,VNĐ,36198015000000.0
2019-Q1,BS_PLACEMENTS_FROM_CREDIT_INSTITUTIONS,    • Placements from Credit Institutions,52,3,False,VNĐ,22891022000000.0
2019-Q1,BS_BORROWINGS_FROM_CREDIT_INSTITUTIONS,    • Borrowings from Credit Institutions,53,3,False,VNĐ,13306993000000.0
2019-Q1,BS_CUSTOMER_DEPOSITS,  ‣ Customer Deposits,54,2,False,VNĐ,77912920000000.0
2019-Q1,BS_DERIVATIVES_AND_OTHER_FINANCIAL_LIABILITIES,  ‣ Derivatives and Other Financial Liabilities,55,2,False,VNĐ,0.0
2019-Q1,BS_FUNDS_AND_ENTRUSTED_INVESTMENTS,  ‣ Funds and Entrusted Investments,56,2,False,VNĐ,254008000000.0
2019-Q1,BS_VALUABLE_PAPERS_ISSUED,  ‣ Valuable Papers Issued,57,2,False,VNĐ,10953867000000.0
2019-Q1,BS_OTHER_LIABILITIES,  ‣ Other Liabilities,58,2,False,VNĐ,2358456000000.0
2019-Q1,BS_INTEREST_AND_FEE_PAYABLES,    • Interest and Fee Payables,59,3,False,VNĐ,1370504000000.0
2019-Q1,BS_DEFERRED_TAX_LIABILITIES,    • Deferred Tax Liabilities,60,3,False,VNĐ,
2019-Q1,BS_OTHER_PAYABLES_AND_LIABILITIES,    • Other Payables and Liabilities,61,3,False,VNĐ,987952000000.0
2019-Q1,BS_OTHER_PROVISIONS,    • Other Provisions,62,3,False,VNĐ,0.0
2019-Q1,BS_EQUITY,Equity,63,1,False,VNĐ,11342487000000.0
2019-Q1,BS_CHARTER_CAPITAL_AND_FUNDS,  ‣ Charter Capital and Funds,64,2,False,VNĐ,8510485000000.0
2019-Q1,BS_CHARTER_CAPITAL,    • Charter Capital,65,3,False,VNĐ,8565892000000.0
2019-Q1,BS_SHARE_PREMIUM,    • Share Premium,66,3,False,VNĐ,76000000.0
2019-Q1,BS_TREASURY_SHARES,    • Treasury Shares,67,3,False,VNĐ,-55483000000.0
2019-Q1,BS_OTHER_CAPITAL,    • Other Capital,68,3,False,VNĐ,0.0
2019-Q1,BS_RESERVES,  ‣ Reserves,69,2,False,VNĐ,305473000000.0
2019-Q1,BS_FOREIGN_EXCHANGE_DIFFERENCES,  ‣ Foreign Exchange Differences,70,2,False,VNĐ,38576000000.0
2019-Q1,BS_ASSET_REVALUATION_DIFFERENCES,  ‣ Asset Revaluation Differences,71,2,False,VNĐ,0.0
2019-Q1,BS_RETAINED_EARNINGS,  ‣ Retained Earnings,72,2,False,VNĐ,2487953000000.0
2019-Q1,BS_MINORITY_INTEREST,Minority Interest,73,1,False,VNĐ,0.0
2019-Q1,BS_OFF_BALANCE_SHEET_ITEMS,Off Balance Sheet Items,74,1,True,VNĐ,
2019-Q1,BS_LOAN_GUARANTEES,  ‣ Loan Guarantees,75,2,True,VNĐ,
2019-Q1,BS_FX_COMMITMENTS,  ‣ FX Commitments,76,2,True,VNĐ,59068000000.0
2019-Q1,BS_COMMITMENTS_TO_BUY_FX,    • Commitments to Buy FX,77,3,True,VNĐ,5750772000000.0
2019-Q1,BS_COMMITMENTS_TO_SELL_FX,    • Commitments to Sell FX,78,3,True,VNĐ,5743377000000.0
2019-Q1,BS_SWAP_COMMITMENTS,    • Swap Commitments,79,3,True,VNĐ,53033031000000.0
2019-Q1,BS_FUTURE_COMMITMENTS,    • Future Commitments,80,3,True,VNĐ,0.0
2019-Q1,BS_IRREVOCABLE_LOAN_COMMITMENTS,  ‣ Irrevocable Loan Commitments,81,2,True,VNĐ,0.0
2019-Q1,BS_LC_COMMITMENTS,  ‣ LC Commitments,82,2,True,VNĐ,2106346000000.0
2019-Q1,BS_OTHER_GUARANTEES,  ‣ Other Guarantees,83,2,True,VNĐ,10748042000000.0
2019-Q1,BS_OTHER_COMMITMENTS,  ‣ Other Commitments,84,2,True,VNĐ,2979487000000.0
2018-Q4,BS_TOTAL_ASSETS,Total Assets,1,1,False,VNĐ,136179403000000.0
2018-Q4,BS_CASH_AND_PRECIOUS_METALS,Cash and Precious Metals,2,1,False,VNĐ,1332025000000.0
2018-Q4,BS_BALANCES_WITH_SBV,Balances With SBV,3,1,False,VNĐ,4692735000000.0
2018-Q4,BS_PLACEMENTS_AND_LOANS_TO_CREDIT_INSTITUTIONS,Placements and Loans to Credit Institutions,4,1,False,VNĐ,16340793000000.0
2018-Q4,BS_PLACEMENTS_WITH_CREDIT_INSTITUTIONS,  ‣ Placements With Credit Institutions,5,2,False,VNĐ,15680793000000.0
2018-Q4,BS_LOANS_TO_CREDIT_INSTITUTIONS,  ‣ Loans to Credit Institutions,6,2,False,VNĐ,660000000000.0
2018-Q4,BS_PROVISION_CREDIT_INSTITUTIONS,  ‣ Provision Credit Institutions,7,2,False,VNĐ,0.0
2018-Q4,BS_TRADING_SECURITIES,Trading Securities,8,1,False,VNĐ,0.0
2018-Q4,BS_TRADING_SECURITIES_GROSS,  ‣ Trading Securities Gross,9,2,False,VNĐ,0.0
2018-Q4,BS_PROVISION_TRADING_SECURITIES,  ‣ Provision Trading Securities,10,2,False,VNĐ,0.0
2018-Q4,BS_DERIVATIVES_AND_OTHER_FINANCIAL_ASSETS,Derivatives and Other Financial Assets,11,1,False,VNĐ,0.0
2018-Q4,BS_LOANS_TO_CUSTOMERS,Loans to Customers,12,1,False,VNĐ,76295237000000.0
2018-Q4,BS_LOANS_TO_CUSTOMERS_GROSS,  ‣ Loans to Customers Gross,13,2,False,VNĐ,77185148000000.0
2018-Q4,BS_PROVISION_LOANS_TO_CUSTOMERS,  ‣ Provision Loans to Customers,14,2,False,VNĐ,-889911000000.0
2018-Q4,BS_DEBT_PURCHASES,Debt Purchases,15,1,False,VNĐ,1265452000000.0
2018-Q4,BS_DEBT_PURCHASES_GROSS,  ‣ Debt Purchases Gross,16,2,False,VNĐ,1273714000000.0
2018-Q4,BS_PROVISION_DEBT_PURCHASES,  ‣ Provision Debt Purchases,17,2,False,VNĐ,-8262000000.0
2018-Q4,BS_INVESTMENT_SECURITIES,Investment Securities,18,1,False,VNĐ,24899523000000.0
2018-Q4,BS_AVAILABLE_FOR_SALE_SECURITIES,  ‣ Available for Sale Securities,19,2,False,VNĐ,24641343000000.0
2018-Q4,BS_HELD_TO_MATURITY_SECURITIES,  ‣ Held to Maturity Securities,20,2,False,VNĐ,801215000000.0
2018-Q4,BS_PROVISION_INVESTMENT_SECURITIES,  ‣ Provision Investment Securities,21,2,False,VNĐ,-543035000000.0
2018-Q4,BS_LONG_TERM_INVESTMENTS,Long Term Investments,22,1,False,VNĐ,0.0
2018-Q4,BS_INVESTMENTS_IN_JOINT_VENTURES,  ‣ Investments in Joint Ventures,23,2,False,VNĐ,0.0
2018-Q4,BS_CAPITAL_CONTRIBUTION_JOINT_VENTURES,  ‣ Capital Contribution Joint Ventures,24,2,False,VNĐ,
2018-Q4,BS_INVESTMENTS_IN_ASSOCIATES,  ‣ Investments in Associates,25,2,False,VNĐ,
2018-Q4,BS_OTHER_LONG_TERM_INVESTMENTS,  ‣ Other Long Term Investments,26,2,False,VNĐ,0.0
2018-Q4,BS_PROVISION_LONG_TERM_INVESTMENTS,  ‣ Provision Long Term Investments,27,2,False,VNĐ,0.0
2018-Q4,BS_FIXED_ASSETS,Fixed Assets,28,1,False,VNĐ,300052000000.0
2018-Q4,BS_TANGIBLE_FIXED_ASSETS,  ‣ Tangible Fixed Assets,29,2,False,VNĐ,202863000000.0
2018-Q4,BS_TANGIBLE_FIXED_ASSETS_COST,    • Tangible Fixed Assets Cost,30,3,False,VNĐ,441079000000.0
2018-Q4,BS_TANGIBLE_FIXED_ASSETS_ACCUMULATED_DEPRECIATION,    • Tangible Fixed Assets Accumulated Depreciation,31,3,False,VNĐ,-238216000000.0
2018-Q4,BS_FINANCE_LEASE_FIXED_ASSETS,  ‣ Finance Lease Fixed Assets,32,2,False,VNĐ,0.0
2018-Q4,BS_FINANCE_LEASE_FIXED_ASSETS_COST,    • Finance Lease Fixed Assets Cost,33,3,False,VNĐ,0.0
2018-Q4,BS_FINANCE_LEASE_FIXED_ASSETS_ACCUMULATED_DEPRECIATION,    • Finance Lease Fixed Assets Accumulated Depreciation,34,3,False,VNĐ,-0.0
2018-Q4,BS_INTANGIBLE_FIXED_ASSETS,  ‣ Intangible Fixed Assets,35,2,False,VNĐ,97189000000.0
2018-Q4,BS_INTANGIBLE_FIXED_ASSETS_COST,    • Intangible Fixed Assets Cost,36,3,False,VNĐ,212497000000.0
2018-Q4,BS_INTANGIBLE_FIXED_ASSETS_ACCUMULATED_DEPRECIATION,    • Intangible Fixed Assets Accumulated Depreciation,37,3,False,VNĐ,-115308000000.0
2018-Q4,BS_INVESTMENT_PROPERTIES,Investment Properties,38,1,False,VNĐ,0.0
2018-Q4,BS_INVESTMENT_PROPERTIES_COST,  ‣ Investment Properties Cost,39,2,False,VNĐ,0.0
2018-Q4,BS_INVESTMENT_PROPERTIES_ACCUMULATED_DEPRECIATION,  ‣ Investment Properties Accumulated Depreciation,40,2,False,VNĐ,-0.0
2018-Q4,BS_OTHER_ASSETS,Other Assets,41,1,False,VNĐ,11053586000000.0
2018-Q4,BS_RECEIVABLES,  ‣ Receivables,42,2,False,VNĐ,8029724000000.0
2018-Q4,BS_INTEREST_AND_FEE_RECEIVABLES,  ‣ Interest and Fee Receivables,43,2,False,VNĐ,1339091000000.0
2018-Q4,BS_DEFERRED_TAX_ASSETS,  ‣ Deferred Tax Assets,44,2,False,VNĐ,0.0
2018-Q4,BS_OTHER_ASSETS_DETAIL,  ‣ Other Assets Detail,45,2,False,VNĐ,1684771000000.0
2018-Q4,BS_GOODWILL,  ‣ Goodwill,46,2,False,VNĐ,
2018-Q4,BS_PROVISION_OTHER_ASSETS,  ‣ Provision Other Assets,47,2,False,VNĐ,0.0
2018-Q4,BS_TOTAL_LIABILITIES_AND_EQUITY,Total Liabilities and Equity,48,1,False,VNĐ,136179403000000.0
2018-Q4,BS_TOTAL_LIABILITIES,Total Liabilities,49,1,False,VNĐ,125537277000000.0
2018-Q4,BS_DUE_TO_GOVERNMENT_AND_SBV,  ‣ Due to Government and SBV,50,2,False,VNĐ,4752198000000.0
2018-Q4,BS_PLACEMENTS_AND_BORROWINGS_FROM_CREDIT_INSTITUTIONS,  ‣ Placements and Borrowings from Credit Institutions,51,2,False,VNĐ,33491419000000.0
2018-Q4,BS_PLACEMENTS_FROM_CREDIT_INSTITUTIONS,    • Placements from Credit Institutions,52,3,False,VNĐ,18653620000000.0
2018-Q4,BS_BORROWINGS_FROM_CREDIT_INSTITUTIONS,    • Borrowings from Credit Institutions,53,3,False,VNĐ,14837799000000.0
2018-Q4,BS_CUSTOMER_DEPOSITS,  ‣ Customer Deposits,54,2,False,VNĐ,76138062000000.0
2018-Q4,BS_DERIVATIVES_AND_OTHER_FINANCIAL_LIABILITIES,  ‣ Derivatives and Other Financial Liabilities,55,2,False,VNĐ,108589000000.0
2018-Q4,BS_FUNDS_AND_ENTRUSTED_INVESTMENTS,  ‣ Funds and Entrusted Investments,56,2,False,VNĐ,247228000000.0
2018-Q4,BS_VALUABLE_PAPERS_ISSUED,  ‣ Valuable Papers Issued,57,2,False,VNĐ,8715178000000.0
2018-Q4,BS_OTHER_LIABILITIES,  ‣ Other Liabilities,58,2,False,VNĐ,2084603000000.0
2018-Q4,BS_INTEREST_AND_FEE_PAYABLES,    • Interest and Fee Payables,59,3,False,VNĐ,1341405000000.0
2018-Q4,BS_DEFERRED_TAX_LIABILITIES,    • Deferred Tax Liabilities,60,3,False,VNĐ,
2018-Q4,BS_OTHER_PAYABLES_AND_LIABILITIES,    • Other Payables and Liabilities,61,3,False,VNĐ,743198000000.0
2018-Q4,BS_OTHER_PROVISIONS,    • Other Provisions,62,3,False,VNĐ,0.0
2018-Q4,BS_EQUITY,Equity,63,1,False,VNĐ,10642126000000.0
2018-Q4,BS_CHARTER_CAPITAL_AND_FUNDS,  ‣ Charter Capital and Funds,64,2,False,VNĐ,8510485000000.0
2018-Q4,BS_CHARTER_CAPITAL,    • Charter Capital,65,3,False,VNĐ,8565892000000.0
2018-Q4,BS_SHARE_PREMIUM,    • Share Premium,66,3,False,VNĐ,76000000.0
2018-Q4,BS_TREASURY_SHARES,    • Treasury Shares,67,3,False,VNĐ,-55483000000.0
2018-Q4,BS_OTHER_CAPITAL,    • Other Capital,68,3,False,VNĐ,0.0
2018-Q4,BS_RESERVES,  ‣ Reserves,69,2,False,VNĐ,305473000000.0
2018-Q4,BS_FOREIGN_EXCHANGE_DIFFERENCES,  ‣ Foreign Exchange Differences,70,2,False,VNĐ,0.0
2018-Q4,BS_ASSET_REVALUATION_DIFFERENCES,  ‣ Asset Revaluation Differences,71,2,False,VNĐ,0.0
2018-Q4,BS_RETAINED_EARNINGS,  ‣ Retained Earnings,72,2,False,VNĐ,1826168000000.0
2018-Q4,BS_MINORITY_INTEREST,Minority Interest,73,1,False,VNĐ,0.0
2018-Q4,BS_OFF_BALANCE_SHEET_ITEMS,Off Balance Sheet Items,74,1,True,VNĐ,
2018-Q4,BS_LOAN_GUARANTEES,  ‣ Loan Guarantees,75,2,True,VNĐ,
2018-Q4,BS_FX_COMMITMENTS,  ‣ FX Commitments,76,2,True,VNĐ,59068000000.0
2018-Q4,BS_COMMITMENTS_TO_BUY_FX,    • Commitments to Buy FX,77,3,True,VNĐ,4213903000000.0
2018-Q4,BS_COMMITMENTS_TO_SELL_FX,    • Commitments to Sell FX,78,3,True,VNĐ,4215408000000.0
2018-Q4,BS_SWAP_COMMITMENTS,    • Swap Commitments,79,3,True,VNĐ,48150669000000.0
2018-Q4,BS_FUTURE_COMMITMENTS,    • Future Commitments,80,3,True,VNĐ,0.0
2018-Q4,BS_IRREVOCABLE_LOAN_COMMITMENTS,  ‣ Irrevocable Loan Commitments,81,2,True,VNĐ,0.0
2018-Q4,BS_LC_COMMITMENTS,  ‣ LC Commitments,82,2,True,VNĐ,1629153000000.0
2018-Q4,BS_OTHER_GUARANTEES,  ‣ Other Guarantees,83,2,True,VNĐ,10575376000000.0
2018-Q4,BS_OTHER_COMMITMENTS,  ‣ Other Commitments,84,2,True,VNĐ,3758467000000.0
2018-Q3,BS_TOTAL_ASSETS,Total Assets,1,1,False,VNĐ,126912061000000.0
2018-Q3,BS_CASH_AND_PRECIOUS_METALS,Cash and Precious Metals,2,1,False,VNĐ,1120451000000.0
2018-Q3,BS_BALANCES_WITH_SBV,Balances With SBV,3,1,False,VNĐ,1372914000000.0
2018-Q3,BS_PLACEMENTS_AND_LOANS_TO_CREDIT_INSTITUTIONS,Placements and Loans to Credit Institutions,4,1,False,VNĐ,17486927000000.0
2018-Q3,BS_PLACEMENTS_WITH_CREDIT_INSTITUTIONS,  ‣ Placements With Credit Institutions,5,2,False,VNĐ,16986927000000.0
2018-Q3,BS_LOANS_TO_CREDIT_INSTITUTIONS,  ‣ Loans to Credit Institutions,6,2,False,VNĐ,500000000000.0
2018-Q3,BS_PROVISION_CREDIT_INSTITUTIONS,  ‣ Provision Credit Institutions,7,2,False,VNĐ,0.0
2018-Q3,BS_TRADING_SECURITIES,Trading Securities,8,1,False,VNĐ,0.0
2018-Q3,BS_TRADING_SECURITIES_GROSS,  ‣ Trading Securities Gross,9,2,False,VNĐ,0.0
2018-Q3,BS_PROVISION_TRADING_SECURITIES,  ‣ Provision Trading Securities,10,2,False,VNĐ,0.0
2018-Q3,BS_DERIVATIVES_AND_OTHER_FINANCIAL_ASSETS,Derivatives and Other Financial Assets,11,1,False,VNĐ,0.0
2018-Q3,BS_LOANS_TO_CUSTOMERS,Loans to Customers,12,1,False,VNĐ,72899471000000.0
2018-Q3,BS_LOANS_TO_CUSTOMERS_GROSS,  ‣ Loans to Customers Gross,13,2,False,VNĐ,73805929000000.0
2018-Q3,BS_PROVISION_LOANS_TO_CUSTOMERS,  ‣ Provision Loans to Customers,14,2,False,VNĐ,-906458000000.0
2018-Q3,BS_DEBT_PURCHASES,Debt Purchases,15,1,False,VNĐ,1098437000000.0
2018-Q3,BS_DEBT_PURCHASES_GROSS,  ‣ Debt Purchases Gross,16,2,False,VNĐ,1107065000000.0
2018-Q3,BS_PROVISION_DEBT_PURCHASES,  ‣ Provision Debt Purchases,17,2,False,VNĐ,-8628000000.0
2018-Q3,BS_INVESTMENT_SECURITIES,Investment Securities,18,1,False,VNĐ,23798731000000.0
2018-Q3,BS_AVAILABLE_FOR_SALE_SECURITIES,  ‣ Available for Sale Securities,19,2,False,VNĐ,23472036000000.0
2018-Q3,BS_HELD_TO_MATURITY_SECURITIES,  ‣ Held to Maturity Securities,20,2,False,VNĐ,801215000000.0
2018-Q3,BS_PROVISION_INVESTMENT_SECURITIES,  ‣ Provision Investment Securities,21,2,False,VNĐ,-474520000000.0
2018-Q3,BS_LONG_TERM_INVESTMENTS,Long Term Investments,22,1,False,VNĐ,0.0
2018-Q3,BS_INVESTMENTS_IN_JOINT_VENTURES,  ‣ Investments in Joint Ventures,23,2,False,VNĐ,0.0
2018-Q3,BS_CAPITAL_CONTRIBUTION_JOINT_VENTURES,  ‣ Capital Contribution Joint Ventures,24,2,False,VNĐ,0.0
2018-Q3,BS_INVESTMENTS_IN_ASSOCIATES,  ‣ Investments in Associates,25,2,False,VNĐ,0.0
2018-Q3,BS_OTHER_LONG_TERM_INVESTMENTS,  ‣ Other Long Term Investments,26,2,False,VNĐ,0.0
2018-Q3,BS_PROVISION_LONG_TERM_INVESTMENTS,  ‣ Provision Long Term Investments,27,2,False,VNĐ,0.0
2018-Q3,BS_FIXED_ASSETS,Fixed Assets,28,1,False,VNĐ,270570000000.0
2018-Q3,BS_TANGIBLE_FIXED_ASSETS,  ‣ Tangible Fixed Assets,29,2,False,VNĐ,176628000000.0
2018-Q3,BS_TANGIBLE_FIXED_ASSETS_COST,    • Tangible Fixed Assets Cost,30,3,False,VNĐ,397278000000.0
2018-Q3,BS_TANGIBLE_FIXED_ASSETS_ACCUMULATED_DEPRECIATION,    • Tangible Fixed Assets Accumulated Depreciation,31,3,False,VNĐ,-220650000000.0
2018-Q3,BS_FINANCE_LEASE_FIXED_ASSETS,  ‣ Finance Lease Fixed Assets,32,2,False,VNĐ,0.0
2018-Q3,BS_FINANCE_LEASE_FIXED_ASSETS_COST,    • Finance Lease Fixed Assets Cost,33,3,False,VNĐ,0.0
2018-Q3,BS_FINANCE_LEASE_FIXED_ASSETS_ACCUMULATED_DEPRECIATION,    • Finance Lease Fixed Assets Accumulated Depreciation,34,3,False,VNĐ,-0.0
2018-Q3,BS_INTANGIBLE_FIXED_ASSETS,  ‣ Intangible Fixed Assets,35,2,False,VNĐ,93942000000.0
2018-Q3,BS_INTANGIBLE_FIXED_ASSETS_COST,    • Intangible Fixed Assets Cost,36,3,False,VNĐ,201143000000.0
2018-Q3,BS_INTANGIBLE_FIXED_ASSETS_ACCUMULATED_DEPRECIATION,    • Intangible Fixed Assets Accumulated Depreciation,37,3,False,VNĐ,-107201000000.0
2018-Q3,BS_INVESTMENT_PROPERTIES,Investment Properties,38,1,False,VNĐ,0.0
2018-Q3,BS_INVESTMENT_PROPERTIES_COST,  ‣ Investment Properties Cost,39,2,False,VNĐ,0.0
2018-Q3,BS_INVESTMENT_PROPERTIES_ACCUMULATED_DEPRECIATION,  ‣ Investment Properties Accumulated Depreciation,40,2,False,VNĐ,-0.0
2018-Q3,BS_OTHER_ASSETS,Other Assets,41,1,False,VNĐ,8864560000000.0
2018-Q3,BS_RECEIVABLES,  ‣ Receivables,42,2,False,VNĐ,4802836000000.0
2018-Q3,BS_INTEREST_AND_FEE_RECEIVABLES,  ‣ Interest and Fee Receivables,43,2,False,VNĐ,1316359000000.0
2018-Q3,BS_DEFERRED_TAX_ASSETS,  ‣ Deferred Tax Assets,44,2,False,VNĐ,0.0
2018-Q3,BS_OTHER_ASSETS_DETAIL,  ‣ Other Assets Detail,45,2,False,VNĐ,2782465000000.0
2018-Q3,BS_GOODWILL,  ‣ Goodwill,46,2,False,VNĐ,
2018-Q3,BS_PROVISION_OTHER_ASSETS,  ‣ Provision Other Assets,47,2,False,VNĐ,-37100000000.0
2018-Q3,BS_TOTAL_LIABILITIES_AND_EQUITY,Total Liabilities and Equity,48,1,False,VNĐ,126912061000000.0
2018-Q3,BS_TOTAL_LIABILITIES,Total Liabilities,49,1,False,VNĐ,116710034000000.0
2018-Q3,BS_DUE_TO_GOVERNMENT_AND_SBV,  ‣ Due to Government and SBV,50,2,False,VNĐ,1453045000000.0
2018-Q3,BS_PLACEMENTS_AND_BORROWINGS_FROM_CREDIT_INSTITUTIONS,  ‣ Placements and Borrowings from Credit Institutions,51,2,False,VNĐ,35228351000000.0
2018-Q3,BS_PLACEMENTS_FROM_CREDIT_INSTITUTIONS,    • Placements from Credit Institutions,52,3,False,VNĐ,24839074000000.0
2018-Q3,BS_BORROWINGS_FROM_CREDIT_INSTITUTIONS,    • Borrowings from Credit Institutions,53,3,False,VNĐ,10389277000000.0
2018-Q3,BS_CUSTOMER_DEPOSITS,  ‣ Customer Deposits,54,2,False,VNĐ,70158755000000.0
2018-Q3,BS_DERIVATIVES_AND_OTHER_FINANCIAL_LIABILITIES,  ‣ Derivatives and Other Financial Liabilities,55,2,False,VNĐ,91387000000.0
2018-Q3,BS_FUNDS_AND_ENTRUSTED_INVESTMENTS,  ‣ Funds and Entrusted Investments,56,2,False,VNĐ,1563512000000.0
2018-Q3,BS_VALUABLE_PAPERS_ISSUED,  ‣ Valuable Papers Issued,57,2,False,VNĐ,6132189000000.0
2018-Q3,BS_OTHER_LIABILITIES,  ‣ Other Liabilities,58,2,False,VNĐ,2082795000000.0
2018-Q3,BS_INTEREST_AND_FEE_PAYABLES,    • Interest and Fee Payables,59,3,False,VNĐ,1382679000000.0
2018-Q3,BS_DEFERRED_TAX_LIABILITIES,    • Deferred Tax Liabilities,60,3,False,VNĐ,
2018-Q3,BS_OTHER_PAYABLES_AND_LIABILITIES,    • Other Payables and Liabilities,61,3,False,VNĐ,700116000000.0
2018-Q3,BS_OTHER_PROVISIONS,    • Other Provisions,62,3,False,VNĐ,0.0
2018-Q3,BS_EQUITY,Equity,63,1,False,VNĐ,10202027000000.0
2018-Q3,BS_CHARTER_CAPITAL_AND_FUNDS,  ‣ Charter Capital and Funds,64,2,False,VNĐ,7977012000000.0
2018-Q3,BS_CHARTER_CAPITAL,    • Charter Capital,65,3,False,VNĐ,6718421000000.0
2018-Q3,BS_SHARE_PREMIUM,    • Share Premium,66,3,False,VNĐ,1314074000000.0
2018-Q3,BS_TREASURY_SHARES,    • Treasury Shares,67,3,False,VNĐ,-55483000000.0
2018-Q3,BS_OTHER_CAPITAL,    • Other Capital,68,3,False,VNĐ,0.0
2018-Q3,BS_RESERVES,  ‣ Reserves,69,2,False,VNĐ,305473000000.0
2018-Q3,BS_FOREIGN_EXCHANGE_DIFFERENCES,  ‣ Foreign Exchange Differences,70,2,False,VNĐ,74537000000.0
2018-Q3,BS_ASSET_REVALUATION_DIFFERENCES,  ‣ Asset Revaluation Differences,71,2,False,VNĐ,0.0
2018-Q3,BS_RETAINED_EARNINGS,  ‣ Retained Earnings,72,2,False,VNĐ,1845005000000.0
2018-Q3,BS_MINORITY_INTEREST,Minority Interest,73,1,False,VNĐ,0.0
2018-Q3,BS_OFF_BALANCE_SHEET_ITEMS,Off Balance Sheet Items,74,1,True,VNĐ,
2018-Q3,BS_LOAN_GUARANTEES,  ‣ Loan Guarantees,75,2,True,VNĐ,
2018-Q3,BS_FX_COMMITMENTS,  ‣ FX Commitments,76,2,True,VNĐ,0.0
2018-Q3,BS_COMMITMENTS_TO_BUY_FX,    • Commitments to Buy FX,77,3,True,VNĐ,7655826000000.0
2018-Q3,BS_COMMITMENTS_TO_SELL_FX,    • Commitments to Sell FX,78,3,True,VNĐ,7656114000000.0
2018-Q3,BS_SWAP_COMMITMENTS,    • Swap Commitments,79,3,True,VNĐ,42016489000000.0
2018-Q3,BS_FUTURE_COMMITMENTS,    • Future Commitments,80,3,True,VNĐ,0.0
2018-Q3,BS_IRREVOCABLE_LOAN_COMMITMENTS,  ‣ Irrevocable Loan Commitments,81,2,True,VNĐ,0.0
2018-Q3,BS_LC_COMMITMENTS,  ‣ LC Commitments,82,2,True,VNĐ,1484986000000.0
2018-Q3,BS_OTHER_GUARANTEES,  ‣ Other Guarantees,83,2,True,VNĐ,8173044000000.0
2018-Q3,BS_OTHER_COMMITMENTS,  ‣ Other Commitments,84,2,True,VNĐ,3760620000000.0
2018-Q2,BS_TOTAL_ASSETS,Total Assets,1,1,False,VNĐ,126532888000000.0
2018-Q2,BS_CASH_AND_PRECIOUS_METALS,Cash and Precious Metals,2,1,False,VNĐ,1001188000000.0
2018-Q2,BS_BALANCES_WITH_SBV,Balances With SBV,3,1,False,VNĐ,5777653000000.0
2018-Q2,BS_PLACEMENTS_AND_LOANS_TO_CREDIT_INSTITUTIONS,Placements and Loans to Credit Institutions,4,1,False,VNĐ,15736986000000.0
2018-Q2,BS_PLACEMENTS_WITH_CREDIT_INSTITUTIONS,  ‣ Placements With Credit Institutions,5,2,False,VNĐ,14831986000000.0
2018-Q2,BS_LOANS_TO_CREDIT_INSTITUTIONS,  ‣ Loans to Credit Institutions,6,2,False,VNĐ,905000000000.0
2018-Q2,BS_PROVISION_CREDIT_INSTITUTIONS,  ‣ Provision Credit Institutions,7,2,False,VNĐ,0.0
2018-Q2,BS_TRADING_SECURITIES,Trading Securities,8,1,False,VNĐ,0.0
2018-Q2,BS_TRADING_SECURITIES_GROSS,  ‣ Trading Securities Gross,9,2,False,VNĐ,0.0
2018-Q2,BS_PROVISION_TRADING_SECURITIES,  ‣ Provision Trading Securities,10,2,False,VNĐ,0.0
2018-Q2,BS_DERIVATIVES_AND_OTHER_FINANCIAL_ASSETS,Derivatives and Other Financial Assets,11,1,False,VNĐ,3789000000.0
2018-Q2,BS_LOANS_TO_CUSTOMERS,Loans to Customers,12,1,False,VNĐ,72915523000000.0
2018-Q2,BS_LOANS_TO_CUSTOMERS_GROSS,  ‣ Loans to Customers Gross,13,2,False,VNĐ,73770428000000.0
2018-Q2,BS_PROVISION_LOANS_TO_CUSTOMERS,  ‣ Provision Loans to Customers,14,2,False,VNĐ,-854905000000.0
2018-Q2,BS_DEBT_PURCHASES,Debt Purchases,15,1,False,VNĐ,539910000000.0
2018-Q2,BS_DEBT_PURCHASES_GROSS,  ‣ Debt Purchases Gross,16,2,False,VNĐ,543990000000.0
2018-Q2,BS_PROVISION_DEBT_PURCHASES,  ‣ Provision Debt Purchases,17,2,False,VNĐ,-4080000000.0
2018-Q2,BS_INVESTMENT_SECURITIES,Investment Securities,18,1,False,VNĐ,22992269000000.0
2018-Q2,BS_AVAILABLE_FOR_SALE_SECURITIES,  ‣ Available for Sale Securities,19,2,False,VNĐ,22655763000000.0
2018-Q2,BS_HELD_TO_MATURITY_SECURITIES,  ‣ Held to Maturity Securities,20,2,False,VNĐ,801895000000.0
2018-Q2,BS_PROVISION_INVESTMENT_SECURITIES,  ‣ Provision Investment Securities,21,2,False,VNĐ,-465389000000.0
2018-Q2,BS_LONG_TERM_INVESTMENTS,Long Term Investments,22,1,False,VNĐ,0.0
2018-Q2,BS_INVESTMENTS_IN_JOINT_VENTURES,  ‣ Investments in Joint Ventures,23,2,False,VNĐ,0.0
2018-Q2,BS_CAPITAL_CONTRIBUTION_JOINT_VENTURES,  ‣ Capital Contribution Joint Ventures,24,2,False,VNĐ,0.0
2018-Q2,BS_INVESTMENTS_IN_ASSOCIATES,  ‣ Investments in Associates,25,2,False,VNĐ,0.0
2018-Q2,BS_OTHER_LONG_TERM_INVESTMENTS,  ‣ Other Long Term Investments,26,2,False,VNĐ,0.0
2018-Q2,BS_PROVISION_LONG_TERM_INVESTMENTS,  ‣ Provision Long Term Investments,27,2,False,VNĐ,0.0
2018-Q2,BS_FIXED_ASSETS,Fixed Assets,28,1,False,VNĐ,280182000000.0
2018-Q2,BS_TANGIBLE_FIXED_ASSETS,  ‣ Tangible Fixed Assets,29,2,False,VNĐ,189617000000.0
2018-Q2,BS_TANGIBLE_FIXED_ASSETS_COST,    • Tangible Fixed Assets Cost,30,3,False,VNĐ,396050000000.0
2018-Q2,BS_TANGIBLE_FIXED_ASSETS_ACCUMULATED_DEPRECIATION,    • Tangible Fixed Assets Accumulated Depreciation,31,3,False,VNĐ,-206433000000.0
2018-Q2,BS_FINANCE_LEASE_FIXED_ASSETS,  ‣ Finance Lease Fixed Assets,32,2,False,VNĐ,0.0
2018-Q2,BS_FINANCE_LEASE_FIXED_ASSETS_COST,    • Finance Lease Fixed Assets Cost,33,3,False,VNĐ,0.0
2018-Q2,BS_FINANCE_LEASE_FIXED_ASSETS_ACCUMULATED_DEPRECIATION,    • Finance Lease Fixed Assets Accumulated Depreciation,34,3,False,VNĐ,-0.0
2018-Q2,BS_INTANGIBLE_FIXED_ASSETS,  ‣ Intangible Fixed Assets,35,2,False,VNĐ,90565000000.0
2018-Q2,BS_INTANGIBLE_FIXED_ASSETS_COST,    • Intangible Fixed Assets Cost,36,3,False,VNĐ,190060000000.0
2018-Q2,BS_INTANGIBLE_FIXED_ASSETS_ACCUMULATED_DEPRECIATION,    • Intangible Fixed Assets Accumulated Depreciation,37,3,False,VNĐ,-99495000000.0
2018-Q2,BS_INVESTMENT_PROPERTIES,Investment Properties,38,1,False,VNĐ,0.0
2018-Q2,BS_INVESTMENT_PROPERTIES_COST,  ‣ Investment Properties Cost,39,2,False,VNĐ,0.0
2018-Q2,BS_INVESTMENT_PROPERTIES_ACCUMULATED_DEPRECIATION,  ‣ Investment Properties Accumulated Depreciation,40,2,False,VNĐ,-0.0
2018-Q2,BS_OTHER_ASSETS,Other Assets,41,1,False,VNĐ,7285388000000.0
2018-Q2,BS_RECEIVABLES,  ‣ Receivables,42,2,False,VNĐ,4860028000000.0
2018-Q2,BS_INTEREST_AND_FEE_RECEIVABLES,  ‣ Interest and Fee Receivables,43,2,False,VNĐ,1150251000000.0
2018-Q2,BS_DEFERRED_TAX_ASSETS,  ‣ Deferred Tax Assets,44,2,False,VNĐ,0.0
2018-Q2,BS_OTHER_ASSETS_DETAIL,  ‣ Other Assets Detail,45,2,False,VNĐ,1312209000000.0
2018-Q2,BS_GOODWILL,  ‣ Goodwill,46,2,False,VNĐ,
2018-Q2,BS_PROVISION_OTHER_ASSETS,  ‣ Provision Other Assets,47,2,False,VNĐ,-37100000000.0
2018-Q2,BS_TOTAL_LIABILITIES_AND_EQUITY,Total Liabilities and Equity,48,1,False,VNĐ,126532888000000.0
2018-Q2,BS_TOTAL_LIABILITIES,Total Liabilities,49,1,False,VNĐ,116876548000000.0
2018-Q2,BS_DUE_TO_GOVERNMENT_AND_SBV,  ‣ Due to Government and SBV,50,2,False,VNĐ,1031108000000.0
2018-Q2,BS_PLACEMENTS_AND_BORROWINGS_FROM_CREDIT_INSTITUTIONS,  ‣ Placements and Borrowings from Credit Institutions,51,2,False,VNĐ,30344692000000.0
2018-Q2,BS_PLACEMENTS_FROM_CREDIT_INSTITUTIONS,    • Placements from Credit Institutions,52,3,False,VNĐ,24353010000000.0
2018-Q2,BS_BORROWINGS_FROM_CREDIT_INSTITUTIONS,    • Borrowings from Credit Institutions,53,3,False,VNĐ,5991682000000.0
2018-Q2,BS_CUSTOMER_DEPOSITS,  ‣ Customer Deposits,54,2,False,VNĐ,75170153000000.0
2018-Q2,BS_DERIVATIVES_AND_OTHER_FINANCIAL_LIABILITIES,  ‣ Derivatives and Other Financial Liabilities,55,2,False,VNĐ,0.0
2018-Q2,BS_FUNDS_AND_ENTRUSTED_INVESTMENTS,  ‣ Funds and Entrusted Investments,56,2,False,VNĐ,1845663000000.0
2018-Q2,BS_VALUABLE_PAPERS_ISSUED,  ‣ Valuable Papers Issued,57,2,False,VNĐ,6806848000000.0
2018-Q2,BS_OTHER_LIABILITIES,  ‣ Other Liabilities,58,2,False,VNĐ,1678084000000.0
2018-Q2,BS_INTEREST_AND_FEE_PAYABLES,    • Interest and Fee Payables,59,3,False,VNĐ,1214029000000.0
2018-Q2,BS_DEFERRED_TAX_LIABILITIES,    • Deferred Tax Liabilities,60,3,False,VNĐ,
2018-Q2,BS_OTHER_PAYABLES_AND_LIABILITIES,    • Other Payables and Liabilities,61,3,False,VNĐ,464055000000.0
2018-Q2,BS_OTHER_PROVISIONS,    • Other Provisions,62,3,False,VNĐ,0.0
2018-Q2,BS_EQUITY,Equity,63,1,False,VNĐ,9656340000000.0
2018-Q2,BS_CHARTER_CAPITAL_AND_FUNDS,  ‣ Charter Capital and Funds,64,2,False,VNĐ,7977012000000.0
2018-Q2,BS_CHARTER_CAPITAL,    • Charter Capital,65,3,False,VNĐ,6718421000000.0
2018-Q2,BS_SHARE_PREMIUM,    • Share Premium,66,3,False,VNĐ,1314074000000.0
2018-Q2,BS_TREASURY_SHARES,    • Treasury Shares,67,3,False,VNĐ,-55483000000.0
2018-Q2,BS_OTHER_CAPITAL,    • Other Capital,68,3,False,VNĐ,0.0
2018-Q2,BS_RESERVES,  ‣ Reserves,69,2,False,VNĐ,305473000000.0
2018-Q2,BS_FOREIGN_EXCHANGE_DIFFERENCES,  ‣ Foreign Exchange Differences,70,2,False,VNĐ,0.0
2018-Q2,BS_ASSET_REVALUATION_DIFFERENCES,  ‣ Asset Revaluation Differences,71,2,False,VNĐ,0.0
2018-Q2,BS_RETAINED_EARNINGS,  ‣ Retained Earnings,72,2,False,VNĐ,1373855000000.0
2018-Q2,BS_MINORITY_INTEREST,Minority Interest,73,1,False,VNĐ,0.0
2018-Q2,BS_OFF_BALANCE_SHEET_ITEMS,Off Balance Sheet Items,74,1,True,VNĐ,
2018-Q2,BS_LOAN_GUARANTEES,  ‣ Loan Guarantees,75,2,True,VNĐ,
2018-Q2,BS_FX_COMMITMENTS,  ‣ FX Commitments,76,2,True,VNĐ,0.0
2018-Q2,BS_COMMITMENTS_TO_BUY_FX,    • Commitments to Buy FX,77,3,True,VNĐ,1110371000000.0
2018-Q2,BS_COMMITMENTS_TO_SELL_FX,    • Commitments to Sell FX,78,3,True,VNĐ,1110405000000.0
2018-Q2,BS_SWAP_COMMITMENTS,    • Swap Commitments,79,3,True,VNĐ,49745550000000.0
2018-Q2,BS_FUTURE_COMMITMENTS,    • Future Commitments,80,3,True,VNĐ,0.0
2018-Q2,BS_IRREVOCABLE_LOAN_COMMITMENTS,  ‣ Irrevocable Loan Commitments,81,2,True,VNĐ,0.0
2018-Q2,BS_LC_COMMITMENTS,  ‣ LC Commitments,82,2,True,VNĐ,2854466000000.0
2018-Q2,BS_OTHER_GUARANTEES,  ‣ Other Guarantees,83,2,True,VNĐ,7321182000000.0
2018-Q2,BS_OTHER_COMMITMENTS,  ‣ Other Commitments,84,2,True,VNĐ,1752735000000.0
2018-Q1,BS_TOTAL_ASSETS,Total Assets,1,1,False,VNĐ,121214303000000.0
2018-Q1,BS_CASH_AND_PRECIOUS_METALS,Cash and Precious Metals,2,1,False,VNĐ,1319470000000.0
2018-Q1,BS_BALANCES_WITH_SBV,Balances With SBV,3,1,False,VNĐ,1091716000000.0
2018-Q1,BS_PLACEMENTS_AND_LOANS_TO_CREDIT_INSTITUTIONS,Placements and Loans to Credit Institutions,4,1,False,VNĐ,14556358000000.0
2018-Q1,BS_PLACEMENTS_WITH_CREDIT_INSTITUTIONS,  ‣ Placements With Credit Institutions,5,2,False,VNĐ,14256358000000.0
2018-Q1,BS_LOANS_TO_CREDIT_INSTITUTIONS,  ‣ Loans to Credit Institutions,6,2,False,VNĐ,300000000000.0
2018-Q1,BS_PROVISION_CREDIT_INSTITUTIONS,  ‣ Provision Credit Institutions,7,2,False,VNĐ,0.0
2018-Q1,BS_TRADING_SECURITIES,Trading Securities,8,1,False,VNĐ,0.0
2018-Q1,BS_TRADING_SECURITIES_GROSS,  ‣ Trading Securities Gross,9,2,False,VNĐ,0.0
2018-Q1,BS_PROVISION_TRADING_SECURITIES,  ‣ Provision Trading Securities,10,2,False,VNĐ,0.0
2018-Q1,BS_DERIVATIVES_AND_OTHER_FINANCIAL_ASSETS,Derivatives and Other Financial Assets,11,1,False,VNĐ,0.0
2018-Q1,BS_LOANS_TO_CUSTOMERS,Loans to Customers,12,1,False,VNĐ,69052568000000.0
2018-Q1,BS_LOANS_TO_CUSTOMERS_GROSS,  ‣ Loans to Customers Gross,13,2,False,VNĐ,69794568000000.0
2018-Q1,BS_PROVISION_LOANS_TO_CUSTOMERS,  ‣ Provision Loans to Customers,14,2,False,VNĐ,-742000000000.0
2018-Q1,BS_DEBT_PURCHASES,Debt Purchases,15,1,False,VNĐ,554470000000.0
2018-Q1,BS_DEBT_PURCHASES_GROSS,  ‣ Debt Purchases Gross,16,2,False,VNĐ,558827000000.0
2018-Q1,BS_PROVISION_DEBT_PURCHASES,  ‣ Provision Debt Purchases,17,2,False,VNĐ,-4357000000.0
2018-Q1,BS_INVESTMENT_SECURITIES,Investment Securities,18,1,False,VNĐ,28881747000000.0
2018-Q1,BS_AVAILABLE_FOR_SALE_SECURITIES,  ‣ Available for Sale Securities,19,2,False,VNĐ,28369088000000.0
2018-Q1,BS_HELD_TO_MATURITY_SECURITIES,  ‣ Held to Maturity Securities,20,2,False,VNĐ,992693000000.0
2018-Q1,BS_PROVISION_INVESTMENT_SECURITIES,  ‣ Provision Investment Securities,21,2,False,VNĐ,-480034000000.0
2018-Q1,BS_LONG_TERM_INVESTMENTS,Long Term Investments,22,1,False,VNĐ,0.0
2018-Q1,BS_INVESTMENTS_IN_JOINT_VENTURES,  ‣ Investments in Joint Ventures,23,2,False,VNĐ,0.0
2018-Q1,BS_CAPITAL_CONTRIBUTION_JOINT_VENTURES,  ‣ Capital Contribution Joint Ventures,24,2,False,VNĐ,0.0
2018-Q1,BS_INVESTMENTS_IN_ASSOCIATES,  ‣ Investments in Associates,25,2,False,VNĐ,0.0
2018-Q1,BS_OTHER_LONG_TERM_INVESTMENTS,  ‣ Other Long Term Investments,26,2,False,VNĐ,0.0
2018-Q1,BS_PROVISION_LONG_TERM_INVESTMENTS,  ‣ Provision Long Term Investments,27,2,False,VNĐ,0.0
2018-Q1,BS_FIXED_ASSETS,Fixed Assets,28,1,False,VNĐ,242817000000.0
2018-Q1,BS_TANGIBLE_FIXED_ASSETS,  ‣ Tangible Fixed Assets,29,2,False,VNĐ,164136000000.0
2018-Q1,BS_TANGIBLE_FIXED_ASSETS_COST,    • Tangible Fixed Assets Cost,30,3,False,VNĐ,356737000000.0
2018-Q1,BS_TANGIBLE_FIXED_ASSETS_ACCUMULATED_DEPRECIATION,    • Tangible Fixed Assets Accumulated Depreciation,31,3,False,VNĐ,-192601000000.0
2018-Q1,BS_FINANCE_LEASE_FIXED_ASSETS,  ‣ Finance Lease Fixed Assets,32,2,False,VNĐ,0.0
2018-Q1,BS_FINANCE_LEASE_FIXED_ASSETS_COST,    • Finance Lease Fixed Assets Cost,33,3,False,VNĐ,0.0
2018-Q1,BS_FINANCE_LEASE_FIXED_ASSETS_ACCUMULATED_DEPRECIATION,    • Finance Lease Fixed Assets Accumulated Depreciation,34,3,False,VNĐ,-0.0
2018-Q1,BS_INTANGIBLE_FIXED_ASSETS,  ‣ Intangible Fixed Assets,35,2,False,VNĐ,78681000000.0
2018-Q1,BS_INTANGIBLE_FIXED_ASSETS_COST,    • Intangible Fixed Assets Cost,36,3,False,VNĐ,171378000000.0
2018-Q1,BS_INTANGIBLE_FIXED_ASSETS_ACCUMULATED_DEPRECIATION,    • Intangible Fixed Assets Accumulated Depreciation,37,3,False,VNĐ,-92697000000.0
2018-Q1,BS_INVESTMENT_PROPERTIES,Investment Properties,38,1,False,VNĐ,0.0
2018-Q1,BS_INVESTMENT_PROPERTIES_COST,  ‣ Investment Properties Cost,39,2,False,VNĐ,0.0
2018-Q1,BS_INVESTMENT_PROPERTIES_ACCUMULATED_DEPRECIATION,  ‣ Investment Properties Accumulated Depreciation,40,2,False,VNĐ,-0.0
2018-Q1,BS_OTHER_ASSETS,Other Assets,41,1,False,VNĐ,5515157000000.0
2018-Q1,BS_RECEIVABLES,  ‣ Receivables,42,2,False,VNĐ,2974263000000.0
2018-Q1,BS_INTEREST_AND_FEE_RECEIVABLES,  ‣ Interest and Fee Receivables,43,2,False,VNĐ,1335050000000.0
2018-Q1,BS_DEFERRED_TAX_ASSETS,  ‣ Deferred Tax Assets,44,2,False,VNĐ,0.0
2018-Q1,BS_OTHER_ASSETS_DETAIL,  ‣ Other Assets Detail,45,2,False,VNĐ,1245035000000.0
2018-Q1,BS_GOODWILL,  ‣ Goodwill,46,2,False,VNĐ,
2018-Q1,BS_PROVISION_OTHER_ASSETS,  ‣ Provision Other Assets,47,2,False,VNĐ,-39191000000.0
2018-Q1,BS_TOTAL_LIABILITIES_AND_EQUITY,Total Liabilities and Equity,48,1,False,VNĐ,121214303000000.0
2018-Q1,BS_TOTAL_LIABILITIES,Total Liabilities,49,1,False,VNĐ,113936157000000.0
2018-Q1,BS_DUE_TO_GOVERNMENT_AND_SBV,  ‣ Due to Government and SBV,50,2,False,VNĐ,1059714000000.0
2018-Q1,BS_PLACEMENTS_AND_BORROWINGS_FROM_CREDIT_INSTITUTIONS,  ‣ Placements and Borrowings from Credit Institutions,51,2,False,VNĐ,31264474000000.0
2018-Q1,BS_PLACEMENTS_FROM_CREDIT_INSTITUTIONS,    • Placements from Credit Institutions,52,3,False,VNĐ,24318498000000.0
2018-Q1,BS_BORROWINGS_FROM_CREDIT_INSTITUTIONS,    • Borrowings from Credit Institutions,53,3,False,VNĐ,6945976000000.0
2018-Q1,BS_CUSTOMER_DEPOSITS,  ‣ Customer Deposits,54,2,False,VNĐ,73126601000000.0
2018-Q1,BS_DERIVATIVES_AND_OTHER_FINANCIAL_LIABILITIES,  ‣ Derivatives and Other Financial Liabilities,55,2,False,VNĐ,29968000000.0
2018-Q1,BS_FUNDS_AND_ENTRUSTED_INVESTMENTS,  ‣ Funds and Entrusted Investments,56,2,False,VNĐ,1899947000000.0
2018-Q1,BS_VALUABLE_PAPERS_ISSUED,  ‣ Valuable Papers Issued,57,2,False,VNĐ,4516123000000.0
2018-Q1,BS_OTHER_LIABILITIES,  ‣ Other Liabilities,58,2,False,VNĐ,2039330000000.0
2018-Q1,BS_INTEREST_AND_FEE_PAYABLES,    • Interest and Fee Payables,59,3,False,VNĐ,1250554000000.0
2018-Q1,BS_DEFERRED_TAX_LIABILITIES,    • Deferred Tax Liabilities,60,3,False,VNĐ,
2018-Q1,BS_OTHER_PAYABLES_AND_LIABILITIES,    • Other Payables and Liabilities,61,3,False,VNĐ,788776000000.0
2018-Q1,BS_OTHER_PROVISIONS,    • Other Provisions,62,3,False,VNĐ,0.0
2018-Q1,BS_EQUITY,Equity,63,1,False,VNĐ,7278146000000.0
2018-Q1,BS_CHARTER_CAPITAL_AND_FUNDS,  ‣ Charter Capital and Funds,64,2,False,VNĐ,5552176000000.0
2018-Q1,BS_CHARTER_CAPITAL,    • Charter Capital,65,3,False,VNĐ,5842105000000.0
2018-Q1,BS_SHARE_PREMIUM,    • Share Premium,66,3,False,VNĐ,-234446000000.0
2018-Q1,BS_TREASURY_SHARES,    • Treasury Shares,67,3,False,VNĐ,-55483000000.0
2018-Q1,BS_OTHER_CAPITAL,    • Other Capital,68,3,False,VNĐ,0.0
2018-Q1,BS_RESERVES,  ‣ Reserves,69,2,False,VNĐ,160932000000.0
2018-Q1,BS_FOREIGN_EXCHANGE_DIFFERENCES,  ‣ Foreign Exchange Differences,70,2,False,VNĐ,67687000000.0
2018-Q1,BS_ASSET_REVALUATION_DIFFERENCES,  ‣ Asset Revaluation Differences,71,2,False,VNĐ,0.0
2018-Q1,BS_RETAINED_EARNINGS,  ‣ Retained Earnings,72,2,False,VNĐ,1497351000000.0
2018-Q1,BS_MINORITY_INTEREST,Minority Interest,73,1,False,VNĐ,0.0
2018-Q1,BS_OFF_BALANCE_SHEET_ITEMS,Off Balance Sheet Items,74,1,True,VNĐ,
2018-Q1,BS_LOAN_GUARANTEES,  ‣ Loan Guarantees,75,2,True,VNĐ,
2018-Q1,BS_FX_COMMITMENTS,  ‣ FX Commitments,76,2,True,VNĐ,0.0
2018-Q1,BS_COMMITMENTS_TO_BUY_FX,    • Commitments to Buy FX,77,3,True,VNĐ,7388548000000.0
2018-Q1,BS_COMMITMENTS_TO_SELL_FX,    • Commitments to Sell FX,78,3,True,VNĐ,7429208000000.0
2018-Q1,BS_SWAP_COMMITMENTS,    • Swap Commitments,79,3,True,VNĐ,0.0
2018-Q1,BS_FUTURE_COMMITMENTS,    • Future Commitments,80,3,True,VNĐ,0.0
2018-Q1,BS_IRREVOCABLE_LOAN_COMMITMENTS,  ‣ Irrevocable Loan Commitments,81,2,True,VNĐ,0.0
2018-Q1,BS_LC_COMMITMENTS,  ‣ LC Commitments,82,2,True,VNĐ,2159972000000.0
2018-Q1,BS_OTHER_GUARANTEES,  ‣ Other Guarantees,83,2,True,VNĐ,7153287000000.0
2018-Q1,BS_OTHER_COMMITMENTS,  ‣ Other Commitments,84,2,True,VNĐ,4324474000000.0
