time,center_rate,vcb_rate,market_rate,vnindex,Data Type,Source Mode,Retrieved At
2020-01-02,23150.0,,23180,966.67,ACTUAL,BRONZE,2026-08-18T15:56:09+07:00
2020-01-03,23157.0,,23180,965.14,ACTUAL,BRONZE,2026-08-18T15:56:09+07:00
2020-01-06,23167.0,,23180,955.79,ACTUAL,BRONZE,2026-08-18T15:56:09+07:00
2020-01-07,23174.0,,23180,958.88,ACTUAL,BRONZE,2026-08-18T15:56:09+07:00
2020-01-08,23165.0,,23180,948.98,ACTUAL,BRONZE,2026-08-18T15:56:09+07:00
2020-01-09,23173.0,,23180,960.15,ACTUAL,BRONZE,2026-08-18T15:56:09+07:00
2020-01-10,23166.0,,23180,968.54,ACTUAL,BRONZE,2026-08-18T15:56:09+07:00
2020-01-13,23162.0,,23200,965.84,ACTUAL,BRONZE,2026-08-18T15:56:09+07:00
2020-01-14,23157.0,,23200,967.0,ACTUAL,BRONZE,2026-08-18T15:56:09+07:00
2020-01-15,23158.0,,23210,967.56,ACTUAL,BRONZE,2026-08-18T15:56:09+07:00
2020-01-16,23156.0,,23210,974.31,ACTUAL,BRONZE,2026-08-18T15:56:09+07:00
2020-01-17,23157.0,,23210,978.96,ACTUAL,BRONZE,2026-08-18T15:56:09+07:00
2020-01-20,23155.0,,23200,978.63,ACTUAL,BRONZE,2026-08-18T15:56:09+07:00
2020-01-21,23158.0,,23200,986.37,ACTUAL,BRONZE,2026-08-18T15:56:09+07:00
2020-01-22,23170.0,,23200,991.46,ACTUAL,BRONZE,2026-08-18T15:56:09+07:00
2020-01-30,23185.0,,23210,959.58,ACTUAL,BRONZE,2026-08-18T15:56:09+07:00
2020-01-31,23196.0,,23240,936.62,ACTUAL,BRONZE,2026-08-18T15:56:09+07:00
2020-02-03,23201.0,23340.0,23270,928.14,ACTUAL,BRONZE,2026-08-18T15:56:09+07:00
2020-02-04,23206.0,23310.0,23240,929.09,ACTUAL,BRONZE,2026-08-18T15:56:09+07:00
2020-02-05,23196.0,23300.0,23240,925.91,ACTUAL,BRONZE,2026-08-18T15:56:09+07:00
2020-02-06,23201.0,23300.0,23210,938.54,ACTUAL,BRONZE,2026-08-18T15:56:09+07:00
2020-02-07,23201.0,23310.0,23220,940.75,ACTUAL,BRONZE,2026-08-18T15:56:09+07:00
2020-02-10,23211.0,23335.0,23230,930.73,ACTUAL,BRONZE,2026-08-18T15:56:09+07:00
2020-02-11,23217.0,23320.0,23220,934.67,ACTUAL,BRONZE,2026-08-18T15:56:09+07:00
2020-02-12,23208.0,23310.0,23220,937.68,ACTUAL,BRONZE,2026-08-18T15:56:09+07:00
2020-02-13,23206.0,23305.0,23210,938.24,ACTUAL,BRONZE,2026-08-18T15:56:09+07:00
2020-02-14,23215.0,23315.0,23220,937.45,ACTUAL,BRONZE,2026-08-18T15:56:09+07:00
2020-02-17,23218.0,23305.0,23215,934.77,ACTUAL,BRONZE,2026-08-18T15:56:09+07:00
2020-02-18,23214.0,23305.0,23210,927.93,ACTUAL,BRONZE,2026-08-18T15:56:09+07:00
2020-02-19,23228.0,23310.0,23220,928.76,ACTUAL,BRONZE,2026-08-18T15:56:09+07:00
2020-02-20,23234.0,23310.0,23220,938.13,ACTUAL,BRONZE,2026-08-18T15:56:09+07:00
2020-02-21,23239.0,23315.0,23240,933.09,ACTUAL,BRONZE,2026-08-18T15:56:09+07:00
2020-02-24,23243.0,23350.0,23270,903.34,ACTUAL,BRONZE,2026-08-18T15:56:09+07:00
2020-02-25,23245.0,23325.0,23280,909.67,ACTUAL,BRONZE,2026-08-18T15:56:09+07:00
2020-02-26,23239.0,23315.0,23280,895.97,ACTUAL,BRONZE,2026-08-18T15:56:09+07:00
2020-02-27,23234.0,23310.0,23280,898.44,ACTUAL,BRONZE,2026-08-18T15:56:09+07:00
2020-02-28,23224.0,23310.0,23270,882.19,ACTUAL,BRONZE,2026-08-18T15:56:09+07:00
2020-03-02,23219.0,23310.0,23270,884.43,ACTUAL,BRONZE,2026-08-18T15:56:09+07:00
2020-03-03,23209.0,23290.0,23260,890.61,ACTUAL,BRONZE,2026-08-18T15:56:09+07:00
2020-03-04,23204.0,23285.0,23250,889.37,ACTUAL,BRONZE,2026-08-18T15:56:09+07:00
2020-03-05,23203.0,23285.0,23250,893.31,ACTUAL,BRONZE,2026-08-18T15:56:09+07:00
2020-03-06,23197.0,23270.0,23250,891.44,ACTUAL,BRONZE,2026-08-18T15:56:09+07:00
2020-03-09,23195.0,23250.0,23270,835.49,ACTUAL,BRONZE,2026-08-18T15:56:09+07:00
2020-03-10,23190.0,23250.0,23270,837.5,ACTUAL,BRONZE,2026-08-18T15:56:09+07:00
2020-03-11,23198.0,23250.0,23270,811.35,ACTUAL,BRONZE,2026-08-18T15:56:09+07:00
2020-03-12,23197.0,23265.0,23250,769.25,ACTUAL,BRONZE,2026-08-18T15:56:09+07:00
2020-03-13,23212.0,23290.0,23260,761.78,ACTUAL,BRONZE,2026-08-18T15:56:09+07:00
2020-03-16,23222.0,23310.0,23270,747.86,ACTUAL,BRONZE,2026-08-18T15:56:09+07:00
2020-03-17,23227.0,23310.0,23270,745.78,ACTUAL,BRONZE,2026-08-18T15:56:09+07:00
2020-03-18,23232.0,23370.0,23290,747.66,ACTUAL,BRONZE,2026-08-18T15:56:09+07:00
2020-03-19,23242.0,23495.0,23480,725.94,ACTUAL,BRONZE,2026-08-18T15:56:09+07:00
2020-03-20,23252.0,23530.0,23700,709.73,ACTUAL,BRONZE,2026-08-18T15:56:09+07:00
2020-03-23,23259.0,23760.0,23900,666.59,ACTUAL,BRONZE,2026-08-18T15:56:09+07:00
2020-03-24,23260.0,23650.0,23950,659.21,ACTUAL,BRONZE,2026-08-18T15:56:09+07:00
2020-03-25,23250.0,23675.0,23930,690.25,ACTUAL,BRONZE,2026-08-18T15:56:09+07:00
2020-03-26,23245.0,23720.0,23850,694.21,ACTUAL,BRONZE,2026-08-18T15:56:09+07:00
2020-03-27,23235.0,23700.0,23820,696.06,ACTUAL,BRONZE,2026-08-18T15:56:09+07:00
2020-03-30,23230.0,23720.0,23850,662.26,ACTUAL,BRONZE,2026-08-18T15:56:09+07:00
2020-03-31,23235.0,23660.0,23850,662.53,ACTUAL,BRONZE,2026-08-18T15:56:09+07:00
2020-04-01,23232.0,23650.0,23750,680.23,ACTUAL,BRONZE,2026-08-18T15:56:09+07:00
2020-04-03,23239.0,23530.0,23820,701.8,ACTUAL,BRONZE,2026-08-18T15:56:09+07:00
2020-04-06,23234.0,23570.0,23820,736.75,ACTUAL,BRONZE,2026-08-18T15:56:09+07:00
2020-04-07,23230.0,23550.0,23730,746.69,ACTUAL,BRONZE,2026-08-18T15:56:09+07:00
2020-04-08,23225.0,23610.0,23750,748.02,ACTUAL,BRONZE,2026-08-18T15:56:09+07:00
2020-04-09,23235.0,23580.0,23730,760.33,ACTUAL,BRONZE,2026-08-18T15:56:09+07:00
2020-04-10,23221.0,23520.0,23720,757.94,ACTUAL,BRONZE,2026-08-18T15:56:09+07:00
2020-04-13,23216.0,23530.0,23670,765.79,ACTUAL,BRONZE,2026-08-18T15:56:09+07:00
2020-04-14,23223.0,23545.0,23620,767.41,ACTUAL,BRONZE,2026-08-18T15:56:09+07:00
2020-04-15,23227.0,23530.0,23630,777.22,ACTUAL,BRONZE,2026-08-18T15:56:09+07:00
2020-04-16,23236.0,23550.0,23630,780.7,ACTUAL,BRONZE,2026-08-18T15:56:09+07:00
2020-04-17,23241.0,23510.0,23630,789.6,ACTUAL,BRONZE,2026-08-18T15:56:09+07:00
2020-04-20,23238.0,23540.0,23620,794.97,ACTUAL,BRONZE,2026-08-18T15:56:09+07:00
2020-04-21,23246.0,23540.0,23600,766.84,ACTUAL,BRONZE,2026-08-18T15:56:09+07:00
2020-04-22,23256.0,23560.0,23600,768.92,ACTUAL,BRONZE,2026-08-18T15:56:09+07:00
2020-04-23,23261.0,23570.0,23550,773.91,ACTUAL,BRONZE,2026-08-18T15:56:09+07:00
2020-04-24,23272.0,23580.0,23560,776.66,ACTUAL,BRONZE,2026-08-18T15:56:09+07:00
2020-04-27,23272.0,23550.0,23550,770.77,ACTUAL,BRONZE,2026-08-18T15:56:09+07:00
2020-04-28,23262.0,23535.0,23520,767.21,ACTUAL,BRONZE,2026-08-18T15:56:09+07:00
2020-04-29,23257.0,23510.0,23500,769.11,ACTUAL,BRONZE,2026-08-18T15:56:09+07:00
2020-05-04,23247.0,23520.0,23470,762.47,ACTUAL,BRONZE,2026-08-18T15:56:09+07:00
2020-05-05,23262.0,23510.0,23500,764.16,ACTUAL,BRONZE,2026-08-18T15:56:09+07:00
2020-05-06,23254.0,23510.0,23470,782.59,ACTUAL,BRONZE,2026-08-18T15:56:09+07:00
2020-05-07,23265.0,23490.0,23470,796.54,ACTUAL,BRONZE,2026-08-18T15:56:09+07:00
2020-05-08,23262.0,23450.0,23450,813.73,ACTUAL,BRONZE,2026-08-18T15:56:09+07:00
2020-05-11,23252.0,23420.0,23420,828.33,ACTUAL,BRONZE,2026-08-18T15:56:09+07:00
2020-05-12,23245.0,23430.0,23380,835.32,ACTUAL,BRONZE,2026-08-18T15:56:09+07:00
2020-05-13,23244.0,23440.0,23380,834.21,ACTUAL,BRONZE,2026-08-18T15:56:09+07:00
2020-05-14,23253.0,23460.0,23370,832.4,ACTUAL,BRONZE,2026-08-18T15:56:09+07:00
2020-05-15,23263.0,23450.0,23400,827.03,ACTUAL,BRONZE,2026-08-18T15:56:09+07:00
2020-05-18,23265.0,23430.0,23400,837.01,ACTUAL,BRONZE,2026-08-18T15:56:09+07:00
2020-05-19,23259.0,23370.0,23370,845.92,ACTUAL,BRONZE,2026-08-18T15:56:09+07:00
2020-05-20,23249.0,23360.0,23320,852.91,ACTUAL,BRONZE,2026-08-18T15:56:09+07:00
2020-05-21,23247.0,23360.0,23300,862.73,ACTUAL,BRONZE,2026-08-18T15:56:09+07:00
2020-05-22,23242.0,23370.0,23300,852.74,ACTUAL,BRONZE,2026-08-18T15:56:09+07:00
2020-05-25,23257.0,23390.0,23320,859.04,ACTUAL,BRONZE,2026-08-18T15:56:09+07:00
2020-05-26,23270.0,23410.0,23320,869.13,ACTUAL,BRONZE,2026-08-18T15:56:09+07:00
2020-05-27,23260.0,23410.0,23330,857.48,ACTUAL,BRONZE,2026-08-18T15:56:09+07:00
2020-05-28,23271.0,23390.0,23320,861.39,ACTUAL,BRONZE,2026-08-18T15:56:09+07:00
2020-05-29,23261.0,23370.0,23320,864.47,ACTUAL,BRONZE,2026-08-18T15:56:09+07:00
2020-06-01,23256.0,23350.0,23290,878.67,ACTUAL,BRONZE,2026-08-18T15:56:09+07:00
2020-06-02,23251.0,23350.0,23280,874.8,ACTUAL,BRONZE,2026-08-18T15:56:09+07:00
2020-06-03,23246.0,23350.0,23290,881.17,ACTUAL,BRONZE,2026-08-18T15:56:09+07:00
2020-06-04,23244.0,23350.0,23290,883.9,ACTUAL,BRONZE,2026-08-18T15:56:09+07:00
2020-06-05,23245.0,23340.0,23290,886.22,ACTUAL,BRONZE,2026-08-18T15:56:09+07:00
2020-06-08,23240.0,23320.0,23290,899.92,ACTUAL,BRONZE,2026-08-18T15:56:09+07:00
2020-06-09,23232.0,23280.0,23270,903.1,ACTUAL,BRONZE,2026-08-18T15:56:09+07:00
2020-06-10,23222.0,23280.0,23250,900.68,ACTUAL,BRONZE,2026-08-18T15:56:09+07:00
2020-06-11,23212.0,23320.0,23220,867.37,ACTUAL,BRONZE,2026-08-18T15:56:09+07:00
2020-06-12,23222.0,23320.0,23240,863.52,ACTUAL,BRONZE,2026-08-18T15:56:09+07:00
2020-06-15,23239.0,23310.0,23250,832.47,ACTUAL,BRONZE,2026-08-18T15:56:09+07:00
2020-06-16,23249.0,23295.0,23240,856.13,ACTUAL,BRONZE,2026-08-18T15:56:09+07:00
2020-06-17,23240.0,23290.0,23230,854.44,ACTUAL,BRONZE,2026-08-18T15:56:09+07:00
2020-06-18,23239.0,23290.0,23230,855.27,ACTUAL,BRONZE,2026-08-18T15:56:09+07:00
2020-06-19,23234.0,23310.0,23230,868.56,ACTUAL,BRONZE,2026-08-18T15:56:09+07:00
2020-06-22,23241.0,23310.0,23230,871.28,ACTUAL,BRONZE,2026-08-18T15:56:09+07:00
2020-06-23,23241.0,23300.0,23220,868.2,ACTUAL,BRONZE,2026-08-18T15:56:09+07:00
2020-06-24,23228.0,23310.0,23220,859.71,ACTUAL,BRONZE,2026-08-18T15:56:09+07:00
2020-06-25,23230.0,23295.0,23220,854.59,ACTUAL,BRONZE,2026-08-18T15:56:09+07:00
2020-06-26,23232.0,23300.0,23210,851.98,ACTUAL,BRONZE,2026-08-18T15:56:09+07:00
2020-06-29,23229.0,23295.0,23210,829.36,ACTUAL,BRONZE,2026-08-18T15:56:09+07:00
2020-06-30,23229.0,23300.0,23210,825.11,ACTUAL,BRONZE,2026-08-18T15:56:09+07:00
2020-07-01,23235.0,23290.0,23220,843.49,ACTUAL,BRONZE,2026-08-18T15:56:09+07:00
2020-07-02,23225.0,23290.0,23230,842.38,ACTUAL,BRONZE,2026-08-18T15:56:09+07:00
2020-07-03,23230.0,23290.0,23230,847.61,ACTUAL,BRONZE,2026-08-18T15:56:09+07:00
2020-07-06,23227.0,23280.0,23220,861.16,ACTUAL,BRONZE,2026-08-18T15:56:09+07:00
2020-07-07,23222.0,23280.0,23220,863.42,ACTUAL,BRONZE,2026-08-18T15:56:09+07:00
2020-07-08,23218.0,23290.0,23200,864.5,ACTUAL,BRONZE,2026-08-18T15:56:09+07:00
2020-07-09,23221.0,23280.0,23200,876.46,ACTUAL,BRONZE,2026-08-18T15:56:09+07:00
2020-07-10,23216.0,23270.0,23210,871.21,ACTUAL,BRONZE,2026-08-18T15:56:09+07:00
2020-07-13,23220.0,23270.0,23200,868.72,ACTUAL,BRONZE,2026-08-18T15:56:09+07:00
2020-07-14,23216.0,23270.0,23200,868.11,ACTUAL,BRONZE,2026-08-18T15:56:09+07:00
2020-07-15,23226.0,23270.0,23200,869.91,ACTUAL,BRONZE,2026-08-18T15:56:09+07:00
2020-07-16,23221.0,23280.0,23200,876.83,ACTUAL,BRONZE,2026-08-18T15:56:09+07:00
2020-07-17,23235.0,23280.0,23200,872.02,ACTUAL,BRONZE,2026-08-18T15:56:09+07:00
2020-07-20,23234.0,23280.0,23210,861.4,ACTUAL,BRONZE,2026-08-18T15:56:09+07:00
2020-07-21,23231.0,23280.0,23210,861.69,ACTUAL,BRONZE,2026-08-18T15:56:09+07:00
2020-07-22,23221.0,23270.0,23210,855.08,ACTUAL,BRONZE,2026-08-18T15:56:09+07:00
2020-07-23,23220.0,23270.0,23200,856.75,ACTUAL,BRONZE,2026-08-18T15:56:09+07:00
2020-07-24,23221.0,23270.0,23200,829.16,ACTUAL,BRONZE,2026-08-18T15:56:09+07:00
2020-07-27,23216.0,23270.0,23200,785.17,ACTUAL,BRONZE,2026-08-18T15:56:09+07:00
2020-07-28,23211.0,23270.0,23200,813.36,ACTUAL,BRONZE,2026-08-18T15:56:09+07:00
2020-07-29,23216.0,23270.0,23200,790.84,ACTUAL,BRONZE,2026-08-18T15:56:09+07:00
2020-07-30,23212.0,23270.0,23200,801.13,ACTUAL,BRONZE,2026-08-18T15:56:09+07:00
2020-07-31,23213.0,23270.0,23200,798.39,ACTUAL,BRONZE,2026-08-18T15:56:09+07:00
2020-08-03,23207.0,23270.0,23200,814.65,ACTUAL,BRONZE,2026-08-18T15:56:09+07:00
2020-08-04,23214.0,23270.0,23210,827.57,ACTUAL,BRONZE,2026-08-18T15:56:09+07:00
2020-08-05,23208.0,23270.0,23200,837.8,ACTUAL,BRONZE,2026-08-18T15:56:09+07:00
2020-08-06,23203.0,23270.0,23200,840.04,ACTUAL,BRONZE,2026-08-18T15:56:09+07:00
2020-08-07,23200.0,23270.0,23200,841.46,ACTUAL,BRONZE,2026-08-18T15:56:09+07:00
2020-08-10,23215.0,23270.0,23200,843.2,ACTUAL,BRONZE,2026-08-18T15:56:09+07:00
2020-08-11,23217.0,23270.0,23200,843.08,ACTUAL,BRONZE,2026-08-18T15:56:09+07:00
2020-08-12,23217.0,23270.0,23200,846.92,ACTUAL,BRONZE,2026-08-18T15:56:09+07:00
2020-08-13,23215.0,23270.0,23200,855.05,ACTUAL,BRONZE,2026-08-18T15:56:09+07:00
2020-08-14,23212.0,23270.0,23200,850.74,ACTUAL,BRONZE,2026-08-18T15:56:09+07:00
2020-08-17,23214.0,23270.0,23200,850.15,ACTUAL,BRONZE,2026-08-18T15:56:09+07:00
2020-08-18,23209.0,23270.0,23190,846.43,ACTUAL,BRONZE,2026-08-18T15:56:09+07:00
2020-08-19,23204.0,23270.0,23190,851.21,ACTUAL,BRONZE,2026-08-18T15:56:09+07:00
2020-08-20,23200.0,23270.0,23190,848.21,ACTUAL,BRONZE,2026-08-18T15:56:09+07:00
2020-08-21,23210.0,23270.0,23190,854.78,ACTUAL,BRONZE,2026-08-18T15:56:09+07:00
2020-08-24,23212.0,23270.0,23270,868.68,ACTUAL,BRONZE,2026-08-18T15:56:09+07:00
2020-08-25,23211.0,23270.0,23230,874.12,ACTUAL,BRONZE,2026-08-18T15:56:09+07:00
2020-08-26,23213.0,23270.0,23210,873.47,ACTUAL,BRONZE,2026-08-18T15:56:09+07:00
2020-08-27,23208.0,23270.0,23210,874.71,ACTUAL,BRONZE,2026-08-18T15:56:09+07:00
2020-08-28,23205.0,23270.0,23220,878.98,ACTUAL,BRONZE,2026-08-18T15:56:09+07:00
2020-08-31,23200.0,23270.0,23220,881.65,ACTUAL,BRONZE,2026-08-18T15:56:09+07:00
2020-09-01,23195.0,23270.0,23210,891.73,ACTUAL,BRONZE,2026-08-18T15:56:09+07:00
2020-09-03,23203.0,23270.0,23220,903.97,ACTUAL,BRONZE,2026-08-18T15:56:09+07:00
2020-09-04,23206.0,23270.0,23210,901.54,ACTUAL,BRONZE,2026-08-18T15:56:09+07:00
2020-09-07,23207.0,23270.0,23210,888.25,ACTUAL,BRONZE,2026-08-18T15:56:09+07:00
2020-09-08,23205.0,23270.0,23210,890.14,ACTUAL,BRONZE,2026-08-18T15:56:09+07:00
2020-09-09,23203.0,23270.0,23210,889.32,ACTUAL,BRONZE,2026-08-18T15:56:09+07:00
2020-09-10,23211.0,23270.0,23210,888.82,ACTUAL,BRONZE,2026-08-18T15:56:09+07:00
2020-09-11,23206.0,23270.0,23210,888.97,ACTUAL,BRONZE,2026-08-18T15:56:09+07:00
2020-09-14,23208.0,23270.0,23200,894.57,ACTUAL,BRONZE,2026-08-18T15:56:09+07:00
2020-09-15,23203.0,23270.0,23200,896.26,ACTUAL,BRONZE,2026-08-18T15:56:09+07:00
2020-09-16,23198.0,23270.0,23200,897.47,ACTUAL,BRONZE,2026-08-18T15:56:09+07:00
2020-09-17,23193.0,23270.0,23200,894.04,ACTUAL,BRONZE,2026-08-18T15:56:09+07:00
2020-09-18,23196.0,23270.0,23190,900.95,ACTUAL,BRONZE,2026-08-18T15:56:09+07:00
2020-09-21,23191.0,23270.0,23190,907.94,ACTUAL,BRONZE,2026-08-18T15:56:09+07:00
2020-09-22,23200.0,23270.0,23200,906.19,ACTUAL,BRONZE,2026-08-18T15:56:09+07:00
2020-09-23,23213.0,23280.0,23250,912.5,ACTUAL,BRONZE,2026-08-18T15:56:09+07:00
2020-09-24,23218.0,23280.0,23250,908.58,ACTUAL,BRONZE,2026-08-18T15:56:09+07:00
2020-09-25,23223.0,23280.0,23250,908.27,ACTUAL,BRONZE,2026-08-18T15:56:09+07:00
2020-09-28,23226.0,23280.0,23280,912.5,ACTUAL,BRONZE,2026-08-18T15:56:09+07:00
2020-09-29,23220.0,23280.0,23270,903.98,ACTUAL,BRONZE,2026-08-18T15:56:09+07:00
2020-09-30,23215.0,23270.0,23250,905.21,ACTUAL,BRONZE,2026-08-18T15:56:09+07:00
2020-10-01,23213.0,23280.0,23240,914.09,ACTUAL,BRONZE,2026-08-18T15:56:09+07:00
2020-10-02,23214.0,23280.0,23230,909.91,ACTUAL,BRONZE,2026-08-18T15:56:09+07:00
2020-10-05,23212.0,23290.0,23210,914.68,ACTUAL,BRONZE,2026-08-18T15:56:09+07:00
2020-10-06,23208.0,23290.0,23220,915.67,ACTUAL,BRONZE,2026-08-18T15:56:09+07:00
2020-10-07,23205.0,23290.0,23240,919.72,ACTUAL,BRONZE,2026-08-18T15:56:09+07:00
2020-10-08,23203.0,23280.0,23230,918.84,ACTUAL,BRONZE,2026-08-18T15:56:09+07:00
2020-10-09,23198.0,23280.0,23220,924.0,ACTUAL,BRONZE,2026-08-18T15:56:09+07:00
2020-10-12,23193.0,23280.0,23200,925.83,ACTUAL,BRONZE,2026-08-18T15:56:09+07:00
2020-10-13,23195.0,23280.0,23200,929.86,ACTUAL,BRONZE,2026-08-18T15:56:09+07:00
2020-10-14,23197.0,23270.0,23220,940.18,ACTUAL,BRONZE,2026-08-18T15:56:09+07:00
2020-10-15,23192.0,23270.0,23220,942.76,ACTUAL,BRONZE,2026-08-18T15:56:09+07:00
2020-10-16,23201.0,23270.0,23240,943.3,ACTUAL,BRONZE,2026-08-18T15:56:09+07:00
2020-10-19,23196.0,23270.0,23260,943.69,ACTUAL,BRONZE,2026-08-18T15:56:09+07:00
2020-10-20,23191.0,23270.0,23240,944.42,ACTUAL,BRONZE,2026-08-18T15:56:09+07:00
2020-10-21,23185.0,23270.0,23220,939.03,ACTUAL,BRONZE,2026-08-18T15:56:09+07:00
2020-10-22,23180.0,23270.0,23200,949.9,ACTUAL,BRONZE,2026-08-18T15:56:09+07:00
2020-10-23,23185.0,23270.0,23200,961.26,ACTUAL,BRONZE,2026-08-18T15:56:09+07:00
2020-10-26,23182.0,23270.0,23230,950.8,ACTUAL,BRONZE,2026-08-18T15:56:09+07:00
2020-10-27,23187.0,23270.0,23220,946.47,ACTUAL,BRONZE,2026-08-18T15:56:09+07:00
2020-10-28,23190.0,23270.0,23220,921.05,ACTUAL,BRONZE,2026-08-18T15:56:09+07:00
2020-10-29,23198.0,23270.0,23260,919.08,ACTUAL,BRONZE,2026-08-18T15:56:09+07:00
2020-10-30,23201.0,23270.0,23270,925.47,ACTUAL,BRONZE,2026-08-18T15:56:09+07:00
2020-11-02,23201.0,23270.0,23260,933.68,ACTUAL,BRONZE,2026-08-18T15:56:09+07:00
2020-11-03,23198.0,23270.0,23240,935.41,ACTUAL,BRONZE,2026-08-18T15:56:09+07:00
2020-11-04,23190.0,23270.0,23250,939.76,ACTUAL,BRONZE,2026-08-18T15:56:09+07:00
2020-11-05,23200.0,23270.0,23250,937.75,ACTUAL,BRONZE,2026-08-18T15:56:09+07:00
2020-11-06,23185.0,23270.0,23240,938.29,ACTUAL,BRONZE,2026-08-18T15:56:09+07:00
2020-11-09,23180.0,23270.0,23230,951.99,ACTUAL,BRONZE,2026-08-18T15:56:09+07:00
2020-11-10,23182.0,23270.0,23250,951.9,ACTUAL,BRONZE,2026-08-18T15:56:09+07:00
2020-11-11,23187.0,23270.0,23220,952.22,ACTUAL,BRONZE,2026-08-18T15:56:09+07:00
2020-11-12,23187.0,23270.0,23220,959.28,ACTUAL,BRONZE,2026-08-18T15:56:09+07:00
2020-11-13,23192.0,23270.0,23230,966.29,ACTUAL,BRONZE,2026-08-18T15:56:09+07:00
2020-11-16,23184.0,23265.0,23220,950.79,ACTUAL,BRONZE,2026-08-18T15:56:09+07:00
2020-11-17,23174.0,23260.0,23210,968.9,ACTUAL,BRONZE,2026-08-18T15:56:09+07:00
2020-11-18,23164.0,23270.0,23210,973.53,ACTUAL,BRONZE,2026-08-18T15:56:09+07:00
2020-11-19,23164.0,23270.0,23210,983.26,ACTUAL,BRONZE,2026-08-18T15:56:09+07:00
2020-11-20,23179.0,23265.0,23220,990.0,ACTUAL,BRONZE,2026-08-18T15:56:09+07:00
2020-11-23,23175.0,23240.0,23220,994.19,ACTUAL,BRONZE,2026-08-18T15:56:09+07:00
2020-11-24,23168.0,23250.0,23230,995.76,ACTUAL,BRONZE,2026-08-18T15:56:09+07:00
2020-11-25,23165.0,23250.0,23230,999.94,ACTUAL,BRONZE,2026-08-18T15:56:09+07:00
2020-11-26,23164.0,23260.0,23230,1005.97,ACTUAL,BRONZE,2026-08-18T15:56:09+07:00
2020-11-27,23162.0,23260.0,23230,1010.22,ACTUAL,BRONZE,2026-08-18T15:56:09+07:00
2020-11-30,23155.0,23230.0,23260,1003.08,ACTUAL,BRONZE,2026-08-18T15:56:09+07:00
2020-12-01,23152.0,23230.0,23230,1008.87,ACTUAL,BRONZE,2026-08-18T15:56:09+07:00
2020-12-02,23152.0,23230.0,23210,1014.32,ACTUAL,BRONZE,2026-08-18T15:56:09+07:00
2020-12-03,23147.0,23230.0,23200,1019.8,ACTUAL,BRONZE,2026-08-18T15:56:09+07:00
2020-12-04,23142.0,23220.0,23200,1021.49,ACTUAL,BRONZE,2026-08-18T15:56:09+07:00
2020-12-07,23137.0,23220.0,23230,1029.98,ACTUAL,BRONZE,2026-08-18T15:56:09+07:00
2020-12-08,23144.0,23220.0,23230,1029.26,ACTUAL,BRONZE,2026-08-18T15:56:09+07:00
2020-12-09,23140.0,23220.0,23230,1039.13,ACTUAL,BRONZE,2026-08-18T15:56:09+07:00
2020-12-10,23146.0,23220.0,23240,1030.91,ACTUAL,BRONZE,2026-08-18T15:56:09+07:00
2020-12-11,23146.0,23220.0,23240,1045.96,ACTUAL,BRONZE,2026-08-18T15:56:09+07:00
2020-12-14,23143.0,23220.0,23230,1064.09,ACTUAL,BRONZE,2026-08-18T15:56:09+07:00
2020-12-15,23144.0,23220.0,23240,1055.27,ACTUAL,BRONZE,2026-08-18T15:56:09+07:00
2020-12-16,23148.0,23220.0,23240,1066.99,ACTUAL,BRONZE,2026-08-18T15:56:09+07:00
2020-12-17,23143.0,23220.0,23230,1051.77,ACTUAL,BRONZE,2026-08-18T15:56:09+07:00
2020-12-18,23138.0,23220.0,23230,1067.46,ACTUAL,BRONZE,2026-08-18T15:56:09+07:00
2020-12-21,23149.0,23220.0,23240,1081.08,ACTUAL,BRONZE,2026-08-18T15:56:09+07:00
2020-12-22,23154.0,23220.0,23240,1083.45,ACTUAL,BRONZE,2026-08-18T15:56:09+07:00
2020-12-23,23167.0,23220.0,23240,1078.9,ACTUAL,BRONZE,2026-08-18T15:56:09+07:00
2020-12-24,23162.0,23220.0,23290,1067.52,ACTUAL,BRONZE,2026-08-18T15:56:09+07:00
2020-12-25,23152.0,23220.0,23290,1084.42,ACTUAL,BRONZE,2026-08-18T15:56:09+07:00
2020-12-28,23149.0,23220.0,23320,1091.33,ACTUAL,BRONZE,2026-08-18T15:56:09+07:00
2020-12-29,23148.0,23220.0,23360,1099.49,ACTUAL,BRONZE,2026-08-18T15:56:09+07:00
2020-12-30,23141.0,23190.0,23400,1097.54,ACTUAL,BRONZE,2026-08-18T15:56:09+07:00
2020-12-31,23131.0,23215.0,23400,1103.87,ACTUAL,BRONZE,2026-08-18T15:56:09+07:00
2021-01-04,23131.0,23190.0,23370,1120.47,ACTUAL,BRONZE,2026-08-18T15:56:09+07:00
2021-01-05,23121.0,23190.0,23370,1132.55,ACTUAL,BRONZE,2026-08-18T15:56:09+07:00
2021-01-06,23123.0,23190.0,23370,1143.21,ACTUAL,BRONZE,2026-08-18T15:56:09+07:00
2021-01-07,23117.0,23170.0,23370,1156.49,ACTUAL,BRONZE,2026-08-18T15:56:09+07:00
2021-01-08,23121.0,23150.0,23420,1167.69,ACTUAL,BRONZE,2026-08-18T15:56:09+07:00
2021-01-11,23127.0,23160.0,23450,1184.89,ACTUAL,BRONZE,2026-08-18T15:56:09+07:00
2021-01-12,23140.0,23160.0,23430,1192.28,ACTUAL,BRONZE,2026-08-18T15:56:09+07:00
2021-01-13,23134.0,23160.0,23410,1186.05,ACTUAL,BRONZE,2026-08-18T15:56:09+07:00
2021-01-14,23132.0,23160.0,23400,1187.4,ACTUAL,BRONZE,2026-08-18T15:56:09+07:00
2021-01-15,23136.0,23160.0,23400,1194.2,ACTUAL,BRONZE,2026-08-18T15:56:09+07:00
2021-01-18,23141.0,23160.0,23430,1191.94,ACTUAL,BRONZE,2026-08-18T15:56:09+07:00
2021-01-19,23152.0,23160.0,23470,1131.0,ACTUAL,BRONZE,2026-08-18T15:56:09+07:00
2021-01-20,23148.0,23165.0,23520,1134.68,ACTUAL,BRONZE,2026-08-18T15:56:09+07:00
2021-01-21,23144.0,23165.0,23520,1164.21,ACTUAL,BRONZE,2026-08-18T15:56:09+07:00
2021-01-22,23137.0,23165.0,23530,1166.78,ACTUAL,BRONZE,2026-08-18T15:56:09+07:00
2021-01-25,23147.0,23165.0,23630,1166.05,ACTUAL,BRONZE,2026-08-18T15:56:09+07:00
2021-01-26,23142.0,23160.0,23650,1136.12,ACTUAL,BRONZE,2026-08-18T15:56:09+07:00
2021-01-27,23144.0,23160.0,23590,1097.17,ACTUAL,BRONZE,2026-08-18T15:56:09+07:00
2021-01-28,23147.0,23150.0,23560,1023.94,ACTUAL,BRONZE,2026-08-18T15:56:09+07:00
2021-01-29,23160.0,23140.0,23540,1056.61,ACTUAL,BRONZE,2026-08-18T15:56:09+07:00
2021-02-01,23151.0,23130.0,23570,1035.51,ACTUAL,BRONZE,2026-08-18T15:56:09+07:00
2021-02-02,23152.0,23110.0,23580,1075.53,ACTUAL,BRONZE,2026-08-18T15:56:09+07:00
2021-02-03,23145.0,23120.0,23580,1111.29,ACTUAL,BRONZE,2026-08-18T15:56:09+07:00
2021-02-04,23144.0,23110.0,23600,1112.19,ACTUAL,BRONZE,2026-08-18T15:56:09+07:00
2021-02-05,23154.0,23090.0,23600,1126.91,ACTUAL,BRONZE,2026-08-18T15:56:09+07:00
2021-02-08,23149.0,23060.0,23600,1083.18,ACTUAL,BRONZE,2026-08-18T15:56:09+07:00
2021-02-09,23137.0,23090.0,23620,1114.93,ACTUAL,BRONZE,2026-08-18T15:56:09+07:00
2021-02-17,23122.0,23090.0,23570,1155.78,ACTUAL,BRONZE,2026-08-18T15:56:09+07:00
2021-02-18,23132.0,23090.0,23570,1174.38,ACTUAL,BRONZE,2026-08-18T15:56:09+07:00
2021-02-19,23134.0,23105.0,23800,1173.5,ACTUAL,BRONZE,2026-08-18T15:56:09+07:00
2021-02-22,23125.0,23110.0,23850,1175.04,ACTUAL,BRONZE,2026-08-18T15:56:09+07:00
2021-02-23,23140.0,23120.0,23820,1177.64,ACTUAL,BRONZE,2026-08-18T15:56:09+07:00
2021-02-24,23132.0,23120.0,23800,1162.01,ACTUAL,BRONZE,2026-08-18T15:56:09+07:00
2021-02-25,23130.0,23110.0,23830,1165.43,ACTUAL,BRONZE,2026-08-18T15:56:09+07:00
2021-02-26,23130.0,23100.0,23870,1168.47,ACTUAL,BRONZE,2026-08-18T15:56:09+07:00
2021-03-01,23145.0,23110.0,23930,1186.17,ACTUAL,BRONZE,2026-08-18T15:56:09+07:00
2021-03-02,23151.0,23120.0,23950,1186.61,ACTUAL,BRONZE,2026-08-18T15:56:09+07:00
2021-03-03,23161.0,23120.0,23880,1186.95,ACTUAL,BRONZE,2026-08-18T15:56:09+07:00
2021-03-04,23152.0,23110.0,23820,1168.52,ACTUAL,BRONZE,2026-08-18T15:56:09+07:00
2021-03-05,23166.0,23125.0,23830,1168.69,ACTUAL,BRONZE,2026-08-18T15:56:09+07:00
2021-03-08,23185.0,23140.0,23880,1168.27,ACTUAL,BRONZE,2026-08-18T15:56:09+07:00
2021-03-09,23200.0,23140.0,23950,1161.97,ACTUAL,BRONZE,2026-08-18T15:56:09+07:00
2021-03-10,23203.0,23140.0,23850,1170.08,ACTUAL,BRONZE,2026-08-18T15:56:09+07:00
2021-03-11,23204.0,23140.0,23830,1181.73,ACTUAL,BRONZE,2026-08-18T15:56:09+07:00
2021-03-12,23183.0,23140.0,23870,1181.56,ACTUAL,BRONZE,2026-08-18T15:56:09+07:00
2021-03-15,23200.0,23170.0,23950,1184.56,ACTUAL,BRONZE,2026-08-18T15:56:09+07:00
2021-03-16,23204.0,23165.0,23920,1179.9,ACTUAL,BRONZE,2026-08-18T15:56:09+07:00
2021-03-17,23204.0,23160.0,23890,1186.09,ACTUAL,BRONZE,2026-08-18T15:56:09+07:00
2021-03-18,23199.0,23160.0,23900,1200.94,ACTUAL,BRONZE,2026-08-18T15:56:09+07:00
2021-03-19,23194.0,23160.0,23930,1194.05,ACTUAL,BRONZE,2026-08-18T15:56:09+07:00
2021-03-22,23204.0,23170.0,23970,1194.43,ACTUAL,BRONZE,2026-08-18T15:56:09+07:00
2021-03-23,23197.0,23170.0,23980,1183.45,ACTUAL,BRONZE,2026-08-18T15:56:09+07:00
2021-03-24,23206.0,23170.0,24020,1161.81,ACTUAL,BRONZE,2026-08-18T15:56:09+07:00
2021-03-25,23218.0,23190.0,24020,1163.1,ACTUAL,BRONZE,2026-08-18T15:56:09+07:00
2021-03-26,23230.0,23175.0,23970,1162.21,ACTUAL,BRONZE,2026-08-18T15:56:09+07:00
2021-03-29,23231.0,23160.0,23830,1175.68,ACTUAL,BRONZE,2026-08-18T15:56:09+07:00
2021-03-30,23237.0,23160.0,24020,1186.36,ACTUAL,BRONZE,2026-08-18T15:56:09+07:00
2021-03-31,23244.0,23170.0,23950,1191.44,ACTUAL,BRONZE,2026-08-18T15:56:09+07:00
2021-04-01,23242.0,23170.0,23820,1216.1,ACTUAL,BRONZE,2026-08-18T15:56:09+07:00
2021-04-02,23241.0,23160.0,23820,1224.45,ACTUAL,BRONZE,2026-08-18T15:56:09+07:00
2021-04-05,23236.0,23160.0,23850,1236.05,ACTUAL,BRONZE,2026-08-18T15:56:09+07:00
2021-04-06,23237.0,23180.0,23850,1239.96,ACTUAL,BRONZE,2026-08-18T15:56:09+07:00
2021-04-07,23229.0,23180.0,23850,1242.38,ACTUAL,BRONZE,2026-08-18T15:56:09+07:00
2021-04-08,23221.0,23180.0,23850,1234.89,ACTUAL,BRONZE,2026-08-18T15:56:09+07:00
2021-04-09,23214.0,23160.0,23800,1231.66,ACTUAL,BRONZE,2026-08-18T15:56:09+07:00
2021-04-12,23218.0,23160.0,23680,1252.45,ACTUAL,BRONZE,2026-08-18T15:56:09+07:00
2021-04-13,23214.0,23160.0,23680,1248.33,ACTUAL,BRONZE,2026-08-18T15:56:09+07:00
2021-04-14,23217.0,23160.0,23680,1255.87,ACTUAL,BRONZE,2026-08-18T15:56:09+07:00
2021-04-15,23200.0,23160.0,23680,1247.25,ACTUAL,BRONZE,2026-08-18T15:56:09+07:00
2021-04-16,23196.0,23160.0,23680,1238.71,ACTUAL,BRONZE,2026-08-18T15:56:09+07:00
2021-04-19,23190.0,23165.0,23680,1260.58,ACTUAL,BRONZE,2026-08-18T15:56:09+07:00
2021-04-20,23182.0,23170.0,23680,1268.28,ACTUAL,BRONZE,2026-08-18T15:56:09+07:00
2021-04-22,23183.0,23165.0,23680,1227.82,ACTUAL,BRONZE,2026-08-18T15:56:09+07:00
2021-04-23,23179.0,23155.0,23680,1248.53,ACTUAL,BRONZE,2026-08-18T15:56:09+07:00
2021-04-26,23167.0,23150.0,23680,1215.77,ACTUAL,BRONZE,2026-08-18T15:56:09+07:00
2021-04-27,23161.0,23140.0,23680,1219.75,ACTUAL,BRONZE,2026-08-18T15:56:09+07:00
2021-04-28,23160.0,23140.0,23680,1229.55,ACTUAL,BRONZE,2026-08-18T15:56:09+07:00
2021-04-29,23158.0,23140.0,23680,1239.39,ACTUAL,BRONZE,2026-08-18T15:56:09+07:00
2021-05-04,23174.0,23150.0,23350,1242.2,ACTUAL,BRONZE,2026-08-18T15:56:09+07:00
2021-05-05,23176.0,23150.0,23350,1256.43,ACTUAL,BRONZE,2026-08-18T15:56:09+07:00
2021-05-06,23178.0,23150.0,23350,1250.57,ACTUAL,BRONZE,2026-08-18T15:56:09+07:00
2021-05-07,23179.0,23160.0,23350,1241.81,ACTUAL,BRONZE,2026-08-18T15:56:09+07:00
2021-05-10,23162.0,23150.0,23350,1259.58,ACTUAL,BRONZE,2026-08-18T15:56:09+07:00
2021-05-11,23145.0,23160.0,23350,1256.04,ACTUAL,BRONZE,2026-08-18T15:56:09+07:00
2021-05-12,23149.0,23160.0,23350,1269.09,ACTUAL,BRONZE,2026-08-18T15:56:09+07:00
2021-05-13,23168.0,23140.0,23350,1261.99,ACTUAL,BRONZE,2026-08-18T15:56:09+07:00
2021-05-14,23176.0,23150.0,23350,1266.36,ACTUAL,BRONZE,2026-08-18T15:56:09+07:00
2021-05-17,23160.0,23140.0,23350,1258.7,ACTUAL,BRONZE,2026-08-18T15:56:09+07:00
2021-05-18,23170.0,23150.0,23350,1252.68,ACTUAL,BRONZE,2026-08-18T15:56:09+07:00
2021-05-19,23151.0,23150.0,23350,1262.49,ACTUAL,BRONZE,2026-08-18T15:56:09+07:00
2021-05-20,23154.0,23150.0,23350,1278.22,ACTUAL,BRONZE,2026-08-18T15:56:09+07:00
2021-05-21,23160.0,23150.0,23350,1283.93,ACTUAL,BRONZE,2026-08-18T15:56:09+07:00
2021-05-24,23160.0,23160.0,23350,1297.98,ACTUAL,BRONZE,2026-08-18T15:56:09+07:00
2021-05-25,23158.0,23160.0,23350,1308.58,ACTUAL,BRONZE,2026-08-18T15:56:09+07:00
2021-05-26,23146.0,23160.0,23350,1316.7,ACTUAL,BRONZE,2026-08-18T15:56:09+07:00
2021-05-27,23137.0,23140.0,23350,1303.57,ACTUAL,BRONZE,2026-08-18T15:56:09+07:00
2021-05-28,23135.0,23140.0,23350,1320.46,ACTUAL,BRONZE,2026-08-18T15:56:09+07:00
2021-05-31,23135.0,23145.0,23350,1328.05,ACTUAL,BRONZE,2026-08-18T15:56:09+07:00
2021-06-01,23117.0,23145.0,23350,1337.78,ACTUAL,BRONZE,2026-08-18T15:56:09+07:00
2021-06-02,23121.0,23145.0,23350,1340.78,ACTUAL,BRONZE,2026-08-18T15:56:09+07:00
2021-06-03,23131.0,23140.0,23350,1364.28,ACTUAL,BRONZE,2026-08-18T15:56:09+07:00
2021-06-04,23138.0,23150.0,23350,1374.05,ACTUAL,BRONZE,2026-08-18T15:56:09+07:00
2021-06-07,23140.0,23070.0,23200,1358.78,ACTUAL,BRONZE,2026-08-18T15:56:09+07:00
2021-06-08,23130.0,23060.0,23180,1319.88,ACTUAL,BRONZE,2026-08-18T15:56:09+07:00
2021-06-09,23107.0,23060.0,23180,1332.9,ACTUAL,BRONZE,2026-08-18T15:56:09+07:00
2021-06-10,23104.0,23040.0,23180,1323.58,ACTUAL,BRONZE,2026-08-18T15:56:09+07:00
2021-06-11,23101.0,23050.0,23130,1351.74,ACTUAL,BRONZE,2026-08-18T15:56:09+07:00
2021-06-14,23099.0,23050.0,23080,1361.72,ACTUAL,BRONZE,2026-08-18T15:56:09+07:00
2021-06-15,23103.0,23050.0,23060,1367.36,ACTUAL,BRONZE,2026-08-18T15:56:09+07:00
2021-06-16,23109.0,23050.0,23050,1356.52,ACTUAL,BRONZE,2026-08-18T15:56:09+07:00
2021-06-17,23114.0,23060.0,23050,1359.92,ACTUAL,BRONZE,2026-08-18T15:56:09+07:00
2021-06-18,23148.0,23110.0,23080,1377.77,ACTUAL,BRONZE,2026-08-18T15:56:09+07:00
2021-06-21,23167.0,23120.0,23330,1372.63,ACTUAL,BRONZE,2026-08-18T15:56:09+07:00
2021-06-22,23184.0,23120.0,23230,1379.97,ACTUAL,BRONZE,2026-08-18T15:56:09+07:00
2021-06-23,23191.0,23120.0,23210,1376.87,ACTUAL,BRONZE,2026-08-18T15:56:09+07:00
2021-06-24,23191.0,23100.0,23210,1379.72,ACTUAL,BRONZE,2026-08-18T15:56:09+07:00
2021-06-25,23179.0,23110.0,23300,1390.12,ACTUAL,BRONZE,2026-08-18T15:56:09+07:00
2021-06-28,23169.0,23120.0,23320,1405.81,ACTUAL,BRONZE,2026-08-18T15:56:09+07:00
2021-06-29,23177.0,23120.0,23340,1410.04,ACTUAL,BRONZE,2026-08-18T15:56:09+07:00
2021-06-30,23178.0,23120.0,23370,1408.55,ACTUAL,BRONZE,2026-08-18T15:56:09+07:00
2021-07-01,23182.0,23110.0,23370,1417.08,ACTUAL,BRONZE,2026-08-18T15:56:09+07:00
2021-07-02,23184.0,23100.0,23350,1420.27,ACTUAL,BRONZE,2026-08-18T15:56:09+07:00
2021-07-05,23190.0,23100.0,23370,1411.13,ACTUAL,BRONZE,2026-08-18T15:56:09+07:00
2021-07-06,23175.0,23100.0,23370,1354.79,ACTUAL,BRONZE,2026-08-18T15:56:09+07:00
2021-07-07,23181.0,23100.0,23340,1388.55,ACTUAL,BRONZE,2026-08-18T15:56:09+07:00
2021-07-08,23190.0,23120.0,23340,1374.68,ACTUAL,BRONZE,2026-08-18T15:56:09+07:00
2021-07-09,23201.0,23100.0,23320,1347.14,ACTUAL,BRONZE,2026-08-18T15:56:09+07:00
2021-07-12,23198.0,23120.0,23320,1296.3,ACTUAL,BRONZE,2026-08-18T15:56:09+07:00
2021-07-13,23201.0,23120.0,23320,1297.54,ACTUAL,BRONZE,2026-08-18T15:56:09+07:00
2021-07-14,23204.0,23110.0,23300,1279.91,ACTUAL,BRONZE,2026-08-18T15:56:09+07:00
2021-07-15,23203.0,23120.0,23300,1293.92,ACTUAL,BRONZE,2026-08-18T15:56:09+07:00
2021-07-16,23192.0,23110.0,23300,1299.31,ACTUAL,BRONZE,2026-08-18T15:56:09+07:00
2021-07-19,23195.0,23120.0,23250,1243.51,ACTUAL,BRONZE,2026-08-18T15:56:09+07:00
2021-07-20,23207.0,23130.0,23250,1273.29,ACTUAL,BRONZE,2026-08-18T15:56:09+07:00
2021-07-21,23211.0,23130.0,23250,1270.79,ACTUAL,BRONZE,2026-08-18T15:56:09+07:00
2021-07-22,23215.0,23120.0,23250,1293.67,ACTUAL,BRONZE,2026-08-18T15:56:09+07:00
2021-07-23,23209.0,23110.0,23180,1268.83,ACTUAL,BRONZE,2026-08-18T15:56:09+07:00
2021-07-26,23213.0,23110.0,23180,1272.71,ACTUAL,BRONZE,2026-08-18T15:56:09+07:00
2021-07-27,23217.0,23110.0,23180,1276.93,ACTUAL,BRONZE,2026-08-18T15:56:09+07:00
2021-07-28,23218.0,23095.0,23160,1277.07,ACTUAL,BRONZE,2026-08-18T15:56:09+07:00
2021-07-29,23212.0,23070.0,23160,1293.6,ACTUAL,BRONZE,2026-08-18T15:56:09+07:00
2021-07-30,23180.0,23050.0,23160,1310.05,ACTUAL,BRONZE,2026-08-18T15:56:09+07:00
2021-08-02,23180.0,23050.0,23230,1314.22,ACTUAL,BRONZE,2026-08-18T15:56:09+07:00
2021-08-03,23176.0,23050.0,23230,1332.44,ACTUAL,BRONZE,2026-08-18T15:56:09+07:00
2021-08-04,23166.0,23040.0,23230,1334.74,ACTUAL,BRONZE,2026-08-18T15:56:09+07:00
2021-08-05,23164.0,23040.0,23230,1345.55,ACTUAL,BRONZE,2026-08-18T15:56:09+07:00
2021-08-06,23167.0,23030.0,23290,1341.45,ACTUAL,BRONZE,2026-08-18T15:56:09+07:00
2021-08-09,23173.0,23030.0,23290,1359.86,ACTUAL,BRONZE,2026-08-18T15:56:09+07:00
2021-08-10,23187.0,23000.0,23180,1362.43,ACTUAL,BRONZE,2026-08-18T15:56:09+07:00
2021-08-11,23178.0,22900.0,23180,1357.79,ACTUAL,BRONZE,2026-08-18T15:56:09+07:00
2021-08-12,23152.0,22910.0,23180,1353.05,ACTUAL,BRONZE,2026-08-18T15:56:09+07:00
2021-08-13,23145.0,22930.0,23180,1357.05,ACTUAL,BRONZE,2026-08-18T15:56:09+07:00
2021-08-16,23153.0,22940.0,23140,1370.96,ACTUAL,BRONZE,2026-08-18T15:56:09+07:00
2021-08-17,23158.0,22935.0,23140,1363.09,ACTUAL,BRONZE,2026-08-18T15:56:09+07:00
2021-08-18,23164.0,22910.0,23140,1360.94,ACTUAL,BRONZE,2026-08-18T15:56:09+07:00
2021-08-19,23154.0,22910.0,23140,1374.85,ACTUAL,BRONZE,2026-08-18T15:56:09+07:00
2021-08-20,23166.0,22915.0,23140,1329.43,ACTUAL,BRONZE,2026-08-18T15:56:09+07:00
2021-08-23,23177.0,22925.0,23200,1298.86,ACTUAL,BRONZE,2026-08-18T15:56:09+07:00
2021-08-24,23165.0,22925.0,23200,1298.74,ACTUAL,BRONZE,2026-08-18T15:56:09+07:00
2021-08-25,23151.0,22900.0,23200,1309.55,ACTUAL,BRONZE,2026-08-18T15:56:09+07:00
2021-08-26,23143.0,22880.0,23200,1301.12,ACTUAL,BRONZE,2026-08-18T15:56:09+07:00
2021-08-27,23142.0,22890.0,23200,1313.2,ACTUAL,BRONZE,2026-08-18T15:56:09+07:00
2021-08-30,23137.0,22880.0,23200,1328.14,ACTUAL,BRONZE,2026-08-18T15:56:09+07:00
2021-08-31,23130.0,22870.0,23200,1331.47,ACTUAL,BRONZE,2026-08-18T15:56:09+07:00
2021-09-01,23109.0,22880.0,23200,1334.65,ACTUAL,BRONZE,2026-08-18T15:56:09+07:00
2021-09-06,23106.0,22865.0,23200,1346.39,ACTUAL,BRONZE,2026-08-18T15:56:09+07:00
2021-09-07,23102.0,22860.0,23200,1341.9,ACTUAL,BRONZE,2026-08-18T15:56:09+07:00
2021-09-08,23109.0,22870.0,23200,1333.61,ACTUAL,BRONZE,2026-08-18T15:56:09+07:00
2021-09-09,23122.0,22870.0,23200,1343.98,ACTUAL,BRONZE,2026-08-18T15:56:09+07:00
2021-09-10,23118.0,22870.0,23190,1345.31,ACTUAL,BRONZE,2026-08-18T15:56:09+07:00
2021-09-13,23113.0,22870.0,23220,1341.43,ACTUAL,BRONZE,2026-08-18T15:56:09+07:00
2021-09-14,23130.0,22870.0,23220,1339.7,ACTUAL,BRONZE,2026-08-18T15:56:09+07:00
2021-09-15,23117.0,22860.0,23220,1345.83,ACTUAL,BRONZE,2026-08-18T15:56:09+07:00
2021-09-16,23110.0,22860.0,23220,1345.87,ACTUAL,BRONZE,2026-08-18T15:56:09+07:00
2021-09-17,23119.0,22870.0,23220,1352.64,ACTUAL,BRONZE,2026-08-18T15:56:09+07:00
2021-09-20,23132.0,22875.0,23220,1350.48,ACTUAL,BRONZE,2026-08-18T15:56:09+07:00
2021-09-21,23134.0,22870.0,23220,1339.84,ACTUAL,BRONZE,2026-08-18T15:56:09+07:00
2021-09-22,23132.0,22860.0,23220,1350.68,ACTUAL,BRONZE,2026-08-18T15:56:09+07:00
2021-09-23,23139.0,22860.0,23220,1352.76,ACTUAL,BRONZE,2026-08-18T15:56:09+07:00
2021-09-24,23134.0,22860.0,23220,1351.17,ACTUAL,BRONZE,2026-08-18T15:56:09+07:00
2021-09-27,23141.0,22860.0,23220,1324.99,ACTUAL,BRONZE,2026-08-18T15:56:09+07:00
2021-09-28,23145.0,22870.0,23220,1339.31,ACTUAL,BRONZE,2026-08-18T15:56:09+07:00
2021-09-29,23155.0,22860.0,23220,1339.21,ACTUAL,BRONZE,2026-08-18T15:56:09+07:00
2021-09-30,23162.0,22860.0,23220,1342.06,ACTUAL,BRONZE,2026-08-18T15:56:09+07:00
2021-10-01,23160.0,22860.0,23220,1334.89,ACTUAL,BRONZE,2026-08-18T15:56:09+07:00
2021-10-04,23156.0,22860.0,23220,1339.54,ACTUAL,BRONZE,2026-08-18T15:56:09+07:00
2021-10-05,23154.0,22860.0,23220,1354.63,ACTUAL,BRONZE,2026-08-18T15:56:09+07:00
2021-10-06,23158.0,22860.0,23240,1362.82,ACTUAL,BRONZE,2026-08-18T15:56:09+07:00
2021-10-07,23170.0,22860.0,23270,1365.99,ACTUAL,BRONZE,2026-08-18T15:56:09+07:00
2021-10-08,23165.0,22860.0,23205,1372.73,ACTUAL,BRONZE,2026-08-18T15:56:09+07:00
2021-10-11,23170.0,22860.0,23300,1394.09,ACTUAL,BRONZE,2026-08-18T15:56:09+07:00
2021-10-12,23174.0,22850.0,23300,1394.8,ACTUAL,BRONZE,2026-08-18T15:56:09+07:00
2021-10-13,23181.0,22860.0,23300,1391.91,ACTUAL,BRONZE,2026-08-18T15:56:09+07:00
2021-10-14,23177.0,22860.0,23300,1391.85,ACTUAL,BRONZE,2026-08-18T15:56:09+07:00
2021-10-15,23159.0,22860.0,23300,1392.7,ACTUAL,BRONZE,2026-08-18T15:56:09+07:00
2021-10-18,23160.0,22860.0,23540,1395.53,ACTUAL,BRONZE,2026-08-18T15:56:09+07:00
2021-10-19,23164.0,22860.0,23540,1395.33,ACTUAL,BRONZE,2026-08-18T15:56:09+07:00
2021-10-20,23147.0,22855.0,23540,1393.8,ACTUAL,BRONZE,2026-08-18T15:56:09+07:00
2021-10-21,23145.0,22855.0,23540,1384.77,ACTUAL,BRONZE,2026-08-18T15:56:09+07:00
2021-10-22,23142.0,22855.0,23540,1389.24,ACTUAL,BRONZE,2026-08-18T15:56:09+07:00
2021-10-25,23136.0,22855.0,23540,1385.4,ACTUAL,BRONZE,2026-08-18T15:56:09+07:00
2021-10-26,23129.0,22855.0,23540,1391.63,ACTUAL,BRONZE,2026-08-18T15:56:09+07:00
2021-10-27,23131.0,22855.0,23540,1423.02,ACTUAL,BRONZE,2026-08-18T15:56:09+07:00
2021-10-28,23145.0,22855.0,23540,1438.01,ACTUAL,BRONZE,2026-08-18T15:56:09+07:00
2021-10-29,23131.0,22850.0,23540,1444.27,ACTUAL,BRONZE,2026-08-18T15:56:09+07:00
2021-11-01,23140.0,22850.0,23440,1438.97,ACTUAL,BRONZE,2026-08-18T15:56:09+07:00
2021-11-02,23150.0,22850.0,23440,1452.46,ACTUAL,BRONZE,2026-08-18T15:56:09+07:00
2021-11-03,23140.0,22830.0,23440,1444.3,ACTUAL,BRONZE,2026-08-18T15:56:09+07:00
2021-11-04,23152.0,22780.0,23440,1448.34,ACTUAL,BRONZE,2026-08-18T15:56:09+07:00
2021-11-05,23133.0,22770.0,23440,1456.51,ACTUAL,BRONZE,2026-08-18T15:56:09+07:00
2021-11-08,23123.0,22760.0,23430,1467.57,ACTUAL,BRONZE,2026-08-18T15:56:09+07:00
2021-11-09,23109.0,22760.0,23430,1461.5,ACTUAL,BRONZE,2026-08-18T15:56:09+07:00
2021-11-10,23100.0,22760.0,23430,1465.02,ACTUAL,BRONZE,2026-08-18T15:56:09+07:00
2021-11-11,23105.0,22745.0,23430,1462.35,ACTUAL,BRONZE,2026-08-18T15:56:09+07:00
2021-11-12,23115.0,22745.0,23430,1473.37,ACTUAL,BRONZE,2026-08-18T15:56:09+07:00
2021-11-15,23104.0,22750.0,23450,1476.57,ACTUAL,BRONZE,2026-08-18T15:56:09+07:00
2021-11-16,23107.0,22750.0,23450,1466.45,ACTUAL,BRONZE,2026-08-18T15:56:09+07:00
2021-11-17,23114.0,22750.0,23450,1475.85,ACTUAL,BRONZE,2026-08-18T15:56:09+07:00
2021-11-18,23116.0,22750.0,23450,1469.83,ACTUAL,BRONZE,2026-08-18T15:56:09+07:00
2021-11-19,23112.0,22755.0,23450,1452.35,ACTUAL,BRONZE,2026-08-18T15:56:09+07:00
2021-11-22,23118.0,22770.0,23470,1447.25,ACTUAL,BRONZE,2026-08-18T15:56:09+07:00
2021-11-23,23133.0,22775.0,23470,1463.63,ACTUAL,BRONZE,2026-08-18T15:56:09+07:00
2021-11-24,23141.0,22785.0,23470,1488.87,ACTUAL,BRONZE,2026-08-18T15:56:09+07:00
2021-11-25,23147.0,22775.0,23470,1500.81,ACTUAL,BRONZE,2026-08-18T15:56:09+07:00
2021-11-26,23145.0,22775.0,23470,1493.03,ACTUAL,BRONZE,2026-08-18T15:56:09+07:00
2021-11-29,23143.0,22790.0,23520,1484.84,ACTUAL,BRONZE,2026-08-18T15:56:09+07:00
2021-11-30,23139.0,22800.0,23520,1478.44,ACTUAL,BRONZE,2026-08-18T15:56:09+07:00
2021-12-01,23143.0,22810.0,23520,1485.19,ACTUAL,BRONZE,2026-08-18T15:56:09+07:00
2021-12-02,23127.0,22830.0,23520,1482.05,ACTUAL,BRONZE,2026-08-18T15:56:09+07:00
2021-12-03,23127.0,22940.0,23520,1443.32,ACTUAL,BRONZE,2026-08-18T15:56:09+07:00
2021-12-06,23165.0,23220.0,23645,1413.58,ACTUAL,BRONZE,2026-08-18T15:56:09+07:00
2021-12-07,23210.0,23200.0,23645,1446.77,ACTUAL,BRONZE,2026-08-18T15:56:09+07:00
2021-12-08,23237.0,23080.0,23645,1452.87,ACTUAL,BRONZE,2026-08-18T15:56:09+07:00
2021-12-09,23196.0,23100.0,23645,1467.98,ACTUAL,BRONZE,2026-08-18T15:56:09+07:00
2021-12-10,23175.0,23100.0,23645,1463.54,ACTUAL,BRONZE,2026-08-18T15:56:09+07:00
2021-12-13,23207.0,23090.0,23680,1476.21,ACTUAL,BRONZE,2026-08-18T15:56:09+07:00
2021-12-14,23191.0,23110.0,23680,1476.02,ACTUAL,BRONZE,2026-08-18T15:56:09+07:00
2021-12-15,23195.0,23140.0,23680,1475.5,ACTUAL,BRONZE,2026-08-18T15:56:09+07:00
2021-12-16,23222.0,23120.0,23680,1476.61,ACTUAL,BRONZE,2026-08-18T15:56:09+07:00
2021-12-17,23217.0,23100.0,23680,1479.79,ACTUAL,BRONZE,2026-08-18T15:56:09+07:00
2021-12-20,23184.0,23070.0,23600,1477.33,ACTUAL,BRONZE,2026-08-18T15:56:09+07:00
2021-12-21,23190.0,23040.0,23600,1478.74,ACTUAL,BRONZE,2026-08-18T15:56:09+07:00
2021-12-22,23183.0,23090.0,23600,1477.67,ACTUAL,BRONZE,2026-08-18T15:56:09+07:00
2021-12-23,23193.0,23095.0,23600,1456.96,ACTUAL,BRONZE,2026-08-18T15:56:09+07:00
2021-12-24,23193.0,23010.0,23600,1477.03,ACTUAL,BRONZE,2026-08-18T15:56:09+07:00
2021-12-27,23174.0,22930.0,23550,1488.88,ACTUAL,BRONZE,2026-08-18T15:56:09+07:00
2021-12-28,23142.0,22980.0,23550,1494.39,ACTUAL,BRONZE,2026-08-18T15:56:09+07:00
2021-12-29,23154.0,22980.0,23550,1485.82,ACTUAL,BRONZE,2026-08-18T15:56:09+07:00
2021-12-30,23145.0,22920.0,23550,1485.97,ACTUAL,BRONZE,2026-08-18T15:56:09+07:00
2021-12-31,23145.0,22920.0,23550,1498.28,ACTUAL,BRONZE,2026-08-18T15:56:09+07:00
2022-01-04,23134.0,22920.0,23550,1525.58,ACTUAL,BRONZE,2026-08-18T15:56:09+07:00
2022-01-05,23137.0,22900.0,23550,1522.5,ACTUAL,BRONZE,2026-08-18T15:56:09+07:00
2022-01-06,23128.0,22900.0,23550,1528.57,ACTUAL,BRONZE,2026-08-18T15:56:09+07:00
2022-01-07,23138.0,22850.0,23550,1528.48,ACTUAL,BRONZE,2026-08-18T15:56:09+07:00
2022-01-10,23125.0,22820.0,23565,1503.71,ACTUAL,BRONZE,2026-08-18T15:56:09+07:00
2022-01-11,23105.0,22840.0,23565,1492.31,ACTUAL,BRONZE,2026-08-18T15:56:09+07:00
2022-01-12,23110.0,22840.0,23565,1510.51,ACTUAL,BRONZE,2026-08-18T15:56:09+07:00
2022-01-13,23096.0,22840.0,23565,1496.05,ACTUAL,BRONZE,2026-08-18T15:56:09+07:00
2022-01-14,23082.0,22850.0,23565,1496.02,ACTUAL,BRONZE,2026-08-18T15:56:09+07:00
2022-01-17,23085.0,22850.0,23485,1452.84,ACTUAL,BRONZE,2026-08-18T15:56:09+07:00
2022-01-18,23097.0,22870.0,23485,1438.94,ACTUAL,BRONZE,2026-08-18T15:56:09+07:00
2022-01-19,23119.0,22840.0,23485,1442.79,ACTUAL,BRONZE,2026-08-18T15:56:09+07:00
2022-01-20,23100.0,22780.0,23485,1465.3,ACTUAL,BRONZE,2026-08-18T15:56:09+07:00
2022-01-21,23077.0,22760.0,23485,1472.89,ACTUAL,BRONZE,2026-08-18T15:56:09+07:00
2022-01-24,23062.0,22810.0,23615,1439.71,ACTUAL,BRONZE,2026-08-18T15:56:09+07:00
2022-01-25,23068.0,22780.0,23615,1479.58,ACTUAL,BRONZE,2026-08-18T15:56:09+07:00
2022-01-26,23076.0,22770.0,23615,1481.58,ACTUAL,BRONZE,2026-08-18T15:56:09+07:00
2022-01-27,23070.0,22780.0,23615,1470.76,ACTUAL,BRONZE,2026-08-18T15:56:09+07:00
2022-01-28,23099.0,22780.0,23615,1478.96,ACTUAL,BRONZE,2026-08-18T15:56:09+07:00
2022-02-07,23081.0,22810.0,23535,1497.66,ACTUAL,BRONZE,2026-08-18T15:56:09+07:00
2022-02-08,23090.0,22880.0,23535,1500.99,ACTUAL,BRONZE,2026-08-18T15:56:09+07:00
2022-02-09,23104.0,22830.0,23535,1505.38,ACTUAL,BRONZE,2026-08-18T15:56:09+07:00
2022-02-10,23108.0,22820.0,23535,1506.79,ACTUAL,BRONZE,2026-08-18T15:56:09+07:00
2022-02-11,23090.0,22830.0,23535,1501.71,ACTUAL,BRONZE,2026-08-18T15:56:09+07:00
2022-02-14,23096.0,22860.0,23515,1471.96,ACTUAL,BRONZE,2026-08-18T15:56:09+07:00
2022-02-15,23116.0,22890.0,23515,1492.75,ACTUAL,BRONZE,2026-08-18T15:56:09+07:00
2022-02-16,23119.0,22900.0,23515,1492.1,ACTUAL,BRONZE,2026-08-18T15:56:09+07:00
2022-02-17,23113.0,22930.0,23515,1507.99,ACTUAL,BRONZE,2026-08-18T15:56:09+07:00
2022-02-18,23119.0,22980.0,23515,1504.84,ACTUAL,BRONZE,2026-08-18T15:56:09+07:00
2022-02-21,23133.0,22930.0,23565,1510.84,ACTUAL,BRONZE,2026-08-18T15:56:09+07:00
2022-02-22,23130.0,22940.0,23565,1503.47,ACTUAL,BRONZE,2026-08-18T15:56:09+07:00
2022-02-23,23130.0,22960.0,23565,1512.3,ACTUAL,BRONZE,2026-08-18T15:56:09+07:00
2022-02-24,23131.0,22960.0,23565,1494.85,ACTUAL,BRONZE,2026-08-18T15:56:09+07:00
2022-02-25,23146.0,22960.0,23565,1498.89,ACTUAL,BRONZE,2026-08-18T15:56:09+07:00
2022-02-28,23140.0,22950.0,23460,1490.13,ACTUAL,BRONZE,2026-08-18T15:56:09+07:00
2022-03-01,23137.0,22950.0,23460,1498.78,ACTUAL,BRONZE,2026-08-18T15:56:09+07:00
2022-03-02,23133.0,22980.0,23460,1485.52,ACTUAL,BRONZE,2026-08-18T15:56:09+07:00
2022-03-03,23143.0,22980.0,23460,1505.0,ACTUAL,BRONZE,2026-08-18T15:56:09+07:00
2022-03-04,23151.0,22980.0,23460,1505.33,ACTUAL,BRONZE,2026-08-18T15:56:09+07:00
2022-03-07,23159.0,22990.0,23480,1499.05,ACTUAL,BRONZE,2026-08-18T15:56:09+07:00
2022-03-08,23171.0,22990.0,23500,1473.71,ACTUAL,BRONZE,2026-08-18T15:56:09+07:00
2022-03-09,23172.0,22990.0,23500,1473.74,ACTUAL,BRONZE,2026-08-18T15:56:09+07:00
2022-03-10,23162.0,22980.0,23500,1479.08,ACTUAL,BRONZE,2026-08-18T15:56:09+07:00
2022-03-11,23164.0,23010.0,23500,1466.54,ACTUAL,BRONZE,2026-08-18T15:56:09+07:00
2022-03-14,23178.0,23030.0,23520,1446.25,ACTUAL,BRONZE,2026-08-18T15:56:09+07:00
2022-03-15,23186.0,23030.0,23520,1452.74,ACTUAL,BRONZE,2026-08-18T15:56:09+07:00
2022-03-16,23188.0,23020.0,23520,1459.33,ACTUAL,BRONZE,2026-08-18T15:56:09+07:00
2022-03-17,23167.0,23020.0,23520,1461.34,ACTUAL,BRONZE,2026-08-18T15:56:09+07:00
2022-03-18,23142.0,23000.0,23425,1469.1,ACTUAL,BRONZE,2026-08-18T15:56:09+07:00
2022-03-21,23146.0,23010.0,23450,1494.95,ACTUAL,BRONZE,2026-08-18T15:56:09+07:00
2022-03-22,23143.0,23015.0,23460,1503.78,ACTUAL,BRONZE,2026-08-18T15:56:09+07:00
2022-03-23,23147.0,23020.0,23450,1502.34,ACTUAL,BRONZE,2026-08-18T15:56:09+07:00
2022-03-24,23148.0,23015.0,23414,1498.26,ACTUAL,BRONZE,2026-08-18T15:56:09+07:00
2022-03-25,23151.0,23010.0,23360,1498.5,ACTUAL,BRONZE,2026-08-18T15:56:09+07:00
2022-03-28,23146.0,23015.0,23400,1483.18,ACTUAL,BRONZE,2026-08-18T15:56:09+07:00
2022-03-29,23151.0,23020.0,23420,1497.76,ACTUAL,BRONZE,2026-08-18T15:56:09+07:00
2022-03-30,23135.0,23000.0,23400,1490.51,ACTUAL,BRONZE,2026-08-18T15:56:09+07:00
2022-03-31,23100.0,22980.0,23365,1492.15,ACTUAL,BRONZE,2026-08-18T15:56:09+07:00
2022-04-01,23095.0,22980.0,23345,1516.44,ACTUAL,BRONZE,2026-08-18T15:56:09+07:00
2022-04-04,23098.0,22980.0,23370,1524.7,ACTUAL,BRONZE,2026-08-18T15:56:09+07:00
2022-04-05,23098.0,23010.0,23360,1520.03,ACTUAL,BRONZE,2026-08-18T15:56:09+07:00
2022-04-06,23100.0,23010.0,23340,1522.9,ACTUAL,BRONZE,2026-08-18T15:56:09+07:00
2022-04-07,23105.0,23000.0,23285,1502.35,ACTUAL,BRONZE,2026-08-18T15:56:09+07:00
2022-04-08,23101.0,23000.0,23260,1482.0,ACTUAL,BRONZE,2026-08-18T15:56:09+07:00
2022-04-12,23108.0,23025.0,23340,1455.25,ACTUAL,BRONZE,2026-08-18T15:56:09+07:00
2022-04-13,23108.0,23020.0,23330,1477.2,ACTUAL,BRONZE,2026-08-18T15:56:09+07:00
2022-04-14,23106.0,23040.0,23300,1472.12,ACTUAL,BRONZE,2026-08-18T15:56:09+07:00
2022-04-15,23106.0,23040.0,23320,1458.56,ACTUAL,BRONZE,2026-08-18T15:56:09+07:00
2022-04-18,23107.0,23060.0,23330,1432.6,ACTUAL,BRONZE,2026-08-18T15:56:09+07:00
2022-04-19,23112.0,23095.0,23330,1406.45,ACTUAL,BRONZE,2026-08-18T15:56:09+07:00
2022-04-20,23117.0,23105.0,23380,1384.72,ACTUAL,BRONZE,2026-08-18T15:56:09+07:00
2022-04-21,23123.0,23105.0,23380,1370.21,ACTUAL,BRONZE,2026-08-18T15:56:09+07:00
2022-04-22,23123.0,23110.0,23360,1379.23,ACTUAL,BRONZE,2026-08-18T15:56:09+07:00
2022-04-25,23128.0,23120.0,23430,1310.92,ACTUAL,BRONZE,2026-08-18T15:56:09+07:00
2022-04-26,23135.0,23120.0,23510,1341.34,ACTUAL,BRONZE,2026-08-18T15:56:09+07:00
2022-04-27,23135.0,23105.0,23520,1353.77,ACTUAL,BRONZE,2026-08-18T15:56:09+07:00
2022-04-28,23140.0,23090.0,23510,1350.99,ACTUAL,BRONZE,2026-08-18T15:56:09+07:00
2022-04-29,23140.0,23095.0,23550,1366.8,ACTUAL,BRONZE,2026-08-18T15:56:09+07:00
2022-05-04,23128.0,23110.0,23680,1348.68,ACTUAL,BRONZE,2026-08-18T15:56:09+07:00
2022-05-05,23128.0,23090.0,23595,1360.68,ACTUAL,BRONZE,2026-08-18T15:56:09+07:00
2022-05-06,23130.0,23090.0,23640,1329.26,ACTUAL,BRONZE,2026-08-18T15:56:09+07:00
2022-05-09,23135.0,23095.0,23730,1269.62,ACTUAL,BRONZE,2026-08-18T15:56:09+07:00
2022-05-10,23143.0,23075.0,23820,1293.56,ACTUAL,BRONZE,2026-08-18T15:56:09+07:00
2022-05-11,23141.0,23200.0,23930,1301.53,ACTUAL,BRONZE,2026-08-18T15:56:09+07:00
2022-05-12,23151.0,23230.0,23930,1238.84,ACTUAL,BRONZE,2026-08-18T15:56:09+07:00
2022-05-13,23163.0,23230.0,23930,1182.77,ACTUAL,BRONZE,2026-08-18T15:56:09+07:00
2022-05-16,23160.0,23230.0,24000,1171.95,ACTUAL,BRONZE,2026-08-18T15:56:09+07:00
2022-05-17,23160.0,23270.0,23950,1228.37,ACTUAL,BRONZE,2026-08-18T15:56:09+07:00
2022-05-18,23140.0,23280.0,23950,1240.76,ACTUAL,BRONZE,2026-08-18T15:56:09+07:00
2022-05-19,23142.0,23305.0,23950,1241.64,ACTUAL,BRONZE,2026-08-18T15:56:09+07:00
2022-05-20,23145.0,23310.0,23950,1240.71,ACTUAL,BRONZE,2026-08-18T15:56:09+07:00
2022-05-23,23117.0,23315.0,23960,1218.81,ACTUAL,BRONZE,2026-08-18T15:56:09+07:00
2022-05-24,23103.0,23350.0,23960,1233.38,ACTUAL,BRONZE,2026-08-18T15:56:09+07:00
2022-05-25,23103.0,23350.0,23880,1268.43,ACTUAL,BRONZE,2026-08-18T15:56:09+07:00
2022-05-26,23105.0,23340.0,23880,1268.57,ACTUAL,BRONZE,2026-08-18T15:56:09+07:00
2022-05-27,23109.0,23340.0,23920,1285.45,ACTUAL,BRONZE,2026-08-18T15:56:09+07:00
2022-05-30,23089.0,23330.0,23920,1293.92,ACTUAL,BRONZE,2026-08-18T15:56:09+07:00
2022-05-31,23057.0,23330.0,23920,1292.68,ACTUAL,BRONZE,2026-08-18T15:56:09+07:00
2022-06-01,23060.0,23340.0,23880,1299.52,ACTUAL,BRONZE,2026-08-18T15:56:09+07:00
2022-06-02,23066.0,23350.0,23880,1288.62,ACTUAL,BRONZE,2026-08-18T15:56:09+07:00
2022-06-03,23069.0,23340.0,23880,1287.98,ACTUAL,BRONZE,2026-08-18T15:56:09+07:00
2022-06-06,23062.0,23335.0,23880,1290.01,ACTUAL,BRONZE,2026-08-18T15:56:09+07:00
2022-06-07,23057.0,23325.0,23940,1291.35,ACTUAL,BRONZE,2026-08-18T15:56:09+07:00
2022-06-08,23057.0,23330.0,23940,1307.91,ACTUAL,BRONZE,2026-08-18T15:56:09+07:00
2022-06-09,23062.0,23310.0,23940,1307.8,ACTUAL,BRONZE,2026-08-18T15:56:09+07:00
2022-06-10,23065.0,23310.0,23940,1284.08,ACTUAL,BRONZE,2026-08-18T15:56:09+07:00
2022-06-13,23071.0,23340.0,23940,1227.04,ACTUAL,BRONZE,2026-08-18T15:56:09+07:00
2022-06-14,23089.0,23370.0,23940,1230.31,ACTUAL,BRONZE,2026-08-18T15:56:09+07:00
2022-06-15,23093.0,23360.0,23940,1213.93,ACTUAL,BRONZE,2026-08-18T15:56:09+07:00
2022-06-16,23093.0,23370.0,23940,1236.63,ACTUAL,BRONZE,2026-08-18T15:56:09+07:00
2022-06-17,23089.0,23380.0,23940,1217.3,ACTUAL,BRONZE,2026-08-18T15:56:09+07:00
2022-06-20,23092.0,23380.0,23980,1180.4,ACTUAL,BRONZE,2026-08-18T15:56:09+07:00
2022-06-21,23087.0,23380.0,23980,1172.47,ACTUAL,BRONZE,2026-08-18T15:56:09+07:00
2022-06-22,23089.0,23385.0,23980,1169.27,ACTUAL,BRONZE,2026-08-18T15:56:09+07:00
2022-06-23,23101.0,23390.0,23970,1188.88,ACTUAL,BRONZE,2026-08-18T15:56:09+07:00
2022-06-24,23105.0,23390.0,23970,1185.48,ACTUAL,BRONZE,2026-08-18T15:56:09+07:00
2022-06-27,23102.0,23390.0,23970,1202.82,ACTUAL,BRONZE,2026-08-18T15:56:09+07:00
2022-06-28,23092.0,23390.0,23970,1218.1,ACTUAL,BRONZE,2026-08-18T15:56:09+07:00
2022-06-29,23099.0,23380.0,23970,1218.09,ACTUAL,BRONZE,2026-08-18T15:56:09+07:00
2022-06-30,23110.0,23415.0,23970,1197.6,ACTUAL,BRONZE,2026-08-18T15:56:09+07:00
2022-07-01,23112.0,23440.0,23970,1198.9,ACTUAL,BRONZE,2026-08-18T15:56:09+07:00
2022-07-04,23121.0,23470.0,23950,1195.53,ACTUAL,BRONZE,2026-08-18T15:56:09+07:00
2022-07-05,23144.0,23490.0,23960,1181.29,ACTUAL,BRONZE,2026-08-18T15:56:09+07:00
2022-07-06,23171.0,23505.0,24030,1149.61,ACTUAL,BRONZE,2026-08-18T15:56:09+07:00
2022-07-07,23178.0,23490.0,24060,1166.48,ACTUAL,BRONZE,2026-08-18T15:56:09+07:00
2022-07-08,23177.0,23500.0,24060,1171.31,ACTUAL,BRONZE,2026-08-18T15:56:09+07:00
2022-07-11,23170.0,23490.0,24150,1155.29,ACTUAL,BRONZE,2026-08-18T15:56:09+07:00
2022-07-12,23183.0,23520.0,24220,1174.82,ACTUAL,BRONZE,2026-08-18T15:56:09+07:00
2022-07-13,23198.0,23530.0,24250,1173.92,ACTUAL,BRONZE,2026-08-18T15:56:09+07:00
2022-07-14,23201.0,23545.0,24310,1182.17,ACTUAL,BRONZE,2026-08-18T15:56:09+07:00
2022-07-15,23225.0,23580.0,24430,1179.25,ACTUAL,BRONZE,2026-08-18T15:56:09+07:00
2022-07-18,23245.0,23590.0,24670,1176.49,ACTUAL,BRONZE,2026-08-18T15:56:09+07:00
2022-07-19,23224.0,23570.0,24530,1178.33,ACTUAL,BRONZE,2026-08-18T15:56:09+07:00
2022-07-20,23214.0,23560.0,24400,1194.14,ACTUAL,BRONZE,2026-08-18T15:56:09+07:00
2022-07-21,23213.0,23560.0,24440,1198.47,ACTUAL,BRONZE,2026-08-18T15:56:09+07:00
2022-07-22,23212.0,23550.0,24370,1194.76,ACTUAL,BRONZE,2026-08-18T15:56:09+07:00
2022-07-25,23207.0,23530.0,24400,1188.5,ACTUAL,BRONZE,2026-08-18T15:56:09+07:00
2022-07-26,23196.0,23495.0,24400,1185.07,ACTUAL,BRONZE,2026-08-18T15:56:09+07:00
2022-07-27,23192.0,23510.0,24410,1191.04,ACTUAL,BRONZE,2026-08-18T15:56:09+07:00
2022-07-28,23201.0,23520.0,24410,1208.12,ACTUAL,BRONZE,2026-08-18T15:56:09+07:00
2022-07-29,23176.0,23480.0,24410,1206.33,ACTUAL,BRONZE,2026-08-18T15:56:09+07:00
2022-08-01,23161.0,23490.0,24270,1231.35,ACTUAL,BRONZE,2026-08-18T15:56:09+07:00
2022-08-02,23154.0,23500.0,24260,1241.62,ACTUAL,BRONZE,2026-08-18T15:56:09+07:00
2022-08-03,23163.0,23530.0,24270,1249.76,ACTUAL,BRONZE,2026-08-18T15:56:09+07:00
2022-08-04,23178.0,23540.0,24200,1254.15,ACTUAL,BRONZE,2026-08-18T15:56:09+07:00
2022-08-05,23182.0,23530.0,24200,1252.74,ACTUAL,BRONZE,2026-08-18T15:56:09+07:00
2022-08-08,23175.0,23530.0,24208,1256.75,ACTUAL,BRONZE,2026-08-18T15:56:09+07:00
2022-08-09,23176.0,23530.0,24020,1258.85,ACTUAL,BRONZE,2026-08-18T15:56:09+07:00
2022-08-10,23174.0,23530.0,23880,1256.5,ACTUAL,BRONZE,2026-08-18T15:56:09+07:00
2022-08-11,23163.0,23530.0,23880,1252.07,ACTUAL,BRONZE,2026-08-18T15:56:09+07:00
2022-08-12,23153.0,23530.0,24050,1262.33,ACTUAL,BRONZE,2026-08-18T15:56:09+07:00
2022-08-15,23160.0,23540.0,24000,1274.2,ACTUAL,BRONZE,2026-08-18T15:56:09+07:00
2022-08-16,23173.0,23540.0,23980,1274.69,ACTUAL,BRONZE,2026-08-18T15:56:09+07:00
2022-08-17,23192.0,23545.0,23980,1275.28,ACTUAL,BRONZE,2026-08-18T15:56:09+07:00
2022-08-18,23192.0,23540.0,23980,1273.66,ACTUAL,BRONZE,2026-08-18T15:56:09+07:00
2022-08-19,23205.0,23545.0,24000,1269.18,ACTUAL,BRONZE,2026-08-18T15:56:09+07:00
2022-08-22,23222.0,23545.0,24120,1260.43,ACTUAL,BRONZE,2026-08-18T15:56:09+07:00
2022-08-23,23237.0,23570.0,24140,1270.81,ACTUAL,BRONZE,2026-08-18T15:56:09+07:00
2022-08-24,23232.0,23610.0,24160,1277.16,ACTUAL,BRONZE,2026-08-18T15:56:09+07:00
2022-08-25,23234.0,23560.0,24160,1288.88,ACTUAL,BRONZE,2026-08-18T15:56:09+07:00
2022-08-26,23212.0,23570.0,24160,1282.57,ACTUAL,BRONZE,2026-08-18T15:56:09+07:00
2022-08-29,23211.0,23550.0,24150,1270.8,ACTUAL,BRONZE,2026-08-18T15:56:09+07:00
2022-08-30,23221.0,23570.0,24140,1279.39,ACTUAL,BRONZE,2026-08-18T15:56:09+07:00
2022-08-31,23219.0,23600.0,24120,1280.51,ACTUAL,BRONZE,2026-08-18T15:56:09+07:00
2022-09-05,23227.0,23680.0,24220,1277.35,ACTUAL,BRONZE,2026-08-18T15:56:09+07:00
2022-09-06,23245.0,23680.0,24220,1277.4,ACTUAL,BRONZE,2026-08-18T15:56:09+07:00
2022-09-07,23261.0,23740.0,24220,1243.17,ACTUAL,BRONZE,2026-08-18T15:56:09+07:00
2022-09-08,23281.0,23670.0,24140,1234.6,ACTUAL,BRONZE,2026-08-18T15:56:09+07:00
2022-09-09,23263.0,23690.0,24140,1248.78,ACTUAL,BRONZE,2026-08-18T15:56:09+07:00
2022-09-12,23253.0,23670.0,24160,1249.62,ACTUAL,BRONZE,2026-08-18T15:56:09+07:00
2022-09-13,23244.0,23690.0,24140,1248.4,ACTUAL,BRONZE,2026-08-18T15:56:09+07:00
2022-09-14,23257.0,23730.0,24140,1240.77,ACTUAL,BRONZE,2026-08-18T15:56:09+07:00
2022-09-15,23277.0,23740.0,24030,1245.66,ACTUAL,BRONZE,2026-08-18T15:56:09+07:00
2022-09-16,23283.0,23795.0,24030,1234.03,ACTUAL,BRONZE,2026-08-18T15:56:09+07:00
2022-09-19,23295.0,23810.0,24160,1205.43,ACTUAL,BRONZE,2026-08-18T15:56:09+07:00
2022-09-20,23301.0,23810.0,24150,1218.93,ACTUAL,BRONZE,2026-08-18T15:56:09+07:00
2022-09-21,23301.0,23825.0,24130,1210.55,ACTUAL,BRONZE,2026-08-18T15:56:09+07:00
2022-09-22,23316.0,23845.0,24130,1214.7,ACTUAL,BRONZE,2026-08-18T15:56:09+07:00
2022-09-23,23324.0,23845.0,24130,1203.28,ACTUAL,BRONZE,2026-08-18T15:56:09+07:00
2022-09-26,23334.0,23870.0,24270,1174.35,ACTUAL,BRONZE,2026-08-18T15:56:09+07:00
2022-09-27,23346.0,23875.0,24290,1166.54,ACTUAL,BRONZE,2026-08-18T15:56:09+07:00
2022-09-28,23346.0,23890.0,24290,1143.62,ACTUAL,BRONZE,2026-08-18T15:56:09+07:00
2022-09-29,23371.0,23950.0,24290,1126.07,ACTUAL,BRONZE,2026-08-18T15:56:09+07:00
2022-09-30,23400.0,24010.0,24200,1132.11,ACTUAL,BRONZE,2026-08-18T15:56:09+07:00
2022-10-03,23412.0,24040.0,24200,1086.44,ACTUAL,BRONZE,2026-08-18T15:56:09+07:00
2022-10-04,23423.0,24030.0,24200,1078.14,ACTUAL,BRONZE,2026-08-18T15:56:09+07:00
2022-10-05,23417.0,24020.0,24100,1104.26,ACTUAL,BRONZE,2026-08-18T15:56:09+07:00
2022-10-06,23417.0,24015.0,24120,1074.52,ACTUAL,BRONZE,2026-08-18T15:56:09+07:00
2022-10-07,23422.0,24020.0,24130,1035.91,ACTUAL,BRONZE,2026-08-18T15:56:09+07:00
2022-10-10,23432.0,24020.0,24260,1042.48,ACTUAL,BRONZE,2026-08-18T15:56:09+07:00
2022-10-11,23451.0,24070.0,24260,1006.2,ACTUAL,BRONZE,2026-08-18T15:56:09+07:00
2022-10-12,23480.0,24080.0,24350,1034.81,ACTUAL,BRONZE,2026-08-18T15:56:09+07:00
2022-10-13,23497.0,24200.0,24330,1050.99,ACTUAL,BRONZE,2026-08-18T15:56:09+07:00
2022-10-14,23541.0,24230.0,24330,1061.85,ACTUAL,BRONZE,2026-08-18T15:56:09+07:00
2022-10-17,23586.0,24440.0,24520,1051.58,ACTUAL,BRONZE,2026-08-18T15:56:09+07:00
2022-10-18,23637.0,24550.0,24600,1063.66,ACTUAL,BRONZE,2026-08-18T15:56:09+07:00
2022-10-19,23663.0,24630.0,24720,1060.07,ACTUAL,BRONZE,2026-08-18T15:56:09+07:00
2022-10-20,23682.0,24670.0,25100,1058.45,ACTUAL,BRONZE,2026-08-18T15:56:09+07:00
2022-10-21,23688.0,24870.0,25120,1019.82,ACTUAL,BRONZE,2026-08-18T15:56:09+07:00
2022-10-24,23700.0,24885.0,25120,986.15,ACTUAL,BRONZE,2026-08-18T15:56:09+07:00
2022-10-25,23703.0,24888.0,25220,997.7,ACTUAL,BRONZE,2026-08-18T15:56:09+07:00
2022-10-26,23698.0,24882.0,25280,993.36,ACTUAL,BRONZE,2026-08-18T15:56:09+07:00
2022-10-27,23693.0,24877.0,25325,1028.01,ACTUAL,BRONZE,2026-08-18T15:56:09+07:00
2022-10-28,23693.0,24877.0,25280,1027.36,ACTUAL,BRONZE,2026-08-18T15:56:09+07:00
2022-10-31,23695.0,24879.0,25280,1027.94,ACTUAL,BRONZE,2026-08-18T15:56:09+07:00
2022-11-01,23697.0,24881.0,25450,1033.75,ACTUAL,BRONZE,2026-08-18T15:56:09+07:00
2022-11-02,23688.0,24872.0,25350,1023.19,ACTUAL,BRONZE,2026-08-18T15:56:09+07:00
2022-11-03,23687.0,24871.0,25350,1019.81,ACTUAL,BRONZE,2026-08-18T15:56:09+07:00
2022-11-04,23693.0,24877.0,25380,997.15,ACTUAL,BRONZE,2026-08-18T15:56:09+07:00
2022-11-07,23690.0,24874.0,25350,975.19,ACTUAL,BRONZE,2026-08-18T15:56:09+07:00
2022-11-08,23688.0,24872.0,25300,981.65,ACTUAL,BRONZE,2026-08-18T15:56:09+07:00
2022-11-09,23688.0,24872.0,25220,985.59,ACTUAL,BRONZE,2026-08-18T15:56:09+07:00
2022-11-10,23686.0,24870.0,25195,947.24,ACTUAL,BRONZE,2026-08-18T15:56:09+07:00
2022-11-11,23683.0,24860.0,25250,954.53,ACTUAL,BRONZE,2026-08-18T15:56:09+07:00
2022-11-14,23678.0,24855.0,25120,941.04,ACTUAL,BRONZE,2026-08-18T15:56:09+07:00
2022-11-15,23677.0,24860.0,25120,911.9,ACTUAL,BRONZE,2026-08-18T15:56:09+07:00
2022-11-16,23677.0,24860.0,25000,942.9,ACTUAL,BRONZE,2026-08-18T15:56:09+07:00
2022-11-17,23677.0,24860.0,24938,969.26,ACTUAL,BRONZE,2026-08-18T15:56:09+07:00
2022-11-18,23675.0,24858.0,24985,969.33,ACTUAL,BRONZE,2026-08-18T15:56:09+07:00
2022-11-21,23674.0,24857.0,25000,960.65,ACTUAL,BRONZE,2026-08-18T15:56:09+07:00
2022-11-22,23674.0,24857.0,25050,952.12,ACTUAL,BRONZE,2026-08-18T15:56:09+07:00
2022-11-23,23672.0,24855.0,25050,946.0,ACTUAL,BRONZE,2026-08-18T15:56:09+07:00
2022-11-24,23671.0,24854.0,24940,947.71,ACTUAL,BRONZE,2026-08-18T15:56:09+07:00
2022-11-25,23669.0,24840.0,24980,971.46,ACTUAL,BRONZE,2026-08-18T15:56:09+07:00
2022-11-28,23667.0,24840.0,25050,1005.69,ACTUAL,BRONZE,2026-08-18T15:56:09+07:00
2022-11-29,23667.0,24850.0,25020,1032.16,ACTUAL,BRONZE,2026-08-18T15:56:09+07:00
2022-11-30,23665.0,24800.0,24960,1048.42,ACTUAL,BRONZE,2026-08-18T15:56:09+07:00
2022-12-01,23662.0,24640.0,24850,1036.28,ACTUAL,BRONZE,2026-08-18T15:56:09+07:00
2022-12-02,23660.0,24240.0,24730,1080.01,ACTUAL,BRONZE,2026-08-18T15:56:09+07:00
2022-12-05,23658.0,24070.0,24650,1093.67,ACTUAL,BRONZE,2026-08-18T15:56:09+07:00
2022-12-06,23658.0,24180.0,24500,1048.69,ACTUAL,BRONZE,2026-08-18T15:56:09+07:00
2022-12-07,23660.0,24020.0,24430,1041.02,ACTUAL,BRONZE,2026-08-18T15:56:09+07:00
2022-12-08,23659.0,23880.0,24430,1050.53,ACTUAL,BRONZE,2026-08-18T15:56:09+07:00
2022-12-09,23657.0,23700.0,24430,1051.81,ACTUAL,BRONZE,2026-08-18T15:56:09+07:00
2022-12-12,23655.0,23840.0,24220,1032.07,ACTUAL,BRONZE,2026-08-18T15:56:09+07:00
2022-12-13,23655.0,23750.0,24230,1047.45,ACTUAL,BRONZE,2026-08-18T15:56:09+07:00
2022-12-14,23654.0,23650.0,24150,1050.43,ACTUAL,BRONZE,2026-08-18T15:56:09+07:00
2022-12-15,23652.0,23630.0,24130,1055.32,ACTUAL,BRONZE,2026-08-18T15:56:09+07:00
2022-12-16,23650.0,23720.0,24035,1052.48,ACTUAL,BRONZE,2026-08-18T15:56:09+07:00
2022-12-19,23645.0,23820.0,24100,1038.4,ACTUAL,BRONZE,2026-08-18T15:56:09+07:00
2022-12-20,23643.0,23880.0,24180,1023.13,ACTUAL,BRONZE,2026-08-18T15:56:09+07:00
2022-12-21,23641.0,23860.0,24100,1018.88,ACTUAL,BRONZE,2026-08-18T15:56:09+07:00
2022-12-22,23636.0,23820.0,24010,1022.61,ACTUAL,BRONZE,2026-08-18T15:56:09+07:00
2022-12-23,23631.0,23750.0,24000,1020.34,ACTUAL,BRONZE,2026-08-18T15:56:09+07:00
2022-12-26,23626.0,23800.0,23980,985.21,ACTUAL,BRONZE,2026-08-18T15:56:09+07:00
2022-12-27,23624.0,23750.0,23970,1004.57,ACTUAL,BRONZE,2026-08-18T15:56:09+07:00
2022-12-28,23620.0,23750.0,23970,1015.66,ACTUAL,BRONZE,2026-08-18T15:56:09+07:00
2022-12-29,23617.0,23780.0,23820,1009.29,ACTUAL,BRONZE,2026-08-18T15:56:09+07:00
2022-12-30,23612.0,23730.0,23775,1007.09,ACTUAL,BRONZE,2026-08-18T15:56:09+07:00
2023-01-03,23606.0,23690.0,23800,1043.9,ACTUAL,BRONZE,2026-08-18T15:56:09+07:00
2023-01-04,23603.0,23670.0,23800,1046.35,ACTUAL,BRONZE,2026-08-18T15:56:09+07:00
2023-01-05,23603.0,23660.0,23680,1055.82,ACTUAL,BRONZE,2026-08-18T15:56:09+07:00
2023-01-06,23605.0,23630.0,23740,1051.44,ACTUAL,BRONZE,2026-08-18T15:56:09+07:00
2023-01-09,23605.0,23620.0,23650,1054.21,ACTUAL,BRONZE,2026-08-18T15:56:09+07:00
2023-01-10,23603.0,23620.0,23520,1053.35,ACTUAL,BRONZE,2026-08-18T15:56:09+07:00
2023-01-11,23604.0,23610.0,23650,1055.76,ACTUAL,BRONZE,2026-08-18T15:56:09+07:00
2023-01-12,23605.0,23610.0,23485,1056.39,ACTUAL,BRONZE,2026-08-18T15:56:09+07:00
2023-01-13,23602.0,23610.0,23450,1060.17,ACTUAL,BRONZE,2026-08-18T15:56:09+07:00
2023-01-16,23601.0,23610.0,23500,1066.68,ACTUAL,BRONZE,2026-08-18T15:56:09+07:00
2023-01-17,23603.0,23600.0,23500,1088.29,ACTUAL,BRONZE,2026-08-18T15:56:09+07:00
2023-01-18,23606.0,23600.0,23470,1098.28,ACTUAL,BRONZE,2026-08-18T15:56:09+07:00
2023-01-19,23605.0,23620.0,23490,1108.08,ACTUAL,BRONZE,2026-08-18T15:56:09+07:00
2023-01-27,23608.0,23630.0,23540,1117.1,ACTUAL,BRONZE,2026-08-18T15:56:09+07:00
2023-01-30,23611.0,23620.0,23540,1102.57,ACTUAL,BRONZE,2026-08-18T15:56:09+07:00
2023-01-31,23609.0,23620.0,23560,1111.18,ACTUAL,BRONZE,2026-08-18T15:56:09+07:00
2023-02-01,23610.0,23620.0,23520,1075.97,ACTUAL,BRONZE,2026-08-18T15:56:09+07:00
2023-02-02,23608.0,23620.0,23525,1077.59,ACTUAL,BRONZE,2026-08-18T15:56:09+07:00
2023-02-03,23606.0,23620.0,23560,1077.15,ACTUAL,BRONZE,2026-08-18T15:56:09+07:00
2023-02-06,23611.0,23640.0,23560,1089.29,ACTUAL,BRONZE,2026-08-18T15:56:09+07:00
2023-02-07,23621.0,23790.0,23550,1065.84,ACTUAL,BRONZE,2026-08-18T15:56:09+07:00
2023-02-08,23624.0,23770.0,23620,1072.22,ACTUAL,BRONZE,2026-08-18T15:56:09+07:00
2023-02-09,23626.0,23730.0,23625,1064.03,ACTUAL,BRONZE,2026-08-18T15:56:09+07:00
2023-02-10,23626.0,23745.0,23625,1055.3,ACTUAL,BRONZE,2026-08-18T15:56:09+07:00
2023-02-13,23628.0,23770.0,23630,1043.7,ACTUAL,BRONZE,2026-08-18T15:56:09+07:00
2023-02-14,23630.0,23770.0,23700,1038.64,ACTUAL,BRONZE,2026-08-18T15:56:09+07:00
2023-02-15,23631.0,23790.0,23700,1048.2,ACTUAL,BRONZE,2026-08-18T15:56:09+07:00
2023-02-16,23636.0,23840.0,23695,1058.29,ACTUAL,BRONZE,2026-08-18T15:56:09+07:00
2023-02-17,23639.0,23980.0,23685,1059.31,ACTUAL,BRONZE,2026-08-18T15:56:09+07:00
2023-02-20,23646.0,23900.0,23830,1086.69,ACTUAL,BRONZE,2026-08-18T15:56:09+07:00
2023-02-21,23643.0,23880.0,23830,1082.23,ACTUAL,BRONZE,2026-08-18T15:56:09+07:00
2023-02-22,23641.0,23950.0,23800,1054.28,ACTUAL,BRONZE,2026-08-18T15:56:09+07:00
2023-02-23,23641.0,23990.0,23830,1053.66,ACTUAL,BRONZE,2026-08-18T15:56:09+07:00
2023-02-24,23642.0,23970.0,23860,1039.56,ACTUAL,BRONZE,2026-08-18T15:56:09+07:00
2023-02-27,23642.0,23990.0,23920,1021.25,ACTUAL,BRONZE,2026-08-18T15:56:09+07:00
2023-02-28,23644.0,23940.0,23920,1024.68,ACTUAL,BRONZE,2026-08-18T15:56:09+07:00
2023-03-01,23643.0,23920.0,23850,1040.55,ACTUAL,BRONZE,2026-08-18T15:56:09+07:00
2023-03-02,23638.0,23875.0,23850,1037.61,ACTUAL,BRONZE,2026-08-18T15:56:09+07:00
2023-03-03,23637.0,23890.0,23765,1024.77,ACTUAL,BRONZE,2026-08-18T15:56:09+07:00
2023-03-06,23636.0,23870.0,23820,1027.18,ACTUAL,BRONZE,2026-08-18T15:56:09+07:00
2023-03-07,23633.0,23830.0,23760,1037.84,ACTUAL,BRONZE,2026-08-18T15:56:09+07:00
2023-03-08,23632.0,23880.0,23760,1049.18,ACTUAL,BRONZE,2026-08-18T15:56:09+07:00
2023-03-09,23640.0,23875.0,23780,1055.95,ACTUAL,BRONZE,2026-08-18T15:56:09+07:00
2023-03-10,23639.0,23840.0,23780,1053.0,ACTUAL,BRONZE,2026-08-18T15:56:09+07:00
2023-03-13,23638.0,23740.0,23820,1052.8,ACTUAL,BRONZE,2026-08-18T15:56:09+07:00
2023-03-14,23618.0,23740.0,23750,1040.13,ACTUAL,BRONZE,2026-08-18T15:56:09+07:00
2023-03-15,23619.0,23750.0,23720,1062.19,ACTUAL,BRONZE,2026-08-18T15:56:09+07:00
2023-03-16,23622.0,23750.0,23620,1047.4,ACTUAL,BRONZE,2026-08-18T15:56:09+07:00
2023-03-17,23620.0,23750.0,23620,1045.14,ACTUAL,BRONZE,2026-08-18T15:56:09+07:00
2023-03-20,23619.0,23750.0,23720,1023.1,ACTUAL,BRONZE,2026-08-18T15:56:09+07:00
2023-03-21,23617.0,23750.0,23680,1032.43,ACTUAL,BRONZE,2026-08-18T15:56:09+07:00
2023-03-22,23617.0,23690.0,23680,1040.54,ACTUAL,BRONZE,2026-08-18T15:56:09+07:00
2023-03-23,23615.0,23670.0,23570,1045.1,ACTUAL,BRONZE,2026-08-18T15:56:09+07:00
2023-03-24,23600.0,23680.0,23530,1046.79,ACTUAL,BRONZE,2026-08-18T15:56:09+07:00
2023-03-27,23602.0,23680.0,23550,1052.25,ACTUAL,BRONZE,2026-08-18T15:56:09+07:00
2023-03-28,23605.0,23660.0,23550,1054.29,ACTUAL,BRONZE,2026-08-18T15:56:09+07:00
2023-03-29,23603.0,23650.0,23550,1056.33,ACTUAL,BRONZE,2026-08-18T15:56:09+07:00
2023-03-30,23603.0,23640.0,23530,1059.44,ACTUAL,BRONZE,2026-08-18T15:56:09+07:00
2023-03-31,23600.0,23630.0,23520,1064.64,ACTUAL,BRONZE,2026-08-18T15:56:09+07:00
2023-04-03,23600.0,23650.0,23480,1079.28,ACTUAL,BRONZE,2026-08-18T15:56:09+07:00
2023-04-04,23602.0,23635.0,23480,1078.45,ACTUAL,BRONZE,2026-08-18T15:56:09+07:00
2023-04-05,23602.0,23620.0,23480,1080.86,ACTUAL,BRONZE,2026-08-18T15:56:09+07:00
2023-04-06,23601.0,23620.0,23480,1070.91,ACTUAL,BRONZE,2026-08-18T15:56:09+07:00
2023-04-07,23603.0,23620.0,23480,1069.71,ACTUAL,BRONZE,2026-08-18T15:56:09+07:00
2023-04-10,23600.0,23620.0,23450,1065.35,ACTUAL,BRONZE,2026-08-18T15:56:09+07:00
2023-04-11,23606.0,23630.0,23460,1069.46,ACTUAL,BRONZE,2026-08-18T15:56:09+07:00
2023-04-12,23608.0,23630.0,23470,1069.45,ACTUAL,BRONZE,2026-08-18T15:56:09+07:00
2023-04-13,23606.0,23610.0,23450,1064.3,ACTUAL,BRONZE,2026-08-18T15:56:09+07:00
2023-04-14,23588.0,23620.0,23450,1052.89,ACTUAL,BRONZE,2026-08-18T15:56:09+07:00
2023-04-17,23577.0,23660.0,23460,1053.81,ACTUAL,BRONZE,2026-08-18T15:56:09+07:00
2023-04-18,23615.0,23700.0,23520,1055.02,ACTUAL,BRONZE,2026-08-18T15:56:09+07:00
2023-04-19,23626.0,23645.0,23520,1048.98,ACTUAL,BRONZE,2026-08-18T15:56:09+07:00
2023-04-20,23642.0,23660.0,23500,1049.25,ACTUAL,BRONZE,2026-08-18T15:56:09+07:00
2023-04-21,23634.0,23660.0,23500,1042.91,ACTUAL,BRONZE,2026-08-18T15:56:09+07:00
2023-04-24,23636.0,23650.0,23500,1041.36,ACTUAL,BRONZE,2026-08-18T15:56:09+07:00
2023-04-25,23638.0,23650.0,23480,1034.85,ACTUAL,BRONZE,2026-08-18T15:56:09+07:00
2023-04-26,23645.0,23650.0,23480,1040.8,ACTUAL,BRONZE,2026-08-18T15:56:09+07:00
2023-04-27,23639.0,23630.0,23500,1039.63,ACTUAL,BRONZE,2026-08-18T15:56:09+07:00
2023-04-28,23639.0,23630.0,23480,1049.12,ACTUAL,BRONZE,2026-08-18T15:56:09+07:00
2023-05-04,23635.0,23620.0,23450,1040.61,ACTUAL,BRONZE,2026-08-18T15:56:09+07:00
2023-05-05,23622.0,23620.0,23450,1040.31,ACTUAL,BRONZE,2026-08-18T15:56:09+07:00
2023-05-08,23618.0,23630.0,23450,1053.44,ACTUAL,BRONZE,2026-08-18T15:56:09+07:00
2023-05-09,23621.0,23630.0,23420,1053.77,ACTUAL,BRONZE,2026-08-18T15:56:09+07:00
2023-05-10,23630.0,23640.0,23460,1058.26,ACTUAL,BRONZE,2026-08-18T15:56:09+07:00
2023-05-11,23632.0,23640.0,23450,1057.12,ACTUAL,BRONZE,2026-08-18T15:56:09+07:00
2023-05-12,23640.0,23640.0,23450,1066.9,ACTUAL,BRONZE,2026-08-18T15:56:09+07:00
2023-05-15,23652.0,23620.0,23450,1065.71,ACTUAL,BRONZE,2026-08-18T15:56:09+07:00
2023-05-16,23652.0,23620.0,23450,1065.91,ACTUAL,BRONZE,2026-08-18T15:56:09+07:00
2023-05-17,23656.0,23625.0,23470,1060.44,ACTUAL,BRONZE,2026-08-18T15:56:09+07:00
2023-05-18,23672.0,23620.0,23450,1068.31,ACTUAL,BRONZE,2026-08-18T15:56:09+07:00
2023-05-19,23680.0,23660.0,23450,1067.07,ACTUAL,BRONZE,2026-08-18T15:56:09+07:00
2023-05-22,23684.0,23615.0,23480,1070.64,ACTUAL,BRONZE,2026-08-18T15:56:09+07:00
2023-05-23,23670.0,23630.0,23480,1065.85,ACTUAL,BRONZE,2026-08-18T15:56:09+07:00
2023-05-24,23684.0,23660.0,23480,1061.79,ACTUAL,BRONZE,2026-08-18T15:56:09+07:00
2023-05-25,23696.0,23640.0,23480,1064.63,ACTUAL,BRONZE,2026-08-18T15:56:09+07:00
2023-05-26,,23660.0,23525,1063.76,ACTUAL,BRONZE,2026-08-18T15:56:09+07:00
2023-05-29,23712.0,23650.0,23530,1074.98,ACTUAL,BRONZE,2026-08-18T15:56:09+07:00
2023-05-30,23714.0,23655.0,23540,1078.05,ACTUAL,BRONZE,2026-08-18T15:56:09+07:00
2023-05-31,23714.0,23665.0,23500,1075.17,ACTUAL,BRONZE,2026-08-18T15:56:09+07:00
2023-06-01,23729.0,23650.0,23500,1078.39,ACTUAL,BRONZE,2026-08-18T15:56:09+07:00
2023-06-02,23722.0,23650.0,23500,1090.84,ACTUAL,BRONZE,2026-08-18T15:56:09+07:00
2023-06-05,23693.0,23670.0,23520,1097.82,ACTUAL,BRONZE,2026-08-18T15:56:09+07:00
2023-06-06,23720.0,23660.0,23490,1108.31,ACTUAL,BRONZE,2026-08-18T15:56:09+07:00
2023-06-07,23713.0,23660.0,23490,1109.54,ACTUAL,BRONZE,2026-08-18T15:56:09+07:00
2023-06-08,23714.0,23660.0,23490,1101.32,ACTUAL,BRONZE,2026-08-18T15:56:09+07:00
2023-06-09,23717.0,23650.0,23520,1107.53,ACTUAL,BRONZE,2026-08-18T15:56:09+07:00
2023-06-12,23700.0,23640.0,23550,1116.02,ACTUAL,BRONZE,2026-08-18T15:56:09+07:00
2023-06-13,23699.0,23660.0,23580,1122.46,ACTUAL,BRONZE,2026-08-18T15:56:09+07:00
2023-06-14,23700.0,23670.0,23580,1117.42,ACTUAL,BRONZE,2026-08-18T15:56:09+07:00
2023-06-15,23704.0,23700.0,23575,1116.97,ACTUAL,BRONZE,2026-08-18T15:56:09+07:00
2023-06-16,23711.0,23700.0,23565,1115.22,ACTUAL,BRONZE,2026-08-18T15:56:09+07:00
2023-06-19,23697.0,23690.0,23570,1105.4,ACTUAL,BRONZE,2026-08-18T15:56:09+07:00
2023-06-20,23718.0,23690.0,23600,1111.72,ACTUAL,BRONZE,2026-08-18T15:56:09+07:00
2023-06-21,23727.0,23680.0,23620,1118.46,ACTUAL,BRONZE,2026-08-18T15:56:09+07:00
2023-06-22,23732.0,23680.0,23610,1125.3,ACTUAL,BRONZE,2026-08-18T15:56:09+07:00
2023-06-23,23732.0,23690.0,23625,1129.38,ACTUAL,BRONZE,2026-08-18T15:56:09+07:00
2023-06-26,23755.0,23700.0,23610,1132.03,ACTUAL,BRONZE,2026-08-18T15:56:09+07:00
2023-06-27,23761.0,23710.0,23630,1134.33,ACTUAL,BRONZE,2026-08-18T15:56:09+07:00
2023-06-28,23760.0,23720.0,23630,1138.35,ACTUAL,BRONZE,2026-08-18T15:56:09+07:00
2023-06-29,23783.0,23730.0,23630,1125.39,ACTUAL,BRONZE,2026-08-18T15:56:09+07:00
2023-06-30,23800.0,23750.0,23630,1120.18,ACTUAL,BRONZE,2026-08-18T15:56:09+07:00
2023-07-03,23805.0,23820.0,23720,1125.5,ACTUAL,BRONZE,2026-08-18T15:56:09+07:00
2023-07-04,23804.0,23860.0,23700,1132.0,ACTUAL,BRONZE,2026-08-18T15:56:09+07:00
2023-07-05,23813.0,23920.0,23700,1134.62,ACTUAL,BRONZE,2026-08-18T15:56:09+07:00
2023-07-06,23828.0,23900.0,23800,1126.22,ACTUAL,BRONZE,2026-08-18T15:56:09+07:00
2023-07-07,23833.0,23810.0,23750,1138.07,ACTUAL,BRONZE,2026-08-18T15:56:09+07:00
2023-07-10,23810.0,23820.0,23750,1149.02,ACTUAL,BRONZE,2026-08-18T15:56:09+07:00
2023-07-11,23787.0,23860.0,23700,1151.77,ACTUAL,BRONZE,2026-08-18T15:56:09+07:00
2023-07-12,23772.0,23850.0,23690,1154.2,ACTUAL,BRONZE,2026-08-18T15:56:09+07:00
2023-07-13,23758.0,23815.0,23670,1165.42,ACTUAL,BRONZE,2026-08-18T15:56:09+07:00
2023-07-14,23720.0,23810.0,23670,1168.4,ACTUAL,BRONZE,2026-08-18T15:56:09+07:00
2023-07-17,23701.0,23800.0,23700,1173.13,ACTUAL,BRONZE,2026-08-18T15:56:09+07:00
2023-07-18,23714.0,23810.0,23700,1174.09,ACTUAL,BRONZE,2026-08-18T15:56:09+07:00
2023-07-19,23704.0,23805.0,23660,1172.98,ACTUAL,BRONZE,2026-08-18T15:56:09+07:00
2023-07-20,23731.0,23810.0,23660,1172.81,ACTUAL,BRONZE,2026-08-18T15:56:09+07:00
2023-07-21,23734.0,23820.0,23660,1185.9,ACTUAL,BRONZE,2026-08-18T15:56:09+07:00
2023-07-24,23753.0,23825.0,23700,1190.72,ACTUAL,BRONZE,2026-08-18T15:56:09+07:00
2023-07-25,23760.0,23830.0,23720,1195.9,ACTUAL,BRONZE,2026-08-18T15:56:09+07:00
2023-07-26,23746.0,23835.0,23700,1200.84,ACTUAL,BRONZE,2026-08-18T15:56:09+07:00
2023-07-27,23736.0,23840.0,23700,1197.33,ACTUAL,BRONZE,2026-08-18T15:56:09+07:00
2023-07-28,23744.0,23860.0,23700,1207.67,ACTUAL,BRONZE,2026-08-18T15:56:09+07:00
2023-07-31,23758.0,23855.0,23720,1222.9,ACTUAL,BRONZE,2026-08-18T15:56:09+07:00
2023-08-01,23757.0,23860.0,23700,1217.56,ACTUAL,BRONZE,2026-08-18T15:56:09+07:00
2023-08-02,23773.0,23895.0,23720,1220.43,ACTUAL,BRONZE,2026-08-18T15:56:09+07:00
2023-08-03,23803.0,23920.0,23760,1210.95,ACTUAL,BRONZE,2026-08-18T15:56:09+07:00
2023-08-04,23825.0,23890.0,23780,1225.98,ACTUAL,BRONZE,2026-08-18T15:56:09+07:00
2023-08-07,23815.0,23890.0,23800,1241.42,ACTUAL,BRONZE,2026-08-18T15:56:09+07:00
2023-08-08,23802.0,23895.0,23800,1242.23,ACTUAL,BRONZE,2026-08-18T15:56:09+07:00
2023-08-09,23831.0,23910.0,23800,1233.99,ACTUAL,BRONZE,2026-08-18T15:56:09+07:00
2023-08-10,23826.0,23910.0,23815,1220.61,ACTUAL,BRONZE,2026-08-18T15:56:09+07:00
2023-08-11,23837.0,23910.0,23815,1232.21,ACTUAL,BRONZE,2026-08-18T15:56:09+07:00
2023-08-14,23848.0,23990.0,23830,1236.84,ACTUAL,BRONZE,2026-08-18T15:56:09+07:00
2023-08-15,23881.0,24140.0,23900,1234.05,ACTUAL,BRONZE,2026-08-18T15:56:09+07:00
2023-08-16,23918.0,24125.0,24000,1243.26,ACTUAL,BRONZE,2026-08-18T15:56:09+07:00
2023-08-17,23951.0,24040.0,24010,1233.48,ACTUAL,BRONZE,2026-08-18T15:56:09+07:00
2023-08-18,23946.0,23970.0,24000,1177.99,ACTUAL,BRONZE,2026-08-18T15:56:09+07:00
2023-08-21,23897.0,23970.0,24140,1179.76,ACTUAL,BRONZE,2026-08-18T15:56:09+07:00
2023-08-22,23886.0,24070.0,24140,1180.49,ACTUAL,BRONZE,2026-08-18T15:56:09+07:00
2023-08-23,23898.0,24140.0,24060,1172.56,ACTUAL,BRONZE,2026-08-18T15:56:09+07:00
2023-08-24,23954.0,24150.0,24060,1189.39,ACTUAL,BRONZE,2026-08-18T15:56:09+07:00
2023-08-25,23942.0,24150.0,24060,1183.37,ACTUAL,BRONZE,2026-08-18T15:56:09+07:00
2023-08-28,23960.0,24260.0,24170,1201.72,ACTUAL,BRONZE,2026-08-18T15:56:09+07:00
2023-08-29,23963.0,24350.0,24200,1204.43,ACTUAL,BRONZE,2026-08-18T15:56:09+07:00
2023-08-30,23978.0,24315.0,24220,1213.16,ACTUAL,BRONZE,2026-08-18T15:56:09+07:00
2023-08-31,23977.0,24240.0,24200,1224.05,ACTUAL,BRONZE,2026-08-18T15:56:09+07:00
2023-09-05,23959.0,24240.0,24200,1234.98,ACTUAL,BRONZE,2026-08-18T15:56:09+07:00
2023-09-06,23991.0,24220.0,24180,1245.5,ACTUAL,BRONZE,2026-08-18T15:56:09+07:00
2023-09-07,23979.0,24220.0,24180,1243.14,ACTUAL,BRONZE,2026-08-18T15:56:09+07:00
2023-09-08,23993.0,24260.0,24180,1241.48,ACTUAL,BRONZE,2026-08-18T15:56:09+07:00
2023-09-11,24005.0,24225.0,24180,1223.63,ACTUAL,BRONZE,2026-08-18T15:56:09+07:00
2023-09-12,23981.0,24260.0,24200,1245.44,ACTUAL,BRONZE,2026-08-18T15:56:09+07:00
2023-09-13,23995.0,24320.0,24200,1238.39,ACTUAL,BRONZE,2026-08-18T15:56:09+07:00
2023-09-14,24013.0,24385.0,24200,1223.81,ACTUAL,BRONZE,2026-08-18T15:56:09+07:00
2023-09-15,24036.0,24425.0,24260,1227.36,ACTUAL,BRONZE,2026-08-18T15:56:09+07:00
2023-09-18,24046.0,24530.0,24280,1211.81,ACTUAL,BRONZE,2026-08-18T15:56:09+07:00
2023-09-19,24060.0,24545.0,24350,1211.5,ACTUAL,BRONZE,2026-08-18T15:56:09+07:00
2023-09-20,24079.0,24480.0,24430,1226.11,ACTUAL,BRONZE,2026-08-18T15:56:09+07:00
2023-09-21,24063.0,24460.0,24350,1212.74,ACTUAL,BRONZE,2026-08-18T15:56:09+07:00
2023-09-22,24060.0,24530.0,24350,1193.05,ACTUAL,BRONZE,2026-08-18T15:56:09+07:00
2023-09-25,24076.0,24535.0,24400,1153.2,ACTUAL,BRONZE,2026-08-18T15:56:09+07:00
2023-09-26,24084.0,24540.0,24450,1137.96,ACTUAL,BRONZE,2026-08-18T15:56:09+07:00
2023-09-27,24088.0,24540.0,24450,1153.85,ACTUAL,BRONZE,2026-08-18T15:56:09+07:00
2023-09-28,24088.0,24560.0,24450,1152.43,ACTUAL,BRONZE,2026-08-18T15:56:09+07:00
2023-09-29,24089.0,24460.0,24450,1154.15,ACTUAL,BRONZE,2026-08-18T15:56:09+07:00
2023-10-02,24059.0,24490.0,24550,1155.25,ACTUAL,BRONZE,2026-08-18T15:56:09+07:00
2023-10-03,24065.0,24550.0,24550,1118.1,ACTUAL,BRONZE,2026-08-18T15:56:09+07:00
2023-10-04,24085.0,24580.0,24550,1128.67,ACTUAL,BRONZE,2026-08-18T15:56:09+07:00
2023-10-05,24084.0,24560.0,24550,1113.89,ACTUAL,BRONZE,2026-08-18T15:56:09+07:00
2023-10-06,24074.0,24550.0,24550,1128.54,ACTUAL,BRONZE,2026-08-18T15:56:09+07:00
2023-10-09,24069.0,24550.0,24660,1137.36,ACTUAL,BRONZE,2026-08-18T15:56:09+07:00
2023-10-10,24063.0,24585.0,24550,1143.69,ACTUAL,BRONZE,2026-08-18T15:56:09+07:00
2023-10-11,24065.0,24605.0,24730,1150.81,ACTUAL,BRONZE,2026-08-18T15:56:09+07:00
2023-10-12,24067.0,24610.0,24550,1151.61,ACTUAL,BRONZE,2026-08-18T15:56:09+07:00
2023-10-13,24077.0,24615.0,24620,1154.73,ACTUAL,BRONZE,2026-08-18T15:56:09+07:00
2023-10-16,24089.0,24630.0,24620,1141.42,ACTUAL,BRONZE,2026-08-18T15:56:09+07:00
2023-10-17,24093.0,24668.0,24640,1121.65,ACTUAL,BRONZE,2026-08-18T15:56:09+07:00
2023-10-18,24096.0,24690.0,24640,1103.4,ACTUAL,BRONZE,2026-08-18T15:56:09+07:00
2023-10-19,24100.0,24710.0,24630,1087.85,ACTUAL,BRONZE,2026-08-18T15:56:09+07:00
2023-10-20,24110.0,24700.0,24630,1108.03,ACTUAL,BRONZE,2026-08-18T15:56:09+07:00
2023-10-23,24090.0,24760.0,24640,1093.53,ACTUAL,BRONZE,2026-08-18T15:56:09+07:00
2023-10-24,24097.0,24730.0,24640,1105.9,ACTUAL,BRONZE,2026-08-18T15:56:09+07:00
2023-10-25,24087.0,24720.0,24600,1101.66,ACTUAL,BRONZE,2026-08-18T15:56:09+07:00
2023-10-26,24095.0,24760.0,24600,1055.45,ACTUAL,BRONZE,2026-08-18T15:56:09+07:00
2023-10-27,24107.0,24730.0,24600,1060.62,ACTUAL,BRONZE,2026-08-18T15:56:09+07:00
2023-10-30,24097.0,24725.0,24600,1042.4,ACTUAL,BRONZE,2026-08-18T15:56:09+07:00
2023-10-31,24087.0,24730.0,24600,1028.19,ACTUAL,BRONZE,2026-08-18T15:56:09+07:00
2023-11-01,24089.0,24750.0,24600,1039.66,ACTUAL,BRONZE,2026-08-18T15:56:09+07:00
2023-11-02,24099.0,24750.0,24600,1075.47,ACTUAL,BRONZE,2026-08-18T15:56:09+07:00
2023-11-03,24084.0,24690.0,24600,1076.78,ACTUAL,BRONZE,2026-08-18T15:56:09+07:00
2023-11-06,24064.0,24500.0,24620,1089.66,ACTUAL,BRONZE,2026-08-18T15:56:09+07:00
2023-11-07,24014.0,24490.0,24600,1080.29,ACTUAL,BRONZE,2026-08-18T15:56:09+07:00
2023-11-08,23985.0,24530.0,24550,1113.43,ACTUAL,BRONZE,2026-08-18T15:56:09+07:00
2023-11-09,24002.0,24530.0,24550,1113.89,ACTUAL,BRONZE,2026-08-18T15:56:09+07:00
2023-11-10,24014.0,24470.0,24550,1101.68,ACTUAL,BRONZE,2026-08-18T15:56:09+07:00
2023-11-13,24015.0,24540.0,24700,1100.07,ACTUAL,BRONZE,2026-08-18T15:56:09+07:00
2023-11-14,24020.0,24530.0,24720,1109.73,ACTUAL,BRONZE,2026-08-18T15:56:09+07:00
2023-11-15,24016.0,24440.0,24600,1122.5,ACTUAL,BRONZE,2026-08-18T15:56:09+07:00
2023-11-16,23971.0,24455.0,24600,1125.53,ACTUAL,BRONZE,2026-08-18T15:56:09+07:00
2023-11-17,23972.0,24415.0,24600,1101.19,ACTUAL,BRONZE,2026-08-18T15:56:09+07:00
2023-11-20,23954.0,24345.0,24650,1103.66,ACTUAL,BRONZE,2026-08-18T15:56:09+07:00
2023-11-21,23915.0,24290.0,24650,1110.46,ACTUAL,BRONZE,2026-08-18T15:56:09+07:00
2023-11-22,23885.0,24355.0,24560,1113.82,ACTUAL,BRONZE,2026-08-18T15:56:09+07:00
2023-11-23,23915.0,24390.0,24560,1088.49,ACTUAL,BRONZE,2026-08-18T15:56:09+07:00
2023-11-24,23927.0,24420.0,24560,1095.61,ACTUAL,BRONZE,2026-08-18T15:56:09+07:00
2023-11-27,23947.0,24415.0,24720,1088.06,ACTUAL,BRONZE,2026-08-18T15:56:09+07:00
2023-11-28,23930.0,24420.0,24670,1095.43,ACTUAL,BRONZE,2026-08-18T15:56:09+07:00
2023-11-29,23913.0,24385.0,24650,1102.8,ACTUAL,BRONZE,2026-08-18T15:56:09+07:00
2023-11-30,23891.0,24430.0,24650,1094.13,ACTUAL,BRONZE,2026-08-18T15:56:09+07:00
2023-12-01,23923.0,24450.0,24650,1102.16,ACTUAL,BRONZE,2026-08-18T15:56:09+07:00
2023-12-04,23939.0,24405.0,24620,1120.49,ACTUAL,BRONZE,2026-08-18T15:56:09+07:00
2023-12-05,23926.0,24430.0,24680,1115.97,ACTUAL,BRONZE,2026-08-18T15:56:09+07:00
2023-12-06,23951.0,24435.0,24700,1126.43,ACTUAL,BRONZE,2026-08-18T15:56:09+07:00
2023-12-07,23959.0,24430.0,24650,1121.49,ACTUAL,BRONZE,2026-08-18T15:56:09+07:00
2023-12-08,23951.0,24390.0,24700,1124.44,ACTUAL,BRONZE,2026-08-18T15:56:09+07:00
2023-12-11,23932.0,24400.0,24740,1125.5,ACTUAL,BRONZE,2026-08-18T15:56:09+07:00
2023-12-12,23941.0,24430.0,24770,1127.63,ACTUAL,BRONZE,2026-08-18T15:56:09+07:00
2023-12-13,23954.0,24420.0,24740,1114.2,ACTUAL,BRONZE,2026-08-18T15:56:09+07:00
2023-12-14,23945.0,24420.0,24650,1110.13,ACTUAL,BRONZE,2026-08-18T15:56:09+07:00
2023-12-15,23882.0,24410.0,24650,1102.3,ACTUAL,BRONZE,2026-08-18T15:56:09+07:00
2023-12-18,23883.0,24480.0,24740,1091.88,ACTUAL,BRONZE,2026-08-18T15:56:09+07:00
2023-12-19,23914.0,24515.0,24750,1096.3,ACTUAL,BRONZE,2026-08-18T15:56:09+07:00
2023-12-20,23938.0,24510.0,24720,1100.76,ACTUAL,BRONZE,2026-08-18T15:56:09+07:00
2023-12-21,23920.0,24500.0,24740,1102.43,ACTUAL,BRONZE,2026-08-18T15:56:09+07:00
2023-12-22,23915.0,24400.0,24720,1103.06,ACTUAL,BRONZE,2026-08-18T15:56:09+07:00
2023-12-25,23895.0,24400.0,24800,1117.66,ACTUAL,BRONZE,2026-08-18T15:56:09+07:00
2023-12-26,23870.0,24470.0,24800,1122.25,ACTUAL,BRONZE,2026-08-18T15:56:09+07:00
2023-12-27,23885.0,24480.0,24820,1121.99,ACTUAL,BRONZE,2026-08-18T15:56:09+07:00
2023-12-28,23904.0,24400.0,24770,1128.93,ACTUAL,BRONZE,2026-08-18T15:56:09+07:00
2023-12-29,23866.0,24420.0,24770,1129.93,ACTUAL,BRONZE,2026-08-18T15:56:09+07:00
2024-01-02,23848.0,24495.0,24700,1131.72,ACTUAL,BRONZE,2026-08-18T15:56:09+07:00
2024-01-03,23886.0,24520.0,24800,1144.17,ACTUAL,BRONZE,2026-08-18T15:56:09+07:00
2024-01-04,23915.0,24530.0,24800,1150.72,ACTUAL,BRONZE,2026-08-18T15:56:09+07:00
2024-01-05,23932.0,24530.0,24800,1154.68,ACTUAL,BRONZE,2026-08-18T15:56:09+07:00
2024-01-08,23933.0,24515.0,24830,1160.19,ACTUAL,BRONZE,2026-08-18T15:56:09+07:00
2024-01-09,23931.0,24525.0,24830,1158.59,ACTUAL,BRONZE,2026-08-18T15:56:09+07:00
2024-01-10,23928.0,24555.0,24850,1161.54,ACTUAL,BRONZE,2026-08-18T15:56:09+07:00
2024-01-11,23948.0,24635.0,24850,1162.22,ACTUAL,BRONZE,2026-08-18T15:56:09+07:00
2024-01-12,23976.0,24630.0,24850,1154.7,ACTUAL,BRONZE,2026-08-18T15:56:09+07:00
2024-01-15,23992.0,24635.0,24970,1154.12,ACTUAL,BRONZE,2026-08-18T15:56:09+07:00
2024-01-16,23987.0,24710.0,24970,1163.12,ACTUAL,BRONZE,2026-08-18T15:56:09+07:00
2024-01-17,24017.0,24700.0,24980,1162.53,ACTUAL,BRONZE,2026-08-18T15:56:09+07:00
2024-01-18,24041.0,24725.0,24880,1169.06,ACTUAL,BRONZE,2026-08-18T15:56:09+07:00
2024-01-19,24037.0,24715.0,24880,1181.5,ACTUAL,BRONZE,2026-08-18T15:56:09+07:00
2024-01-22,24031.0,24705.0,25080,1182.86,ACTUAL,BRONZE,2026-08-18T15:56:09+07:00
2024-01-23,24030.0,24730.0,25080,1177.5,ACTUAL,BRONZE,2026-08-18T15:56:09+07:00
2024-01-24,24030.0,24770.0,25100,1172.97,ACTUAL,BRONZE,2026-08-18T15:56:09+07:00
2024-01-25,24031.0,24770.0,25120,1170.37,ACTUAL,BRONZE,2026-08-18T15:56:09+07:00
2024-01-26,24036.0,24765.0,25115,1175.67,ACTUAL,BRONZE,2026-08-18T15:56:09+07:00
2024-01-29,24036.0,24715.0,25060,1175.69,ACTUAL,BRONZE,2026-08-18T15:56:09+07:00
2024-01-30,24023.0,24575.0,24990,1179.65,ACTUAL,BRONZE,2026-08-18T15:56:09+07:00
2024-01-31,23991.0,24595.0,25000,1164.31,ACTUAL,BRONZE,2026-08-18T15:56:09+07:00
2024-02-01,23960.0,24580.0,24865,1173.02,ACTUAL,BRONZE,2026-08-18T15:56:09+07:00
2024-02-02,23959.0,24500.0,24940,1172.55,ACTUAL,BRONZE,2026-08-18T15:56:09+07:00
2024-02-05,23954.0,24540.0,24970,1186.06,ACTUAL,BRONZE,2026-08-18T15:56:09+07:00
2024-02-06,23964.0,24530.0,24950,1188.48,ACTUAL,BRONZE,2026-08-18T15:56:09+07:00
2024-02-07,23956.0,24570.0,24850,1198.53,ACTUAL,BRONZE,2026-08-18T15:56:09+07:00
2024-02-15,23976.0,24610.0,25020,1202.5,ACTUAL,BRONZE,2026-08-18T15:56:09+07:00
2024-02-16,23971.0,24680.0,25050,1209.7,ACTUAL,BRONZE,2026-08-18T15:56:09+07:00
2024-02-19,23979.0,24700.0,25000,1224.97,ACTUAL,BRONZE,2026-08-18T15:56:09+07:00
2024-02-20,23988.0,24700.0,25070,1230.06,ACTUAL,BRONZE,2026-08-18T15:56:09+07:00
2024-02-21,23993.0,24680.0,25130,1230.04,ACTUAL,BRONZE,2026-08-18T15:56:09+07:00
2024-02-22,23981.0,24760.0,25220,1227.31,ACTUAL,BRONZE,2026-08-18T15:56:09+07:00
2024-02-23,23996.0,24790.0,25290,1212.0,ACTUAL,BRONZE,2026-08-18T15:56:09+07:00
2024-02-26,24004.0,24840.0,25300,1224.17,ACTUAL,BRONZE,2026-08-18T15:56:09+07:00
2024-02-27,24014.0,24800.0,25350,1237.46,ACTUAL,BRONZE,2026-08-18T15:56:09+07:00
2024-02-28,24003.0,24790.0,25350,1254.55,ACTUAL,BRONZE,2026-08-18T15:56:09+07:00
2024-02-29,24002.0,24820.0,25430,1252.73,ACTUAL,BRONZE,2026-08-18T15:56:09+07:00
2024-03-01,24002.0,24810.0,25400,1258.28,ACTUAL,BRONZE,2026-08-18T15:56:09+07:00
2024-03-04,24004.0,24840.0,25580,1261.41,ACTUAL,BRONZE,2026-08-18T15:56:09+07:00
2024-03-05,24012.0,24850.0,25670,1269.98,ACTUAL,BRONZE,2026-08-18T15:56:09+07:00
2024-03-06,24017.0,24860.0,25620,1262.73,ACTUAL,BRONZE,2026-08-18T15:56:09+07:00
2024-03-07,24017.0,24870.0,25350,1268.46,ACTUAL,BRONZE,2026-08-18T15:56:09+07:00
2024-03-08,23996.0,24840.0,25380,1247.35,ACTUAL,BRONZE,2026-08-18T15:56:09+07:00
2024-03-11,23972.0,24790.0,25700,1235.49,ACTUAL,BRONZE,2026-08-18T15:56:09+07:00
2024-03-12,23955.0,24800.0,25600,1245.0,ACTUAL,BRONZE,2026-08-18T15:56:09+07:00
2024-03-13,23957.0,24820.0,25550,1270.51,ACTUAL,BRONZE,2026-08-18T15:56:09+07:00
2024-03-14,23967.0,24870.0,25440,1264.26,ACTUAL,BRONZE,2026-08-18T15:56:09+07:00
2024-03-15,23979.0,24890.0,25560,1263.78,ACTUAL,BRONZE,2026-08-18T15:56:09+07:00
2024-03-18,23994.0,24880.0,25530,1243.56,ACTUAL,BRONZE,2026-08-18T15:56:09+07:00
2024-03-19,23992.0,24910.0,25550,1242.46,ACTUAL,BRONZE,2026-08-18T15:56:09+07:00
2024-03-20,23999.0,24950.0,25580,1260.08,ACTUAL,BRONZE,2026-08-18T15:56:09+07:00
2024-03-21,24005.0,24950.0,25591,1276.42,ACTUAL,BRONZE,2026-08-18T15:56:09+07:00
2024-03-22,24003.0,24950.0,25537,1281.8,ACTUAL,BRONZE,2026-08-18T15:56:09+07:00
2024-03-25,24015.0,24930.0,25590,1267.86,ACTUAL,BRONZE,2026-08-18T15:56:09+07:00
2024-03-26,23994.0,24950.0,25600,1282.21,ACTUAL,BRONZE,2026-08-18T15:56:09+07:00
2024-03-27,23998.0,24950.0,25580,1283.09,ACTUAL,BRONZE,2026-08-18T15:56:09+07:00
2024-03-28,24003.0,24950.0,25495,1290.18,ACTUAL,BRONZE,2026-08-18T15:56:09+07:00
2024-03-29,24003.0,24970.0,25470,1284.09,ACTUAL,BRONZE,2026-08-18T15:56:09+07:00
2024-04-01,24004.0,24970.0,25480,1281.52,ACTUAL,BRONZE,2026-08-18T15:56:09+07:00
2024-04-02,24005.0,25050.0,25520,1287.04,ACTUAL,BRONZE,2026-08-18T15:56:09+07:00
2024-04-03,24020.0,25130.0,25540,1271.47,ACTUAL,BRONZE,2026-08-18T15:56:09+07:00
2024-04-04,24038.0,25110.0,25530,1268.25,ACTUAL,BRONZE,2026-08-18T15:56:09+07:00
2024-04-05,24038.0,25120.0,25515,1255.11,ACTUAL,BRONZE,2026-08-18T15:56:09+07:00
2024-04-08,24038.0,25130.0,25520,1250.35,ACTUAL,BRONZE,2026-08-18T15:56:09+07:00
2024-04-09,24037.0,25130.0,25420,1262.82,ACTUAL,BRONZE,2026-08-18T15:56:09+07:00
2024-04-10,24036.0,25130.0,25450,1258.56,ACTUAL,BRONZE,2026-08-18T15:56:09+07:00
2024-04-11,24046.0,25170.0,25585,1258.2,ACTUAL,BRONZE,2026-08-18T15:56:09+07:00
2024-04-12,24082.0,25180.0,25530,1276.6,ACTUAL,BRONZE,2026-08-18T15:56:09+07:00
2024-04-15,24096.0,25300.0,25550,1216.61,ACTUAL,BRONZE,2026-08-18T15:56:09+07:00
2024-04-16,24141.0,25348.0,25600,1215.68,ACTUAL,BRONZE,2026-08-18T15:56:09+07:00
2024-04-17,24231.0,25440.0,25670,1193.01,ACTUAL,BRONZE,2026-08-18T15:56:09+07:00
2024-04-19,24260.0,25473.0,25760,1174.85,ACTUAL,BRONZE,2026-08-18T15:56:09+07:00
2024-04-22,24272.0,25485.0,25870,1190.22,ACTUAL,BRONZE,2026-08-18T15:56:09+07:00
2024-04-23,24275.0,25488.0,25830,1177.4,ACTUAL,BRONZE,2026-08-18T15:56:09+07:00
2024-04-24,24274.0,25487.0,25700,1205.61,ACTUAL,BRONZE,2026-08-18T15:56:09+07:00
2024-04-25,24264.0,25477.0,25700,1204.97,ACTUAL,BRONZE,2026-08-18T15:56:09+07:00
2024-04-26,24246.0,25458.0,25630,1209.52,ACTUAL,BRONZE,2026-08-18T15:56:09+07:00
2024-05-02,24242.0,25454.0,25770,1216.36,ACTUAL,BRONZE,2026-08-18T15:56:09+07:00
2024-05-03,24241.0,25453.0,25790,1221.03,ACTUAL,BRONZE,2026-08-18T15:56:09+07:00
2024-05-06,24245.0,25457.0,25770,1241.58,ACTUAL,BRONZE,2026-08-18T15:56:09+07:00
2024-05-07,24243.0,25455.0,25770,1248.63,ACTUAL,BRONZE,2026-08-18T15:56:09+07:00
2024-05-08,24249.0,25461.0,25730,1250.46,ACTUAL,BRONZE,2026-08-18T15:56:09+07:00
2024-05-09,24265.0,25478.0,25730,1248.64,ACTUAL,BRONZE,2026-08-18T15:56:09+07:00
2024-05-10,24271.0,25484.0,25800,1244.7,ACTUAL,BRONZE,2026-08-18T15:56:09+07:00
2024-05-13,24266.0,25479.0,25750,1240.18,ACTUAL,BRONZE,2026-08-18T15:56:09+07:00
2024-05-14,24269.0,25482.0,25820,1243.28,ACTUAL,BRONZE,2026-08-18T15:56:09+07:00
2024-05-15,24269.0,25482.0,25820,1254.39,ACTUAL,BRONZE,2026-08-18T15:56:09+07:00
2024-05-16,24240.0,25452.0,25820,1268.78,ACTUAL,BRONZE,2026-08-18T15:56:09+07:00
2024-05-17,24239.0,25450.0,25820,1273.11,ACTUAL,BRONZE,2026-08-18T15:56:09+07:00
2024-05-20,24247.0,25459.0,25730,1277.58,ACTUAL,BRONZE,2026-08-18T15:56:09+07:00
2024-05-21,24251.0,25463.0,25740,1277.14,ACTUAL,BRONZE,2026-08-18T15:56:09+07:00
2024-05-22,24254.0,25466.0,25740,1266.91,ACTUAL,BRONZE,2026-08-18T15:56:09+07:00
2024-05-23,24258.0,25470.0,25740,1281.03,ACTUAL,BRONZE,2026-08-18T15:56:09+07:00
2024-05-24,24264.0,25477.0,25770,1261.93,ACTUAL,BRONZE,2026-08-18T15:56:09+07:00
2024-05-27,24268.0,25481.0,25840,1267.68,ACTUAL,BRONZE,2026-08-18T15:56:09+07:00
2024-05-28,24256.0,25468.0,25840,1281.73,ACTUAL,BRONZE,2026-08-18T15:56:09+07:00
2024-05-29,24253.0,25465.0,25830,1272.64,ACTUAL,BRONZE,2026-08-18T15:56:09+07:00
2024-05-30,24258.0,25470.0,25865,1266.32,ACTUAL,BRONZE,2026-08-18T15:56:09+07:00
2024-05-31,24261.0,25474.0,25855,1261.72,ACTUAL,BRONZE,2026-08-18T15:56:09+07:00
2024-06-03,24261.0,25474.0,25820,1280.0,ACTUAL,BRONZE,2026-08-18T15:56:09+07:00
2024-06-04,24246.0,25458.0,25820,1283.52,ACTUAL,BRONZE,2026-08-18T15:56:09+07:00
2024-06-05,24241.0,25453.0,25700,1284.35,ACTUAL,BRONZE,2026-08-18T15:56:09+07:00
2024-06-06,24241.0,25453.0,25680,1283.56,ACTUAL,BRONZE,2026-08-18T15:56:09+07:00
2024-06-07,24241.0,25453.0,25730,1287.58,ACTUAL,BRONZE,2026-08-18T15:56:09+07:00
2024-06-10,24242.0,25454.0,25750,1290.67,ACTUAL,BRONZE,2026-08-18T15:56:09+07:00
2024-06-11,24250.0,25462.0,25780,1284.41,ACTUAL,BRONZE,2026-08-18T15:56:09+07:00
2024-06-12,24254.0,25466.0,25780,1300.19,ACTUAL,BRONZE,2026-08-18T15:56:09+07:00
2024-06-13,24245.0,25457.0,25785,1301.51,ACTUAL,BRONZE,2026-08-18T15:56:09+07:00
2024-06-14,24249.0,25461.0,25810,1279.91,ACTUAL,BRONZE,2026-08-18T15:56:09+07:00
2024-06-17,24259.0,25471.0,25820,1274.77,ACTUAL,BRONZE,2026-08-18T15:56:09+07:00
2024-06-18,24259.0,25471.0,25850,1279.5,ACTUAL,BRONZE,2026-08-18T15:56:09+07:00
2024-06-19,24257.0,25469.0,25850,1279.79,ACTUAL,BRONZE,2026-08-18T15:56:09+07:00
2024-06-20,24255.0,25467.0,25850,1282.3,ACTUAL,BRONZE,2026-08-18T15:56:09+07:00
2024-06-21,24256.0,25468.0,25840,1282.02,ACTUAL,BRONZE,2026-08-18T15:56:09+07:00
2024-06-24,24262.0,25475.0,25920,1254.12,ACTUAL,BRONZE,2026-08-18T15:56:09+07:00
2024-06-25,24253.0,25465.0,25950,1256.56,ACTUAL,BRONZE,2026-08-18T15:56:09+07:00
2024-06-26,24258.0,25470.0,25960,1261.24,ACTUAL,BRONZE,2026-08-18T15:56:09+07:00
2024-06-27,24264.0,25477.0,26030,1259.09,ACTUAL,BRONZE,2026-08-18T15:56:09+07:00
2024-06-28,24260.0,25473.0,26020,1245.32,ACTUAL,BRONZE,2026-08-18T15:56:09+07:00
2024-07-01,24252.0,25464.0,25980,1254.56,ACTUAL,BRONZE,2026-08-18T15:56:09+07:00
2024-07-02,24253.0,25465.0,25960,1269.79,ACTUAL,BRONZE,2026-08-18T15:56:09+07:00
2024-07-03,24258.0,25470.0,25910,1276.85,ACTUAL,BRONZE,2026-08-18T15:56:09+07:00
2024-07-04,24251.0,25463.0,25830,1279.89,ACTUAL,BRONZE,2026-08-18T15:56:09+07:00
2024-07-05,24246.0,25458.0,25825,1283.04,ACTUAL,BRONZE,2026-08-18T15:56:09+07:00
2024-07-08,24243.0,25455.0,25880,1283.56,ACTUAL,BRONZE,2026-08-18T15:56:09+07:00
2024-07-09,24242.0,25454.0,25870,1293.71,ACTUAL,BRONZE,2026-08-18T15:56:09+07:00
2024-07-10,24247.0,25459.0,25810,1285.94,ACTUAL,BRONZE,2026-08-18T15:56:09+07:00
2024-07-11,24253.0,25465.0,25790,1283.8,ACTUAL,BRONZE,2026-08-18T15:56:09+07:00
2024-07-12,24248.0,25460.0,25735,1280.75,ACTUAL,BRONZE,2026-08-18T15:56:09+07:00
2024-07-15,24245.0,25457.0,25780,1279.82,ACTUAL,BRONZE,2026-08-18T15:56:09+07:00
2024-07-16,24245.0,25457.0,25690,1281.18,ACTUAL,BRONZE,2026-08-18T15:56:09+07:00
2024-07-17,24256.0,25468.0,25600,1268.66,ACTUAL,BRONZE,2026-08-18T15:56:09+07:00
2024-07-18,24251.0,25440.0,25615,1274.44,ACTUAL,BRONZE,2026-08-18T15:56:09+07:00
2024-07-19,24246.0,25458.0,25750,1264.78,ACTUAL,BRONZE,2026-08-18T15:56:09+07:00
2024-07-22,24261.0,25474.0,25740,1254.64,ACTUAL,BRONZE,2026-08-18T15:56:09+07:00
2024-07-23,24264.0,25477.0,25700,1231.81,ACTUAL,BRONZE,2026-08-18T15:56:09+07:00
2024-07-24,24264.0,25477.0,25700,1238.47,ACTUAL,BRONZE,2026-08-18T15:56:09+07:00
2024-07-25,24265.0,25478.0,25740,1233.19,ACTUAL,BRONZE,2026-08-18T15:56:09+07:00
2024-07-26,24249.0,25461.0,25770,1242.11,ACTUAL,BRONZE,2026-08-18T15:56:09+07:00
2024-07-29,24252.0,25464.0,25720,1246.6,ACTUAL,BRONZE,2026-08-18T15:56:09+07:00
2024-07-30,24257.0,25460.0,25730,1245.06,ACTUAL,BRONZE,2026-08-18T15:56:09+07:00
2024-07-31,24255.0,25455.0,25730,1251.51,ACTUAL,BRONZE,2026-08-18T15:56:09+07:00
2024-08-01,24245.0,25400.0,25700,1226.96,ACTUAL,BRONZE,2026-08-18T15:56:09+07:00
2024-08-02,24242.0,25400.0,25700,1236.6,ACTUAL,BRONZE,2026-08-18T15:56:09+07:00
2024-08-05,24241.0,25300.0,25700,1188.07,ACTUAL,BRONZE,2026-08-18T15:56:09+07:00
2024-08-06,24240.0,25320.0,25730,1210.28,ACTUAL,BRONZE,2026-08-18T15:56:09+07:00
2024-08-07,24250.0,25335.0,25750,1215.88,ACTUAL,BRONZE,2026-08-18T15:56:09+07:00
2024-08-08,24262.0,25340.0,25770,1208.32,ACTUAL,BRONZE,2026-08-18T15:56:09+07:00
2024-08-09,24260.0,25295.0,25655,1223.64,ACTUAL,BRONZE,2026-08-18T15:56:09+07:00
2024-08-12,24256.0,25280.0,25640,1230.28,ACTUAL,BRONZE,2026-08-18T15:56:09+07:00
2024-08-13,24256.0,25290.0,25630,1230.42,ACTUAL,BRONZE,2026-08-18T15:56:09+07:00
2024-08-14,24260.0,25260.0,25600,1230.36,ACTUAL,BRONZE,2026-08-18T15:56:09+07:00
2024-08-15,24254.0,25210.0,25575,1223.56,ACTUAL,BRONZE,2026-08-18T15:56:09+07:00
2024-08-16,24254.0,25250.0,25530,1252.23,ACTUAL,BRONZE,2026-08-18T15:56:09+07:00
2024-08-19,24261.0,25200.0,25400,1261.62,ACTUAL,BRONZE,2026-08-18T15:56:09+07:00
2024-08-20,24251.0,25080.0,25400,1272.55,ACTUAL,BRONZE,2026-08-18T15:56:09+07:00
2024-08-21,24246.0,25100.0,25420,1284.05,ACTUAL,BRONZE,2026-08-18T15:56:09+07:00
2024-08-22,24245.0,25120.0,25330,1282.78,ACTUAL,BRONZE,2026-08-18T15:56:09+07:00
2024-08-23,24250.0,25190.0,25280,1285.32,ACTUAL,BRONZE,2026-08-18T15:56:09+07:00
2024-08-26,24254.0,25070.0,25300,1280.02,ACTUAL,BRONZE,2026-08-18T15:56:09+07:00
2024-08-27,24224.0,25000.0,25300,1280.56,ACTUAL,BRONZE,2026-08-18T15:56:09+07:00
2024-08-28,24212.0,25000.0,25200,1281.44,ACTUAL,BRONZE,2026-08-18T15:56:09+07:00
2024-08-29,24221.0,25050.0,25200,1281.47,ACTUAL,BRONZE,2026-08-18T15:56:09+07:00
2024-08-30,24224.0,25050.0,25200,1283.87,ACTUAL,BRONZE,2026-08-18T15:56:09+07:00
2024-09-04,24229.0,25035.0,25400,1275.8,ACTUAL,BRONZE,2026-08-18T15:56:09+07:00
2024-09-05,24222.0,24970.0,25295,1268.21,ACTUAL,BRONZE,2026-08-18T15:56:09+07:00
2024-09-06,24202.0,24870.0,25190,1273.96,ACTUAL,BRONZE,2026-08-18T15:56:09+07:00
2024-09-09,24177.0,24780.0,25160,1267.73,ACTUAL,BRONZE,2026-08-18T15:56:09+07:00
2024-09-10,24194.0,24830.0,25270,1255.23,ACTUAL,BRONZE,2026-08-18T15:56:09+07:00
2024-09-11,24212.0,24780.0,25240,1253.27,ACTUAL,BRONZE,2026-08-18T15:56:09+07:00
2024-09-12,24187.0,24750.0,25240,1256.35,ACTUAL,BRONZE,2026-08-18T15:56:09+07:00
2024-09-13,24172.0,24730.0,25080,1251.71,ACTUAL,BRONZE,2026-08-18T15:56:09+07:00
2024-09-16,24137.0,24740.0,25030,1239.26,ACTUAL,BRONZE,2026-08-18T15:56:09+07:00
2024-09-17,24141.0,24750.0,25000,1258.95,ACTUAL,BRONZE,2026-08-18T15:56:09+07:00
2024-09-18,24151.0,24840.0,24950,1264.9,ACTUAL,BRONZE,2026-08-18T15:56:09+07:00
2024-09-19,24167.0,24830.0,25065,1271.27,ACTUAL,BRONZE,2026-08-18T15:56:09+07:00
2024-09-20,24148.0,24700.0,25065,1272.04,ACTUAL,BRONZE,2026-08-18T15:56:09+07:00
2024-09-23,24126.0,24760.0,25060,1268.48,ACTUAL,BRONZE,2026-08-18T15:56:09+07:00
2024-09-24,24146.0,24810.0,25070,1276.99,ACTUAL,BRONZE,2026-08-18T15:56:09+07:00
2024-09-25,24134.0,24720.0,25080,1287.48,ACTUAL,BRONZE,2026-08-18T15:56:09+07:00
2024-09-26,24105.0,24800.0,25100,1291.49,ACTUAL,BRONZE,2026-08-18T15:56:09+07:00
2024-09-27,24118.0,24760.0,25210,1290.92,ACTUAL,BRONZE,2026-08-18T15:56:09+07:00
2024-09-30,24093.0,24740.0,25300,1287.94,ACTUAL,BRONZE,2026-08-18T15:56:09+07:00
2024-10-01,24081.0,24750.0,25200,1292.2,ACTUAL,BRONZE,2026-08-18T15:56:09+07:00
2024-10-02,24094.0,24820.0,25100,1287.84,ACTUAL,BRONZE,2026-08-18T15:56:09+07:00
2024-10-03,24115.0,24905.0,25050,1278.1,ACTUAL,BRONZE,2026-08-18T15:56:09+07:00
2024-10-04,24133.0,24920.0,25210,1270.6,ACTUAL,BRONZE,2026-08-18T15:56:09+07:00
2024-10-07,24153.0,25030.0,25250,1269.93,ACTUAL,BRONZE,2026-08-18T15:56:09+07:00
2024-10-08,24168.0,25025.0,25300,1271.98,ACTUAL,BRONZE,2026-08-18T15:56:09+07:00
2024-10-09,24168.0,25025.0,25360,1281.85,ACTUAL,BRONZE,2026-08-18T15:56:09+07:00
2024-10-10,24172.0,25030.0,25350,1286.36,ACTUAL,BRONZE,2026-08-18T15:56:09+07:00
2024-10-11,24175.0,25020.0,25340,1288.39,ACTUAL,BRONZE,2026-08-18T15:56:09+07:00
2024-10-14,24161.0,25020.0,25350,1286.34,ACTUAL,BRONZE,2026-08-18T15:56:09+07:00
2024-10-15,24177.0,25075.0,25350,1281.08,ACTUAL,BRONZE,2026-08-18T15:56:09+07:00
2024-10-16,24187.0,25140.0,25360,1279.48,ACTUAL,BRONZE,2026-08-18T15:56:09+07:00
2024-10-17,24199.0,25300.0,25360,1286.52,ACTUAL,BRONZE,2026-08-18T15:56:09+07:00
2024-10-18,24213.0,25400.0,25360,1285.46,ACTUAL,BRONZE,2026-08-18T15:56:09+07:00
2024-10-21,24228.0,25400.0,25500,1279.77,ACTUAL,BRONZE,2026-08-18T15:56:09+07:00
2024-10-22,24240.0,25452.0,25560,1269.89,ACTUAL,BRONZE,2026-08-18T15:56:09+07:00
2024-10-23,24250.0,25462.0,25620,1270.9,ACTUAL,BRONZE,2026-08-18T15:56:09+07:00
2024-10-24,24260.0,25473.0,25620,1257.41,ACTUAL,BRONZE,2026-08-18T15:56:09+07:00
2024-10-25,24255.0,25467.0,25800,1252.72,ACTUAL,BRONZE,2026-08-18T15:56:09+07:00
2024-10-28,24252.0,25464.0,25700,1254.77,ACTUAL,BRONZE,2026-08-18T15:56:09+07:00
2024-10-29,24252.0,25464.0,25820,1261.78,ACTUAL,BRONZE,2026-08-18T15:56:09+07:00
2024-10-30,24246.0,25458.0,25780,1258.63,ACTUAL,BRONZE,2026-08-18T15:56:09+07:00
2024-10-31,24243.0,25455.0,25760,1264.48,ACTUAL,BRONZE,2026-08-18T15:56:09+07:00
2024-11-01,24242.0,25454.0,25790,1254.89,ACTUAL,BRONZE,2026-08-18T15:56:09+07:00
2024-11-04,24253.0,25465.0,25880,1244.71,ACTUAL,BRONZE,2026-08-18T15:56:09+07:00
2024-11-05,24248.0,25460.0,25880,1245.76,ACTUAL,BRONZE,2026-08-18T15:56:09+07:00
2024-11-06,24258.0,25470.0,25880,1261.28,ACTUAL,BRONZE,2026-08-18T15:56:09+07:00
2024-11-07,24283.0,25497.0,25845,1259.75,ACTUAL,BRONZE,2026-08-18T15:56:09+07:00
2024-11-08,24278.0,25470.0,25620,1252.56,ACTUAL,BRONZE,2026-08-18T15:56:09+07:00
2024-11-11,24263.0,25476.0,25720,1250.32,ACTUAL,BRONZE,2026-08-18T15:56:09+07:00
2024-11-12,24267.0,25480.0,25650,1244.82,ACTUAL,BRONZE,2026-08-18T15:56:09+07:00
2024-11-13,24288.0,25502.0,25720,1246.04,ACTUAL,BRONZE,2026-08-18T15:56:09+07:00
2024-11-14,24290.0,25504.0,25709,1231.89,ACTUAL,BRONZE,2026-08-18T15:56:09+07:00
2024-11-15,24298.0,25512.0,25709,1218.57,ACTUAL,BRONZE,2026-08-18T15:56:09+07:00
2024-11-18,24288.0,25502.0,25760,1217.12,ACTUAL,BRONZE,2026-08-18T15:56:09+07:00
2024-11-19,24293.0,25507.0,25780,1205.15,ACTUAL,BRONZE,2026-08-18T15:56:09+07:00
2024-11-20,24285.0,25499.0,25800,1216.54,ACTUAL,BRONZE,2026-08-18T15:56:09+07:00
2024-11-21,24290.0,25504.0,25850,1228.33,ACTUAL,BRONZE,2026-08-18T15:56:09+07:00
2024-11-22,24295.0,25509.0,25750,1228.1,ACTUAL,BRONZE,2026-08-18T15:56:09+07:00
2024-11-25,24292.0,25506.0,25840,1234.7,ACTUAL,BRONZE,2026-08-18T15:56:09+07:00
2024-11-26,24295.0,25509.0,25840,1242.13,ACTUAL,BRONZE,2026-08-18T15:56:09+07:00
2024-11-27,24295.0,25509.0,25810,1241.97,ACTUAL,BRONZE,2026-08-18T15:56:09+07:00
2024-11-28,24271.0,25484.0,25790,1242.11,ACTUAL,BRONZE,2026-08-18T15:56:09+07:00
2024-11-29,24251.0,25463.0,25790,1250.46,ACTUAL,BRONZE,2026-08-18T15:56:09+07:00
2024-12-02,24240.0,25452.0,25720,1251.21,ACTUAL,BRONZE,2026-08-18T15:56:09+07:00
2024-12-03,24260.0,25473.0,25720,1249.83,ACTUAL,BRONZE,2026-08-18T15:56:09+07:00
2024-12-04,24262.0,25475.0,25730,1240.41,ACTUAL,BRONZE,2026-08-18T15:56:09+07:00
2024-12-05,24266.0,25479.0,25730,1267.53,ACTUAL,BRONZE,2026-08-18T15:56:09+07:00
2024-12-06,24255.0,25467.0,25750,1270.14,ACTUAL,BRONZE,2026-08-18T15:56:09+07:00
2024-12-09,24248.0,25460.0,25700,1273.84,ACTUAL,BRONZE,2026-08-18T15:56:09+07:00
2024-12-11,24253.0,25465.0,25650,1268.86,ACTUAL,BRONZE,2026-08-18T15:56:09+07:00
2024-12-12,24259.0,25471.0,25650,1267.35,ACTUAL,BRONZE,2026-08-18T15:56:09+07:00
2024-12-13,24264.0,25477.0,25650,1262.57,ACTUAL,BRONZE,2026-08-18T15:56:09+07:00
2024-12-16,24272.0,25485.0,25750,1263.79,ACTUAL,BRONZE,2026-08-18T15:56:09+07:00
2024-12-17,24270.0,25483.0,25725,1261.72,ACTUAL,BRONZE,2026-08-18T15:56:09+07:00
2024-12-18,24278.0,25491.0,25720,1266.0,ACTUAL,BRONZE,2026-08-18T15:56:09+07:00
2024-12-19,24304.0,25519.0,25750,1254.67,ACTUAL,BRONZE,2026-08-18T15:56:09+07:00
2024-12-20,24324.0,25540.0,25750,1257.5,ACTUAL,BRONZE,2026-08-18T15:56:09+07:00
2024-12-23,24315.0,25530.0,25860,1262.76,ACTUAL,BRONZE,2026-08-18T15:56:09+07:00
2024-12-24,24308.0,25523.0,25900,1260.36,ACTUAL,BRONZE,2026-08-18T15:56:09+07:00
2024-12-25,24320.0,25536.0,25840,1274.04,ACTUAL,BRONZE,2026-08-18T15:56:09+07:00
2024-12-26,24310.0,25525.0,25785,1272.87,ACTUAL,BRONZE,2026-08-18T15:56:09+07:00
2024-12-27,24322.0,25538.0,25760,1275.14,ACTUAL,BRONZE,2026-08-18T15:56:09+07:00
2024-12-30,24327.0,25543.0,25850,1272.02,ACTUAL,BRONZE,2026-08-18T15:56:09+07:00
2024-12-31,24335.0,25551.0,25850,1266.78,ACTUAL,BRONZE,2026-08-18T15:56:09+07:00
2025-01-02,24342.0,25559.0,25800,1269.71,ACTUAL,BRONZE,2026-08-18T15:56:09+07:00
2025-01-03,24334.0,25550.0,25800,1254.59,ACTUAL,BRONZE,2026-08-18T15:56:09+07:00
2025-01-06,24337.0,25553.0,25800,1246.35,ACTUAL,BRONZE,2026-08-18T15:56:09+07:00
2025-01-07,24332.0,25548.0,25800,1246.95,ACTUAL,BRONZE,2026-08-18T15:56:09+07:00
2025-01-08,24330.0,25546.0,25760,1251.02,ACTUAL,BRONZE,2026-08-18T15:56:09+07:00
2025-01-09,24338.0,25554.0,25755,1245.77,ACTUAL,BRONZE,2026-08-18T15:56:09+07:00
2025-01-10,24341.0,25558.0,25755,1230.48,ACTUAL,BRONZE,2026-08-18T15:56:09+07:00
2025-01-13,24343.0,25558.0,25800,1235.65,ACTUAL,BRONZE,2026-08-18T15:56:09+07:00
2025-01-14,24346.0,25563.0,25740,1229.07,ACTUAL,BRONZE,2026-08-18T15:56:09+07:00
2025-01-15,24338.0,25554.0,25720,1236.18,ACTUAL,BRONZE,2026-08-18T15:56:09+07:00
2025-01-16,,25549.0,25720,1242.36,ACTUAL,BRONZE,2026-08-18T15:56:09+07:00
2025-01-17,24341.0,25510.0,25650,1249.11,ACTUAL,BRONZE,2026-08-18T15:56:09+07:00
2025-01-20,24341.0,25500.0,25630,1249.55,ACTUAL,BRONZE,2026-08-18T15:56:09+07:00
2025-01-21,24336.0,25450.0,25630,1246.09,ACTUAL,BRONZE,2026-08-18T15:56:09+07:00
2025-01-22,24332.0,25320.0,25600,1242.53,ACTUAL,BRONZE,2026-08-18T15:56:09+07:00
2025-01-23,24328.0,25320.0,25600,1259.63,ACTUAL,BRONZE,2026-08-18T15:56:09+07:00
2025-01-24,24325.0,25250.0,25550,1265.05,ACTUAL,BRONZE,2026-08-18T15:56:09+07:00
2025-02-03,24325.0,25480.0,25550,1253.03,ACTUAL,BRONZE,2026-08-18T15:56:09+07:00
2025-02-04,24360.0,25460.0,25740,1264.68,ACTUAL,BRONZE,2026-08-18T15:56:09+07:00
2025-02-05,24395.0,25370.0,25740,1269.61,ACTUAL,BRONZE,2026-08-18T15:56:09+07:00
2025-02-06,24425.0,25420.0,25710,1271.48,ACTUAL,BRONZE,2026-08-18T15:56:09+07:00
2025-02-07,24462.0,25510.0,25680,1275.2,ACTUAL,BRONZE,2026-08-18T15:56:09+07:00
2025-02-10,24487.0,25560.0,25680,1263.26,ACTUAL,BRONZE,2026-08-18T15:56:09+07:00
2025-02-11,24522.0,25650.0,25760,1268.45,ACTUAL,BRONZE,2026-08-18T15:56:09+07:00
2025-02-12,24550.0,25777.0,25750,1266.91,ACTUAL,BRONZE,2026-08-18T15:56:09+07:00
2025-02-13,24572.0,25670.0,25750,1270.35,ACTUAL,BRONZE,2026-08-18T15:56:09+07:00
2025-02-14,24562.0,25610.0,25710,1276.08,ACTUAL,BRONZE,2026-08-18T15:56:09+07:00
2025-02-17,24577.0,25610.0,25710,1272.72,ACTUAL,BRONZE,2026-08-18T15:56:09+07:00
2025-02-18,24602.0,25720.0,25710,1278.14,ACTUAL,BRONZE,2026-08-18T15:56:09+07:00
2025-02-19,24633.0,25700.0,25710,1288.56,ACTUAL,BRONZE,2026-08-18T15:56:09+07:00
2025-02-20,24643.0,25730.0,25715,1292.98,ACTUAL,BRONZE,2026-08-18T15:56:09+07:00
2025-02-21,24638.0,25660.0,25715,1296.75,ACTUAL,BRONZE,2026-08-18T15:56:09+07:00
2025-02-24,24646.0,25670.0,25770,1304.56,ACTUAL,BRONZE,2026-08-18T15:56:09+07:00
2025-02-25,24646.0,25670.0,25730,1303.16,ACTUAL,BRONZE,2026-08-18T15:56:09+07:00
2025-02-26,24668.0,25740.0,25770,1302.96,ACTUAL,BRONZE,2026-08-18T15:56:09+07:00
2025-02-27,24696.0,25740.0,25770,1307.8,ACTUAL,BRONZE,2026-08-18T15:56:09+07:00
2025-02-28,24726.0,25745.0,25770,1305.36,ACTUAL,BRONZE,2026-08-18T15:56:09+07:00
2025-03-03,24758.0,25780.0,25800,1309.37,ACTUAL,BRONZE,2026-08-18T15:56:09+07:00
2025-03-04,24755.0,25765.0,25830,1311.91,ACTUAL,BRONZE,2026-08-18T15:56:09+07:00
2025-03-05,24750.0,25720.0,25850,1304.71,ACTUAL,BRONZE,2026-08-18T15:56:09+07:00
2025-03-06,24738.0,25640.0,25885,1318.22,ACTUAL,BRONZE,2026-08-18T15:56:09+07:00
2025-03-07,24730.0,25710.0,25810,1326.05,ACTUAL,BRONZE,2026-08-18T15:56:09+07:00
2025-03-10,24754.0,25690.0,25820,1330.28,ACTUAL,BRONZE,2026-08-18T15:56:09+07:00
2025-03-11,24763.0,25670.0,25830,1332.54,ACTUAL,BRONZE,2026-08-18T15:56:09+07:00
2025-03-12,24758.0,25650.0,25840,1334.41,ACTUAL,BRONZE,2026-08-18T15:56:09+07:00
2025-03-13,24758.0,25660.0,25840,1326.27,ACTUAL,BRONZE,2026-08-18T15:56:09+07:00
2025-03-14,24779.0,25710.0,25840,1326.15,ACTUAL,BRONZE,2026-08-18T15:56:09+07:00
2025-03-17,24794.0,25720.0,25800,1336.26,ACTUAL,BRONZE,2026-08-18T15:56:09+07:00
2025-03-18,24793.0,25730.0,25840,1330.97,ACTUAL,BRONZE,2026-08-18T15:56:09+07:00
2025-03-19,24790.0,25710.0,25910,1324.63,ACTUAL,BRONZE,2026-08-18T15:56:09+07:00
2025-03-20,24807.0,25740.0,25940,1323.93,ACTUAL,BRONZE,2026-08-18T15:56:09+07:00
2025-03-21,24813.0,25740.0,25970,1321.88,ACTUAL,BRONZE,2026-08-18T15:56:09+07:00
2025-03-24,24831.0,25825.0,25900,1330.32,ACTUAL,BRONZE,2026-08-18T15:56:09+07:00
2025-03-25,24847.0,25820.0,25905,1331.92,ACTUAL,BRONZE,2026-08-18T15:56:09+07:00
2025-03-26,24851.0,25750.0,25930,1326.09,ACTUAL,BRONZE,2026-08-18T15:56:09+07:00
2025-03-27,24846.0,25780.0,25935,1323.81,ACTUAL,BRONZE,2026-08-18T15:56:09+07:00
2025-03-28,24843.0,25760.0,25960,1317.46,ACTUAL,BRONZE,2026-08-18T15:56:09+07:00
2025-03-31,24837.0,25720.0,25960,1306.86,ACTUAL,BRONZE,2026-08-18T15:56:09+07:00
2025-04-01,24835.0,25810.0,25920,1317.33,ACTUAL,BRONZE,2026-08-18T15:56:09+07:00
2025-04-02,24851.0,25820.0,25910,1317.83,ACTUAL,BRONZE,2026-08-18T15:56:09+07:00
2025-04-03,24854.0,26000.0,25910,1229.84,ACTUAL,BRONZE,2026-08-18T15:56:09+07:00
2025-04-04,24886.0,25980.0,26036,1210.67,ACTUAL,BRONZE,2026-08-18T15:56:09+07:00
2025-04-08,24898.0,26120.0,26200,1132.79,ACTUAL,BRONZE,2026-08-18T15:56:09+07:00
2025-04-09,24936.0,26182.0,26230,1094.3,ACTUAL,BRONZE,2026-08-18T15:56:09+07:00
2025-04-10,24964.0,26000.0,26260,1168.34,ACTUAL,BRONZE,2026-08-18T15:56:09+07:00
2025-04-11,24923.0,25880.0,26120,1222.46,ACTUAL,BRONZE,2026-08-18T15:56:09+07:00
2025-04-14,24886.0,26000.0,26130,1241.44,ACTUAL,BRONZE,2026-08-18T15:56:09+07:00
2025-04-15,24891.0,26080.0,26130,1227.79,ACTUAL,BRONZE,2026-08-18T15:56:09+07:00
2025-04-16,24899.0,26040.0,26120,1210.3,ACTUAL,BRONZE,2026-08-18T15:56:09+07:00
2025-04-17,24893.0,26060.0,26190,1217.25,ACTUAL,BRONZE,2026-08-18T15:56:09+07:00
2025-04-18,24898.0,26100.0,26385,1219.12,ACTUAL,BRONZE,2026-08-18T15:56:09+07:00
2025-04-21,24907.0,26070.0,26420,1207.07,ACTUAL,BRONZE,2026-08-18T15:56:09+07:00
2025-04-22,24877.0,26090.0,26420,1197.13,ACTUAL,BRONZE,2026-08-18T15:56:09+07:00
2025-04-23,24897.0,26141.0,26420,1211.0,ACTUAL,BRONZE,2026-08-18T15:56:09+07:00
2025-04-24,24928.0,26174.0,26450,1223.35,ACTUAL,BRONZE,2026-08-18T15:56:09+07:00
2025-04-25,24948.0,26195.0,26445,1229.23,ACTUAL,BRONZE,2026-08-18T15:56:09+07:00
2025-04-28,24960.0,26170.0,26490,1226.8,ACTUAL,BRONZE,2026-08-18T15:56:09+07:00
2025-04-29,24956.0,26160.0,26520,1226.3,ACTUAL,BRONZE,2026-08-18T15:56:09+07:00
2025-05-05,24944.0,26170.0,26530,1240.05,ACTUAL,BRONZE,2026-08-18T15:56:09+07:00
2025-05-06,24938.0,26160.0,26530,1241.95,ACTUAL,BRONZE,2026-08-18T15:56:09+07:00
2025-05-07,24930.0,26140.0,26500,1250.37,ACTUAL,BRONZE,2026-08-18T15:56:09+07:00
2025-05-08,24927.0,26150.0,26510,1269.8,ACTUAL,BRONZE,2026-08-18T15:56:09+07:00
2025-05-09,24951.0,26160.0,26475,1267.3,ACTUAL,BRONZE,2026-08-18T15:56:09+07:00
2025-05-12,24945.0,26150.0,26475,1283.26,ACTUAL,BRONZE,2026-08-18T15:56:09+07:00
2025-05-13,24973.0,26140.0,26500,1293.43,ACTUAL,BRONZE,2026-08-18T15:56:09+07:00
2025-05-14,24973.0,26140.0,26500,1309.73,ACTUAL,BRONZE,2026-08-18T15:56:09+07:00
2025-05-15,24970.0,26110.0,26550,1313.2,ACTUAL,BRONZE,2026-08-18T15:56:09+07:00
2025-05-16,24960.0,26110.0,26430,1301.39,ACTUAL,BRONZE,2026-08-18T15:56:09+07:00
2025-05-19,24970.0,26120.0,26440,1296.29,ACTUAL,BRONZE,2026-08-18T15:56:09+07:00
2025-05-20,24968.0,26140.0,26440,1315.15,ACTUAL,BRONZE,2026-08-18T15:56:09+07:00
2025-05-21,24962.0,26140.0,26430,1323.05,ACTUAL,BRONZE,2026-08-18T15:56:09+07:00
2025-05-22,24955.0,26150.0,26340,1313.84,ACTUAL,BRONZE,2026-08-18T15:56:09+07:00
2025-05-23,24960.0,26130.0,26340,1314.46,ACTUAL,BRONZE,2026-08-18T15:56:09+07:00
2025-05-26,24940.0,26090.0,26340,1332.51,ACTUAL,BRONZE,2026-08-18T15:56:09+07:00
2025-05-27,24935.0,26100.0,26360,1339.81,ACTUAL,BRONZE,2026-08-18T15:56:09+07:00
2025-05-28,24947.0,26140.0,26360,1341.87,ACTUAL,BRONZE,2026-08-18T15:56:09+07:00
2025-05-29,24962.0,26200.0,26360,1341.86,ACTUAL,BRONZE,2026-08-18T15:56:09+07:00
2025-05-30,24978.0,26200.0,26360,1332.6,ACTUAL,BRONZE,2026-08-18T15:56:09+07:00
2025-06-02,24970.0,26200.0,26360,1336.3,ACTUAL,BRONZE,2026-08-18T15:56:09+07:00
2025-06-03,24982.0,26230.0,26330,1347.25,ACTUAL,BRONZE,2026-08-18T15:56:09+07:00
2025-06-04,25004.0,26254.0,26340,1345.74,ACTUAL,BRONZE,2026-08-18T15:56:09+07:00
2025-06-05,24995.0,26244.0,26325,1342.09,ACTUAL,BRONZE,2026-08-18T15:56:09+07:00
2025-06-06,24992.0,26241.0,26325,1329.89,ACTUAL,BRONZE,2026-08-18T15:56:09+07:00
2025-06-09,24992.0,26220.0,26380,1310.57,ACTUAL,BRONZE,2026-08-18T15:56:09+07:00
2025-06-10,24985.0,26220.0,26380,1316.23,ACTUAL,BRONZE,2026-08-18T15:56:09+07:00
2025-06-11,24982.0,26200.0,26380,1315.2,ACTUAL,BRONZE,2026-08-18T15:56:09+07:00
2025-06-12,24990.0,26210.0,26380,1322.99,ACTUAL,BRONZE,2026-08-18T15:56:09+07:00
2025-06-13,24975.0,26223.0,26380,1315.49,ACTUAL,BRONZE,2026-08-18T15:56:09+07:00
2025-06-16,24993.0,26242.0,26320,1338.11,ACTUAL,BRONZE,2026-08-18T15:56:09+07:00
2025-06-17,24998.0,26245.0,26320,1347.69,ACTUAL,BRONZE,2026-08-18T15:56:09+07:00
2025-06-18,24994.0,26243.0,26320,1346.83,ACTUAL,BRONZE,2026-08-18T15:56:09+07:00
2025-06-19,25025.0,26276.0,26410,1352.04,ACTUAL,BRONZE,2026-08-18T15:56:09+07:00
2025-06-20,25031.0,26282.0,26410,1349.35,ACTUAL,BRONZE,2026-08-18T15:56:09+07:00
2025-06-23,25028.0,26279.0,26390,1358.18,ACTUAL,BRONZE,2026-08-18T15:56:09+07:00
2025-06-24,25058.0,26310.0,26420,1366.77,ACTUAL,BRONZE,2026-08-18T15:56:09+07:00
2025-06-25,25055.0,26307.0,26470,1366.75,ACTUAL,BRONZE,2026-08-18T15:56:09+07:00
2025-06-26,25053.0,26290.0,26470,1365.67,ACTUAL,BRONZE,2026-08-18T15:56:09+07:00
2025-06-27,25048.0,26270.0,26470,1371.44,ACTUAL,BRONZE,2026-08-18T15:56:09+07:00
2025-06-30,25052.0,26250.0,26480,1376.07,ACTUAL,BRONZE,2026-08-18T15:56:09+07:00
2025-07-01,25058.0,26310.0,26500,1377.84,ACTUAL,BRONZE,2026-08-18T15:56:09+07:00
2025-07-02,25070.0,26323.0,26450,1384.59,ACTUAL,BRONZE,2026-08-18T15:56:09+07:00
2025-07-03,25091.0,26345.0,26470,1381.96,ACTUAL,BRONZE,2026-08-18T15:56:09+07:00
2025-07-04,25116.0,26370.0,26520,1386.97,ACTUAL,BRONZE,2026-08-18T15:56:09+07:00
2025-07-07,25113.0,26320.0,26500,1402.06,ACTUAL,BRONZE,2026-08-18T15:56:09+07:00
2025-07-08,25121.0,26305.0,26500,1415.46,ACTUAL,BRONZE,2026-08-18T15:56:09+07:00
2025-07-09,25119.0,26320.0,26490,1431.32,ACTUAL,BRONZE,2026-08-18T15:56:09+07:00
2025-07-10,25131.0,26290.0,26490,1445.64,ACTUAL,BRONZE,2026-08-18T15:56:09+07:00
2025-07-11,25128.0,26270.0,26490,1457.76,ACTUAL,BRONZE,2026-08-18T15:56:09+07:00
2025-07-14,25126.0,26290.0,26430,1470.42,ACTUAL,BRONZE,2026-08-18T15:56:09+07:00
2025-07-15,25148.0,26310.0,26420,1460.65,ACTUAL,BRONZE,2026-08-18T15:56:09+07:00
2025-07-16,25168.0,26330.0,26420,1475.47,ACTUAL,BRONZE,2026-08-18T15:56:09+07:00
2025-07-17,25176.0,26330.0,26420,1490.01,ACTUAL,BRONZE,2026-08-18T15:56:09+07:00
2025-07-18,25185.0,26340.0,26450,1497.28,ACTUAL,BRONZE,2026-08-18T15:56:09+07:00
2025-07-21,25191.0,26340.0,26450,1485.05,ACTUAL,BRONZE,2026-08-18T15:56:09+07:00
2025-07-22,,26320.0,26460,1509.54,ACTUAL,BRONZE,2026-08-18T15:56:09+07:00
2025-07-23,25177.0,26320.0,26450,1512.31,ACTUAL,BRONZE,2026-08-18T15:56:09+07:00
2025-07-24,25166.0,26320.0,26450,1521.02,ACTUAL,BRONZE,2026-08-18T15:56:09+07:00
2025-07-25,25164.0,26320.0,26450,1531.13,ACTUAL,BRONZE,2026-08-18T15:56:09+07:00
2025-07-28,25182.0,26370.0,26450,1557.42,ACTUAL,BRONZE,2026-08-18T15:56:09+07:00
2025-07-29,25206.0,26400.0,26450,1531.76,ACTUAL,BRONZE,2026-08-18T15:56:09+07:00
2025-07-30,25228.0,26390.0,26480,1507.63,ACTUAL,BRONZE,2026-08-18T15:56:09+07:00
2025-07-31,25240.0,26380.0,26480,1502.52,ACTUAL,BRONZE,2026-08-18T15:56:09+07:00
2025-08-01,25249.0,26390.0,26480,1495.21,ACTUAL,BRONZE,2026-08-18T15:56:09+07:00
2025-08-04,25240.0,26370.0,26480,1528.19,ACTUAL,BRONZE,2026-08-18T15:56:09+07:00
2025-08-05,25219.0,26420.0,26480,1547.15,ACTUAL,BRONZE,2026-08-18T15:56:09+07:00
2025-08-06,25232.0,26420.0,26480,1573.71,ACTUAL,BRONZE,2026-08-18T15:56:09+07:00
2025-08-07,25239.0,26400.0,26480,1581.81,ACTUAL,BRONZE,2026-08-18T15:56:09+07:00
2025-08-08,25228.0,26400.0,26480,1584.95,ACTUAL,BRONZE,2026-08-18T15:56:09+07:00
2025-08-11,25231.0,26400.0,26480,1596.86,ACTUAL,BRONZE,2026-08-18T15:56:09+07:00
2025-08-12,25243.0,26430.0,26500,1608.22,ACTUAL,BRONZE,2026-08-18T15:56:09+07:00
2025-08-13,25247.0,26450.0,26505,1611.6,ACTUAL,BRONZE,2026-08-18T15:56:09+07:00
2025-08-14,25240.0,26460.0,26505,1640.69,ACTUAL,BRONZE,2026-08-18T15:56:09+07:00
2025-08-15,25249.0,26440.0,26505,1630.0,ACTUAL,BRONZE,2026-08-18T15:56:09+07:00
2025-08-18,25245.0,26470.0,26550,1636.37,ACTUAL,BRONZE,2026-08-18T15:56:09+07:00
2025-08-19,25255.0,26480.0,26580,1654.2,ACTUAL,BRONZE,2026-08-18T15:56:09+07:00
2025-08-20,25263.0,26500.0,26580,1664.36,ACTUAL,BRONZE,2026-08-18T15:56:09+07:00
2025-08-21,25273.0,26536.0,26580,1688.0,ACTUAL,BRONZE,2026-08-18T15:56:09+07:00
2025-08-22,25298.0,26562.0,26580,1645.47,ACTUAL,BRONZE,2026-08-18T15:56:09+07:00
2025-08-25,25291.0,26480.0,26580,1614.03,ACTUAL,BRONZE,2026-08-18T15:56:09+07:00
2025-08-26,25273.0,26510.0,26580,1667.63,ACTUAL,BRONZE,2026-08-18T15:56:09+07:00
2025-08-27,25273.0,26536.0,26720,1672.78,ACTUAL,BRONZE,2026-08-18T15:56:09+07:00
2025-08-28,25268.0,26520.0,26720,1680.86,ACTUAL,BRONZE,2026-08-18T15:56:09+07:00
2025-08-29,25240.0,26502.0,26720,1682.21,ACTUAL,BRONZE,2026-08-18T15:56:09+07:00
2025-09-03,25246.0,26508.0,26870,1681.3,ACTUAL,BRONZE,2026-08-18T15:56:09+07:00
2025-09-04,25248.0,26510.0,26900,1696.29,ACTUAL,BRONZE,2026-08-18T15:56:09+07:00
2025-09-05,25248.0,26510.0,26900,1666.97,ACTUAL,BRONZE,2026-08-18T15:56:09+07:00
2025-09-08,25236.0,26497.0,27015,1624.53,ACTUAL,BRONZE,2026-08-18T15:56:09+07:00
2025-09-09,25236.0,26497.0,27015,1637.32,ACTUAL,BRONZE,2026-08-18T15:56:09+07:00
2025-09-10,25221.0,26482.0,27015,1643.26,ACTUAL,BRONZE,2026-08-18T15:56:09+07:00
2025-09-11,25221.0,26482.0,26950,1657.75,ACTUAL,BRONZE,2026-08-18T15:56:09+07:00
2025-09-12,25216.0,26476.0,26950,1667.26,ACTUAL,BRONZE,2026-08-18T15:56:09+07:00
2025-09-15,25216.0,26476.0,26550,1684.9,ACTUAL,BRONZE,2026-08-18T15:56:09+07:00
2025-09-16,25208.0,26468.0,26540,1680.9,ACTUAL,BRONZE,2026-08-18T15:56:09+07:00
2025-09-17,25198.0,26457.0,26540,1670.97,ACTUAL,BRONZE,2026-08-18T15:56:09+07:00
2025-09-18,25186.0,26445.0,26540,1665.18,ACTUAL,BRONZE,2026-08-18T15:56:09+07:00
2025-09-19,25186.0,26445.0,26540,1658.62,ACTUAL,BRONZE,2026-08-18T15:56:09+07:00
2025-09-23,25189.0,26448.0,26590,1635.26,ACTUAL,BRONZE,2026-08-18T15:56:09+07:00
2025-09-24,25186.0,26445.0,26590,1657.46,ACTUAL,BRONZE,2026-08-18T15:56:09+07:00
2025-09-25,25191.0,26450.0,26590,1666.09,ACTUAL,BRONZE,2026-08-18T15:56:09+07:00
2025-09-26,25194.0,26453.0,26590,1660.7,ACTUAL,BRONZE,2026-08-18T15:56:09+07:00
2025-09-29,25192.0,26451.0,26620,1666.48,ACTUAL,BRONZE,2026-08-18T15:56:09+07:00
2025-09-30,25187.0,26446.0,26620,1661.7,ACTUAL,BRONZE,2026-08-18T15:56:09+07:00
2025-10-01,25187.0,26446.0,26615,1665.05,ACTUAL,BRONZE,2026-08-18T15:56:09+07:00
2025-10-02,25177.0,26435.0,26615,1652.71,ACTUAL,BRONZE,2026-08-18T15:56:09+07:00
2025-10-03,25162.0,26420.0,26615,1645.82,ACTUAL,BRONZE,2026-08-18T15:56:09+07:00
2025-10-06,25146.0,26403.0,26615,1695.5,ACTUAL,BRONZE,2026-08-18T15:56:09+07:00
2025-10-07,25141.0,26398.0,26615,1685.3,ACTUAL,BRONZE,2026-08-18T15:56:09+07:00
2025-10-08,25133.0,26389.0,26615,1697.83,ACTUAL,BRONZE,2026-08-18T15:56:09+07:00
2025-10-09,25130.0,26386.0,26930,1716.47,ACTUAL,BRONZE,2026-08-18T15:56:09+07:00
2025-10-10,25128.0,26384.0,26930,1747.55,ACTUAL,BRONZE,2026-08-18T15:56:09+07:00
2025-10-13,25112.0,26367.0,26930,1765.12,ACTUAL,BRONZE,2026-08-18T15:56:09+07:00
2025-10-14,25114.0,26369.0,26930,1761.06,ACTUAL,BRONZE,2026-08-18T15:56:09+07:00
2025-10-15,25114.0,26369.0,27100,1757.95,ACTUAL,BRONZE,2026-08-18T15:56:09+07:00
2025-10-17,25101.0,26356.0,27194,1731.19,ACTUAL,BRONZE,2026-08-18T15:56:09+07:00
2025-10-20,25101.0,26356.0,27340,1636.43,ACTUAL,BRONZE,2026-08-18T15:56:09+07:00
2025-10-21,25099.0,26353.0,27380,1663.43,ACTUAL,BRONZE,2026-08-18T15:56:09+07:00
2025-10-22,25099.0,26353.0,27380,1678.5,ACTUAL,BRONZE,2026-08-18T15:56:09+07:00
2025-10-23,25098.0,26352.0,27620,1687.06,ACTUAL,BRONZE,2026-08-18T15:56:09+07:00
2025-10-24,25098.0,26352.0,27620,1683.18,ACTUAL,BRONZE,2026-08-18T15:56:09+07:00
2025-10-27,25097.0,26351.0,27770,1652.54,ACTUAL,BRONZE,2026-08-18T15:56:09+07:00
2025-10-28,25095.0,26349.0,27770,1680.5,ACTUAL,BRONZE,2026-08-18T15:56:09+07:00
2025-10-29,25091.0,26345.0,27750,1685.83,ACTUAL,BRONZE,2026-08-18T15:56:09+07:00
2025-10-30,25091.0,26345.0,27800,1669.57,ACTUAL,BRONZE,2026-08-18T15:56:09+07:00
2025-10-31,25093.0,26347.0,27800,1639.65,ACTUAL,BRONZE,2026-08-18T15:56:09+07:00
2025-11-03,25093.0,26347.0,27800,1617.0,ACTUAL,BRONZE,2026-08-18T15:56:09+07:00
2025-11-04,25095.0,26349.0,27840,1651.98,ACTUAL,BRONZE,2026-08-18T15:56:09+07:00
2025-11-05,25097.0,26351.0,27840,1654.89,ACTUAL,BRONZE,2026-08-18T15:56:09+07:00
2025-11-06,25100.0,26355.0,27960,1642.64,ACTUAL,BRONZE,2026-08-18T15:56:09+07:00
2025-11-07,25103.0,26358.0,27850,1599.1,ACTUAL,BRONZE,2026-08-18T15:56:09+07:00
2025-11-10,25106.0,26361.0,27750,1580.54,ACTUAL,BRONZE,2026-08-18T15:56:09+07:00
2025-11-11,25118.0,26373.0,27650,1593.61,ACTUAL,BRONZE,2026-08-18T15:56:09+07:00
2025-11-12,25129.0,26385.0,27750,1631.86,ACTUAL,BRONZE,2026-08-18T15:56:09+07:00
2025-11-13,25125.0,26381.0,27800,1631.44,ACTUAL,BRONZE,2026-08-18T15:56:09+07:00
2025-11-14,25122.0,26378.0,27900,1635.46,ACTUAL,BRONZE,2026-08-18T15:56:09+07:00
2025-11-17,25120.0,26376.0,27620,1654.42,ACTUAL,BRONZE,2026-08-18T15:56:09+07:00
2025-11-18,25132.0,26388.0,27770,1659.92,ACTUAL,BRONZE,2026-08-18T15:56:09+07:00
2025-11-19,25132.0,26388.0,27820,1649.0,ACTUAL,BRONZE,2026-08-18T15:56:09+07:00
2025-11-20,25130.0,26386.0,27800,1655.99,ACTUAL,BRONZE,2026-08-18T15:56:09+07:00
2025-11-21,25136.0,26392.0,27800,1654.93,ACTUAL,BRONZE,2026-08-18T15:56:09+07:00
2025-11-24,25144.0,26401.0,27620,1667.98,ACTUAL,BRONZE,2026-08-18T15:56:09+07:00
2025-11-25,25146.0,26403.0,27850,1660.36,ACTUAL,BRONZE,2026-08-18T15:56:09+07:00
2025-11-26,25146.0,26403.0,27820,1680.36,ACTUAL,BRONZE,2026-08-18T15:56:09+07:00
2025-11-27,25152.0,26409.0,27750,1684.32,ACTUAL,BRONZE,2026-08-18T15:56:09+07:00
2025-11-28,25155.0,26412.0,27730,1690.99,ACTUAL,BRONZE,2026-08-18T15:56:09+07:00
2025-12-01,25156.0,26413.0,27720,1701.67,ACTUAL,BRONZE,2026-08-18T15:56:09+07:00
2025-12-02,25153.0,26410.0,27620,1717.06,ACTUAL,BRONZE,2026-08-18T15:56:09+07:00
2025-12-03,25153.0,26410.0,27520,1731.77,ACTUAL,BRONZE,2026-08-18T15:56:09+07:00
2025-12-04,25152.0,26409.0,27200,1737.24,ACTUAL,BRONZE,2026-08-18T15:56:09+07:00
2025-12-05,25151.0,26408.0,27260,1741.32,ACTUAL,BRONZE,2026-08-18T15:56:09+07:00
2025-12-08,25152.0,26409.0,27250,1753.74,ACTUAL,BRONZE,2026-08-18T15:56:09+07:00
2025-12-09,25155.0,26412.0,27150,1747.17,ACTUAL,BRONZE,2026-08-18T15:56:09+07:00
2025-12-10,25155.0,26412.0,27150,1718.98,ACTUAL,BRONZE,2026-08-18T15:56:09+07:00
2025-12-11,25154.0,26411.0,27180,1698.9,ACTUAL,BRONZE,2026-08-18T15:56:09+07:00
2025-12-12,25148.0,26405.0,27200,1646.89,ACTUAL,BRONZE,2026-08-18T15:56:09+07:00
2025-12-15,25144.0,26401.0,27180,1646.01,ACTUAL,BRONZE,2026-08-18T15:56:09+07:00
2025-12-16,25141.0,26398.0,27000,1679.18,ACTUAL,BRONZE,2026-08-18T15:56:09+07:00
2025-12-17,25146.0,26403.0,26950,1673.66,ACTUAL,BRONZE,2026-08-18T15:56:09+07:00
2025-12-18,25151.0,26408.0,26950,1676.98,ACTUAL,BRONZE,2026-08-18T15:56:09+07:00
2025-12-19,25148.0,26405.0,27000,1704.31,ACTUAL,BRONZE,2026-08-18T15:56:09+07:00
2025-12-22,25149.0,26406.0,26920,1751.03,ACTUAL,BRONZE,2026-08-18T15:56:09+07:00
2025-12-23,25146.0,26403.0,26870,1772.15,ACTUAL,BRONZE,2026-08-18T15:56:09+07:00
2025-12-24,25146.0,26403.0,26860,1782.82,ACTUAL,BRONZE,2026-08-18T15:56:09+07:00
2025-12-25,25133.0,26389.0,26870,1742.85,ACTUAL,BRONZE,2026-08-18T15:56:09+07:00
2025-12-26,25128.0,26384.0,27820,1729.8,ACTUAL,BRONZE,2026-08-18T15:56:09+07:00
2025-12-29,25125.0,26381.0,26820,1754.84,ACTUAL,BRONZE,2026-08-18T15:56:09+07:00
2025-12-30,25124.0,26380.0,26840,1766.9,ACTUAL,BRONZE,2026-08-18T15:56:09+07:00
2025-12-31,25121.0,26377.0,26820,1784.49,ACTUAL,BRONZE,2026-08-18T15:56:09+07:00
2026-01-05,25124.0,26380.0,26950,1788.4,ACTUAL,BRONZE,2026-08-18T15:56:09+07:00
2026-01-06,25122.0,26378.0,26950,1816.27,ACTUAL,BRONZE,2026-08-18T15:56:09+07:00
2026-01-07,25122.0,26378.0,26880,1861.58,ACTUAL,BRONZE,2026-08-18T15:56:09+07:00
2026-01-08,25125.0,26381.0,26880,1855.56,ACTUAL,BRONZE,2026-08-18T15:56:09+07:00
2026-01-09,25127.0,26383.0,26820,1867.9,ACTUAL,BRONZE,2026-08-18T15:56:09+07:00
2026-01-12,25129.0,26385.0,26850,1877.33,ACTUAL,BRONZE,2026-08-18T15:56:09+07:00
2026-01-13,25129.0,26385.0,26650,1902.93,ACTUAL,BRONZE,2026-08-18T15:56:09+07:00
2026-01-14,25135.0,26391.0,26650,1894.44,ACTUAL,BRONZE,2026-08-18T15:56:09+07:00
2026-01-15,25135.0,26391.0,26650,1864.8,ACTUAL,BRONZE,2026-08-18T15:56:09+07:00
2026-01-16,25131.0,26387.0,26300,1879.13,ACTUAL,BRONZE,2026-08-18T15:56:09+07:00
2026-01-19,25132.0,26388.0,26550,1896.59,ACTUAL,BRONZE,2026-08-18T15:56:09+07:00
2026-01-20,25130.0,26386.0,26550,1893.78,ACTUAL,BRONZE,2026-08-18T15:56:09+07:00
2026-01-21,25124.0,26380.0,26550,1885.44,ACTUAL,BRONZE,2026-08-18T15:56:09+07:00
2026-01-22,25125.0,26381.0,26700,1882.73,ACTUAL,BRONZE,2026-08-18T15:56:09+07:00
2026-01-23,25125.0,26381.0,26700,1870.79,ACTUAL,BRONZE,2026-08-18T15:56:09+07:00
2026-01-26,25113.0,26368.0,26650,1843.72,ACTUAL,BRONZE,2026-08-18T15:56:09+07:00
2026-01-27,25098.0,26330.0,26390,1830.5,ACTUAL,BRONZE,2026-08-18T15:56:09+07:00
2026-01-28,25088.0,26280.0,26250,1802.91,ACTUAL,BRONZE,2026-08-18T15:56:09+07:00
2026-01-29,25083.0,26250.0,26250,1814.98,ACTUAL,BRONZE,2026-08-18T15:56:09+07:00
2026-01-30,25074.0,26100.0,26500,1829.04,ACTUAL,BRONZE,2026-08-18T15:56:09+07:00
2026-02-02,25064.0,26110.0,26500,1806.5,ACTUAL,BRONZE,2026-08-18T15:56:09+07:00
2026-02-03,25069.0,26180.0,26600,1813.4,ACTUAL,BRONZE,2026-08-18T15:56:09+07:00
2026-02-04,25067.0,26180.0,26650,1791.43,ACTUAL,BRONZE,2026-08-18T15:56:09+07:00
2026-02-05,25066.0,26150.0,26700,1782.56,ACTUAL,BRONZE,2026-08-18T15:56:09+07:00
2026-02-06,25065.0,26150.0,27320,1755.49,ACTUAL,BRONZE,2026-08-18T15:56:09+07:00
2026-02-09,25063.0,26140.0,26550,1754.82,ACTUAL,BRONZE,2026-08-18T15:56:09+07:00
2026-02-10,25055.0,26075.0,26550,1754.03,ACTUAL,BRONZE,2026-08-18T15:56:09+07:00
2026-02-11,25050.0,26110.0,26270,1796.85,ACTUAL,BRONZE,2026-08-18T15:56:09+07:00
2026-02-12,25050.0,26160.0,26270,1814.09,ACTUAL,BRONZE,2026-08-18T15:56:09+07:00
2026-02-13,25049.0,26160.0,26250,1824.09,ACTUAL,BRONZE,2026-08-18T15:56:09+07:00
2026-02-23,25051.0,26200.0,26850,1860.14,ACTUAL,BRONZE,2026-08-18T15:56:09+07:00
2026-02-24,25053.0,26305.0,26750,1867.62,ACTUAL,BRONZE,2026-08-18T15:56:09+07:00
2026-02-25,25057.0,26309.0,26750,1860.91,ACTUAL,BRONZE,2026-08-18T15:56:09+07:00
2026-02-26,25051.0,26290.0,26750,1879.64,ACTUAL,BRONZE,2026-08-18T15:56:09+07:00
2026-02-27,25044.0,26230.0,26720,1880.33,ACTUAL,BRONZE,2026-08-18T15:56:09+07:00
2026-03-02,25038.0,26289.0,26720,1846.1,ACTUAL,BRONZE,2026-08-18T15:56:09+07:00
2026-03-03,25046.0,26298.0,26780,1813.14,ACTUAL,BRONZE,2026-08-18T15:56:09+07:00
2026-03-04,25052.0,26304.0,26880,1818.27,ACTUAL,BRONZE,2026-08-18T15:56:09+07:00
2026-03-05,25055.0,26307.0,26900,1808.51,ACTUAL,BRONZE,2026-08-18T15:56:09+07:00
2026-03-06,25057.0,26309.0,26900,1767.84,ACTUAL,BRONZE,2026-08-18T15:56:09+07:00
2026-03-09,25059.0,26311.0,27200,1652.79,ACTUAL,BRONZE,2026-08-18T15:56:09+07:00
2026-03-10,25062.0,26315.0,27200,1676.73,ACTUAL,BRONZE,2026-08-18T15:56:09+07:00
2026-03-11,25059.0,26311.0,27240,1728.34,ACTUAL,BRONZE,2026-08-18T15:56:09+07:00
2026-03-12,25061.0,26314.0,27190,1709.61,ACTUAL,BRONZE,2026-08-18T15:56:09+07:00
2026-03-13,25065.0,26318.0,27190,1696.24,ACTUAL,BRONZE,2026-08-18T15:56:09+07:00
2026-03-16,25068.0,26321.0,27190,1693.21,ACTUAL,BRONZE,2026-08-18T15:56:09+07:00
2026-03-17,25068.0,26321.0,27390,1710.29,ACTUAL,BRONZE,2026-08-18T15:56:09+07:00
2026-03-18,25067.0,26320.0,27450,1713.83,ACTUAL,BRONZE,2026-08-18T15:56:09+07:00
2026-03-19,25072.0,26325.0,27450,1699.13,ACTUAL,BRONZE,2026-08-18T15:56:09+07:00
2026-03-20,25085.0,26339.0,27750,1647.81,ACTUAL,BRONZE,2026-08-18T15:56:09+07:00
2026-03-23,25090.0,26344.0,28000,1591.17,ACTUAL,BRONZE,2026-08-18T15:56:09+07:00
2026-03-24,25109.0,26364.0,27980,1614.77,ACTUAL,BRONZE,2026-08-18T15:56:09+07:00
2026-03-25,25104.0,26359.0,28000,1658.19,ACTUAL,BRONZE,2026-08-18T15:56:09+07:00
2026-03-26,25102.0,26357.0,27870,1644.63,ACTUAL,BRONZE,2026-08-18T15:56:09+07:00
2026-03-27,25100.0,26355.0,27870,1672.8,ACTUAL,BRONZE,2026-08-18T15:56:09+07:00
2026-03-30,25100.0,26355.0,28080,1662.54,ACTUAL,BRONZE,2026-08-18T15:56:09+07:00
2026-03-31,25102.0,26357.0,28080,1674.49,ACTUAL,BRONZE,2026-08-18T15:56:09+07:00
2026-04-01,25105.0,26360.0,28080,1702.93,ACTUAL,BRONZE,2026-08-18T15:56:09+07:00
2026-04-02,25107.0,26362.0,27470,1694.82,ACTUAL,BRONZE,2026-08-18T15:56:09+07:00
2026-04-03,25107.0,26362.0,27520,1684.04,ACTUAL,BRONZE,2026-08-18T15:56:09+07:00
2026-04-06,25106.0,26361.0,27350,1674.99,ACTUAL,BRONZE,2026-08-18T15:56:09+07:00
2026-04-07,25108.0,26363.0,27100,1677.54,ACTUAL,BRONZE,2026-08-18T15:56:09+07:00
2026-04-08,25106.0,26361.0,27100,1756.55,ACTUAL,BRONZE,2026-08-18T15:56:09+07:00
2026-04-09,25102.0,26357.0,26960,1736.68,ACTUAL,BRONZE,2026-08-18T15:56:09+07:00
2026-04-10,25105.0,26360.0,26830,1750.0,ACTUAL,BRONZE,2026-08-18T15:56:09+07:00
2026-04-13,25106.0,26361.0,26910,1758.96,ACTUAL,BRONZE,2026-08-18T15:56:09+07:00
2026-04-14,25106.0,26361.0,26910,1775.65,ACTUAL,BRONZE,2026-08-18T15:56:09+07:00
2026-04-15,25103.0,26358.0,26910,1800.65,ACTUAL,BRONZE,2026-08-18T15:56:09+07:00
2026-04-16,25102.0,26357.0,26630,1819.83,ACTUAL,BRONZE,2026-08-18T15:56:09+07:00
2026-04-17,25102.0,26357.0,26630,1817.17,ACTUAL,BRONZE,2026-08-18T15:56:09+07:00
2026-04-20,25103.0,26358.0,26660,1837.11,ACTUAL,BRONZE,2026-08-18T15:56:09+07:00
2026-04-21,25102.0,26357.0,26650,1833.48,ACTUAL,BRONZE,2026-08-18T15:56:09+07:00
2026-04-22,25100.0,26355.0,26650,1857.3,ACTUAL,BRONZE,2026-08-18T15:56:09+07:00
2026-04-23,25105.0,26360.0,26600,1870.36,ACTUAL,BRONZE,2026-08-18T15:56:09+07:00
2026-04-24,25113.0,26368.0,26700,1853.29,ACTUAL,BRONZE,2026-08-18T15:56:09+07:00
2026-04-28,25111.0,26366.0,26800,1875.84,ACTUAL,BRONZE,2026-08-18T15:56:09+07:00
2026-04-29,25113.0,26368.0,26800,1854.1,ACTUAL,BRONZE,2026-08-18T15:56:09+07:00
2026-05-04,25112.0,26367.0,26720,1854.06,ACTUAL,BRONZE,2026-08-18T15:56:09+07:00
2026-05-05,25111.0,26366.0,26720,1874.85,ACTUAL,BRONZE,2026-08-18T15:56:09+07:00
2026-05-06,25113.0,26368.0,26620,1891.2,ACTUAL,BRONZE,2026-08-18T15:56:09+07:00
2026-05-07,25113.0,26368.0,26620,1909.01,ACTUAL,BRONZE,2026-08-18T15:56:09+07:00
2026-05-08,25112.0,26367.0,26500,1915.37,ACTUAL,BRONZE,2026-08-18T15:56:09+07:00
2026-05-11,25118.0,26373.0,26470,1895.5,ACTUAL,BRONZE,2026-08-18T15:56:09+07:00
2026-05-12,25123.0,26379.0,26380,1901.1,ACTUAL,BRONZE,2026-08-18T15:56:09+07:00
2026-05-13,25123.0,26379.0,26360,1898.37,ACTUAL,BRONZE,2026-08-18T15:56:09+07:00
2026-05-14,25126.0,26382.0,26400,1925.46,ACTUAL,BRONZE,2026-08-18T15:56:09+07:00
2026-05-15,25131.0,26387.0,26400,1921.6,ACTUAL,BRONZE,2026-08-18T15:56:09+07:00
2026-05-18,25131.0,26387.0,26530,1927.94,ACTUAL,BRONZE,2026-08-18T15:56:09+07:00
2026-05-19,25133.0,26389.0,26530,1912.93,ACTUAL,BRONZE,2026-08-18T15:56:09+07:00
2026-05-20,25135.0,26391.0,26510,1913.23,ACTUAL,BRONZE,2026-08-18T15:56:09+07:00
2026-05-21,25135.0,26391.0,26550,1896.89,ACTUAL,BRONZE,2026-08-18T15:56:09+07:00
2026-05-22,25134.0,26390.0,26520,1877.13,ACTUAL,BRONZE,2026-08-18T15:56:09+07:00
2026-05-25,25136.0,26392.0,26520,1886.03,ACTUAL,BRONZE,2026-08-18T15:56:09+07:00
2026-05-26,25138.0,26394.0,26420,1884.18,ACTUAL,BRONZE,2026-08-18T15:56:09+07:00
2026-05-27,25137.0,26393.0,26420,1874.43,ACTUAL,BRONZE,2026-08-18T15:56:09+07:00
2026-05-28,25137.0,26393.0,26420,1863.67,ACTUAL,BRONZE,2026-08-18T15:56:09+07:00
2026-05-29,25139.0,26395.0,26450,1863.49,ACTUAL,BRONZE,2026-08-18T15:56:09+07:00
2026-06-01,25138.0,26394.0,26450,1844.54,ACTUAL,BRONZE,2026-08-18T15:56:09+07:00
2026-06-02,25141.0,26398.0,26450,1826.47,ACTUAL,BRONZE,2026-08-18T15:56:09+07:00
2026-06-03,25145.0,26402.0,26410,1819.01,ACTUAL,BRONZE,2026-08-18T15:56:09+07:00
2026-06-04,25145.0,26402.0,26410,1831.55,ACTUAL,BRONZE,2026-08-18T15:56:09+07:00
2026-06-05,25147.0,26404.0,26410,1838.9,ACTUAL,BRONZE,2026-08-18T15:56:09+07:00
2026-06-08,25150.0,26407.0,26420,1790.53,ACTUAL,BRONZE,2026-08-18T15:56:09+07:00
2026-06-09,25151.0,26408.0,26360,1793.05,ACTUAL,BRONZE,2026-08-18T15:56:09+07:00
2026-06-10,25153.0,26410.0,26400,1803.71,ACTUAL,BRONZE,2026-08-18T15:56:09+07:00
2026-06-11,25153.0,26410.0,26400,1798.61,ACTUAL,BRONZE,2026-08-18T15:56:09+07:00
2026-06-12,25155.0,26412.0,26270,1791.65,ACTUAL,BRONZE,2026-08-18T15:56:09+07:00
2026-06-15,25165.0,26423.0,26320,1799.31,ACTUAL,BRONZE,2026-08-18T15:56:09+07:00
2026-06-16,25165.0,26423.0,26320,1807.94,ACTUAL,BRONZE,2026-08-18T15:56:09+07:00
2026-06-17,25175.0,26433.0,26420,1806.2,ACTUAL,BRONZE,2026-08-18T15:56:09+07:00
2026-06-18,25173.0,26431.0,26520,1830.47,ACTUAL,BRONZE,2026-08-18T15:56:09+07:00
2026-06-19,25181.0,26440.0,26540,1824.53,ACTUAL,BRONZE,2026-08-18T15:56:09+07:00
2026-06-22,,26442.0,26780,1857.91,ACTUAL,BRONZE,2026-08-18T15:56:09+07:00
2026-06-23,25189.0,26448.0,26780,1869.04,ACTUAL,BRONZE,2026-08-18T15:56:09+07:00
2026-06-24,25192.0,26451.0,26780,1878.02,ACTUAL,BRONZE,2026-08-18T15:56:09+07:00
2026-06-25,25197.0,26456.0,26640,1863.07,ACTUAL,BRONZE,2026-08-18T15:56:09+07:00
2026-06-26,25195.0,26454.0,26750,1871.91,ACTUAL,BRONZE,2026-08-18T15:56:09+07:00
2026-06-29,25201.0,26461.0,26720,1854.97,ACTUAL,BRONZE,2026-08-18T15:56:09+07:00
2026-06-30,25206.0,26466.0,26720,1860.01,ACTUAL,BRONZE,2026-08-18T15:56:09+07:00
2026-07-01,25206.0,26466.0,26720,1867.21,ACTUAL,BRONZE,2026-08-18T15:56:09+07:00
2026-07-02,25205.0,26465.0,26610,1866.35,ACTUAL,BRONZE,2026-08-18T15:56:09+07:00
2026-07-03,25203.0,26463.0,26650,1862.08,ACTUAL,BRONZE,2026-08-18T15:56:09+07:00
2026-07-06,25202.0,26462.0,26560,1843.5,ACTUAL,BRONZE,2026-08-18T15:56:09+07:00
2026-07-07,25202.0,26462.0,26480,1848.25,ACTUAL,BRONZE,2026-08-18T15:56:09+07:00
2026-07-08,25206.0,26466.0,26420,1853.7,ACTUAL,BRONZE,2026-08-18T15:56:09+07:00
2026-07-09,25211.0,26471.0,26420,1840.7,ACTUAL,BRONZE,2026-08-18T15:56:09+07:00
2026-07-10,25214.0,26474.0,26450,1828.34,ACTUAL,BRONZE,2026-08-18T15:56:09+07:00
2026-07-13,25220.0,26460.0,26450,1800.54,ACTUAL,BRONZE,2026-08-18T15:56:09+07:00
2026-07-14,25225.0,26450.0,26450,1806.63,ACTUAL,BRONZE,2026-08-18T15:56:09+07:00
2026-07-15,25233.0,26450.0,26420,1782.12,ACTUAL,BRONZE,2026-08-18T15:56:09+07:00
2026-07-16,25243.0,26450.0,26420,1804.24,ACTUAL,BRONZE,2026-08-18T15:56:09+07:00
2026-07-17,25254.0,26440.0,26410,1787.45,ACTUAL,BRONZE,2026-08-18T15:56:09+07:00
2026-07-20,25252.0,26490.0,26550,1743.51,ACTUAL,BRONZE,2026-08-18T15:56:09+07:00
2026-07-21,25260.0,26490.0,26330,1730.56,ACTUAL,BRONZE,2026-08-18T15:56:09+07:00
2026-07-22,25260.0,26520.0,26380,1668.53,ACTUAL,BRONZE,2026-08-18T15:56:09+07:00
2026-07-23,25272.0,26500.0,26380,1699.38,ACTUAL,BRONZE,2026-08-18T15:56:09+07:00
2026-07-24,,26510.0,26360,1686.11,ACTUAL,BRONZE,2026-08-18T15:56:09+07:00
2026-07-27,,26520.0,26420,1669.01,ACTUAL,BRONZE,2026-08-18T15:56:09+07:00
2026-07-28,,26525.0,26420,1680.62,ACTUAL,BRONZE,2026-08-18T15:56:09+07:00
2026-07-29,25306.0,26530.0,26320,1704.68,ACTUAL,BRONZE,2026-08-18T15:56:09+07:00
2026-07-30,25320.0,26520.0,26320,1744.66,ACTUAL,BRONZE,2026-08-18T15:56:09+07:00
2026-07-31,25338.0,26470.0,26280,1735.78,ACTUAL,BRONZE,2026-08-18T15:56:09+07:00
2026-08-03,,26480.0,26280,1762.84,ACTUAL,BRONZE,2026-08-18T15:56:09+07:00
2026-08-04,,26480.0,26110,1777.23,ACTUAL,BRONZE,2026-08-18T15:56:09+07:00
2026-08-05,,26460.0,26110,1776.46,ACTUAL,BRONZE,2026-08-18T15:56:09+07:00
2026-08-06,25433.0,26450.0,26110,1764.78,ACTUAL,BRONZE,2026-08-18T15:56:09+07:00
2026-08-07,25463.0,26430.0,26100,1768.06,ACTUAL,BRONZE,2026-08-18T15:56:09+07:00
2026-08-10,,26320.0,25830,1776.77,ACTUAL,BRONZE,2026-08-18T15:56:09+07:00
2026-08-11,,26320.0,25710,1773.41,ACTUAL,BRONZE,2026-08-18T15:56:09+07:00
2026-08-12,,26330.0,25800,1793.18,ACTUAL,BRONZE,2026-08-18T15:56:09+07:00
2026-08-13,,26250.0,25990,1765.63,ACTUAL,BRONZE,2026-08-18T15:56:09+07:00
2026-08-14,,26270.0,25990,1729.08,ACTUAL,BRONZE,2026-08-18T15:56:09+07:00
2026-08-17,25586.0,26400.0,25950,1727.46,ACTUAL,BRONZE,2026-08-18T15:56:09+07:00
2026-08-18,25580.0,26380.0,25800,1732.02,ACTUAL,BRONZE,2026-08-18T15:56:09+07:00
