time,vnindex,inflow_amount,outflow_amount,netflow_amount,cumulative_flow_amount,Data Type,Source Mode,Retrieved At
2018-01-02,995.77,1000.0,6378.0,-5378.0,18814.3,ACTUAL,BRONZE,2026-08-18T10:12:06+07:00
2018-01-04,1019.75,9751.0,6876.0,2875.0,21689.3,ACTUAL,BRONZE,2026-08-18T10:12:06+07:00
2018-01-05,1012.65,2170.0,14990.0,-12820.0,8869.30000000002,ACTUAL,BRONZE,2026-08-18T10:12:06+07:00
2018-01-09,1033.56,6000.0,9000.0,-3000.0,5869.30000000002,ACTUAL,BRONZE,2026-08-18T10:12:06+07:00
2018-01-10,1038.11,4000.0,8106.9,-4106.9,1762.40000000002,ACTUAL,BRONZE,2026-08-18T10:12:06+07:00
2018-01-11,1048.17,6866.0,8050.8,-1184.8,577.600000000018,ACTUAL,BRONZE,2026-08-18T10:12:06+07:00
2018-01-12,1050.11,13174.0,10169.7,3004.3,3581.90000000002,ACTUAL,BRONZE,2026-08-18T10:12:06+07:00
2018-01-15,1063.47,12000.0,10000.0,2000.0,5581.90000000002,ACTUAL,BRONZE,2026-08-18T10:12:06+07:00
2018-01-16,1062.96,9000.0,8000.0,1000.0,6581.90000000002,ACTUAL,BRONZE,2026-08-18T10:12:06+07:00
2018-01-17,1034.69,7999.9,12000.0,-4000.1,2581.80000000002,ACTUAL,BRONZE,2026-08-18T10:12:06+07:00
2018-01-18,1050.25,8158.8,12158.9,-4000.1,-1418.29999999998,ACTUAL,BRONZE,2026-08-18T10:12:06+07:00
2018-01-19,1062.07,10173.7,12173.9,-2000.2,-3418.49999999998,ACTUAL,BRONZE,2026-08-18T10:12:06+07:00
2018-01-22,1086.51,10000.0,9999.7,0.3,-3418.19999999998,ACTUAL,BRONZE,2026-08-18T10:12:06+07:00
2018-01-25,1104.57,12050.9,13159.0,-1108.1,-4526.29999999998,ACTUAL,BRONZE,2026-08-18T10:12:06+07:00
2018-01-26,1115.64,11999.9,8173.8,3826.1,-700.199999999981,ACTUAL,BRONZE,2026-08-18T10:12:06+07:00
2018-01-29,1109.8,9999.7,8000.0,1999.7,1299.50000000002,ACTUAL,BRONZE,2026-08-18T10:12:06+07:00
2018-01-30,1110.56,8107.9,8000.0,107.9,1407.40000000002,ACTUAL,BRONZE,2026-08-18T10:12:06+07:00
2018-01-31,1110.36,11999.9,9999.9,2000.0,3407.40000000002,ACTUAL,BRONZE,2026-08-18T10:12:06+07:00
2018-02-01,1099.67,13102.0,7051.0,6051.0,9458.40000000002,ACTUAL,BRONZE,2026-08-18T10:12:06+07:00
2018-02-02,1105.04,7999.8,5000.0,2999.8,12458.2,ACTUAL,BRONZE,2026-08-18T10:12:06+07:00
2018-02-05,1048.71,8000.0,0.0,8000.0,20458.2,ACTUAL,BRONZE,2026-08-18T10:12:06+07:00
2018-02-06,1011.6,8210.0,108.0,8102.0,28560.2,ACTUAL,BRONZE,2026-08-18T10:12:06+07:00
2018-02-07,1040.55,10352.9,0.0,10352.9,38913.1,ACTUAL,BRONZE,2026-08-18T10:12:06+07:00
2018-02-08,1023.25,9961.0,102.0,9859.0,48772.1,ACTUAL,BRONZE,2026-08-18T10:12:06+07:00
2018-02-09,1003.94,10153.0,0.0,10153.0,58925.1,ACTUAL,BRONZE,2026-08-18T10:12:06+07:00
2018-02-22,1076.03,0.0,16961.0,-16961.0,41964.1,ACTUAL,BRONZE,2026-08-18T10:12:06+07:00
2018-02-23,1102.85,0.0,24753.0,-24753.0,17211.1,ACTUAL,BRONZE,2026-08-18T10:12:06+07:00
2018-02-26,1114.53,0.0,17250.0,-17250.0,-38.8999999999796,ACTUAL,BRONZE,2026-08-18T10:12:06+07:00
2018-02-27,1119.61,0.0,27312.0,-27312.0,-27350.9,ACTUAL,BRONZE,2026-08-18T10:12:06+07:00
2018-02-28,1124.87,0.0,13353.0,-13353.0,-40703.9,ACTUAL,BRONZE,2026-08-18T10:12:06+07:00
2018-03-01,1115.79,0.0,5500.0,-5500.0,-46203.9,ACTUAL,BRONZE,2026-08-18T10:12:06+07:00
2018-03-02,1121.21,0.0,0.0,0.0,-46203.9,ACTUAL,BRONZE,2026-08-18T10:12:06+07:00
2018-03-05,1093.48,0.0,8000.0,-8000.0,-54203.9,ACTUAL,BRONZE,2026-08-18T10:12:06+07:00
2018-03-06,1120.29,0.0,7000.0,-7000.0,-61203.9,ACTUAL,BRONZE,2026-08-18T10:12:06+07:00
2018-03-07,1112.26,10.3,5000.0,-4989.7,-66193.6,ACTUAL,BRONZE,2026-08-18T10:12:06+07:00
2018-03-08,1124.15,14000.0,8000.0,6000.0,-60193.6,ACTUAL,BRONZE,2026-08-18T10:12:06+07:00
2018-03-09,1123.41,19600.0,15000.0,4600.0,-55593.6,ACTUAL,BRONZE,2026-08-18T10:12:06+07:00
2018-03-12,1126.29,17000.0,13000.0,4000.0,-51593.6,ACTUAL,BRONZE,2026-08-18T10:12:06+07:00
2018-03-13,1133.31,15000.0,16999.8,-1999.8,-53593.4,ACTUAL,BRONZE,2026-08-18T10:12:06+07:00
2018-03-14,1138.09,13000.0,14010.3,-1010.3,-54603.7,ACTUAL,BRONZE,2026-08-18T10:12:06+07:00
2018-03-15,1138.76,0.0,8800.0,-8800.0,-63403.7,ACTUAL,BRONZE,2026-08-18T10:12:06+07:00
2018-03-16,1150.19,20.2,5300.0,-5279.8,-68683.5,ACTUAL,BRONZE,2026-08-18T10:12:06+07:00
2018-03-19,1159.22,0.0,1110.0,-1110.0,-69793.5,ACTUAL,BRONZE,2026-08-18T10:12:06+07:00
2018-03-20,1159.39,0.0,60.0,-60.0,-69853.5,ACTUAL,BRONZE,2026-08-18T10:12:06+07:00
2018-03-21,1169.36,0.0,4000.0,-4000.0,-73853.5,ACTUAL,BRONZE,2026-08-18T10:12:06+07:00
2018-03-22,1172.36,0.0,10000.0,-10000.0,-83853.5,ACTUAL,BRONZE,2026-08-18T10:12:06+07:00
2018-03-23,1153.59,0.0,5020.2,-5020.2,-88873.7,ACTUAL,BRONZE,2026-08-18T10:12:06+07:00
2018-03-26,1171.22,0.0,1000.0,-1000.0,-89873.7,ACTUAL,BRONZE,2026-08-18T10:12:06+07:00
2018-03-27,1171.73,0.0,100.0,-100.0,-89973.7,ACTUAL,BRONZE,2026-08-18T10:12:06+07:00
2018-03-28,1172.24,0.0,3000.0,-3000.0,-92973.7,ACTUAL,BRONZE,2026-08-18T10:12:06+07:00
2018-03-29,1167.03,5500.0,0.0,5500.0,-87473.7,ACTUAL,BRONZE,2026-08-18T10:12:06+07:00
2018-03-30,1174.46,0.0,0.0,0.0,-87473.7,ACTUAL,BRONZE,2026-08-18T10:12:06+07:00
2018-04-02,1196.61,8000.0,1000.0,7000.0,-80473.7,ACTUAL,BRONZE,2026-08-18T10:12:06+07:00
2018-04-03,1188.29,7000.0,0.0,7000.0,-73473.7,ACTUAL,BRONZE,2026-08-18T10:12:06+07:00
2018-04-04,1191.54,5002.0,1000.0,4002.0,-69471.7,ACTUAL,BRONZE,2026-08-18T10:12:06+07:00
2018-04-05,1193.17,8000.0,0.0,8000.0,-61471.7,ACTUAL,BRONZE,2026-08-18T10:12:06+07:00
2018-04-06,1199.96,15000.0,14700.0,300.0,-61171.7,ACTUAL,BRONZE,2026-08-18T10:12:06+07:00
2018-04-09,1204.33,13000.0,6700.0,6300.0,-54871.7,ACTUAL,BRONZE,2026-08-18T10:12:06+07:00
2018-04-10,1198.12,16999.8,16700.0,299.8,-54571.9,ACTUAL,BRONZE,2026-08-18T10:12:06+07:00
2018-04-11,1167.11,14000.0,13702.0,298.0,-54273.9,ACTUAL,BRONZE,2026-08-18T10:12:06+07:00
2018-04-12,1173.02,8800.0,10880.0,-2080.0,-56353.9,ACTUAL,BRONZE,2026-08-18T10:12:06+07:00
2018-04-13,1157.14,5300.0,1300.0,4000.0,-52353.9,ACTUAL,BRONZE,2026-08-18T10:12:06+07:00
2018-04-16,1148.49,1110.0,200.0,910.0,-51443.9,ACTUAL,BRONZE,2026-08-18T10:12:06+07:00
2018-04-17,1153.28,60.0,0.0,60.0,-51383.9,ACTUAL,BRONZE,2026-08-18T10:12:06+07:00
2018-04-18,1138.53,4000.0,0.0,4000.0,-47383.9,ACTUAL,BRONZE,2026-08-18T10:12:06+07:00
2018-04-19,1094.63,10000.0,0.0,10000.0,-37383.9,ACTUAL,BRONZE,2026-08-18T10:12:06+07:00
2018-04-20,1119.86,5000.0,0.0,5000.0,-32383.9,ACTUAL,BRONZE,2026-08-18T10:12:06+07:00
2018-04-23,1076.78,2000.0,0.0,2000.0,-30383.9,ACTUAL,BRONZE,2026-08-18T10:12:06+07:00
2018-04-24,1080.74,100.0,0.0,100.0,-30283.9,ACTUAL,BRONZE,2026-08-18T10:12:06+07:00
2018-04-26,1044.86,0.0,1700.0,-1700.0,-31983.9,ACTUAL,BRONZE,2026-08-18T10:12:06+07:00
2018-04-27,1050.26,104.5,0.0,104.5,-31879.4,ACTUAL,BRONZE,2026-08-18T10:12:06+07:00
2018-05-02,1029.08,1000.0,1700.0,-700.0,-32579.4,ACTUAL,BRONZE,2026-08-18T10:12:06+07:00
2018-05-03,1026.46,0.0,0.0,0.0,-32579.4,ACTUAL,BRONZE,2026-08-18T10:12:06+07:00
2018-05-04,1026.8,14700.0,104.5,14595.5,-17983.9,ACTUAL,BRONZE,2026-08-18T10:12:06+07:00
2018-05-07,1062.26,6700.0,5700.0,1000.0,-16983.9,ACTUAL,BRONZE,2026-08-18T10:12:06+07:00
2018-05-08,1060.45,16700.0,8550.0,8150.0,-8833.89999999998,ACTUAL,BRONZE,2026-08-18T10:12:06+07:00
2018-05-09,1056.97,13700.0,12700.0,1000.0,-7833.89999999998,ACTUAL,BRONZE,2026-08-18T10:12:06+07:00
2018-05-10,1028.87,10880.0,11790.0,-910.0,-8743.89999999998,ACTUAL,BRONZE,2026-08-18T10:12:06+07:00
2018-05-11,1044.85,1300.0,7000.0,-5700.0,-14443.9,ACTUAL,BRONZE,2026-08-18T10:12:06+07:00
2018-05-14,1066.98,200.0,3000.0,-2800.0,-17243.9,ACTUAL,BRONZE,2026-08-18T10:12:06+07:00
2018-05-15,1073.5,0.0,3700.0,-3700.0,-20943.9,ACTUAL,BRONZE,2026-08-18T10:12:06+07:00
2018-05-16,1054.62,0.0,1700.0,-1700.0,-22643.9,ACTUAL,BRONZE,2026-08-18T10:12:06+07:00
2018-05-17,1030.64,0.0,1700.0,-1700.0,-24343.9,ACTUAL,BRONZE,2026-08-18T10:12:06+07:00
2018-05-18,1040.54,0.0,0.0,0.0,-24343.9,ACTUAL,BRONZE,2026-08-18T10:12:06+07:00
2018-05-21,1014.98,0.0,0.0,0.0,-24343.9,ACTUAL,BRONZE,2026-08-18T10:12:06+07:00
2018-05-22,985.91,0.0,0.0,0.0,-24343.9,ACTUAL,BRONZE,2026-08-18T10:12:06+07:00
2018-05-23,988.94,0.0,0.0,0.0,-24343.9,ACTUAL,BRONZE,2026-08-18T10:12:06+07:00
2018-05-24,985.92,1700.0,0.0,1700.0,-22643.9,ACTUAL,BRONZE,2026-08-18T10:12:06+07:00
2018-05-25,963.9,0.0,0.0,0.0,-22643.9,ACTUAL,BRONZE,2026-08-18T10:12:06+07:00
2018-05-28,931.75,0.0,0.0,0.0,-22643.9,ACTUAL,BRONZE,2026-08-18T10:12:06+07:00
2018-05-29,952.18,0.0,0.0,0.0,-22643.9,ACTUAL,BRONZE,2026-08-18T10:12:06+07:00
2018-05-30,948.5,1700.0,0.0,1700.0,-20943.9,ACTUAL,BRONZE,2026-08-18T10:12:06+07:00
2018-05-31,971.25,0.0,0.0,0.0,-20943.9,ACTUAL,BRONZE,2026-08-18T10:12:06+07:00
2018-06-01,992.87,0.0,0.0,0.0,-20943.9,ACTUAL,BRONZE,2026-08-18T10:12:06+07:00
2018-06-04,1013.78,5700.0,0.0,5700.0,-15243.9,ACTUAL,BRONZE,2026-08-18T10:12:06+07:00
2018-06-05,1022.74,8550.0,3000.0,5550.0,-9693.89999999998,ACTUAL,BRONZE,2026-08-18T10:12:06+07:00
2018-06-06,1034.5,12700.0,5300.0,7400.0,-2293.89999999998,ACTUAL,BRONZE,2026-08-18T10:12:06+07:00
2018-06-07,1036.69,11790.0,6000.0,5790.0,3496.10000000002,ACTUAL,BRONZE,2026-08-18T10:12:06+07:00
2018-06-08,1039.01,7000.0,6000.0,1000.0,4496.10000000002,ACTUAL,BRONZE,2026-08-18T10:12:06+07:00
2018-06-11,1039.02,3000.0,8700.0,-5700.0,-1203.89999999998,ACTUAL,BRONZE,2026-08-18T10:12:06+07:00
2018-06-12,1020.76,3700.0,8700.0,-5000.0,-6203.89999999998,ACTUAL,BRONZE,2026-08-18T10:12:06+07:00
2018-06-13,1030.53,1700.0,10000.0,-8300.0,-14503.9,ACTUAL,BRONZE,2026-08-18T10:12:06+07:00
2018-06-14,1015.72,1700.0,13500.0,-11800.0,-26303.9,ACTUAL,BRONZE,2026-08-18T10:12:06+07:00
2018-06-15,1016.51,0.0,16900.0,-16900.0,-43203.9,ACTUAL,BRONZE,2026-08-18T10:12:06+07:00
2018-06-18,987.34,0.0,11200.0,-11200.0,-54403.9,ACTUAL,BRONZE,2026-08-18T10:12:06+07:00
2018-06-19,962.16,19.0,14600.0,-14581.0,-68984.9,ACTUAL,BRONZE,2026-08-18T10:12:06+07:00
2018-06-20,980.95,0.0,17300.0,-17300.0,-86284.9,ACTUAL,BRONZE,2026-08-18T10:12:06+07:00
2018-06-21,969.4,0.0,19999.6,-19999.6,-106284.5,ACTUAL,BRONZE,2026-08-18T10:12:06+07:00
2018-06-22,983.17,0.0,2000.0,-2000.0,-108284.5,ACTUAL,BRONZE,2026-08-18T10:12:06+07:00
2018-06-25,990.52,0.0,1699.8,-1699.8,-109984.3,ACTUAL,BRONZE,2026-08-18T10:12:06+07:00
2018-06-26,983.02,0.0,3619.0,-3619.0,-113603.3,ACTUAL,BRONZE,2026-08-18T10:12:06+07:00
2018-06-27,968.91,0.0,2000.0,-2000.0,-115603.3,ACTUAL,BRONZE,2026-08-18T10:12:06+07:00
2018-06-28,957.35,0.0,0.0,0.0,-115603.3,ACTUAL,BRONZE,2026-08-18T10:12:06+07:00
2018-06-29,960.78,0.0,0.0,0.0,-115603.3,ACTUAL,BRONZE,2026-08-18T10:12:06+07:00
2018-07-02,947.15,0.0,0.0,0.0,-115603.3,ACTUAL,BRONZE,2026-08-18T10:12:06+07:00
2018-07-03,906.01,3000.0,2000.0,1000.0,-114603.3,ACTUAL,BRONZE,2026-08-18T10:12:06+07:00
2018-07-04,914.99,5300.0,3000.0,2300.0,-112303.3,ACTUAL,BRONZE,2026-08-18T10:12:06+07:00
2018-07-05,899.4,6000.0,2500.0,3500.0,-108803.3,ACTUAL,BRONZE,2026-08-18T10:12:06+07:00
2018-07-06,917.51,6000.0,10.0,5990.0,-102813.3,ACTUAL,BRONZE,2026-08-18T10:12:06+07:00
2018-07-09,915.12,8700.0,2500.0,6200.0,-96613.3,ACTUAL,BRONZE,2026-08-18T10:12:06+07:00
2018-07-10,911.12,8700.0,2300.0,6400.0,-90213.3,ACTUAL,BRONZE,2026-08-18T10:12:06+07:00
2018-07-11,893.16,10000.0,3500.0,6500.0,-83713.3,ACTUAL,BRONZE,2026-08-18T10:12:06+07:00
2018-07-12,898.51,13505.0,1271.0,12234.0,-71479.3,ACTUAL,BRONZE,2026-08-18T10:12:06+07:00
2018-07-13,909.72,14900.0,1000.0,13900.0,-57579.3,ACTUAL,BRONZE,2026-08-18T10:12:06+07:00
2018-07-16,911.11,5100.0,0.0,5100.0,-52479.3,ACTUAL,BRONZE,2026-08-18T10:12:06+07:00
2018-07-17,921.27,7000.0,0.0,7000.0,-45479.3,ACTUAL,BRONZE,2026-08-18T10:12:06+07:00
2018-07-18,942.39,8100.0,0.0,8100.0,-37379.3,ACTUAL,BRONZE,2026-08-18T10:12:06+07:00
2018-07-19,943.97,8999.8,5.0,8994.8,-28384.5,ACTUAL,BRONZE,2026-08-18T10:12:06+07:00
2018-07-20,933.39,2993.0,0.0,2993.0,-25391.5,ACTUAL,BRONZE,2026-08-18T10:12:06+07:00
2018-07-23,938.36,3700.0,0.0,3700.0,-21691.5,ACTUAL,BRONZE,2026-08-18T10:12:06+07:00
2018-07-24,934.08,13499.9,0.0,13499.9,-8191.59999999997,ACTUAL,BRONZE,2026-08-18T10:12:06+07:00
2018-07-25,927.58,2999.9,0.0,2999.9,-5191.69999999998,ACTUAL,BRONZE,2026-08-18T10:12:06+07:00
2018-07-26,930.16,0.0,0.0,0.0,-5191.69999999998,ACTUAL,BRONZE,2026-08-18T10:12:06+07:00
2018-07-27,935.52,0.0,993.0,-993.0,-6184.69999999998,ACTUAL,BRONZE,2026-08-18T10:12:06+07:00
2018-07-30,949.73,0.0,12500.0,-12500.0,-18684.7,ACTUAL,BRONZE,2026-08-18T10:12:06+07:00
2018-07-31,956.39,2000.0,28879.9,-26879.9,-45564.6,ACTUAL,BRONZE,2026-08-18T10:12:06+07:00
2018-08-01,952.77,2000.0,12299.6,-10299.6,-55864.2,ACTUAL,BRONZE,2026-08-18T10:12:06+07:00
2018-08-02,953.55,2000.0,9910.0,-7910.0,-63774.2,ACTUAL,BRONZE,2026-08-18T10:12:06+07:00
2018-08-03,959.6,10.0,2370.0,-2360.0,-66134.2,ACTUAL,BRONZE,2026-08-18T10:12:06+07:00
2018-08-06,960.23,2000.0,1600.0,400.0,-65734.2,ACTUAL,BRONZE,2026-08-18T10:12:06+07:00
2018-08-07,956.79,6200.0,1600.0,4600.0,-61134.2,ACTUAL,BRONZE,2026-08-18T10:12:06+07:00
2018-08-08,966.27,4427.0,100.0,4327.0,-56807.2,ACTUAL,BRONZE,2026-08-18T10:12:06+07:00
2018-08-09,963.5,3969.0,100.0,3869.0,-52938.2,ACTUAL,BRONZE,2026-08-18T10:12:06+07:00
2018-08-10,968.47,1200.0,0.0,1200.0,-51738.2,ACTUAL,BRONZE,2026-08-18T10:12:06+07:00
2018-08-13,978.04,3036.0,0.0,3036.0,-48702.2,ACTUAL,BRONZE,2026-08-18T10:12:06+07:00
2018-08-14,978.27,5100.0,0.0,5100.0,-43602.2,ACTUAL,BRONZE,2026-08-18T10:12:06+07:00
2018-08-15,961.37,3862.0,1327.0,2535.0,-41067.2,ACTUAL,BRONZE,2026-08-18T10:12:06+07:00
2018-08-16,964.28,9988.0,3069.0,6919.0,-34148.2,ACTUAL,BRONZE,2026-08-18T10:12:06+07:00
2018-08-17,968.88,203.0,400.0,-197.0,-34345.2,ACTUAL,BRONZE,2026-08-18T10:12:06+07:00
2018-08-20,969.62,1982.0,2236.0,-254.0,-34599.2,ACTUAL,BRONZE,2026-08-18T10:12:06+07:00
2018-08-21,979.21,2418.0,0.0,2418.0,-32181.2,ACTUAL,BRONZE,2026-08-18T10:12:06+07:00
2018-08-22,982.15,4829.0,2262.0,2567.0,-29614.2,ACTUAL,BRONZE,2026-08-18T10:12:06+07:00
2018-08-23,987.36,4215.0,8090.0,-3875.0,-33489.2,ACTUAL,BRONZE,2026-08-18T10:12:06+07:00
2018-08-24,987.05,3820.0,203.0,3617.0,-29872.2,ACTUAL,BRONZE,2026-08-18T10:12:06+07:00
2018-08-27,991.92,3303.0,2482.0,821.0,-29051.2,ACTUAL,BRONZE,2026-08-18T10:12:06+07:00
2018-08-28,995.19,500.0,2418.0,-1918.0,-30969.2,ACTUAL,BRONZE,2026-08-18T10:12:06+07:00
2018-08-29,988.17,2200.0,5129.0,-2929.0,-33898.2,ACTUAL,BRONZE,2026-08-18T10:12:06+07:00
2018-08-30,998.07,4414.0,4215.0,199.0,-33699.2,ACTUAL,BRONZE,2026-08-18T10:12:06+07:00
2018-08-31,989.54,4087.0,3420.0,667.0,-33032.2,ACTUAL,BRONZE,2026-08-18T10:12:06+07:00
2018-09-04,975.94,3813.0,0.0,3813.0,-29219.2,ACTUAL,BRONZE,2026-08-18T10:12:06+07:00
2018-09-05,968.44,3836.0,0.0,3836.0,-25383.2,ACTUAL,BRONZE,2026-08-18T10:12:06+07:00
2018-09-06,958.19,300.0,2612.0,-2312.0,-27695.2,ACTUAL,BRONZE,2026-08-18T10:12:06+07:00
2018-09-07,968.9,0.0,4087.0,-4087.0,-31782.2,ACTUAL,BRONZE,2026-08-18T10:12:06+07:00
2018-09-11,985.06,2.0,4013.0,-4011.0,-35793.2,ACTUAL,BRONZE,2026-08-18T10:12:06+07:00
2018-09-12,987.01,328.0,3536.0,-3208.0,-39001.2,ACTUAL,BRONZE,2026-08-18T10:12:06+07:00
2018-09-13,987.95,0.0,2000.0,-2000.0,-41001.2,ACTUAL,BRONZE,2026-08-18T10:12:06+07:00
2018-09-14,991.34,2000.0,2300.0,-300.0,-41301.2,ACTUAL,BRONZE,2026-08-18T10:12:06+07:00
2018-09-17,987.61,6100.0,200.0,5900.0,-35401.2,ACTUAL,BRONZE,2026-08-18T10:12:06+07:00
2018-09-18,993.49,7800.0,502.0,7298.0,-28103.2,ACTUAL,BRONZE,2026-08-18T10:12:06+07:00
2018-09-19,995.54,9200.0,4028.0,5172.0,-22931.2,ACTUAL,BRONZE,2026-08-18T10:12:06+07:00
2018-09-20,1004.74,13019.8,5700.0,7319.8,-15611.4,ACTUAL,BRONZE,2026-08-18T10:12:06+07:00
2018-09-21,1002.97,300.0,12730.0,-12430.0,-28041.4,ACTUAL,BRONZE,2026-08-18T10:12:06+07:00
2018-09-24,1011.29,1199.8,10520.0,-9320.2,-37361.6,ACTUAL,BRONZE,2026-08-18T10:12:06+07:00
2018-09-25,1010.74,2100.0,10100.0,-8000.0,-45361.6,ACTUAL,BRONZE,2026-08-18T10:12:06+07:00
2018-09-26,1009.61,1000.0,4800.0,-3800.0,-49161.6,ACTUAL,BRONZE,2026-08-18T10:12:06+07:00
2018-09-27,1015.37,0.0,20.0,-20.0,-49181.6,ACTUAL,BRONZE,2026-08-18T10:12:06+07:00
2018-09-28,1017.13,6656.0,200.0,6456.0,-42725.6,ACTUAL,BRONZE,2026-08-18T10:12:06+07:00
2018-10-01,1012.88,7350.0,200.0,7150.0,-35575.6,ACTUAL,BRONZE,2026-08-18T10:12:06+07:00
2018-10-02,1018.79,4817.0,400.0,4417.0,-31158.6,ACTUAL,BRONZE,2026-08-18T10:12:06+07:00
2018-10-03,1020.4,5100.0,300.0,4800.0,-26358.6,ACTUAL,BRONZE,2026-08-18T10:12:06+07:00
2018-10-04,1023.62,6200.0,1200.0,5000.0,-21358.6,ACTUAL,BRONZE,2026-08-18T10:12:06+07:00
2018-10-05,1008.39,6730.0,3696.0,3034.0,-18324.6,ACTUAL,BRONZE,2026-08-18T10:12:06+07:00
2018-10-08,996.12,3870.0,1200.0,2670.0,-15654.6,ACTUAL,BRONZE,2026-08-18T10:12:06+07:00
2018-10-09,996.19,6700.0,917.0,5783.0,-9871.59999999998,ACTUAL,BRONZE,2026-08-18T10:12:06+07:00
2018-10-10,993.96,5700.0,1200.0,4500.0,-5371.59999999998,ACTUAL,BRONZE,2026-08-18T10:12:06+07:00
2018-10-11,945.89,1471.0,1300.0,171.0,-5200.59999999998,ACTUAL,BRONZE,2026-08-18T10:12:06+07:00
2018-10-12,970.08,5240.0,1780.0,3460.0,-1740.59999999998,ACTUAL,BRONZE,2026-08-18T10:12:06+07:00
2018-10-15,951.64,1200.0,1100.0,100.0,-1640.59999999998,ACTUAL,BRONZE,2026-08-18T10:12:06+07:00
2018-10-16,963.37,700.0,250.0,450.0,-1190.59999999998,ACTUAL,BRONZE,2026-08-18T10:12:06+07:00
2018-10-17,971.6,0.0,200.0,-200.0,-1390.59999999998,ACTUAL,BRONZE,2026-08-18T10:12:06+07:00
2018-10-18,963.47,0.0,100.0,-100.0,-1490.59999999998,ACTUAL,BRONZE,2026-08-18T10:12:06+07:00
2018-10-19,958.36,0.0,0.0,0.0,-1490.59999999998,ACTUAL,BRONZE,2026-08-18T10:12:06+07:00
2018-10-22,953.51,0.0,1999.9,-1999.9,-3490.49999999998,ACTUAL,BRONZE,2026-08-18T10:12:06+07:00
2018-10-23,939.68,1134.5,0.0,1134.5,-2355.99999999998,ACTUAL,BRONZE,2026-08-18T10:12:06+07:00
2018-10-24,922.73,15199.9,0.0,15199.9,12843.9,ACTUAL,BRONZE,2026-08-18T10:12:06+07:00
2018-10-25,910.17,18299.9,0.0,18299.9,31143.8,ACTUAL,BRONZE,2026-08-18T10:12:06+07:00
2018-10-26,900.82,13779.9,0.0,13779.9,44923.7,ACTUAL,BRONZE,2026-08-18T10:12:06+07:00
2018-10-29,888.82,7099.9,0.0,7099.9,52023.6,ACTUAL,BRONZE,2026-08-18T10:12:06+07:00
2018-10-30,888.69,7249.9,1134.5,6115.4,58139.0,ACTUAL,BRONZE,2026-08-18T10:12:06+07:00
2018-10-31,914.76,5199.9,13999.9,-8800.0,49339.0,ACTUAL,BRONZE,2026-08-18T10:12:06+07:00
2018-11-01,907.96,6099.9,16999.9,-10900.0,38439.0,ACTUAL,BRONZE,2026-08-18T10:12:06+07:00
2018-11-02,924.86,11999.9,11999.9,0.0,38439.0,ACTUAL,BRONZE,2026-08-18T10:12:06+07:00
2018-11-05,925.53,14999.8,3999.9,10999.9,49438.9,ACTUAL,BRONZE,2026-08-18T10:12:06+07:00
2018-11-06,922.05,8999.9,6999.9,2000.0,51438.9,ACTUAL,BRONZE,2026-08-18T10:12:06+07:00
2018-11-07,922.16,9999.9,4999.9,5000.0,56438.9,ACTUAL,BRONZE,2026-08-18T10:12:06+07:00
2018-11-08,926.28,3658.7,5999.9,-2341.2,54097.7,ACTUAL,BRONZE,2026-08-18T10:12:06+07:00
2018-11-09,914.29,16999.9,11999.9,5000.0,59097.7,ACTUAL,BRONZE,2026-08-18T10:12:06+07:00
2018-11-12,918.12,16999.9,12999.9,4000.0,63097.7,ACTUAL,BRONZE,2026-08-18T10:12:06+07:00
2018-11-13,907.99,17999.9,8999.9,9000.0,72097.7,ACTUAL,BRONZE,2026-08-18T10:12:06+07:00
2018-11-14,900.93,7727.0,9999.9,-2272.9,69824.8,ACTUAL,BRONZE,2026-08-18T10:12:06+07:00
2018-11-15,897.15,6839.0,3658.7,3180.3,73005.1,ACTUAL,BRONZE,2026-08-18T10:12:06+07:00
2018-11-16,898.19,8999.9,16999.9,-8000.0,65005.1,ACTUAL,BRONZE,2026-08-18T10:12:06+07:00
2018-11-19,916.06,11999.9,16999.9,-5000.0,60005.1,ACTUAL,BRONZE,2026-08-18T10:12:06+07:00
2018-11-20,919.02,17999.9,17999.9,0.0,60005.1,ACTUAL,BRONZE,2026-08-18T10:12:06+07:00
2018-11-21,922.56,14999.9,7727.0,7272.9,67278.0,ACTUAL,BRONZE,2026-08-18T10:12:06+07:00
2018-11-22,924.42,12389.0,6839.0,5550.0,72828.0,ACTUAL,BRONZE,2026-08-18T10:12:06+07:00
2018-11-23,917.97,6266.0,8999.9,-2733.9,70094.1,ACTUAL,BRONZE,2026-08-18T10:12:06+07:00
2018-11-26,921.03,7999.9,11999.9,-4000.0,66094.1,ACTUAL,BRONZE,2026-08-18T10:12:06+07:00
2018-11-27,923.12,13199.0,17999.9,-4800.9,61293.2,ACTUAL,BRONZE,2026-08-18T10:12:06+07:00
2018-11-28,930.2,8616.0,14999.9,-6383.9,54909.3,ACTUAL,BRONZE,2026-08-18T10:12:06+07:00
2018-11-29,926.79,4558.0,12389.0,-7831.0,47078.3,ACTUAL,BRONZE,2026-08-18T10:12:06+07:00
2018-11-30,926.54,10412.0,6266.0,4146.0,51224.3,ACTUAL,BRONZE,2026-08-18T10:12:06+07:00
2018-12-03,951.59,15999.9,7999.9,8000.0,59224.3,ACTUAL,BRONZE,2026-08-18T10:12:06+07:00
2018-12-04,958.84,16999.9,13199.0,3800.9,63025.2,ACTUAL,BRONZE,2026-08-18T10:12:06+07:00
2018-12-05,957.14,14999.9,8616.0,6383.9,69409.1,ACTUAL,BRONZE,2026-08-18T10:12:06+07:00
2018-12-06,954.82,10687.4,4558.0,6129.4,75538.5,ACTUAL,BRONZE,2026-08-18T10:12:06+07:00
2018-12-07,958.59,9626.0,10412.0,-786.0,74752.5,ACTUAL,BRONZE,2026-08-18T10:12:06+07:00
2018-12-10,955.89,15999.9,15999.9,0.0,74752.5,ACTUAL,BRONZE,2026-08-18T10:12:06+07:00
2018-12-11,954.58,12954.0,16999.9,-4045.9,70706.6,ACTUAL,BRONZE,2026-08-18T10:12:06+07:00
2018-12-12,961.28,9999.9,14999.9,-5000.0,65706.6,ACTUAL,BRONZE,2026-08-18T10:12:06+07:00
2018-12-13,960.25,9079.0,10687.4,-1608.4,64098.2,ACTUAL,BRONZE,2026-08-18T10:12:06+07:00
2018-12-14,952.04,11999.9,9626.0,2373.9,66472.1,ACTUAL,BRONZE,2026-08-18T10:12:06+07:00
2018-12-17,933.65,17308.0,15999.9,1308.1,67780.2,ACTUAL,BRONZE,2026-08-18T10:12:06+07:00
2018-12-18,927.25,17179.9,12954.0,4225.9,72006.1,ACTUAL,BRONZE,2026-08-18T10:12:06+07:00
2018-12-19,919.24,14983.7,9999.9,4983.8,76989.9,ACTUAL,BRONZE,2026-08-18T10:12:06+07:00
2018-12-20,918.24,19036.0,9079.0,9957.0,86946.9,ACTUAL,BRONZE,2026-08-18T10:12:06+07:00
2018-12-21,912.26,10251.0,11999.9,-1748.9,85198.0,ACTUAL,BRONZE,2026-08-18T10:12:06+07:00
2018-12-24,908.56,11812.0,12808.0,-996.0,84202.0,ACTUAL,BRONZE,2026-08-18T10:12:06+07:00
2018-12-26,891.75,10322.0,8984.0,1338.0,85540.0,ACTUAL,BRONZE,2026-08-18T10:12:06+07:00
2018-12-27,900.81,14999.9,12926.0,2073.9,87613.9,ACTUAL,BRONZE,2026-08-18T10:12:06+07:00
2018-12-28,892.54,30086.0,8081.0,22005.0,109618.9,ACTUAL,BRONZE,2026-08-18T10:12:06+07:00
2019-01-02,891.75,5495.0,10322.0,-4827.0,104791.9,ACTUAL,BRONZE,2026-08-18T10:12:06+07:00
2019-01-03,878.22,11771.0,14999.9,-3228.9,101563.0,ACTUAL,BRONZE,2026-08-18T10:12:06+07:00
2019-01-04,880.9,13374.0,30086.0,-16712.0,84851.0,ACTUAL,BRONZE,2026-08-18T10:12:06+07:00
2019-01-07,889.64,11869.0,10312.0,1557.0,86408.0,ACTUAL,BRONZE,2026-08-18T10:12:06+07:00
2019-01-09,896.99,7999.9,5495.0,2504.9,88912.9,ACTUAL,BRONZE,2026-08-18T10:12:06+07:00
2019-01-10,898.3,9999.9,11771.0,-1771.1,87141.8,ACTUAL,BRONZE,2026-08-18T10:12:06+07:00
2019-01-11,902.71,7999.9,13374.0,-5374.1,81767.7,ACTUAL,BRONZE,2026-08-18T10:12:06+07:00
2019-01-14,901.8,11136.6,11869.0,-732.4,81035.3,ACTUAL,BRONZE,2026-08-18T10:12:06+07:00
2019-01-15,909.68,9999.9,9984.0,15.9,81051.2,ACTUAL,BRONZE,2026-08-18T10:12:06+07:00
2019-01-16,908.7,9999.99,7999.9,2000.09,83051.29,ACTUAL,BRONZE,2026-08-18T10:12:06+07:00
2019-01-17,901.89,9187.0,9999.9,-812.9,82238.39,ACTUAL,BRONZE,2026-08-18T10:12:06+07:00
2019-01-18,902.3,12491.5,7999.9,4491.6,86729.99,ACTUAL,BRONZE,2026-08-18T10:12:06+07:00
2019-01-21,911.05,19903.8,11136.6,8767.2,95497.19,ACTUAL,BRONZE,2026-08-18T10:12:06+07:00
2019-01-22,906.55,14330.0,9999.9,4330.1,99827.29,ACTUAL,BRONZE,2026-08-18T10:12:06+07:00
2019-01-23,908.18,11550.2,9999.99,1550.21,101377.5,ACTUAL,BRONZE,2026-08-18T10:12:06+07:00
2019-01-24,908.79,21232.7,9187.0,12045.7,113423.2,ACTUAL,BRONZE,2026-08-18T10:12:06+07:00
2019-01-25,908.88,33319.1,12491.5,20827.6,134250.8,ACTUAL,BRONZE,2026-08-18T10:12:06+07:00
2019-02-12,937.54,2648.2,18927.1,-16278.9,117971.9,ACTUAL,BRONZE,2026-08-18T10:12:06+07:00
2019-02-13,945.25,702.1,1745.8,-1043.7,116928.2,ACTUAL,BRONZE,2026-08-18T10:12:06+07:00
2019-02-14,952.34,0.0,3035.2,-3035.2,113893.0,ACTUAL,BRONZE,2026-08-18T10:12:06+07:00
2019-02-15,950.89,8428.4,41646.1,-33217.7,80675.3000000001,ACTUAL,BRONZE,2026-08-18T10:12:06+07:00
2019-02-18,961.3,8446.3,42169.6,-33723.3,46952.0000000001,ACTUAL,BRONZE,2026-08-18T10:12:06+07:00
2019-02-19,964.35,4412.6,16978.2,-12565.6,34386.4000000001,ACTUAL,BRONZE,2026-08-18T10:12:06+07:00
2019-02-20,970.58,3576.4,12252.3,-8675.9,25710.5000000001,ACTUAL,BRONZE,2026-08-18T10:12:06+07:00
2019-02-21,987.57,5246.2,21232.7,-15986.5,9724.00000000006,ACTUAL,BRONZE,2026-08-18T10:12:06+07:00
2019-02-22,988.91,6999.9,8428.4,-1428.5,8295.50000000006,ACTUAL,BRONZE,2026-08-18T10:12:06+07:00
2019-02-25,994.43,6982.5,8446.3,-1463.8,6831.70000000006,ACTUAL,BRONZE,2026-08-18T10:12:06+07:00
2019-02-26,987.06,3156.3,4412.6,-1256.3,5575.40000000006,ACTUAL,BRONZE,2026-08-18T10:12:06+07:00
2019-02-27,990.27,899.6,3576.4,-2676.8,2898.60000000006,ACTUAL,BRONZE,2026-08-18T10:12:06+07:00
2019-02-28,965.47,2933.4,5246.2,-2312.8,585.800000000057,ACTUAL,BRONZE,2026-08-18T10:12:06+07:00
2019-03-01,979.63,4999.9,6999.9,-2000.0,-1414.19999999994,ACTUAL,BRONZE,2026-08-18T10:12:06+07:00
2019-03-04,993.99,6310.7,6982.5,-671.8,-2085.99999999994,ACTUAL,BRONZE,2026-08-18T10:12:06+07:00
2019-03-05,992.45,1928.7,3156.3,-1227.6,-3313.59999999994,ACTUAL,BRONZE,2026-08-18T10:12:06+07:00
2019-03-06,994.49,905.4,899.6,5.8,-3307.79999999994,ACTUAL,BRONZE,2026-08-18T10:12:06+07:00
2019-03-07,994.03,1816.5,2933.4,-1116.9,-4424.69999999994,ACTUAL,BRONZE,2026-08-18T10:12:06+07:00
2019-03-08,985.25,2999.9,4999.9,-2000.0,-6424.69999999994,ACTUAL,BRONZE,2026-08-18T10:12:06+07:00
2019-03-11,984.6,3789.6,6310.7,-2521.1,-8945.79999999994,ACTUAL,BRONZE,2026-08-18T10:12:06+07:00
2019-03-12,1001.32,999.9,1928.7,-928.8,-9874.59999999994,ACTUAL,BRONZE,2026-08-18T10:12:06+07:00
2019-03-13,1005.41,798.3,5905.4,-5107.1,-14981.6999999999,ACTUAL,BRONZE,2026-08-18T10:12:06+07:00
2019-03-14,1008.44,999.9,6816.5,-5816.6,-20798.2999999999,ACTUAL,BRONZE,2026-08-18T10:12:06+07:00
2019-03-15,1004.12,999.8,9999.6,-8999.8,-29798.0999999999,ACTUAL,BRONZE,2026-08-18T10:12:06+07:00
2019-03-18,1011.86,999.9,11789.2,-10789.3,-40587.3999999999,ACTUAL,BRONZE,2026-08-18T10:12:06+07:00
2019-03-19,1006.59,634.9,6749.9,-6115.0,-46702.3999999999,ACTUAL,BRONZE,2026-08-18T10:12:06+07:00
2019-03-20,1002.3,5313.6,10548.3,-5234.7,-51937.0999999999,ACTUAL,BRONZE,2026-08-18T10:12:06+07:00
2019-03-21,981.78,5228.0,8899.9,-3671.9,-55608.9999999999,ACTUAL,BRONZE,2026-08-18T10:12:06+07:00
2019-03-22,988.71,7551.7,7099.8,451.9,-55157.0999999999,ACTUAL,BRONZE,2026-08-18T10:12:06+07:00
2019-03-25,970.07,7999.6,1099.9,6899.7,-48257.3999999999,ACTUAL,BRONZE,2026-08-18T10:12:06+07:00
2019-03-26,969.79,6941.5,834.9,6106.6,-42150.7999999999,ACTUAL,BRONZE,2026-08-18T10:12:06+07:00
2019-03-27,975.91,9755.2,513.6,9241.6,-32909.1999999999,ACTUAL,BRONZE,2026-08-18T10:12:06+07:00
2019-03-28,982.98,8337.9,3428.0,4909.9,-27999.2999999999,ACTUAL,BRONZE,2026-08-18T10:12:06+07:00
2019-03-29,980.76,6100.0,1752.0,4348.0,-23651.2999999999,ACTUAL,BRONZE,2026-08-18T10:12:06+07:00
2019-04-01,988.53,294.6,4100.0,-3805.4,-27456.6999999999,ACTUAL,BRONZE,2026-08-18T10:12:06+07:00
2019-04-02,985.81,200.0,2291.5,-2091.5,-29548.1999999999,ACTUAL,BRONZE,2026-08-18T10:12:06+07:00
2019-04-03,984.46,201.0,5606.2,-5405.2,-34953.3999999999,ACTUAL,BRONZE,2026-08-18T10:12:06+07:00
2019-04-04,986.91,3200.0,6537.9,-3337.9,-38291.2999999999,ACTUAL,BRONZE,2026-08-18T10:12:06+07:00
2019-04-05,989.26,1200.0,100.0,1100.0,-37191.2999999999,ACTUAL,BRONZE,2026-08-18T10:12:06+07:00
2019-04-08,997.56,4100.0,1294.6,2805.4,-34385.8999999999,ACTUAL,BRONZE,2026-08-18T10:12:06+07:00
2019-04-09,988.48,1100.0,100.0,1000.0,-33385.8999999999,ACTUAL,BRONZE,2026-08-18T10:12:06+07:00
2019-04-10,981.91,5601.0,1000.9,4600.1,-28785.7999999999,ACTUAL,BRONZE,2026-08-18T10:12:06+07:00
2019-04-11,985.95,6100.0,2999.9,3100.1,-25685.6999999999,ACTUAL,BRONZE,2026-08-18T10:12:06+07:00
2019-04-12,982.9,100.0,4999.9,-4899.9,-30585.5999999999,ACTUAL,BRONZE,2026-08-18T10:12:06+07:00
2019-04-16,977.17,100.0,4999.8,-4899.8,-35485.4,ACTUAL,BRONZE,2026-08-18T10:12:06+07:00
2019-04-17,972.1,999.9,0.0,999.9,-34485.4999999999,ACTUAL,BRONZE,2026-08-18T10:12:06+07:00
2019-04-18,962.3,2999.9,0.0,2999.9,-31485.5999999999,ACTUAL,BRONZE,2026-08-18T10:12:06+07:00
2019-04-19,966.21,4999.9,0.0,4999.9,-26485.6999999999,ACTUAL,BRONZE,2026-08-18T10:12:06+07:00
2019-04-23,968.0,4999.8,9999.6,-4999.8,-31485.4999999999,ACTUAL,BRONZE,2026-08-18T10:12:06+07:00
2019-04-24,976.92,0.0,9999.6,-9999.6,-41485.0999999999,ACTUAL,BRONZE,2026-08-18T10:12:06+07:00
2019-04-25,974.13,0.0,14999.6,-14999.6,-56484.6999999999,ACTUAL,BRONZE,2026-08-18T10:12:06+07:00
2019-04-26,979.64,305.6,14999.6,-14694.0,-71178.7,ACTUAL,BRONZE,2026-08-18T10:12:06+07:00
2019-05-02,978.5,111.0,0.0,111.0,-71067.7,ACTUAL,BRONZE,2026-08-18T10:12:06+07:00
2019-05-03,974.14,404.0,305.6,98.4,-70969.3,ACTUAL,BRONZE,2026-08-18T10:12:06+07:00
2019-05-07,957.56,9999.6,0.0,9999.6,-60969.7,ACTUAL,BRONZE,2026-08-18T10:12:06+07:00
2019-05-08,951.22,9999.6,9187.0,812.6,-60157.1,ACTUAL,BRONZE,2026-08-18T10:12:06+07:00
2019-05-09,947.01,14999.6,7711.0,7288.6,-52868.5,ACTUAL,BRONZE,2026-08-18T10:12:06+07:00
2019-05-10,952.55,14999.6,9504.0,5495.6,-47372.9,ACTUAL,BRONZE,2026-08-18T10:12:06+07:00
2019-05-13,958.54,97.85,3025.0,-2927.15,-50300.05,ACTUAL,BRONZE,2026-08-18T10:12:06+07:00
2019-05-14,965.34,0.0,10000.0,-10000.0,-60300.05,ACTUAL,BRONZE,2026-08-18T10:12:06+07:00
2019-05-15,975.64,9187.0,14800.0,-5613.0,-65913.05,ACTUAL,BRONZE,2026-08-18T10:12:06+07:00
2019-05-16,975.69,7600.0,11200.0,-3600.0,-69513.05,ACTUAL,BRONZE,2026-08-18T10:12:06+07:00
2019-05-17,976.48,9100.0,9700.0,-600.0,-70113.05,ACTUAL,BRONZE,2026-08-18T10:12:06+07:00
2019-05-20,987.13,3025.0,7797.85,-4772.85,-74885.9,ACTUAL,BRONZE,2026-08-18T10:12:06+07:00
2019-05-21,986.29,10000.0,9650.0,350.0,-74535.9,ACTUAL,BRONZE,2026-08-18T10:12:06+07:00
2019-05-22,983.78,14800.0,11999.7,2800.3,-71735.6,ACTUAL,BRONZE,2026-08-18T10:12:06+07:00
2019-05-23,982.71,11200.0,5300.0,5900.0,-65835.6,ACTUAL,BRONZE,2026-08-18T10:12:06+07:00
2019-05-24,970.03,9700.0,9070.0,630.0,-65205.6,ACTUAL,BRONZE,2026-08-18T10:12:06+07:00
2019-05-27,975.14,7700.0,11800.0,-4100.0,-69305.6,ACTUAL,BRONZE,2026-08-18T10:12:06+07:00
2019-05-28,972.0,9650.0,14999.6,-5349.6,-74655.2,ACTUAL,BRONZE,2026-08-18T10:12:06+07:00
2019-05-29,971.54,11999.7,18000.0,-6000.3,-80655.5,ACTUAL,BRONZE,2026-08-18T10:12:06+07:00
2019-05-30,969.34,5300.0,19999.5,-14699.5,-95355.0,ACTUAL,BRONZE,2026-08-18T10:12:06+07:00
2019-05-31,959.88,9070.0,19999.7,-10929.7,-106284.7,ACTUAL,BRONZE,2026-08-18T10:12:06+07:00
2019-06-03,946.47,11800.0,9999.9,1800.1,-104484.6,ACTUAL,BRONZE,2026-08-18T10:12:06+07:00
2019-06-04,951.16,14999.6,12999.7,1999.9,-102484.7,ACTUAL,BRONZE,2026-08-18T10:12:06+07:00
2019-06-05,951.41,18000.0,12999.8,5000.2,-97484.5,ACTUAL,BRONZE,2026-08-18T10:12:06+07:00
2019-06-06,948.21,19999.5,17450.0,2549.5,-94935.0,ACTUAL,BRONZE,2026-08-18T10:12:06+07:00
2019-06-07,958.28,19999.7,17000.0,2999.7,-91935.3,ACTUAL,BRONZE,2026-08-18T10:12:06+07:00
2019-06-10,962.9,9999.9,12800.0,-2800.1,-94735.4,ACTUAL,BRONZE,2026-08-18T10:12:06+07:00
2019-06-11,962.07,12999.7,6999.7,6000.0,-88735.4,ACTUAL,BRONZE,2026-08-18T10:12:06+07:00
2019-06-12,954.17,12999.8,12999.9,-0.1,-88735.5,ACTUAL,BRONZE,2026-08-18T10:12:06+07:00
2019-06-13,950.08,17450.0,14999.7,2450.3,-86285.2,ACTUAL,BRONZE,2026-08-18T10:12:06+07:00
2019-06-14,953.61,17000.0,16999.6,0.4,-86284.8,ACTUAL,BRONZE,2026-08-18T10:12:06+07:00
2019-06-17,946.95,12800.0,14999.7,-2199.7,-88484.5,ACTUAL,BRONZE,2026-08-18T10:12:06+07:00
2019-06-18,944.01,6999.7,9999.8,-3000.1,-91484.6,ACTUAL,BRONZE,2026-08-18T10:12:06+07:00
2019-06-19,949.69,13020.5,12999.5,21.0,-91463.6,ACTUAL,BRONZE,2026-08-18T10:12:06+07:00
2019-06-20,959.18,14999.7,14999.8,-0.1,-91463.7,ACTUAL,BRONZE,2026-08-18T10:12:06+07:00
2019-06-21,959.2,16999.6,14999.8,1999.8,-89463.9,ACTUAL,BRONZE,2026-08-18T10:12:06+07:00
2019-06-24,962.85,14999.7,6999.8,7999.9,-81464.0,ACTUAL,BRONZE,2026-08-18T10:12:06+07:00
2019-06-25,960.13,9999.8,2999.8,7000.0,-74464.0,ACTUAL,BRONZE,2026-08-18T10:12:06+07:00
2019-06-26,959.13,12999.5,5020.4,7979.1,-66484.9,ACTUAL,BRONZE,2026-08-18T10:12:06+07:00
2019-06-27,943.11,14999.8,7999.9,6999.9,-59485.0,ACTUAL,BRONZE,2026-08-18T10:12:06+07:00
2019-06-28,949.94,26999.8,9999.9,16999.9,-42485.1,ACTUAL,BRONZE,2026-08-18T10:12:06+07:00
2019-07-01,965.61,6999.8,6999.9,-0.1,-42485.2,ACTUAL,BRONZE,2026-08-18T10:12:06+07:00
2019-07-02,961.98,2999.8,4999.7,-1999.9,-44485.1,ACTUAL,BRONZE,2026-08-18T10:12:06+07:00
2019-07-03,960.39,4999.8,4999.8,0.0,-44485.1,ACTUAL,BRONZE,2026-08-18T10:12:06+07:00
2019-07-04,973.04,7999.9,8000.0,-0.1,-44485.2,ACTUAL,BRONZE,2026-08-18T10:12:06+07:00
2019-07-05,975.34,9999.9,21999.8,-11999.9,-56485.1,ACTUAL,BRONZE,2026-08-18T10:12:06+07:00
2019-07-08,966.35,6999.9,9999.7,-2999.8,-59484.9,ACTUAL,BRONZE,2026-08-18T10:12:06+07:00
2019-07-09,969.05,4999.7,11999.6,-6999.9,-66484.8,ACTUAL,BRONZE,2026-08-18T10:12:06+07:00
2019-07-10,973.65,4999.8,11999.5,-6999.7,-73484.5,ACTUAL,BRONZE,2026-08-18T10:12:06+07:00
2019-07-11,978.63,8000.0,9999.7,-1999.7,-75484.2,ACTUAL,BRONZE,2026-08-18T10:12:06+07:00
2019-07-12,975.4,9999.8,4999.9,4999.9,-70484.3,ACTUAL,BRONZE,2026-08-18T10:12:06+07:00
2019-07-15,972.53,9999.7,4999.8,4999.9,-65484.4,ACTUAL,BRONZE,2026-08-18T10:12:06+07:00
2019-07-16,982.11,11999.6,4999.7,6999.9,-58484.5,ACTUAL,BRONZE,2026-08-18T10:12:06+07:00
2019-07-17,982.57,11999.5,4999.7,6999.8,-51484.7,ACTUAL,BRONZE,2026-08-18T10:12:06+07:00
2019-07-18,976.05,9999.7,4999.6,5000.1,-46484.6,ACTUAL,BRONZE,2026-08-18T10:12:06+07:00
2019-07-19,982.34,4999.9,9999.5,-4999.6,-51484.2,ACTUAL,BRONZE,2026-08-18T10:12:06+07:00
2019-07-22,982.04,4999.8,9999.7,-4999.9,-56484.1,ACTUAL,BRONZE,2026-08-18T10:12:06+07:00
2019-07-23,989.46,4999.7,9999.8,-5000.1,-61484.2,ACTUAL,BRONZE,2026-08-18T10:12:06+07:00
2019-07-24,988.41,4999.7,9999.6,-4999.9,-66484.1,ACTUAL,BRONZE,2026-08-18T10:12:06+07:00
2019-07-25,994.95,4999.6,9999.8,-5000.2,-71484.3,ACTUAL,BRONZE,2026-08-18T10:12:06+07:00
2019-07-26,993.35,9999.5,11999.7,-2000.2,-73484.5,ACTUAL,BRONZE,2026-08-18T10:12:06+07:00
2019-07-29,997.94,9999.7,11999.6,-1999.9,-75484.4,ACTUAL,BRONZE,2026-08-18T10:12:06+07:00
2019-07-30,986.02,9999.8,11999.7,-1999.9,-77484.3,ACTUAL,BRONZE,2026-08-18T10:12:06+07:00
2019-07-31,991.66,9999.6,9999.8,-0.2,-77484.5,ACTUAL,BRONZE,2026-08-18T10:12:06+07:00
2019-08-01,997.39,9999.8,8000.0,1999.8,-75484.7,ACTUAL,BRONZE,2026-08-18T10:12:06+07:00
2019-08-02,991.1,11999.7,8000.0,3999.7,-71485.0,ACTUAL,BRONZE,2026-08-18T10:12:06+07:00
2019-08-05,973.15,11999.6,7999.7,3999.9,-67485.1,ACTUAL,BRONZE,2026-08-18T10:12:06+07:00
2019-08-06,964.61,11999.7,9999.8,1999.9,-65485.2,ACTUAL,BRONZE,2026-08-18T10:12:06+07:00
2019-08-07,965.93,9999.8,7999.9,1999.9,-63485.3,ACTUAL,BRONZE,2026-08-18T10:12:06+07:00
2019-08-08,975.24,8000.0,7999.7,0.3,-63485.0,ACTUAL,BRONZE,2026-08-18T10:12:06+07:00
2019-08-09,974.34,8000.0,4999.8,3000.2,-60484.8,ACTUAL,BRONZE,2026-08-18T10:12:06+07:00
2019-08-12,975.31,7999.7,4999.8,2999.9,-57484.9,ACTUAL,BRONZE,2026-08-18T10:12:06+07:00
2019-08-13,966.83,10020.2,10000.0,20.2,-57464.7,ACTUAL,BRONZE,2026-08-18T10:12:06+07:00
2019-08-14,968.91,7999.9,9999.8,-1999.9,-59464.6,ACTUAL,BRONZE,2026-08-18T10:12:06+07:00
2019-08-15,979.38,7999.7,9999.7,-2000.0,-61464.6,ACTUAL,BRONZE,2026-08-18T10:12:06+07:00
2019-08-16,980.0,4999.8,6999.7,-1999.9,-63464.5,ACTUAL,BRONZE,2026-08-18T10:12:06+07:00
2019-08-19,981.03,4999.8,4999.8,0.0,-63464.5,ACTUAL,BRONZE,2026-08-18T10:12:06+07:00
2019-08-20,984.67,10000.0,8020.3,1979.7,-61484.8,ACTUAL,BRONZE,2026-08-18T10:12:06+07:00
2019-08-21,994.38,9999.8,4999.8,5000.0,-56484.8,ACTUAL,BRONZE,2026-08-18T10:12:06+07:00
2019-08-22,997.26,9999.7,0.0,9999.7,-46485.1,ACTUAL,BRONZE,2026-08-18T10:12:06+07:00
2019-08-23,992.45,6999.7,0.0,6999.7,-39485.4,ACTUAL,BRONZE,2026-08-18T10:12:06+07:00
2019-08-26,982.88,5749.8,0.0,5749.8,-33735.6,ACTUAL,BRONZE,2026-08-18T10:12:06+07:00
2019-08-27,976.79,11681.9,0.0,11681.9,-22053.7,ACTUAL,BRONZE,2026-08-18T10:12:06+07:00
2019-08-28,977.26,5100.3,0.0,5100.3,-16953.4,ACTUAL,BRONZE,2026-08-18T10:12:06+07:00
2019-08-29,978.59,0.0,0.0,0.0,-16953.4,ACTUAL,BRONZE,2026-08-18T10:12:06+07:00
2019-08-30,984.06,8601.0,0.0,8601.0,-8352.39999999996,ACTUAL,BRONZE,2026-08-18T10:12:06+07:00
2019-09-03,979.36,988.2,3682.0,-2693.8,-11046.2,ACTUAL,BRONZE,2026-08-18T10:12:06+07:00
2019-09-04,977.63,0.0,100.5,-100.5,-11146.7,ACTUAL,BRONZE,2026-08-18T10:12:06+07:00
2019-09-05,976.79,0.0,0.0,0.0,-11146.7,ACTUAL,BRONZE,2026-08-18T10:12:06+07:00
2019-09-06,974.08,0.0,8601.0,-8601.0,-19747.7,ACTUAL,BRONZE,2026-08-18T10:12:06+07:00
2019-09-10,970.26,0.0,988.2,-988.2,-20735.9,ACTUAL,BRONZE,2026-08-18T10:12:06+07:00
2019-09-11,969.31,0.0,0.0,0.0,-20735.9,ACTUAL,BRONZE,2026-08-18T10:12:06+07:00
2019-09-12,976.07,0.0,0.0,0.0,-20735.9,ACTUAL,BRONZE,2026-08-18T10:12:06+07:00
2019-09-13,987.22,0.0,0.0,0.0,-20735.9,ACTUAL,BRONZE,2026-08-18T10:12:06+07:00
2019-09-16,989.86,0.0,11999.7,-11999.7,-32735.6,ACTUAL,BRONZE,2026-08-18T10:12:06+07:00
2019-09-17,996.74,0.0,14999.5,-14999.5,-47735.1,ACTUAL,BRONZE,2026-08-18T10:12:06+07:00
2019-09-18,995.15,0.0,14999.2,-14999.2,-62734.3,ACTUAL,BRONZE,2026-08-18T10:12:06+07:00
2019-09-19,997.1,0.0,14999.3,-14999.3,-77733.6,ACTUAL,BRONZE,2026-08-18T10:12:06+07:00
2019-09-20,990.36,0.0,11999.4,-11999.4,-89733.0,ACTUAL,BRONZE,2026-08-18T10:12:06+07:00
2019-09-23,985.75,11999.7,11999.1,0.6,-89732.4,ACTUAL,BRONZE,2026-08-18T10:12:06+07:00
2019-09-24,988.13,14999.5,11999.3,3000.2,-86732.2,ACTUAL,BRONZE,2026-08-18T10:12:06+07:00
2019-09-25,987.3,14999.2,14999.5,-0.3,-86732.5,ACTUAL,BRONZE,2026-08-18T10:12:06+07:00
2019-09-26,990.75,14999.3,14999.2,0.1,-86732.4,ACTUAL,BRONZE,2026-08-18T10:12:06+07:00
2019-09-27,997.84,11999.4,14999.3,-2999.9,-89732.2999999999,ACTUAL,BRONZE,2026-08-18T10:12:06+07:00
2019-09-30,996.56,11999.1,14999.5,-3000.4,-92732.6999999999,ACTUAL,BRONZE,2026-08-18T10:12:06+07:00
2019-10-01,999.59,11999.3,17999.4,-6000.1,-98732.7999999999,ACTUAL,BRONZE,2026-08-18T10:12:06+07:00
2019-10-02,991.19,14999.5,17999.5,-3000.0,-101732.8,ACTUAL,BRONZE,2026-08-18T10:12:06+07:00
2019-10-03,992.45,14999.2,17999.0,-2999.8,-104732.6,ACTUAL,BRONZE,2026-08-18T10:12:06+07:00
2019-10-04,987.59,14999.3,17999.3,-3000.0,-107732.6,ACTUAL,BRONZE,2026-08-18T10:12:06+07:00
2019-10-07,983.09,14999.5,17999.1,-2999.6,-110732.2,ACTUAL,BRONZE,2026-08-18T10:12:06+07:00
2019-10-08,988.22,18001.4,17999.1,2.3,-110729.9,ACTUAL,BRONZE,2026-08-18T10:12:06+07:00
2019-10-09,987.83,17999.5,17999.3,0.2,-110729.7,ACTUAL,BRONZE,2026-08-18T10:12:06+07:00
2019-10-10,987.38,17999.0,17999.3,-0.3,-110730.0,ACTUAL,BRONZE,2026-08-18T10:12:06+07:00
2019-10-11,991.84,18494.3,17999.0,495.3,-110234.7,ACTUAL,BRONZE,2026-08-18T10:12:06+07:00
2019-10-14,993.57,17999.1,17999.1,0.0,-110234.7,ACTUAL,BRONZE,2026-08-18T10:12:06+07:00
2019-10-15,993.05,17999.1,18001.0,-1.9,-110236.6,ACTUAL,BRONZE,2026-08-18T10:12:06+07:00
2019-10-16,994.46,17999.3,17999.1,0.2,-110236.4,ACTUAL,BRONZE,2026-08-18T10:12:06+07:00
2019-10-17,989.82,17999.3,17998.5,0.8,-110235.6,ACTUAL,BRONZE,2026-08-18T10:12:06+07:00
2019-10-18,989.2,17999.0,15494.4,2504.6,-107731.0,ACTUAL,BRONZE,2026-08-18T10:12:06+07:00
2019-10-21,983.56,17999.1,14998.9,3000.2,-104730.8,ACTUAL,BRONZE,2026-08-18T10:12:06+07:00
2019-10-22,987.19,17999.0,14999.0,3000.0,-101730.8,ACTUAL,BRONZE,2026-08-18T10:12:06+07:00
2019-10-23,987.79,17999.1,14998.9,3000.2,-98730.5999999999,ACTUAL,BRONZE,2026-08-18T10:12:06+07:00
2019-10-24,993.6,17998.5,14999.0,2999.5,-95731.0999999999,ACTUAL,BRONZE,2026-08-18T10:12:06+07:00
2019-10-25,996.57,14999.4,11999.6,2999.8,-92731.2999999999,ACTUAL,BRONZE,2026-08-18T10:12:06+07:00
2019-10-28,996.48,14998.9,11999.7,2999.2,-89732.0999999999,ACTUAL,BRONZE,2026-08-18T10:12:06+07:00
2019-10-29,995.87,14999.0,9999.5,4999.5,-84732.5999999999,ACTUAL,BRONZE,2026-08-18T10:12:06+07:00
2019-10-30,1000.89,14998.9,9999.1,4999.8,-79732.7999999999,ACTUAL,BRONZE,2026-08-18T10:12:06+07:00
2019-10-31,998.82,14999.0,9998.9,5000.1,-74732.6999999999,ACTUAL,BRONZE,2026-08-18T10:12:06+07:00
2019-11-01,1015.59,11999.6,9999.1,2000.5,-72732.1999999999,ACTUAL,BRONZE,2026-08-18T10:12:06+07:00
2019-11-04,1022.43,11999.7,7999.5,4000.2,-68731.9999999999,ACTUAL,BRONZE,2026-08-18T10:12:06+07:00
2019-11-05,1024.34,9999.5,7999.5,2000.0,-66731.9999999999,ACTUAL,BRONZE,2026-08-18T10:12:06+07:00
2019-11-06,1024.91,9999.1,9999.5,-0.4,-66732.3999999999,ACTUAL,BRONZE,2026-08-18T10:12:06+07:00
2019-11-07,1024.03,9998.9,9999.4,-0.5,-66732.8999999999,ACTUAL,BRONZE,2026-08-18T10:12:06+07:00
2019-11-08,1022.49,9999.1,9999.6,-0.5,-66733.3999999999,ACTUAL,BRONZE,2026-08-18T10:12:06+07:00
2019-11-11,1016.75,7999.5,4999.3,3000.2,-63733.1999999999,ACTUAL,BRONZE,2026-08-18T10:12:06+07:00
2019-11-12,1018.33,7999.5,4999.3,3000.2,-60732.9999999999,ACTUAL,BRONZE,2026-08-18T10:12:06+07:00
2019-11-13,1012.77,9999.5,7999.1,2000.4,-58732.5999999999,ACTUAL,BRONZE,2026-08-18T10:12:06+07:00
2019-11-14,1012.3,9999.4,9999.6,-0.2,-58732.7999999999,ACTUAL,BRONZE,2026-08-18T10:12:06+07:00
2019-11-15,1010.03,9999.6,9999.2,0.4,-58732.3999999999,ACTUAL,BRONZE,2026-08-18T10:12:06+07:00
2019-11-18,1002.91,4999.3,4999.7,-0.4,-58732.7999999999,ACTUAL,BRONZE,2026-08-18T10:12:06+07:00
2019-11-19,1008.35,4999.3,2999.7,1999.6,-56733.1999999999,ACTUAL,BRONZE,2026-08-18T10:12:06+07:00
2019-11-20,1000.56,7999.1,4999.7,2999.4,-53733.7999999999,ACTUAL,BRONZE,2026-08-18T10:12:06+07:00
2019-11-21,987.89,9999.6,0.0,9999.6,-43734.1999999999,ACTUAL,BRONZE,2026-08-18T10:12:06+07:00
2019-11-22,977.78,9999.2,0.0,9999.2,-33734.9999999999,ACTUAL,BRONZE,2026-08-18T10:12:06+07:00
2019-11-25,976.35,8999.7,0.0,8999.7,-24735.2999999999,ACTUAL,BRONZE,2026-08-18T10:12:06+07:00
2019-11-26,976.79,26333.2,0.0,26333.2,1597.90000000006,ACTUAL,BRONZE,2026-08-18T10:12:06+07:00
2019-11-27,978.17,8952.2,0.0,8952.2,10550.1000000001,ACTUAL,BRONZE,2026-08-18T10:12:06+07:00
2019-11-28,970.39,0.0,0.0,0.0,10550.1000000001,ACTUAL,BRONZE,2026-08-18T10:12:06+07:00
2019-11-29,970.75,17893.0,0.0,17893.0,28443.1000000001,ACTUAL,BRONZE,2026-08-18T10:12:06+07:00
2019-12-02,959.31,14717.9,4000.0,10717.9,39161.0000000001,ACTUAL,BRONZE,2026-08-18T10:12:06+07:00
2019-12-03,953.43,8236.7,23333.5,-15096.8,24064.2000000001,ACTUAL,BRONZE,2026-08-18T10:12:06+07:00
2019-12-04,965.9,5896.6,3952.5,1944.1,26008.3000000001,ACTUAL,BRONZE,2026-08-18T10:12:06+07:00
2019-12-05,963.27,2073.5,0.0,2073.5,28081.8000000001,ACTUAL,BRONZE,2026-08-18T10:12:06+07:00
2019-12-13,966.18,0.0,17893.0,-17893.0,10188.8000000001,ACTUAL,BRONZE,2026-08-18T10:12:06+07:00
2019-12-16,961.47,0.0,14717.9,-14717.9,-4529.09999999994,ACTUAL,BRONZE,2026-08-18T10:12:06+07:00
2019-12-17,954.03,0.0,8236.7,-8236.7,-12765.7999999999,ACTUAL,BRONZE,2026-08-18T10:12:06+07:00
2019-12-18,951.13,0.0,5896.6,-5896.6,-18662.3999999999,ACTUAL,BRONZE,2026-08-18T10:12:06+07:00
2019-12-19,952.26,0.0,2073.5,-2073.5,-20735.8999999999,ACTUAL,BRONZE,2026-08-18T10:12:06+07:00
2019-12-20,956.41,0.0,3668.4,-3668.4,-24404.2999999999,ACTUAL,BRONZE,2026-08-18T10:12:06+07:00
2019-12-23,959.43,0.0,6637.8,-6637.8,-31042.0999999999,ACTUAL,BRONZE,2026-08-18T10:12:06+07:00
2019-12-24,958.88,0.0,9162.4,-9162.4,-40204.4999999999,ACTUAL,BRONZE,2026-08-18T10:12:06+07:00
2019-12-25,960.92,0.0,915.6,-915.6,-41120.0999999999,ACTUAL,BRONZE,2026-08-18T10:12:06+07:00
2019-12-26,958.59,0.0,2804.4,-2804.4,-43924.4999999999,ACTUAL,BRONZE,2026-08-18T10:12:06+07:00
2019-12-27,963.51,0.0,0.0,0.0,-43924.4999999999,ACTUAL,BRONZE,2026-08-18T10:12:06+07:00
2019-12-30,965.03,0.0,0.0,0.0,-43924.4999999999,ACTUAL,BRONZE,2026-08-18T10:12:06+07:00
2019-12-31,960.99,0.0,0.0,0.0,-43924.4999999999,ACTUAL,BRONZE,2026-08-18T10:12:06+07:00
2020-01-08,948.98,0.0,0.0,0.0,-43924.4999999999,ACTUAL,BRONZE,2026-08-18T10:12:06+07:00
2020-01-09,960.15,0.0,0.0,0.0,-43924.4999999999,ACTUAL,BRONZE,2026-08-18T10:12:06+07:00
2020-01-10,968.54,0.0,0.0,0.0,-43924.4999999999,ACTUAL,BRONZE,2026-08-18T10:12:06+07:00
2020-01-13,965.84,0.0,0.0,0.0,-43924.4999999999,ACTUAL,BRONZE,2026-08-18T10:12:06+07:00
2020-01-14,967.0,0.0,0.0,0.0,-43924.4999999999,ACTUAL,BRONZE,2026-08-18T10:12:06+07:00
2020-01-16,974.31,0.0,0.0,0.0,-43924.4999999999,ACTUAL,BRONZE,2026-08-18T10:12:06+07:00
2020-01-17,978.96,0.0,0.0,0.0,-43924.4999999999,ACTUAL,BRONZE,2026-08-18T10:12:06+07:00
2020-01-20,978.63,0.0,4999.9,-4999.9,-48924.3999999999,ACTUAL,BRONZE,2026-08-18T10:12:06+07:00
2020-01-21,986.37,0.0,4999.9,-4999.9,-53924.2999999999,ACTUAL,BRONZE,2026-08-18T10:12:06+07:00
2020-01-22,991.46,0.0,4999.8,-4999.8,-58924.0999999999,ACTUAL,BRONZE,2026-08-18T10:12:06+07:00
2020-01-30,959.58,0.0,4999.7,-4999.7,-63923.7999999999,ACTUAL,BRONZE,2026-08-18T10:12:06+07:00
2020-01-31,936.62,0.0,4999.9,-4999.9,-68923.6999999999,ACTUAL,BRONZE,2026-08-18T10:12:06+07:00
2020-02-03,928.14,0.0,4999.7,-4999.7,-73923.3999999999,ACTUAL,BRONZE,2026-08-18T10:12:06+07:00
2020-02-04,929.09,0.0,4999.6,-4999.6,-78922.9999999999,ACTUAL,BRONZE,2026-08-18T10:12:06+07:00
2020-02-05,925.91,0.0,7999.7,-7999.7,-86922.6999999999,ACTUAL,BRONZE,2026-08-18T10:12:06+07:00
2020-02-06,938.54,0.0,7999.5,-7999.5,-94922.1999999999,ACTUAL,BRONZE,2026-08-18T10:12:06+07:00
2020-02-07,940.75,0.0,9999.7,-9999.7,-104921.9,ACTUAL,BRONZE,2026-08-18T10:12:06+07:00
2020-02-10,930.73,0.0,4999.7,-4999.7,-109921.6,ACTUAL,BRONZE,2026-08-18T10:12:06+07:00
2020-02-11,934.67,0.0,4999.5,-4999.5,-114921.1,ACTUAL,BRONZE,2026-08-18T10:12:06+07:00
2020-02-12,937.68,0.0,4999.5,-4999.5,-119920.6,ACTUAL,BRONZE,2026-08-18T10:12:06+07:00
2020-02-13,938.24,0.0,4999.6,-4999.6,-124920.2,ACTUAL,BRONZE,2026-08-18T10:12:06+07:00
2020-02-14,937.45,0.0,4999.4,-4999.4,-129919.6,ACTUAL,BRONZE,2026-08-18T10:12:06+07:00
2020-02-17,934.77,0.0,4999.5,-4999.5,-134919.1,ACTUAL,BRONZE,2026-08-18T10:12:06+07:00
2020-02-18,927.93,0.0,4999.2,-4999.2,-139918.3,ACTUAL,BRONZE,2026-08-18T10:12:06+07:00
2020-02-19,928.76,0.0,4999.5,-4999.5,-144917.8,ACTUAL,BRONZE,2026-08-18T10:12:06+07:00
2020-02-20,938.13,0.0,4999.3,-4999.3,-149917.1,ACTUAL,BRONZE,2026-08-18T10:12:06+07:00
2020-02-21,933.09,20.8,2999.2,-2978.4,-152895.5,ACTUAL,BRONZE,2026-08-18T10:12:06+07:00
2020-02-24,903.34,0.0,999.7,-999.7,-153895.2,ACTUAL,BRONZE,2026-08-18T10:12:06+07:00
2020-02-25,909.67,0.0,999.8,-999.8,-154895.0,ACTUAL,BRONZE,2026-08-18T10:12:06+07:00
2020-02-26,895.97,9.9,999.6,-989.7,-155884.7,ACTUAL,BRONZE,2026-08-18T10:12:06+07:00
2020-02-27,898.44,0.0,2999.6,-2999.6,-158884.3,ACTUAL,BRONZE,2026-08-18T10:12:06+07:00
2020-02-28,882.19,0.0,5020.4,-5020.4,-163904.7,ACTUAL,BRONZE,2026-08-18T10:12:06+07:00
2020-03-02,884.43,0.0,4999.4,-4999.4,-168904.1,ACTUAL,BRONZE,2026-08-18T10:12:06+07:00
2020-03-03,890.61,0.0,4999.3,-4999.3,-173903.4,ACTUAL,BRONZE,2026-08-18T10:12:06+07:00
2020-03-04,889.37,0.0,5009.0,-5009.0,-178912.4,ACTUAL,BRONZE,2026-08-18T10:12:06+07:00
2020-03-05,893.31,0.0,4999.2,-4999.2,-183911.6,ACTUAL,BRONZE,2026-08-18T10:12:06+07:00
2020-03-06,891.44,0.0,4998.9,-4998.9,-188910.5,ACTUAL,BRONZE,2026-08-18T10:12:06+07:00
2020-03-09,835.49,0.0,1999.8,-1999.8,-190910.3,ACTUAL,BRONZE,2026-08-18T10:12:06+07:00
2020-03-10,837.5,0.0,0.0,0.0,-190910.3,ACTUAL,BRONZE,2026-08-18T10:12:06+07:00
2020-03-11,811.35,0.0,0.0,0.0,-190910.3,ACTUAL,BRONZE,2026-08-18T10:12:06+07:00
2020-03-12,769.25,0.0,0.0,0.0,-190910.3,ACTUAL,BRONZE,2026-08-18T10:12:06+07:00
2020-03-13,761.78,0.0,0.0,0.0,-190910.3,ACTUAL,BRONZE,2026-08-18T10:12:06+07:00
2020-03-16,747.86,0.0,0.0,0.0,-190910.3,ACTUAL,BRONZE,2026-08-18T10:12:06+07:00
2020-03-17,745.78,0.0,0.0,0.0,-190910.3,ACTUAL,BRONZE,2026-08-18T10:12:06+07:00
2020-03-18,747.66,1.05,0.0,1.05,-190909.25,ACTUAL,BRONZE,2026-08-18T10:12:06+07:00
2020-03-19,725.94,0.0,0.0,0.0,-190909.25,ACTUAL,BRONZE,2026-08-18T10:12:06+07:00
2020-03-20,709.73,0.0,0.0,0.0,-190909.25,ACTUAL,BRONZE,2026-08-18T10:12:06+07:00
2020-03-23,666.59,0.0,0.0,0.0,-190909.25,ACTUAL,BRONZE,2026-08-18T10:12:06+07:00
2020-03-24,659.21,0.0,0.0,0.0,-190909.25,ACTUAL,BRONZE,2026-08-18T10:12:06+07:00
2020-03-25,690.25,0.0,1.05,-1.05,-190910.3,ACTUAL,BRONZE,2026-08-18T10:12:06+07:00
2020-03-26,694.21,0.0,0.0,0.0,-190910.3,ACTUAL,BRONZE,2026-08-18T10:12:06+07:00
2020-03-27,696.06,1.09,0.0,1.09,-190909.21,ACTUAL,BRONZE,2026-08-18T10:12:06+07:00
2020-03-30,662.26,1.0,0.0,1.0,-190908.21,ACTUAL,BRONZE,2026-08-18T10:12:06+07:00
2020-03-31,662.53,2857.0,0.0,2857.0,-188051.21,ACTUAL,BRONZE,2026-08-18T10:12:06+07:00
2020-04-01,680.23,9448.0,0.0,9448.0,-178603.21,ACTUAL,BRONZE,2026-08-18T10:12:06+07:00
2020-04-03,701.8,8531.0,1.09,8529.91,-170073.3,ACTUAL,BRONZE,2026-08-18T10:12:06+07:00
2020-04-13,765.79,0.0,1.0,-1.0,-170074.3,ACTUAL,BRONZE,2026-08-18T10:12:06+07:00
2020-04-14,767.41,0.0,2857.0,-2857.0,-172931.3,ACTUAL,BRONZE,2026-08-18T10:12:06+07:00
2020-04-15,777.22,0.0,9448.0,-9448.0,-182379.3,ACTUAL,BRONZE,2026-08-18T10:12:06+07:00
2020-04-17,789.6,1.03,8531.0,-8529.97,-190909.27,ACTUAL,BRONZE,2026-08-18T10:12:06+07:00
2020-04-20,794.97,4999.9,2804.0,2195.9,-188713.37,ACTUAL,BRONZE,2026-08-18T10:12:06+07:00
2020-04-21,766.84,4999.9,783.0,4216.9,-184496.47,ACTUAL,BRONZE,2026-08-18T10:12:06+07:00
2020-04-22,768.92,5000.85,1067.6,3933.25,-180563.22,ACTUAL,BRONZE,2026-08-18T10:12:06+07:00
2020-04-23,773.91,0.0,0.0,0.0,-180563.22,ACTUAL,BRONZE,2026-08-18T10:12:06+07:00
2020-04-24,776.66,0.0,1.04,-1.04,-180564.26,ACTUAL,BRONZE,2026-08-18T10:12:06+07:00
2020-04-27,770.77,0.0,0.0,0.0,-180564.26,ACTUAL,BRONZE,2026-08-18T10:12:06+07:00
2020-04-28,767.21,0.0,0.0,0.0,-180564.26,ACTUAL,BRONZE,2026-08-18T10:12:06+07:00
2020-04-29,769.11,0.0,0.0,0.0,-180564.26,ACTUAL,BRONZE,2026-08-18T10:12:06+07:00
2020-05-04,762.47,4999.7,0.0,4999.7,-175564.56,ACTUAL,BRONZE,2026-08-18T10:12:06+07:00
2020-05-05,764.16,4999.6,0.0,4999.6,-170564.96,ACTUAL,BRONZE,2026-08-18T10:12:06+07:00
2020-05-06,782.59,7999.7,1.05,7998.65,-162566.31,ACTUAL,BRONZE,2026-08-18T10:12:06+07:00
2020-05-07,796.54,7999.5,0.0,7999.5,-154566.81,ACTUAL,BRONZE,2026-08-18T10:12:06+07:00
2020-05-08,813.73,9999.7,0.0,9999.7,-144567.11,ACTUAL,BRONZE,2026-08-18T10:12:06+07:00
2020-05-11,828.33,4999.7,0.0,4999.7,-139567.41,ACTUAL,BRONZE,2026-08-18T10:12:06+07:00
2020-05-12,835.32,4999.5,0.0,4999.5,-134567.91,ACTUAL,BRONZE,2026-08-18T10:12:06+07:00
2020-05-13,834.21,5000.52,0.0,5000.52,-129567.39,ACTUAL,BRONZE,2026-08-18T10:12:06+07:00
2020-05-14,832.4,4999.6,0.0,4999.6,-124567.79,ACTUAL,BRONZE,2026-08-18T10:12:06+07:00
2020-05-15,827.03,5001.4,0.0,5001.4,-119566.39,ACTUAL,BRONZE,2026-08-18T10:12:06+07:00
2020-05-18,837.01,4999.5,0.0,4999.5,-114566.89,ACTUAL,BRONZE,2026-08-18T10:12:06+07:00
2020-05-19,845.92,4999.2,0.0,4999.2,-109567.69,ACTUAL,BRONZE,2026-08-18T10:12:06+07:00
2020-05-20,852.91,4999.5,1.02,4998.48,-104569.21,ACTUAL,BRONZE,2026-08-18T10:12:06+07:00
2020-05-21,862.73,4999.3,0.0,4999.3,-99569.9099999999,ACTUAL,BRONZE,2026-08-18T10:12:06+07:00
2020-05-22,852.74,2999.2,2.0,2997.2,-96572.7099999999,ACTUAL,BRONZE,2026-08-18T10:12:06+07:00
2020-05-25,859.04,1001.7,0.0,1001.7,-95571.0099999999,ACTUAL,BRONZE,2026-08-18T10:12:06+07:00
2020-05-26,869.13,999.8,0.0,999.8,-94571.2099999999,ACTUAL,BRONZE,2026-08-18T10:12:06+07:00
2020-05-27,857.48,999.6,0.0,999.6,-93571.6099999999,ACTUAL,BRONZE,2026-08-18T10:12:06+07:00
2020-05-28,861.39,2999.6,0.0,2999.6,-90572.0099999999,ACTUAL,BRONZE,2026-08-18T10:12:06+07:00
2020-05-29,864.47,4999.6,0.0,4999.6,-85572.4099999999,ACTUAL,BRONZE,2026-08-18T10:12:06+07:00
2020-06-01,878.67,4999.4,2.0,4997.4,-80575.0099999999,ACTUAL,BRONZE,2026-08-18T10:12:06+07:00
2020-06-02,874.8,4999.3,0.0,4999.3,-75575.7099999999,ACTUAL,BRONZE,2026-08-18T10:12:06+07:00
2020-06-03,881.17,4999.1,0.0,4999.1,-70576.6099999999,ACTUAL,BRONZE,2026-08-18T10:12:06+07:00
2020-06-04,883.9,4999.2,0.0,4999.2,-65577.4099999999,ACTUAL,BRONZE,2026-08-18T10:12:06+07:00
2020-06-05,886.22,4998.9,0.0,4998.9,-60578.5099999999,ACTUAL,BRONZE,2026-08-18T10:12:06+07:00
2020-06-08,899.92,1999.8,0.0,1999.8,-58578.7099999999,ACTUAL,BRONZE,2026-08-18T10:12:06+07:00
2020-06-09,903.1,0.0,0.0,0.0,-58578.7099999999,ACTUAL,BRONZE,2026-08-18T10:12:06+07:00
2020-06-10,900.68,0.0,0.0,0.0,-58578.7099999999,ACTUAL,BRONZE,2026-08-18T10:12:06+07:00
2020-06-11,867.37,0.0,0.0,0.0,-58578.7099999999,ACTUAL,BRONZE,2026-08-18T10:12:06+07:00
2020-06-12,863.52,0.0,0.0,0.0,-58578.7099999999,ACTUAL,BRONZE,2026-08-18T10:12:06+07:00
2020-06-15,832.47,0.0,0.0,0.0,-58578.7099999999,ACTUAL,BRONZE,2026-08-18T10:12:06+07:00
2020-06-16,856.13,0.0,0.0,0.0,-58578.7099999999,ACTUAL,BRONZE,2026-08-18T10:12:06+07:00
2020-06-17,854.44,0.0,0.0,0.0,-58578.7099999999,ACTUAL,BRONZE,2026-08-18T10:12:06+07:00
2020-06-18,855.27,0.0,0.0,0.0,-58578.7099999999,ACTUAL,BRONZE,2026-08-18T10:12:06+07:00
2020-06-19,868.56,0.0,0.0,0.0,-58578.7099999999,ACTUAL,BRONZE,2026-08-18T10:12:06+07:00
2020-06-22,871.28,0.0,0.0,0.0,-58578.7099999999,ACTUAL,BRONZE,2026-08-18T10:12:06+07:00
2020-06-23,868.2,0.0,0.0,0.0,-58578.7099999999,ACTUAL,BRONZE,2026-08-18T10:12:06+07:00
2020-06-24,859.71,0.0,0.0,0.0,-58578.7099999999,ACTUAL,BRONZE,2026-08-18T10:12:06+07:00
2020-06-25,854.59,0.0,0.0,0.0,-58578.7099999999,ACTUAL,BRONZE,2026-08-18T10:12:06+07:00
2020-06-26,851.98,0.0,0.0,0.0,-58578.7099999999,ACTUAL,BRONZE,2026-08-18T10:12:06+07:00
2020-06-29,829.36,0.0,0.0,0.0,-58578.7099999999,ACTUAL,BRONZE,2026-08-18T10:12:06+07:00
2020-06-30,825.11,0.0,0.0,0.0,-58578.7099999999,ACTUAL,BRONZE,2026-08-18T10:12:06+07:00
2020-07-01,843.49,0.0,0.0,0.0,-58578.7099999999,ACTUAL,BRONZE,2026-08-18T10:12:06+07:00
2020-07-02,842.38,0.0,0.0,0.0,-58578.7099999999,ACTUAL,BRONZE,2026-08-18T10:12:06+07:00
2020-07-03,847.61,1.0,0.0,1.0,-58577.7099999999,ACTUAL,BRONZE,2026-08-18T10:12:06+07:00
2020-07-06,861.16,0.0,0.0,0.0,-58577.7099999999,ACTUAL,BRONZE,2026-08-18T10:12:06+07:00
2020-07-07,863.42,0.0,0.0,0.0,-58577.7099999999,ACTUAL,BRONZE,2026-08-18T10:12:06+07:00
2020-07-08,864.5,0.0,0.0,0.0,-58577.7099999999,ACTUAL,BRONZE,2026-08-18T10:12:06+07:00
2020-07-09,876.46,0.0,0.0,0.0,-58577.7099999999,ACTUAL,BRONZE,2026-08-18T10:12:06+07:00
2020-07-10,871.21,0.0,1.0,-1.0,-58578.7099999999,ACTUAL,BRONZE,2026-08-18T10:12:06+07:00
2020-07-13,868.72,0.0,0.0,0.0,-58578.7099999999,ACTUAL,BRONZE,2026-08-18T10:12:06+07:00
2020-07-14,868.11,0.0,0.0,0.0,-58578.7099999999,ACTUAL,BRONZE,2026-08-18T10:12:06+07:00
2020-07-15,869.91,6.4,0.0,6.4,-58572.3099999999,ACTUAL,BRONZE,2026-08-18T10:12:06+07:00
2020-07-16,876.83,0.0,0.0,0.0,-58572.3099999999,ACTUAL,BRONZE,2026-08-18T10:12:06+07:00
2020-07-17,872.02,0.0,0.0,0.0,-58572.3099999999,ACTUAL,BRONZE,2026-08-18T10:12:06+07:00
2020-07-20,861.4,0.0,0.0,0.0,-58572.3099999999,ACTUAL,BRONZE,2026-08-18T10:12:06+07:00
2020-07-21,861.69,0.0,0.0,0.0,-58572.3099999999,ACTUAL,BRONZE,2026-08-18T10:12:06+07:00
2020-07-22,855.08,0.0,6.4,-6.4,-58578.7099999999,ACTUAL,BRONZE,2026-08-18T10:12:06+07:00
2020-07-23,856.75,0.0,0.0,0.0,-58578.7099999999,ACTUAL,BRONZE,2026-08-18T10:12:06+07:00
2020-07-24,829.16,0.0,0.0,0.0,-58578.7099999999,ACTUAL,BRONZE,2026-08-18T10:12:06+07:00
2020-07-27,785.17,0.0,0.0,0.0,-58578.7099999999,ACTUAL,BRONZE,2026-08-18T10:12:06+07:00
2020-07-28,813.36,0.0,0.0,0.0,-58578.7099999999,ACTUAL,BRONZE,2026-08-18T10:12:06+07:00
2020-07-29,790.84,0.0,0.0,0.0,-58578.7099999999,ACTUAL,BRONZE,2026-08-18T10:12:06+07:00
2020-07-30,801.13,0.0,0.0,0.0,-58578.7099999999,ACTUAL,BRONZE,2026-08-18T10:12:06+07:00
2020-07-31,798.39,0.0,0.0,0.0,-58578.7099999999,ACTUAL,BRONZE,2026-08-18T10:12:06+07:00
2020-08-03,814.65,0.0,0.0,0.0,-58578.7099999999,ACTUAL,BRONZE,2026-08-18T10:12:06+07:00
2020-08-04,827.57,0.0,0.0,0.0,-58578.7099999999,ACTUAL,BRONZE,2026-08-18T10:12:06+07:00
2020-08-05,837.8,0.0,0.0,0.0,-58578.7099999999,ACTUAL,BRONZE,2026-08-18T10:12:06+07:00
2020-08-06,840.04,0.0,0.0,0.0,-58578.7099999999,ACTUAL,BRONZE,2026-08-18T10:12:06+07:00
2020-08-07,841.46,0.0,0.0,0.0,-58578.7099999999,ACTUAL,BRONZE,2026-08-18T10:12:06+07:00
2020-08-10,843.2,0.0,0.0,0.0,-58578.7099999999,ACTUAL,BRONZE,2026-08-18T10:12:06+07:00
2020-08-11,843.08,0.0,0.0,0.0,-58578.7099999999,ACTUAL,BRONZE,2026-08-18T10:12:06+07:00
2020-08-12,846.92,0.0,0.0,0.0,-58578.7099999999,ACTUAL,BRONZE,2026-08-18T10:12:06+07:00
2020-08-13,855.05,0.0,0.0,0.0,-58578.7099999999,ACTUAL,BRONZE,2026-08-18T10:12:06+07:00
2020-08-14,850.74,0.0,0.0,0.0,-58578.7099999999,ACTUAL,BRONZE,2026-08-18T10:12:06+07:00
2020-08-17,850.15,0.0,0.0,0.0,-58578.7099999999,ACTUAL,BRONZE,2026-08-18T10:12:06+07:00
2020-08-18,846.43,0.0,0.0,0.0,-58578.7099999999,ACTUAL,BRONZE,2026-08-18T10:12:06+07:00
2020-08-19,851.21,0.0,0.0,0.0,-58578.7099999999,ACTUAL,BRONZE,2026-08-18T10:12:06+07:00
2020-08-20,848.21,0.0,0.0,0.0,-58578.7099999999,ACTUAL,BRONZE,2026-08-18T10:12:06+07:00
2020-08-21,854.78,0.0,0.0,0.0,-58578.7099999999,ACTUAL,BRONZE,2026-08-18T10:12:06+07:00
2020-08-24,868.68,0.0,0.0,0.0,-58578.7099999999,ACTUAL,BRONZE,2026-08-18T10:12:06+07:00
2020-08-25,874.12,0.0,0.0,0.0,-58578.7099999999,ACTUAL,BRONZE,2026-08-18T10:12:06+07:00
2020-08-26,873.47,0.0,0.0,0.0,-58578.7099999999,ACTUAL,BRONZE,2026-08-18T10:12:06+07:00
2020-08-27,874.71,0.0,0.0,0.0,-58578.7099999999,ACTUAL,BRONZE,2026-08-18T10:12:06+07:00
2020-08-28,878.98,0.0,0.0,0.0,-58578.7099999999,ACTUAL,BRONZE,2026-08-18T10:12:06+07:00
2020-08-31,881.65,0.0,0.0,0.0,-58578.7099999999,ACTUAL,BRONZE,2026-08-18T10:12:06+07:00
2020-09-01,891.73,0.0,0.0,0.0,-58578.7099999999,ACTUAL,BRONZE,2026-08-18T10:12:06+07:00
2020-09-03,903.97,0.0,0.0,0.0,-58578.7099999999,ACTUAL,BRONZE,2026-08-18T10:12:06+07:00
2020-09-04,901.54,0.0,0.0,0.0,-58578.7099999999,ACTUAL,BRONZE,2026-08-18T10:12:06+07:00
2020-09-07,888.25,0.0,0.0,0.0,-58578.7099999999,ACTUAL,BRONZE,2026-08-18T10:12:06+07:00
2020-09-08,890.14,0.0,0.0,0.0,-58578.7099999999,ACTUAL,BRONZE,2026-08-18T10:12:06+07:00
2020-09-10,888.82,0.0,0.0,0.0,-58578.7099999999,ACTUAL,BRONZE,2026-08-18T10:12:06+07:00
2020-09-11,888.97,0.0,0.0,0.0,-58578.7099999999,ACTUAL,BRONZE,2026-08-18T10:12:06+07:00
2020-09-14,894.57,0.0,0.0,0.0,-58578.7099999999,ACTUAL,BRONZE,2026-08-18T10:12:06+07:00
2020-09-15,896.26,0.0,0.0,0.0,-58578.7099999999,ACTUAL,BRONZE,2026-08-18T10:12:06+07:00
2020-09-16,897.47,0.0,0.0,0.0,-58578.7099999999,ACTUAL,BRONZE,2026-08-18T10:12:06+07:00
2020-09-17,894.04,0.0,0.0,0.0,-58578.7099999999,ACTUAL,BRONZE,2026-08-18T10:12:06+07:00
2020-09-18,900.95,0.0,0.0,0.0,-58578.7099999999,ACTUAL,BRONZE,2026-08-18T10:12:06+07:00
2020-09-21,907.94,0.0,0.0,0.0,-58578.7099999999,ACTUAL,BRONZE,2026-08-18T10:12:06+07:00
2020-09-22,906.19,0.0,0.0,0.0,-58578.7099999999,ACTUAL,BRONZE,2026-08-18T10:12:06+07:00
2020-09-23,912.5,0.0,0.0,0.0,-58578.7099999999,ACTUAL,BRONZE,2026-08-18T10:12:06+07:00
2020-09-24,908.58,0.0,0.0,0.0,-58578.7099999999,ACTUAL,BRONZE,2026-08-18T10:12:06+07:00
2020-09-25,908.27,0.0,0.0,0.0,-58578.7099999999,ACTUAL,BRONZE,2026-08-18T10:12:06+07:00
2020-09-28,912.5,0.0,0.0,0.0,-58578.7099999999,ACTUAL,BRONZE,2026-08-18T10:12:06+07:00
2020-09-29,903.98,0.0,0.0,0.0,-58578.7099999999,ACTUAL,BRONZE,2026-08-18T10:12:06+07:00
2020-09-30,905.21,0.0,0.0,0.0,-58578.7099999999,ACTUAL,BRONZE,2026-08-18T10:12:06+07:00
2020-10-01,914.09,0.0,0.0,0.0,-58578.7099999999,ACTUAL,BRONZE,2026-08-18T10:12:06+07:00
2020-10-02,909.91,0.0,0.0,0.0,-58578.7099999999,ACTUAL,BRONZE,2026-08-18T10:12:06+07:00
2020-10-05,914.68,0.0,0.0,0.0,-58578.7099999999,ACTUAL,BRONZE,2026-08-18T10:12:06+07:00
2020-10-06,915.67,0.0,0.0,0.0,-58578.7099999999,ACTUAL,BRONZE,2026-08-18T10:12:06+07:00
2020-10-07,919.72,0.0,0.0,0.0,-58578.7099999999,ACTUAL,BRONZE,2026-08-18T10:12:06+07:00
2020-10-08,918.84,0.0,0.0,0.0,-58578.7099999999,ACTUAL,BRONZE,2026-08-18T10:12:06+07:00
2020-10-09,924.0,0.0,0.0,0.0,-58578.7099999999,ACTUAL,BRONZE,2026-08-18T10:12:06+07:00
2020-10-12,925.83,0.0,0.0,0.0,-58578.7099999999,ACTUAL,BRONZE,2026-08-18T10:12:06+07:00
2020-10-13,929.86,0.0,0.0,0.0,-58578.7099999999,ACTUAL,BRONZE,2026-08-18T10:12:06+07:00
2020-10-14,940.18,0.0,0.0,0.0,-58578.7099999999,ACTUAL,BRONZE,2026-08-18T10:12:06+07:00
2020-10-15,942.76,0.0,0.0,0.0,-58578.7099999999,ACTUAL,BRONZE,2026-08-18T10:12:06+07:00
2020-10-16,943.3,0.0,0.0,0.0,-58578.7099999999,ACTUAL,BRONZE,2026-08-18T10:12:06+07:00
2020-10-19,943.69,0.0,0.0,0.0,-58578.7099999999,ACTUAL,BRONZE,2026-08-18T10:12:06+07:00
2020-10-20,944.42,0.0,0.0,0.0,-58578.7099999999,ACTUAL,BRONZE,2026-08-18T10:12:06+07:00
2020-10-21,939.03,0.0,0.0,0.0,-58578.7099999999,ACTUAL,BRONZE,2026-08-18T10:12:06+07:00
2020-10-22,949.9,0.0,0.0,0.0,-58578.7099999999,ACTUAL,BRONZE,2026-08-18T10:12:06+07:00
2020-10-23,961.26,0.0,0.0,0.0,-58578.7099999999,ACTUAL,BRONZE,2026-08-18T10:12:06+07:00
2020-10-26,950.8,0.0,0.0,0.0,-58578.7099999999,ACTUAL,BRONZE,2026-08-18T10:12:06+07:00
2020-10-27,946.47,0.0,0.0,0.0,-58578.7099999999,ACTUAL,BRONZE,2026-08-18T10:12:06+07:00
2020-10-28,921.05,0.0,0.0,0.0,-58578.7099999999,ACTUAL,BRONZE,2026-08-18T10:12:06+07:00
2020-10-29,919.08,0.0,0.0,0.0,-58578.7099999999,ACTUAL,BRONZE,2026-08-18T10:12:06+07:00
2020-10-30,925.47,0.0,0.0,0.0,-58578.7099999999,ACTUAL,BRONZE,2026-08-18T10:12:06+07:00
2020-11-02,933.68,0.0,0.0,0.0,-58578.7099999999,ACTUAL,BRONZE,2026-08-18T10:12:06+07:00
2020-11-03,935.41,0.0,0.0,0.0,-58578.7099999999,ACTUAL,BRONZE,2026-08-18T10:12:06+07:00
2020-11-04,939.76,0.0,0.0,0.0,-58578.7099999999,ACTUAL,BRONZE,2026-08-18T10:12:06+07:00
2020-11-05,937.75,0.0,0.0,0.0,-58578.7099999999,ACTUAL,BRONZE,2026-08-18T10:12:06+07:00
2020-11-06,938.29,0.0,0.0,0.0,-58578.7099999999,ACTUAL,BRONZE,2026-08-18T10:12:06+07:00
2020-11-09,951.99,0.0,0.0,0.0,-58578.7099999999,ACTUAL,BRONZE,2026-08-18T10:12:06+07:00
2020-11-10,951.9,0.0,0.0,0.0,-58578.7099999999,ACTUAL,BRONZE,2026-08-18T10:12:06+07:00
2020-11-11,952.22,0.0,0.0,0.0,-58578.7099999999,ACTUAL,BRONZE,2026-08-18T10:12:06+07:00
2020-11-12,959.28,0.0,0.0,0.0,-58578.7099999999,ACTUAL,BRONZE,2026-08-18T10:12:06+07:00
2020-11-13,966.29,1.06,0.0,1.06,-58577.6499999999,ACTUAL,BRONZE,2026-08-18T10:12:06+07:00
2020-11-16,950.79,0.0,0.0,0.0,-58577.6499999999,ACTUAL,BRONZE,2026-08-18T10:12:06+07:00
2020-11-17,968.9,0.0,0.0,0.0,-58577.6499999999,ACTUAL,BRONZE,2026-08-18T10:12:06+07:00
2020-11-18,973.53,0.0,0.0,0.0,-58577.6499999999,ACTUAL,BRONZE,2026-08-18T10:12:06+07:00
2020-11-19,983.26,0.0,0.0,0.0,-58577.6499999999,ACTUAL,BRONZE,2026-08-18T10:12:06+07:00
2020-11-20,990.0,0.0,1.06,-1.06,-58578.7099999999,ACTUAL,BRONZE,2026-08-18T10:12:06+07:00
2020-11-23,994.19,0.0,0.0,0.0,-58578.7099999999,ACTUAL,BRONZE,2026-08-18T10:12:06+07:00
2020-11-24,995.76,0.0,0.0,0.0,-58578.7099999999,ACTUAL,BRONZE,2026-08-18T10:12:06+07:00
2020-11-25,999.94,0.0,0.0,0.0,-58578.7099999999,ACTUAL,BRONZE,2026-08-18T10:12:06+07:00
2020-11-26,1005.97,0.0,0.0,0.0,-58578.7099999999,ACTUAL,BRONZE,2026-08-18T10:12:06+07:00
2020-11-27,1010.22,0.0,0.0,0.0,-58578.7099999999,ACTUAL,BRONZE,2026-08-18T10:12:06+07:00
2020-11-30,1003.08,0.0,0.0,0.0,-58578.7099999999,ACTUAL,BRONZE,2026-08-18T10:12:06+07:00
2020-12-01,1008.87,0.0,0.0,0.0,-58578.7099999999,ACTUAL,BRONZE,2026-08-18T10:12:06+07:00
2020-12-02,1014.32,0.0,0.0,0.0,-58578.7099999999,ACTUAL,BRONZE,2026-08-18T10:12:06+07:00
2020-12-03,1019.8,0.0,0.0,0.0,-58578.7099999999,ACTUAL,BRONZE,2026-08-18T10:12:06+07:00
2020-12-04,1021.49,0.0,0.0,0.0,-58578.7099999999,ACTUAL,BRONZE,2026-08-18T10:12:06+07:00
2020-12-07,1029.98,0.0,0.0,0.0,-58578.7099999999,ACTUAL,BRONZE,2026-08-18T10:12:06+07:00
2020-12-08,1029.26,0.0,0.0,0.0,-58578.7099999999,ACTUAL,BRONZE,2026-08-18T10:12:06+07:00
2020-12-09,1039.13,0.0,0.0,0.0,-58578.7099999999,ACTUAL,BRONZE,2026-08-18T10:12:06+07:00
2020-12-10,1030.91,0.0,0.0,0.0,-58578.7099999999,ACTUAL,BRONZE,2026-08-18T10:12:06+07:00
2020-12-11,1045.96,0.0,0.0,0.0,-58578.7099999999,ACTUAL,BRONZE,2026-08-18T10:12:06+07:00
2020-12-14,1064.09,0.0,0.0,0.0,-58578.7099999999,ACTUAL,BRONZE,2026-08-18T10:12:06+07:00
2020-12-15,1055.27,0.0,0.0,0.0,-58578.7099999999,ACTUAL,BRONZE,2026-08-18T10:12:06+07:00
2020-12-16,1066.99,0.0,0.0,0.0,-58578.7099999999,ACTUAL,BRONZE,2026-08-18T10:12:06+07:00
2020-12-17,1051.77,0.0,0.0,0.0,-58578.7099999999,ACTUAL,BRONZE,2026-08-18T10:12:06+07:00
2020-12-18,1067.46,0.0,0.0,0.0,-58578.7099999999,ACTUAL,BRONZE,2026-08-18T10:12:06+07:00
2020-12-21,1081.08,0.0,0.0,0.0,-58578.7099999999,ACTUAL,BRONZE,2026-08-18T10:12:06+07:00
2020-12-22,1083.45,0.0,0.0,0.0,-58578.7099999999,ACTUAL,BRONZE,2026-08-18T10:12:06+07:00
2020-12-23,1078.9,0.0,0.0,0.0,-58578.7099999999,ACTUAL,BRONZE,2026-08-18T10:12:06+07:00
2020-12-24,1067.52,0.0,0.0,0.0,-58578.7099999999,ACTUAL,BRONZE,2026-08-18T10:12:06+07:00
2020-12-25,1084.42,0.0,0.0,0.0,-58578.7099999999,ACTUAL,BRONZE,2026-08-18T10:12:06+07:00
2020-12-28,1091.33,0.0,0.0,0.0,-58578.7099999999,ACTUAL,BRONZE,2026-08-18T10:12:06+07:00
2020-12-29,1099.49,0.0,0.0,0.0,-58578.7099999999,ACTUAL,BRONZE,2026-08-18T10:12:06+07:00
2020-12-30,1097.54,0.0,0.0,0.0,-58578.7099999999,ACTUAL,BRONZE,2026-08-18T10:12:06+07:00
2020-12-31,1103.87,0.0,0.0,0.0,-58578.7099999999,ACTUAL,BRONZE,2026-08-18T10:12:06+07:00
2021-01-04,1120.47,0.0,0.0,0.0,-58578.7099999999,ACTUAL,BRONZE,2026-08-18T10:12:06+07:00
2021-01-05,1132.55,0.0,0.0,0.0,-58578.7099999999,ACTUAL,BRONZE,2026-08-18T10:12:06+07:00
2021-01-06,1143.21,0.0,0.0,0.0,-58578.7099999999,ACTUAL,BRONZE,2026-08-18T10:12:06+07:00
2021-01-07,1156.49,0.0,0.0,0.0,-58578.7099999999,ACTUAL,BRONZE,2026-08-18T10:12:06+07:00
2021-01-11,1184.89,0.0,0.0,0.0,-58578.7099999999,ACTUAL,BRONZE,2026-08-18T10:12:06+07:00
2021-01-12,1192.28,0.0,0.0,0.0,-58578.7099999999,ACTUAL,BRONZE,2026-08-18T10:12:06+07:00
2021-01-13,1186.05,0.0,0.0,0.0,-58578.7099999999,ACTUAL,BRONZE,2026-08-18T10:12:06+07:00
2021-01-14,1187.4,0.0,0.0,0.0,-58578.7099999999,ACTUAL,BRONZE,2026-08-18T10:12:06+07:00
2021-01-15,1194.2,0.0,0.0,0.0,-58578.7099999999,ACTUAL,BRONZE,2026-08-18T10:12:06+07:00
2021-01-18,1191.94,0.0,0.0,0.0,-58578.7099999999,ACTUAL,BRONZE,2026-08-18T10:12:06+07:00
2021-01-19,1131.0,0.0,0.0,0.0,-58578.7099999999,ACTUAL,BRONZE,2026-08-18T10:12:06+07:00
2021-01-20,1134.68,0.0,0.0,0.0,-58578.7099999999,ACTUAL,BRONZE,2026-08-18T10:12:06+07:00
2021-01-21,1164.21,0.0,0.0,0.0,-58578.7099999999,ACTUAL,BRONZE,2026-08-18T10:12:06+07:00
2021-01-22,1166.78,0.0,0.0,0.0,-58578.7099999999,ACTUAL,BRONZE,2026-08-18T10:12:06+07:00
2021-01-25,1166.05,0.0,0.0,0.0,-58578.7099999999,ACTUAL,BRONZE,2026-08-18T10:12:06+07:00
2021-01-26,1136.12,0.0,0.0,0.0,-58578.7099999999,ACTUAL,BRONZE,2026-08-18T10:12:06+07:00
2021-01-27,1097.17,0.0,0.0,0.0,-58578.7099999999,ACTUAL,BRONZE,2026-08-18T10:12:06+07:00
2021-01-28,1023.94,0.0,0.0,0.0,-58578.7099999999,ACTUAL,BRONZE,2026-08-18T10:12:06+07:00
2021-01-29,1056.61,0.0,0.0,0.0,-58578.7099999999,ACTUAL,BRONZE,2026-08-18T10:12:06+07:00
2021-02-01,1035.51,0.0,0.0,0.0,-58578.7099999999,ACTUAL,BRONZE,2026-08-18T10:12:06+07:00
2021-02-02,1075.53,15568.1,0.0,15568.1,-43010.6099999999,ACTUAL,BRONZE,2026-08-18T10:12:06+07:00
2021-02-03,1111.29,4850.4,0.0,4850.4,-38160.2099999999,ACTUAL,BRONZE,2026-08-18T10:12:06+07:00
2021-02-04,1112.19,3000.9,0.0,3000.9,-35159.3099999999,ACTUAL,BRONZE,2026-08-18T10:12:06+07:00
2021-02-05,1126.91,677.3,0.0,677.3,-34482.0099999999,ACTUAL,BRONZE,2026-08-18T10:12:06+07:00
2021-02-08,1083.18,12000.0,0.0,12000.0,-22482.0099999999,ACTUAL,BRONZE,2026-08-18T10:12:06+07:00
2021-02-09,1114.93,14629.3,15568.1,-938.8,-23420.8099999999,ACTUAL,BRONZE,2026-08-18T10:12:06+07:00
2021-02-17,1155.78,0.0,4850.4,-4850.4,-28271.2099999999,ACTUAL,BRONZE,2026-08-18T10:12:06+07:00
2021-02-18,1174.38,0.0,3000.9,-3000.9,-31272.1099999999,ACTUAL,BRONZE,2026-08-18T10:12:06+07:00
2021-02-19,1173.5,0.0,677.3,-677.3,-31949.4099999999,ACTUAL,BRONZE,2026-08-18T10:12:06+07:00
2021-02-22,1175.04,0.0,12000.0,-12000.0,-43949.4099999999,ACTUAL,BRONZE,2026-08-18T10:12:06+07:00
2021-02-23,1177.64,0.0,14629.3,-14629.3,-58578.7099999999,ACTUAL,BRONZE,2026-08-18T10:12:06+07:00
2021-02-24,1162.01,0.0,0.0,0.0,-58578.7099999999,ACTUAL,BRONZE,2026-08-18T10:12:06+07:00
2021-02-25,1165.43,0.0,0.0,0.0,-58578.7099999999,ACTUAL,BRONZE,2026-08-18T10:12:06+07:00
2021-02-26,1168.47,0.0,0.0,0.0,-58578.7099999999,ACTUAL,BRONZE,2026-08-18T10:12:06+07:00
2021-03-01,1186.17,0.0,0.0,0.0,-58578.7099999999,ACTUAL,BRONZE,2026-08-18T10:12:06+07:00
2021-03-02,1186.61,0.0,0.0,0.0,-58578.7099999999,ACTUAL,BRONZE,2026-08-18T10:12:06+07:00
2021-03-03,1186.95,0.0,0.0,0.0,-58578.7099999999,ACTUAL,BRONZE,2026-08-18T10:12:06+07:00
2021-03-04,1168.52,0.0,0.0,0.0,-58578.7099999999,ACTUAL,BRONZE,2026-08-18T10:12:06+07:00
2021-03-05,1168.69,0.0,0.0,0.0,-58578.7099999999,ACTUAL,BRONZE,2026-08-18T10:12:06+07:00
2021-03-08,1168.27,0.0,0.0,0.0,-58578.7099999999,ACTUAL,BRONZE,2026-08-18T10:12:06+07:00
2021-03-09,1161.97,0.0,0.0,0.0,-58578.7099999999,ACTUAL,BRONZE,2026-08-18T10:12:06+07:00
2021-03-10,1170.08,0.0,0.0,0.0,-58578.7099999999,ACTUAL,BRONZE,2026-08-18T10:12:06+07:00
2021-03-11,1181.73,0.0,0.0,0.0,-58578.7099999999,ACTUAL,BRONZE,2026-08-18T10:12:06+07:00
2021-03-12,1181.56,0.0,0.0,0.0,-58578.7099999999,ACTUAL,BRONZE,2026-08-18T10:12:06+07:00
2021-03-15,1184.56,0.0,0.0,0.0,-58578.7099999999,ACTUAL,BRONZE,2026-08-18T10:12:06+07:00
2021-03-16,1179.9,0.0,0.0,0.0,-58578.7099999999,ACTUAL,BRONZE,2026-08-18T10:12:06+07:00
2021-03-17,1186.09,0.0,0.0,0.0,-58578.7099999999,ACTUAL,BRONZE,2026-08-18T10:12:06+07:00
2021-03-18,1200.94,0.0,0.0,0.0,-58578.7099999999,ACTUAL,BRONZE,2026-08-18T10:12:06+07:00
2021-03-19,1194.05,0.0,0.0,0.0,-58578.7099999999,ACTUAL,BRONZE,2026-08-18T10:12:06+07:00
2021-03-22,1194.43,0.0,0.0,0.0,-58578.7099999999,ACTUAL,BRONZE,2026-08-18T10:12:06+07:00
2021-03-23,1183.45,0.0,0.0,0.0,-58578.7099999999,ACTUAL,BRONZE,2026-08-18T10:12:06+07:00
2021-03-24,1161.81,0.0,0.0,0.0,-58578.7099999999,ACTUAL,BRONZE,2026-08-18T10:12:06+07:00
2021-03-25,1163.1,0.0,0.0,0.0,-58578.7099999999,ACTUAL,BRONZE,2026-08-18T10:12:06+07:00
2021-03-26,1162.21,0.0,0.0,0.0,-58578.7099999999,ACTUAL,BRONZE,2026-08-18T10:12:06+07:00
2021-03-29,1175.68,0.0,0.0,0.0,-58578.7099999999,ACTUAL,BRONZE,2026-08-18T10:12:06+07:00
2021-03-30,1186.36,0.0,0.0,0.0,-58578.7099999999,ACTUAL,BRONZE,2026-08-18T10:12:06+07:00
2021-03-31,1191.44,0.0,0.0,0.0,-58578.7099999999,ACTUAL,BRONZE,2026-08-18T10:12:06+07:00
2021-04-01,1216.1,0.0,0.0,0.0,-58578.7099999999,ACTUAL,BRONZE,2026-08-18T10:12:06+07:00
2021-04-02,1224.45,0.0,0.0,0.0,-58578.7099999999,ACTUAL,BRONZE,2026-08-18T10:12:06+07:00
2021-04-05,1236.05,0.0,0.0,0.0,-58578.7099999999,ACTUAL,BRONZE,2026-08-18T10:12:06+07:00
2021-04-06,1239.96,0.0,0.0,0.0,-58578.7099999999,ACTUAL,BRONZE,2026-08-18T10:12:06+07:00
2021-04-07,1242.38,0.0,0.0,0.0,-58578.7099999999,ACTUAL,BRONZE,2026-08-18T10:12:06+07:00
2021-04-08,1234.89,0.0,0.0,0.0,-58578.7099999999,ACTUAL,BRONZE,2026-08-18T10:12:06+07:00
2021-04-09,1231.66,0.0,0.0,0.0,-58578.7099999999,ACTUAL,BRONZE,2026-08-18T10:12:06+07:00
2021-04-12,1252.45,0.0,0.0,0.0,-58578.7099999999,ACTUAL,BRONZE,2026-08-18T10:12:06+07:00
2021-04-13,1248.33,0.0,0.0,0.0,-58578.7099999999,ACTUAL,BRONZE,2026-08-18T10:12:06+07:00
2021-04-14,1255.87,0.0,0.0,0.0,-58578.7099999999,ACTUAL,BRONZE,2026-08-18T10:12:06+07:00
2021-04-15,1247.25,0.0,0.0,0.0,-58578.7099999999,ACTUAL,BRONZE,2026-08-18T10:12:06+07:00
2021-04-16,1238.71,0.0,0.0,0.0,-58578.7099999999,ACTUAL,BRONZE,2026-08-18T10:12:06+07:00
2021-04-19,1260.58,0.0,0.0,0.0,-58578.7099999999,ACTUAL,BRONZE,2026-08-18T10:12:06+07:00
2021-04-20,1268.28,0.0,0.0,0.0,-58578.7099999999,ACTUAL,BRONZE,2026-08-18T10:12:06+07:00
2021-04-22,1227.82,0.0,0.0,0.0,-58578.7099999999,ACTUAL,BRONZE,2026-08-18T10:12:06+07:00
2021-04-23,1248.53,0.0,0.0,0.0,-58578.7099999999,ACTUAL,BRONZE,2026-08-18T10:12:06+07:00
2021-04-26,1215.77,0.0,0.0,0.0,-58578.7099999999,ACTUAL,BRONZE,2026-08-18T10:12:06+07:00
2021-04-27,1219.75,0.0,0.0,0.0,-58578.7099999999,ACTUAL,BRONZE,2026-08-18T10:12:06+07:00
2021-04-29,1239.39,0.0,0.0,0.0,-58578.7099999999,ACTUAL,BRONZE,2026-08-18T10:12:06+07:00
2021-05-04,1242.2,0.0,0.0,0.0,-58578.7099999999,ACTUAL,BRONZE,2026-08-18T10:12:06+07:00
2021-05-05,1256.43,0.0,0.0,0.0,-58578.7099999999,ACTUAL,BRONZE,2026-08-18T10:12:06+07:00
2021-05-06,1250.57,0.0,0.0,0.0,-58578.7099999999,ACTUAL,BRONZE,2026-08-18T10:12:06+07:00
2021-05-11,1256.04,0.0,0.0,0.0,-58578.7099999999,ACTUAL,BRONZE,2026-08-18T10:12:06+07:00
2021-05-12,1269.09,0.0,0.0,0.0,-58578.7099999999,ACTUAL,BRONZE,2026-08-18T10:12:06+07:00
2021-05-13,1261.99,0.0,0.0,0.0,-58578.7099999999,ACTUAL,BRONZE,2026-08-18T10:12:06+07:00
2021-05-14,1266.36,0.0,0.0,0.0,-58578.7099999999,ACTUAL,BRONZE,2026-08-18T10:12:06+07:00
2021-05-17,1258.7,0.0,0.0,0.0,-58578.7099999999,ACTUAL,BRONZE,2026-08-18T10:12:06+07:00
2021-05-18,1252.68,0.0,0.0,0.0,-58578.7099999999,ACTUAL,BRONZE,2026-08-18T10:12:06+07:00
2021-05-19,1262.49,0.0,0.0,0.0,-58578.7099999999,ACTUAL,BRONZE,2026-08-18T10:12:06+07:00
2021-05-20,1278.22,0.0,0.0,0.0,-58578.7099999999,ACTUAL,BRONZE,2026-08-18T10:12:06+07:00
2021-05-21,1283.93,0.0,0.0,0.0,-58578.7099999999,ACTUAL,BRONZE,2026-08-18T10:12:06+07:00
2021-05-24,1297.98,0.0,0.0,0.0,-58578.7099999999,ACTUAL,BRONZE,2026-08-18T10:12:06+07:00
2021-05-25,1308.58,0.0,0.0,0.0,-58578.7099999999,ACTUAL,BRONZE,2026-08-18T10:12:06+07:00
2021-05-26,1316.7,0.0,0.0,0.0,-58578.7099999999,ACTUAL,BRONZE,2026-08-18T10:12:06+07:00
2021-05-27,1303.57,0.0,0.0,0.0,-58578.7099999999,ACTUAL,BRONZE,2026-08-18T10:12:06+07:00
2021-05-28,1320.46,0.0,0.0,0.0,-58578.7099999999,ACTUAL,BRONZE,2026-08-18T10:12:06+07:00
2021-05-31,1328.05,0.0,0.0,0.0,-58578.7099999999,ACTUAL,BRONZE,2026-08-18T10:12:06+07:00
2021-06-01,1337.78,0.0,0.0,0.0,-58578.7099999999,ACTUAL,BRONZE,2026-08-18T10:12:06+07:00
2021-06-02,1340.78,0.0,0.0,0.0,-58578.7099999999,ACTUAL,BRONZE,2026-08-18T10:12:06+07:00
2021-06-03,1364.28,0.0,0.0,0.0,-58578.7099999999,ACTUAL,BRONZE,2026-08-18T10:12:06+07:00
2021-06-04,1374.05,0.0,0.0,0.0,-58578.7099999999,ACTUAL,BRONZE,2026-08-18T10:12:06+07:00
2021-06-07,1358.78,1.08,0.0,1.08,-58577.6299999999,ACTUAL,BRONZE,2026-08-18T10:12:06+07:00
2021-06-08,1319.88,0.0,0.0,0.0,-58577.6299999999,ACTUAL,BRONZE,2026-08-18T10:12:06+07:00
2021-06-09,1332.9,0.0,0.0,0.0,-58577.6299999999,ACTUAL,BRONZE,2026-08-18T10:12:06+07:00
2021-06-10,1323.58,0.0,0.0,0.0,-58577.6299999999,ACTUAL,BRONZE,2026-08-18T10:12:06+07:00
2021-06-11,1351.74,0.0,0.0,0.0,-58577.6299999999,ACTUAL,BRONZE,2026-08-18T10:12:06+07:00
2021-06-14,1361.72,0.0,1.08,-1.08,-58578.7099999999,ACTUAL,BRONZE,2026-08-18T10:12:06+07:00
2021-06-15,1367.36,0.0,0.0,0.0,-58578.7099999999,ACTUAL,BRONZE,2026-08-18T10:12:06+07:00
2021-06-16,1356.52,0.0,0.0,0.0,-58578.7099999999,ACTUAL,BRONZE,2026-08-18T10:12:06+07:00
2021-06-17,1359.92,0.0,0.0,0.0,-58578.7099999999,ACTUAL,BRONZE,2026-08-18T10:12:06+07:00
2021-06-18,1377.77,0.0,0.0,0.0,-58578.7099999999,ACTUAL,BRONZE,2026-08-18T10:12:06+07:00
2021-06-21,1372.63,0.0,0.0,0.0,-58578.7099999999,ACTUAL,BRONZE,2026-08-18T10:12:06+07:00
2021-06-22,1379.97,0.0,0.0,0.0,-58578.7099999999,ACTUAL,BRONZE,2026-08-18T10:12:06+07:00
2021-06-23,1376.87,0.0,0.0,0.0,-58578.7099999999,ACTUAL,BRONZE,2026-08-18T10:12:06+07:00
2021-06-24,1379.72,0.0,0.0,0.0,-58578.7099999999,ACTUAL,BRONZE,2026-08-18T10:12:06+07:00
2021-06-25,1390.12,0.0,0.0,0.0,-58578.7099999999,ACTUAL,BRONZE,2026-08-18T10:12:06+07:00
2021-06-28,1405.81,0.0,0.0,0.0,-58578.7099999999,ACTUAL,BRONZE,2026-08-18T10:12:06+07:00
2021-06-29,1410.04,0.0,0.0,0.0,-58578.7099999999,ACTUAL,BRONZE,2026-08-18T10:12:06+07:00
2021-06-30,1408.55,0.0,0.0,0.0,-58578.7099999999,ACTUAL,BRONZE,2026-08-18T10:12:06+07:00
2021-07-01,1417.08,0.0,0.0,0.0,-58578.7099999999,ACTUAL,BRONZE,2026-08-18T10:12:06+07:00
2021-07-02,1420.27,0.0,0.0,0.0,-58578.7099999999,ACTUAL,BRONZE,2026-08-18T10:12:06+07:00
2021-07-05,1411.13,0.0,0.0,0.0,-58578.7099999999,ACTUAL,BRONZE,2026-08-18T10:12:06+07:00
2021-07-06,1354.79,0.0,0.0,0.0,-58578.7099999999,ACTUAL,BRONZE,2026-08-18T10:12:06+07:00
2021-07-07,1388.55,52.8,0.0,52.8,-58525.9099999999,ACTUAL,BRONZE,2026-08-18T10:12:06+07:00
2021-07-08,1374.68,0.0,0.0,0.0,-58525.9099999999,ACTUAL,BRONZE,2026-08-18T10:12:06+07:00
2021-07-09,1347.14,0.0,0.0,0.0,-58525.9099999999,ACTUAL,BRONZE,2026-08-18T10:12:06+07:00
2021-07-12,1296.3,0.0,0.0,0.0,-58525.9099999999,ACTUAL,BRONZE,2026-08-18T10:12:06+07:00
2021-07-13,1297.54,0.0,0.0,0.0,-58525.9099999999,ACTUAL,BRONZE,2026-08-18T10:12:06+07:00
2021-07-14,1279.91,0.0,52.8,-52.8,-58578.7099999999,ACTUAL,BRONZE,2026-08-18T10:12:06+07:00
2021-07-15,1293.92,0.0,0.0,0.0,-58578.7099999999,ACTUAL,BRONZE,2026-08-18T10:12:06+07:00
2021-07-16,1299.31,0.0,0.0,0.0,-58578.7099999999,ACTUAL,BRONZE,2026-08-18T10:12:06+07:00
2021-07-19,1243.51,0.0,0.0,0.0,-58578.7099999999,ACTUAL,BRONZE,2026-08-18T10:12:06+07:00
2021-07-20,1273.29,0.0,0.0,0.0,-58578.7099999999,ACTUAL,BRONZE,2026-08-18T10:12:06+07:00
2021-07-21,1270.79,0.0,0.0,0.0,-58578.7099999999,ACTUAL,BRONZE,2026-08-18T10:12:06+07:00
2021-07-22,1293.67,0.0,0.0,0.0,-58578.7099999999,ACTUAL,BRONZE,2026-08-18T10:12:06+07:00
2021-07-23,1268.83,0.0,0.0,0.0,-58578.7099999999,ACTUAL,BRONZE,2026-08-18T10:12:06+07:00
2021-07-26,1272.71,0.0,0.0,0.0,-58578.7099999999,ACTUAL,BRONZE,2026-08-18T10:12:06+07:00
2021-07-27,1276.93,0.0,0.0,0.0,-58578.7099999999,ACTUAL,BRONZE,2026-08-18T10:12:06+07:00
2021-07-28,1277.07,0.0,0.0,0.0,-58578.7099999999,ACTUAL,BRONZE,2026-08-18T10:12:06+07:00
2021-07-29,1293.6,0.0,0.0,0.0,-58578.7099999999,ACTUAL,BRONZE,2026-08-18T10:12:06+07:00
2021-07-30,1310.05,0.0,0.0,0.0,-58578.7099999999,ACTUAL,BRONZE,2026-08-18T10:12:06+07:00
2021-08-02,1314.22,0.0,0.0,0.0,-58578.7099999999,ACTUAL,BRONZE,2026-08-18T10:12:06+07:00
2021-08-03,1332.44,0.0,0.0,0.0,-58578.7099999999,ACTUAL,BRONZE,2026-08-18T10:12:06+07:00
2021-08-04,1334.74,0.0,0.0,0.0,-58578.7099999999,ACTUAL,BRONZE,2026-08-18T10:12:06+07:00
2021-08-05,1345.55,0.0,0.0,0.0,-58578.7099999999,ACTUAL,BRONZE,2026-08-18T10:12:06+07:00
2021-08-06,1341.45,0.0,0.0,0.0,-58578.7099999999,ACTUAL,BRONZE,2026-08-18T10:12:06+07:00
2021-08-09,1359.86,0.0,0.0,0.0,-58578.7099999999,ACTUAL,BRONZE,2026-08-18T10:12:06+07:00
2021-08-10,1362.43,0.0,0.0,0.0,-58578.7099999999,ACTUAL,BRONZE,2026-08-18T10:12:06+07:00
2021-08-11,1357.79,0.0,0.0,0.0,-58578.7099999999,ACTUAL,BRONZE,2026-08-18T10:12:06+07:00
2021-08-12,1353.05,0.0,0.0,0.0,-58578.7099999999,ACTUAL,BRONZE,2026-08-18T10:12:06+07:00
2021-08-13,1357.05,0.0,0.0,0.0,-58578.7099999999,ACTUAL,BRONZE,2026-08-18T10:12:06+07:00
2021-08-16,1370.96,0.0,0.0,0.0,-58578.7099999999,ACTUAL,BRONZE,2026-08-18T10:12:06+07:00
2021-08-17,1363.09,0.0,0.0,0.0,-58578.7099999999,ACTUAL,BRONZE,2026-08-18T10:12:06+07:00
2021-08-18,1360.94,0.0,0.0,0.0,-58578.7099999999,ACTUAL,BRONZE,2026-08-18T10:12:06+07:00
2021-08-19,1374.85,0.0,0.0,0.0,-58578.7099999999,ACTUAL,BRONZE,2026-08-18T10:12:06+07:00
2021-08-20,1329.43,0.0,0.0,0.0,-58578.7099999999,ACTUAL,BRONZE,2026-08-18T10:12:06+07:00
2021-08-23,1298.86,0.0,0.0,0.0,-58578.7099999999,ACTUAL,BRONZE,2026-08-18T10:12:06+07:00
2021-08-24,1298.74,0.0,0.0,0.0,-58578.7099999999,ACTUAL,BRONZE,2026-08-18T10:12:06+07:00
2021-08-25,1309.55,0.0,0.0,0.0,-58578.7099999999,ACTUAL,BRONZE,2026-08-18T10:12:06+07:00
2021-08-26,1301.12,0.0,0.0,0.0,-58578.7099999999,ACTUAL,BRONZE,2026-08-18T10:12:06+07:00
2021-08-27,1313.2,0.0,0.0,0.0,-58578.7099999999,ACTUAL,BRONZE,2026-08-18T10:12:06+07:00
2021-08-30,1328.14,0.0,0.0,0.0,-58578.7099999999,ACTUAL,BRONZE,2026-08-18T10:12:06+07:00
2021-08-31,1331.47,0.0,0.0,0.0,-58578.7099999999,ACTUAL,BRONZE,2026-08-18T10:12:06+07:00
2021-09-01,1334.65,0.0,0.0,0.0,-58578.7099999999,ACTUAL,BRONZE,2026-08-18T10:12:06+07:00
2021-09-06,1346.39,0.0,0.0,0.0,-58578.7099999999,ACTUAL,BRONZE,2026-08-18T10:12:06+07:00
2021-09-07,1341.9,0.0,0.0,0.0,-58578.7099999999,ACTUAL,BRONZE,2026-08-18T10:12:06+07:00
2021-09-08,1333.61,0.0,0.0,0.0,-58578.7099999999,ACTUAL,BRONZE,2026-08-18T10:12:06+07:00
2021-09-13,1341.43,0.0,0.0,0.0,-58578.7099999999,ACTUAL,BRONZE,2026-08-18T10:12:06+07:00
2021-09-14,1339.7,0.0,0.0,0.0,-58578.7099999999,ACTUAL,BRONZE,2026-08-18T10:12:06+07:00
2021-09-15,1345.83,0.0,0.0,0.0,-58578.7099999999,ACTUAL,BRONZE,2026-08-18T10:12:06+07:00
2021-09-16,1345.87,0.0,0.0,0.0,-58578.7099999999,ACTUAL,BRONZE,2026-08-18T10:12:06+07:00
2021-09-17,1352.64,0.0,0.0,0.0,-58578.7099999999,ACTUAL,BRONZE,2026-08-18T10:12:06+07:00
2021-09-20,1350.48,0.0,0.0,0.0,-58578.7099999999,ACTUAL,BRONZE,2026-08-18T10:12:06+07:00
2021-09-21,1339.84,0.0,0.0,0.0,-58578.7099999999,ACTUAL,BRONZE,2026-08-18T10:12:06+07:00
2021-09-22,1350.68,0.0,0.0,0.0,-58578.7099999999,ACTUAL,BRONZE,2026-08-18T10:12:06+07:00
2021-09-23,1352.76,0.0,0.0,0.0,-58578.7099999999,ACTUAL,BRONZE,2026-08-18T10:12:06+07:00
2021-09-24,1351.17,0.0,0.0,0.0,-58578.7099999999,ACTUAL,BRONZE,2026-08-18T10:12:06+07:00
2021-09-27,1324.99,0.0,0.0,0.0,-58578.7099999999,ACTUAL,BRONZE,2026-08-18T10:12:06+07:00
2021-09-28,1339.31,0.0,0.0,0.0,-58578.7099999999,ACTUAL,BRONZE,2026-08-18T10:12:06+07:00
2021-09-29,1339.21,0.0,0.0,0.0,-58578.7099999999,ACTUAL,BRONZE,2026-08-18T10:12:06+07:00
2021-09-30,1342.06,0.0,0.0,0.0,-58578.7099999999,ACTUAL,BRONZE,2026-08-18T10:12:06+07:00
2021-10-01,1334.89,0.0,0.0,0.0,-58578.7099999999,ACTUAL,BRONZE,2026-08-18T10:12:06+07:00
2021-10-04,1339.54,0.0,0.0,0.0,-58578.7099999999,ACTUAL,BRONZE,2026-08-18T10:12:06+07:00
2021-10-05,1354.63,0.0,0.0,0.0,-58578.7099999999,ACTUAL,BRONZE,2026-08-18T10:12:06+07:00
2021-10-06,1362.82,0.0,0.0,0.0,-58578.7099999999,ACTUAL,BRONZE,2026-08-18T10:12:06+07:00
2021-10-07,1365.99,0.0,0.0,0.0,-58578.7099999999,ACTUAL,BRONZE,2026-08-18T10:12:06+07:00
2021-10-08,1372.73,0.0,0.0,0.0,-58578.7099999999,ACTUAL,BRONZE,2026-08-18T10:12:06+07:00
2021-10-11,1394.09,0.0,0.0,0.0,-58578.7099999999,ACTUAL,BRONZE,2026-08-18T10:12:06+07:00
2021-10-12,1394.8,0.0,0.0,0.0,-58578.7099999999,ACTUAL,BRONZE,2026-08-18T10:12:06+07:00
2021-10-13,1391.91,0.0,0.0,0.0,-58578.7099999999,ACTUAL,BRONZE,2026-08-18T10:12:06+07:00
2021-10-14,1391.85,0.0,0.0,0.0,-58578.7099999999,ACTUAL,BRONZE,2026-08-18T10:12:06+07:00
2021-10-15,1392.7,0.0,0.0,0.0,-58578.7099999999,ACTUAL,BRONZE,2026-08-18T10:12:06+07:00
2021-10-18,1395.53,0.0,0.0,0.0,-58578.7099999999,ACTUAL,BRONZE,2026-08-18T10:12:06+07:00
2021-10-19,1395.33,0.0,0.0,0.0,-58578.7099999999,ACTUAL,BRONZE,2026-08-18T10:12:06+07:00
2021-10-20,1393.8,0.0,0.0,0.0,-58578.7099999999,ACTUAL,BRONZE,2026-08-18T10:12:06+07:00
2021-10-21,1384.77,0.0,0.0,0.0,-58578.7099999999,ACTUAL,BRONZE,2026-08-18T10:12:06+07:00
2021-10-22,1389.24,0.0,0.0,0.0,-58578.7099999999,ACTUAL,BRONZE,2026-08-18T10:12:06+07:00
2021-10-25,1385.4,0.0,0.0,0.0,-58578.7099999999,ACTUAL,BRONZE,2026-08-18T10:12:06+07:00
2021-10-26,1391.63,0.0,0.0,0.0,-58578.7099999999,ACTUAL,BRONZE,2026-08-18T10:12:06+07:00
2021-10-27,1423.02,0.0,0.0,0.0,-58578.7099999999,ACTUAL,BRONZE,2026-08-18T10:12:06+07:00
2021-10-28,1438.01,0.0,0.0,0.0,-58578.7099999999,ACTUAL,BRONZE,2026-08-18T10:12:06+07:00
2021-10-29,1444.27,0.0,0.0,0.0,-58578.7099999999,ACTUAL,BRONZE,2026-08-18T10:12:06+07:00
2021-11-01,1438.97,0.0,0.0,0.0,-58578.7099999999,ACTUAL,BRONZE,2026-08-18T10:12:06+07:00
2021-11-02,1452.46,0.0,0.0,0.0,-58578.7099999999,ACTUAL,BRONZE,2026-08-18T10:12:06+07:00
2021-11-03,1444.3,0.0,0.0,0.0,-58578.7099999999,ACTUAL,BRONZE,2026-08-18T10:12:06+07:00
2021-11-04,1448.34,0.0,0.0,0.0,-58578.7099999999,ACTUAL,BRONZE,2026-08-18T10:12:06+07:00
2021-11-05,1456.51,0.0,0.0,0.0,-58578.7099999999,ACTUAL,BRONZE,2026-08-18T10:12:06+07:00
2021-11-08,1467.57,0.0,0.0,0.0,-58578.7099999999,ACTUAL,BRONZE,2026-08-18T10:12:06+07:00
2021-11-09,1461.5,0.0,0.0,0.0,-58578.7099999999,ACTUAL,BRONZE,2026-08-18T10:12:06+07:00
2021-11-10,1465.02,0.0,0.0,0.0,-58578.7099999999,ACTUAL,BRONZE,2026-08-18T10:12:06+07:00
2021-11-11,1462.35,0.0,0.0,0.0,-58578.7099999999,ACTUAL,BRONZE,2026-08-18T10:12:06+07:00
2021-11-12,1473.37,0.0,0.0,0.0,-58578.7099999999,ACTUAL,BRONZE,2026-08-18T10:12:06+07:00
2021-11-15,1476.57,0.0,0.0,0.0,-58578.7099999999,ACTUAL,BRONZE,2026-08-18T10:12:06+07:00
2021-11-16,1466.45,0.0,0.0,0.0,-58578.7099999999,ACTUAL,BRONZE,2026-08-18T10:12:06+07:00
2021-11-17,1475.85,0.0,0.0,0.0,-58578.7099999999,ACTUAL,BRONZE,2026-08-18T10:12:06+07:00
2021-11-18,1469.83,0.0,0.0,0.0,-58578.7099999999,ACTUAL,BRONZE,2026-08-18T10:12:06+07:00
2021-11-19,1452.35,0.0,0.0,0.0,-58578.7099999999,ACTUAL,BRONZE,2026-08-18T10:12:06+07:00
2022-01-04,1525.58,0.0,0.0,0.0,-58578.7099999999,ACTUAL,BRONZE,2026-08-18T10:12:06+07:00
2022-01-05,1522.5,0.0,0.0,0.0,-58578.7099999999,ACTUAL,BRONZE,2026-08-18T10:12:06+07:00
2022-01-06,1528.57,0.0,2.04,-2.04,-58580.7499999999,ACTUAL,BRONZE,2026-08-18T10:12:06+07:00
2022-01-07,1528.48,0.0,0.0,0.0,-58580.7499999999,ACTUAL,BRONZE,2026-08-18T10:12:06+07:00
2022-01-10,1503.71,0.0,1.78,-1.78,-58582.5299999999,ACTUAL,BRONZE,2026-08-18T10:12:06+07:00
2022-01-11,1492.31,0.0,0.0,0.0,-58582.5299999999,ACTUAL,BRONZE,2026-08-18T10:12:06+07:00
2022-01-12,1510.51,0.0,109.39,-109.39,-58691.9199999999,ACTUAL,BRONZE,2026-08-18T10:12:06+07:00
2022-01-13,1496.05,0.0,449.2,-449.2,-59141.1199999999,ACTUAL,BRONZE,2026-08-18T10:12:06+07:00
2022-01-14,1496.02,0.0,9977.3,-9977.3,-69118.4199999999,ACTUAL,BRONZE,2026-08-18T10:12:06+07:00
2022-01-18,1438.94,209.9,0.0,209.9,-68908.5199999999,ACTUAL,BRONZE,2026-08-18T10:12:06+07:00
2022-01-19,1442.79,478.99,0.0,478.99,-68429.5299999999,ACTUAL,BRONZE,2026-08-18T10:12:06+07:00
2022-01-20,1465.3,0.0,0.0,0.0,-68429.5299999999,ACTUAL,BRONZE,2026-08-18T10:12:06+07:00
2022-01-21,1472.89,376.0,0.0,376.0,-68053.5299999999,ACTUAL,BRONZE,2026-08-18T10:12:06+07:00
2022-01-24,1439.71,2937.43,0.0,2937.43,-65116.0999999999,ACTUAL,BRONZE,2026-08-18T10:12:06+07:00
2022-01-25,1479.58,970.45,0.0,970.45,-64145.6499999999,ACTUAL,BRONZE,2026-08-18T10:12:06+07:00
2022-01-26,1481.58,3914.97,0.0,3914.97,-60230.6799999999,ACTUAL,BRONZE,2026-08-18T10:12:06+07:00
2022-01-27,1470.76,999.35,0.0,999.35,-59231.3299999999,ACTUAL,BRONZE,2026-08-18T10:12:06+07:00
2022-01-28,1478.96,11.6,0.0,11.6,-59219.7299999999,ACTUAL,BRONZE,2026-08-18T10:12:06+07:00
2022-02-07,1497.66,1508.41,2937.43,-1429.02,-60648.7499999999,ACTUAL,BRONZE,2026-08-18T10:12:06+07:00
2022-02-08,1500.99,4478.49,970.45,3508.04,-57140.7099999999,ACTUAL,BRONZE,2026-08-18T10:12:06+07:00
2022-02-09,1505.38,7937.99,3914.97,4023.02,-53117.6899999999,ACTUAL,BRONZE,2026-08-18T10:12:06+07:00
2022-02-10,1506.79,154.53,999.35,-844.82,-53962.5099999999,ACTUAL,BRONZE,2026-08-18T10:12:06+07:00
2022-02-11,1501.71,310.35,11.6,298.75,-53663.7599999999,ACTUAL,BRONZE,2026-08-18T10:12:06+07:00
2022-02-14,1471.96,520.0,0.0,520.0,-53143.7599999999,ACTUAL,BRONZE,2026-08-18T10:12:06+07:00
2022-02-15,1492.75,0.0,209.9,-209.9,-53353.6599999999,ACTUAL,BRONZE,2026-08-18T10:12:06+07:00
2022-02-16,1492.1,1.88,478.99,-477.11,-53830.7699999999,ACTUAL,BRONZE,2026-08-18T10:12:06+07:00
2022-02-17,1507.99,0.0,0.0,0.0,-53830.7699999999,ACTUAL,BRONZE,2026-08-18T10:12:06+07:00
2022-02-18,1504.84,0.0,376.0,-376.0,-54206.7699999999,ACTUAL,BRONZE,2026-08-18T10:12:06+07:00
2022-02-21,1510.84,0.0,1508.41,-1508.41,-55715.1799999999,ACTUAL,BRONZE,2026-08-18T10:12:06+07:00
2022-02-22,1503.47,377.0,4478.49,-4101.49,-59816.6699999999,ACTUAL,BRONZE,2026-08-18T10:12:06+07:00
2022-02-23,1512.3,0.0,7937.99,-7937.99,-67754.6599999999,ACTUAL,BRONZE,2026-08-18T10:12:06+07:00
2022-02-24,1494.85,0.0,154.53,-154.53,-67909.1899999999,ACTUAL,BRONZE,2026-08-18T10:12:06+07:00
2022-02-25,1498.89,541.0,310.35,230.65,-67678.5399999999,ACTUAL,BRONZE,2026-08-18T10:12:06+07:00
2022-02-28,1490.13,0.0,520.0,-520.0,-68198.5399999999,ACTUAL,BRONZE,2026-08-18T10:12:06+07:00
2022-03-01,1498.78,678.12,0.0,678.12,-67520.4199999999,ACTUAL,BRONZE,2026-08-18T10:12:06+07:00
2022-03-02,1485.52,0.0,1.88,-1.88,-67522.2999999999,ACTUAL,BRONZE,2026-08-18T10:12:06+07:00
2022-03-03,1505.0,0.0,0.0,0.0,-67522.2999999999,ACTUAL,BRONZE,2026-08-18T10:12:06+07:00
2022-03-04,1505.33,0.0,0.0,0.0,-67522.2999999999,ACTUAL,BRONZE,2026-08-18T10:12:06+07:00
2022-03-07,1499.05,591.8,0.0,591.8,-66930.4999999999,ACTUAL,BRONZE,2026-08-18T10:12:06+07:00
2022-03-08,1473.71,427.2,377.0,50.2,-66880.2999999999,ACTUAL,BRONZE,2026-08-18T10:12:06+07:00
2022-03-09,1473.74,0.0,0.0,0.0,-66880.2999999999,ACTUAL,BRONZE,2026-08-18T10:12:06+07:00
2022-03-10,1479.08,0.0,0.0,0.0,-66880.2999999999,ACTUAL,BRONZE,2026-08-18T10:12:06+07:00
2022-03-11,1466.54,0.0,541.0,-541.0,-67421.2999999999,ACTUAL,BRONZE,2026-08-18T10:12:06+07:00
2022-03-14,1446.25,0.0,0.0,0.0,-67421.2999999999,ACTUAL,BRONZE,2026-08-18T10:12:06+07:00
2022-03-15,1452.74,410.51,678.12,-267.61,-67688.9099999999,ACTUAL,BRONZE,2026-08-18T10:12:06+07:00
2022-03-16,1459.33,0.0,0.0,0.0,-67688.9099999999,ACTUAL,BRONZE,2026-08-18T10:12:06+07:00
2022-03-17,1461.34,0.0,0.0,0.0,-67688.9099999999,ACTUAL,BRONZE,2026-08-18T10:12:06+07:00
2022-03-18,1469.1,316.0,0.0,316.0,-67372.9099999999,ACTUAL,BRONZE,2026-08-18T10:12:06+07:00
2022-03-21,1494.95,0.0,591.8,-591.8,-67964.7099999999,ACTUAL,BRONZE,2026-08-18T10:12:06+07:00
2022-03-22,1503.78,192.4,427.2,-234.8,-68199.5099999999,ACTUAL,BRONZE,2026-08-18T10:12:06+07:00
2022-03-23,1502.34,283.36,0.0,283.36,-67916.1499999999,ACTUAL,BRONZE,2026-08-18T10:12:06+07:00
2022-03-24,1498.26,238.75,0.0,238.75,-67677.3999999999,ACTUAL,BRONZE,2026-08-18T10:12:06+07:00
2022-03-25,1498.5,0.0,0.0,0.0,-67677.3999999999,ACTUAL,BRONZE,2026-08-18T10:12:06+07:00
2022-03-28,1483.18,0.0,0.0,0.0,-67677.3999999999,ACTUAL,BRONZE,2026-08-18T10:12:06+07:00
2022-03-29,1497.76,504.78,410.51,94.27,-67583.1299999999,ACTUAL,BRONZE,2026-08-18T10:12:06+07:00
2022-03-30,1490.51,0.0,0.0,0.0,-67583.1299999999,ACTUAL,BRONZE,2026-08-18T10:12:06+07:00
2022-03-31,1492.15,3167.36,0.0,3167.36,-64415.7699999999,ACTUAL,BRONZE,2026-08-18T10:12:06+07:00
2022-04-01,1516.44,122.19,316.0,-193.81,-64609.5799999999,ACTUAL,BRONZE,2026-08-18T10:12:06+07:00
2022-04-04,1524.7,338.0,0.0,338.0,-64271.5799999999,ACTUAL,BRONZE,2026-08-18T10:12:06+07:00
2022-04-05,1520.03,300.21,192.4,107.81,-64163.7699999999,ACTUAL,BRONZE,2026-08-18T10:12:06+07:00
2022-04-06,1522.9,306.0,283.36,22.64,-64141.1299999999,ACTUAL,BRONZE,2026-08-18T10:12:06+07:00
2022-04-07,1502.35,287.1,238.75,48.35,-64092.7799999999,ACTUAL,BRONZE,2026-08-18T10:12:06+07:00
2022-04-08,1482.0,0.0,0.0,0.0,-64092.7799999999,ACTUAL,BRONZE,2026-08-18T10:12:06+07:00
2022-04-12,1455.25,333.64,504.78,-171.14,-64263.9199999999,ACTUAL,BRONZE,2026-08-18T10:12:06+07:00
2022-04-13,1477.2,0.0,0.0,0.0,-64263.9199999999,ACTUAL,BRONZE,2026-08-18T10:12:06+07:00
2022-04-14,1472.12,369.09,3167.36,-2798.27,-67062.1899999999,ACTUAL,BRONZE,2026-08-18T10:12:06+07:00
2022-04-15,1458.56,283.8,122.19,161.61,-66900.5799999999,ACTUAL,BRONZE,2026-08-18T10:12:06+07:00
2022-04-18,1432.6,319.44,338.0,-18.56,-66919.1399999999,ACTUAL,BRONZE,2026-08-18T10:12:06+07:00
2022-04-19,1406.45,358.97,300.21,58.76,-66860.3799999999,ACTUAL,BRONZE,2026-08-18T10:12:06+07:00
2022-04-20,1384.72,518.43,306.0,212.43,-66647.9499999999,ACTUAL,BRONZE,2026-08-18T10:12:06+07:00
2022-04-21,1370.21,306.96,287.1,19.86,-66628.0899999999,ACTUAL,BRONZE,2026-08-18T10:12:06+07:00
2022-04-22,1379.23,227.81,0.0,227.81,-66400.2799999999,ACTUAL,BRONZE,2026-08-18T10:12:06+07:00
2022-04-26,1341.34,284.01,333.64,-49.63,-66449.9099999999,ACTUAL,BRONZE,2026-08-18T10:12:06+07:00
2022-04-27,1353.77,284.03,0.0,284.03,-66165.8799999999,ACTUAL,BRONZE,2026-08-18T10:12:06+07:00
2022-04-28,1350.99,341.67,369.09,-27.42,-66193.2999999999,ACTUAL,BRONZE,2026-08-18T10:12:06+07:00
2022-04-29,1366.8,3109.44,283.8,2825.64,-63367.6599999999,ACTUAL,BRONZE,2026-08-18T10:12:06+07:00
2022-05-04,1348.68,428.86,518.43,-89.57,-63457.2299999999,ACTUAL,BRONZE,2026-08-18T10:12:06+07:00
2022-05-05,1360.68,381.24,306.96,74.28,-63382.9499999999,ACTUAL,BRONZE,2026-08-18T10:12:06+07:00
2022-05-06,1329.26,300.84,227.81,73.03,-63309.9199999999,ACTUAL,BRONZE,2026-08-18T10:12:06+07:00
2022-05-09,1269.62,356.26,284.27,71.99,-63237.9299999999,ACTUAL,BRONZE,2026-08-18T10:12:06+07:00
2022-05-12,1238.84,409.44,341.67,67.77,-63170.1599999999,ACTUAL,BRONZE,2026-08-18T10:12:06+07:00
2022-05-13,1182.77,342.02,3109.44,-2767.42,-65937.5799999999,ACTUAL,BRONZE,2026-08-18T10:12:06+07:00
2022-05-18,1240.76,248.36,428.86,-180.5,-66118.0799999999,ACTUAL,BRONZE,2026-08-18T10:12:06+07:00
2022-05-19,1241.64,301.21,381.24,-80.03,-66198.1099999999,ACTUAL,BRONZE,2026-08-18T10:12:06+07:00
2022-05-20,1240.71,394.04,300.84,93.2,-66104.9099999999,ACTUAL,BRONZE,2026-08-18T10:12:06+07:00
2022-05-23,1218.81,245.98,356.26,-110.28,-66215.1899999999,ACTUAL,BRONZE,2026-08-18T10:12:06+07:00
2022-05-26,1268.57,414.13,409.44,4.69,-66210.4999999999,ACTUAL,BRONZE,2026-08-18T10:12:06+07:00
2022-05-27,1285.45,0.0,342.02,-342.02,-66552.5199999999,ACTUAL,BRONZE,2026-08-18T10:12:06+07:00
2022-05-30,1293.92,195.66,0.0,195.66,-66356.8599999999,ACTUAL,BRONZE,2026-08-18T10:12:06+07:00
2022-05-31,1292.68,360.39,0.0,360.39,-65996.4699999999,ACTUAL,BRONZE,2026-08-18T10:12:06+07:00
2022-06-01,1299.52,0.0,248.36,-248.36,-66244.8299999999,ACTUAL,BRONZE,2026-08-18T10:12:06+07:00
2022-06-02,1288.62,0.0,301.21,-301.21,-66546.0399999999,ACTUAL,BRONZE,2026-08-18T10:12:06+07:00
2022-06-03,1287.98,0.0,394.04,-394.04,-66940.0799999999,ACTUAL,BRONZE,2026-08-18T10:12:06+07:00
2022-06-06,1290.01,287.41,245.98,41.43,-66898.6499999999,ACTUAL,BRONZE,2026-08-18T10:12:06+07:00
2022-06-07,1291.35,170.21,353.98,-183.77,-67082.4199999999,ACTUAL,BRONZE,2026-08-18T10:12:06+07:00
2022-06-08,1307.91,366.9,357.58,9.32,-67073.0999999999,ACTUAL,BRONZE,2026-08-18T10:12:06+07:00
2022-06-09,1307.8,195.8,414.13,-218.33,-67291.4299999999,ACTUAL,BRONZE,2026-08-18T10:12:06+07:00
2022-06-10,1284.08,0.0,0.0,0.0,-67291.4299999999,ACTUAL,BRONZE,2026-08-18T10:12:06+07:00
2022-06-13,1227.04,212.0,195.66,16.34,-67275.0899999999,ACTUAL,BRONZE,2026-08-18T10:12:06+07:00
2022-06-14,1230.31,394.86,360.39,34.47,-67240.6199999999,ACTUAL,BRONZE,2026-08-18T10:12:06+07:00
2022-06-15,1213.93,0.0,0.0,0.0,-67240.6199999999,ACTUAL,BRONZE,2026-08-18T10:12:06+07:00
2022-06-16,1236.63,226.41,0.0,226.41,-67014.2099999999,ACTUAL,BRONZE,2026-08-18T10:12:06+07:00
2022-06-17,1217.3,0.0,0.0,0.0,-67014.2099999999,ACTUAL,BRONZE,2026-08-18T10:12:06+07:00
2022-06-20,1180.4,370.38,287.41,82.97,-66931.2399999999,ACTUAL,BRONZE,2026-08-18T10:12:06+07:00
2022-06-21,1172.47,159.26,370.21,-210.95,-67142.1899999999,ACTUAL,BRONZE,2026-08-18T10:12:06+07:00
2022-06-22,1169.27,0.0,19766.9,-19766.9,-86909.0899999999,ACTUAL,BRONZE,2026-08-18T10:12:06+07:00
2022-06-23,1188.88,0.0,30195.5,-30195.5,-117104.59,ACTUAL,BRONZE,2026-08-18T10:12:06+07:00
2022-06-24,1185.48,0.0,19999.8,-19999.8,-137104.39,ACTUAL,BRONZE,2026-08-18T10:12:06+07:00
2022-06-27,1202.82,213.24,15212.0,-14998.76,-152103.15,ACTUAL,BRONZE,2026-08-18T10:12:06+07:00
2022-06-28,1218.1,532.76,15394.86,-14862.1,-166965.25,ACTUAL,BRONZE,2026-08-18T10:12:06+07:00
2022-06-29,1218.09,19665.04,7040.0,12625.04,-154340.21,ACTUAL,BRONZE,2026-08-18T10:12:06+07:00
2022-06-30,1197.6,30128.2,45226.21,-15098.01,-169438.22,ACTUAL,BRONZE,2026-08-18T10:12:06+07:00
2022-07-01,1198.9,20229.39,25599.9,-5370.51,-174808.73,ACTUAL,BRONZE,2026-08-18T10:12:06+07:00
2022-07-04,1195.53,15289.48,21870.38,-6580.9,-181389.63,ACTUAL,BRONZE,2026-08-18T10:12:06+07:00
2022-07-05,1181.29,15249.22,30859.26,-15610.04,-196999.67,ACTUAL,BRONZE,2026-08-18T10:12:06+07:00
2022-07-06,1149.61,7015.0,22500.0,-15485.0,-212484.67,ACTUAL,BRONZE,2026-08-18T10:12:06+07:00
2022-07-07,1166.48,24999.9,39999.5,-14999.6,-227484.27,ACTUAL,BRONZE,2026-08-18T10:12:06+07:00
2022-07-08,1171.31,10854.58,25050.0,-14195.42,-241679.69,ACTUAL,BRONZE,2026-08-18T10:12:06+07:00
2022-07-11,1155.29,6595.73,19363.14,-12767.41,-254447.1,ACTUAL,BRONZE,2026-08-18T10:12:06+07:00
2022-07-12,1174.82,11213.46,11332.56,-119.1,-254566.2,ACTUAL,BRONZE,2026-08-18T10:12:06+07:00
2022-07-13,1173.92,4715.34,8264.54,-3549.2,-258115.4,ACTUAL,BRONZE,2026-08-18T10:12:06+07:00
2022-07-14,1182.17,20204.02,7778.4,12425.62,-245689.78,ACTUAL,BRONZE,2026-08-18T10:12:06+07:00
2022-07-15,1179.25,15257.37,13709.59,1547.78,-244142.0,ACTUAL,BRONZE,2026-08-18T10:12:06+07:00
2022-07-18,1176.49,15564.56,10289.48,5275.08,-238866.92,ACTUAL,BRONZE,2026-08-18T10:12:06+07:00
2022-07-19,1178.33,20061.4,7249.22,12812.18,-226054.74,ACTUAL,BRONZE,2026-08-18T10:12:06+07:00
2022-07-20,1194.14,18343.5,7000.0,11343.5,-214711.24,ACTUAL,BRONZE,2026-08-18T10:12:06+07:00
2022-07-21,1198.47,20190.0,150.0,20040.0,-194671.24,ACTUAL,BRONZE,2026-08-18T10:12:06+07:00
2022-07-22,1194.76,10149.9,254.58,9895.32,-184775.92,ACTUAL,BRONZE,2026-08-18T10:12:06+07:00
2022-07-25,1188.5,14149.73,295.73,13854.0,-170921.92,ACTUAL,BRONZE,2026-08-18T10:12:06+07:00
2022-07-26,1185.07,16999.89,213.46,16786.43,-154135.49,ACTUAL,BRONZE,2026-08-18T10:12:06+07:00
2022-07-27,1191.04,16999.79,190.34,16809.45,-137326.04,ACTUAL,BRONZE,2026-08-18T10:12:06+07:00
2022-07-28,1208.12,8999.8,204.12,8795.68,-128530.36,ACTUAL,BRONZE,2026-08-18T10:12:06+07:00
2022-07-29,1206.33,1229.99,257.47,972.52,-127557.84,ACTUAL,BRONZE,2026-08-18T10:12:06+07:00
2022-08-01,1231.35,2999.99,10364.29,-7364.3,-134922.14,ACTUAL,BRONZE,2026-08-18T10:12:06+07:00
2022-08-02,1241.62,2999.99,15361.39,-12361.4,-147283.54,ACTUAL,BRONZE,2026-08-18T10:12:06+07:00
2022-08-03,1249.76,1999.99,15343.49,-13343.5,-160627.04,ACTUAL,BRONZE,2026-08-18T10:12:06+07:00
2022-08-04,1254.15,20999.89,17190.3,3809.59,-156817.45,ACTUAL,BRONZE,2026-08-18T10:12:06+07:00
2022-08-05,1252.74,21899.99,5999.89,15900.1,-140917.35,ACTUAL,BRONZE,2026-08-18T10:12:06+07:00
2022-08-08,1256.75,17999.89,2999.99,14999.9,-125917.45,ACTUAL,BRONZE,2026-08-18T10:12:06+07:00
2022-08-09,1258.85,11999.89,2999.99,8999.9,-116917.55,ACTUAL,BRONZE,2026-08-18T10:12:06+07:00
2022-08-10,1256.5,6999.69,1999.99,4999.7,-111917.85,ACTUAL,BRONZE,2026-08-18T10:12:06+07:00
2022-08-11,1252.07,3988.86,999.99,2988.87,-108928.98,ACTUAL,BRONZE,2026-08-18T10:12:06+07:00
2022-08-12,1262.33,13614.52,11699.99,1914.53,-107014.45,ACTUAL,BRONZE,2026-08-18T10:12:06+07:00
2022-08-15,1274.2,462.89,20599.99,-20137.1,-127151.55,ACTUAL,BRONZE,2026-08-18T10:12:06+07:00
2022-08-16,1274.69,0.0,33599.69,-33599.69,-160751.24,ACTUAL,BRONZE,2026-08-18T10:12:06+07:00
2022-08-17,1275.28,425.88,37029.99,-36604.11,-197355.35,ACTUAL,BRONZE,2026-08-18T10:12:06+07:00
2022-08-18,1273.66,12292.12,10538.86,1753.26,-195602.09,ACTUAL,BRONZE,2026-08-18T10:12:06+07:00
2022-08-19,1269.18,10115.07,9664.42,450.65,-195151.44,ACTUAL,BRONZE,2026-08-18T10:12:06+07:00
2022-08-22,1260.43,18599.99,2962.89,15637.1,-179514.34,ACTUAL,BRONZE,2026-08-18T10:12:06+07:00
2022-08-23,1270.81,20820.56,5000.0,15820.56,-163693.78,ACTUAL,BRONZE,2026-08-18T10:12:06+07:00
2022-08-24,1277.16,19397.37,10555.88,8841.49,-154852.29,ACTUAL,BRONZE,2026-08-18T10:12:06+07:00
2022-08-25,1288.88,11199.99,6392.12,4807.87,-150044.42,ACTUAL,BRONZE,2026-08-18T10:12:06+07:00
2022-08-26,1282.57,5999.89,10415.07,-4415.18,-154459.6,ACTUAL,BRONZE,2026-08-18T10:12:06+07:00
2022-08-29,1270.8,2424.39,1999.99,424.4,-154035.2,ACTUAL,BRONZE,2026-08-18T10:12:06+07:00
2022-08-30,1279.39,21552.61,820.86,20731.75,-133303.45,ACTUAL,BRONZE,2026-08-18T10:12:06+07:00
2022-08-31,1280.51,32529.99,767.37,31762.62,-101540.83,ACTUAL,BRONZE,2026-08-18T10:12:06+07:00
2022-09-05,1277.35,14999.99,424.39,14575.6,-86965.23,ACTUAL,BRONZE,2026-08-18T10:12:06+07:00
2022-09-06,1277.4,14999.99,9952.61,5047.38,-81917.85,ACTUAL,BRONZE,2026-08-18T10:12:06+07:00
2022-09-07,1243.17,28720.03,9999.99,18720.04,-63197.81,ACTUAL,BRONZE,2026-08-18T10:12:06+07:00
2022-09-08,1234.6,10808.74,999.99,9808.75,-53389.06,ACTUAL,BRONZE,2026-08-18T10:12:06+07:00
2022-09-09,1248.78,10999.99,999.99,10000.0,-43389.06,ACTUAL,BRONZE,2026-08-18T10:12:06+07:00
2022-09-12,1249.62,11999.99,14999.99,-3000.0,-46389.06,ACTUAL,BRONZE,2026-08-18T10:12:06+07:00
2022-09-13,1248.4,7999.99,14999.99,-7000.0,-53389.06,ACTUAL,BRONZE,2026-08-18T10:12:06+07:00
2022-09-14,1240.77,7999.99,35720.04,-27720.05,-81109.11,ACTUAL,BRONZE,2026-08-18T10:12:06+07:00
2022-09-15,1245.66,1088.37,15308.74,-14220.37,-95329.48,ACTUAL,BRONZE,2026-08-18T10:12:06+07:00
2022-09-16,1234.03,5299.99,12999.99,-7700.0,-103029.48,ACTUAL,BRONZE,2026-08-18T10:12:06+07:00
2022-09-19,1205.43,1499.99,15199.99,-13700.0,-116729.48,ACTUAL,BRONZE,2026-08-18T10:12:06+07:00
2022-09-20,1218.93,4999.99,15599.99,-10600.0,-127329.48,ACTUAL,BRONZE,2026-08-18T10:12:06+07:00
2022-09-21,1210.55,27999.99,40999.88,-12999.89,-140329.37,ACTUAL,BRONZE,2026-08-18T10:12:06+07:00
2022-09-22,1214.7,11599.99,12938.37,-1338.38,-141667.75,ACTUAL,BRONZE,2026-08-18T10:12:06+07:00
2022-09-23,1203.28,12999.99,8999.99,4000.0,-137667.75,ACTUAL,BRONZE,2026-08-18T10:12:06+07:00
2022-09-26,1174.35,15199.99,999.99,14200.0,-123467.75,ACTUAL,BRONZE,2026-08-18T10:12:06+07:00
2022-09-27,1166.54,15599.99,7999.89,7600.1,-115867.65,ACTUAL,BRONZE,2026-08-18T10:12:06+07:00
2022-09-28,1143.62,25999.89,15999.69,10000.2,-105867.45,ACTUAL,BRONZE,2026-08-18T10:12:06+07:00
2022-09-29,1126.07,12702.54,15999.69,-3297.15,-109164.6,ACTUAL,BRONZE,2026-08-18T10:12:06+07:00
2022-09-30,1132.11,8999.99,9399.99,-400.0,-109564.6,ACTUAL,BRONZE,2026-08-18T10:12:06+07:00
2022-10-03,1086.44,2999.99,999.99,2000.0,-107564.6,ACTUAL,BRONZE,2026-08-18T10:12:06+07:00
2022-10-04,1078.14,11999.99,999.99,11000.0,-96564.6,ACTUAL,BRONZE,2026-08-18T10:12:06+07:00
2022-10-05,1104.26,19999.99,999.99,19000.0,-77564.6,ACTUAL,BRONZE,2026-08-18T10:12:06+07:00
2022-10-06,1074.52,2920.23,702.54,2217.69,-75346.91,ACTUAL,BRONZE,2026-08-18T10:12:06+07:00
2022-10-07,1035.91,3771.35,999.99,2771.36,-72575.55,ACTUAL,BRONZE,2026-08-18T10:12:06+07:00
2022-10-10,1042.48,21679.94,2999.99,18679.95,-53895.6,ACTUAL,BRONZE,2026-08-18T10:12:06+07:00
2022-10-11,1006.2,33087.95,11999.99,21087.96,-32807.64,ACTUAL,BRONZE,2026-08-18T10:12:06+07:00
2022-10-12,1034.81,41666.21,19999.99,21666.22,-11141.42,ACTUAL,BRONZE,2026-08-18T10:12:06+07:00
2022-10-13,1050.99,25636.4,2920.23,22716.17,11574.75,ACTUAL,BRONZE,2026-08-18T10:12:06+07:00
2022-10-14,1061.85,12782.66,3771.35,9011.31,20586.06,ACTUAL,BRONZE,2026-08-18T10:12:06+07:00
2022-10-17,1051.58,1820.3,0.0,1820.3,22406.36,ACTUAL,BRONZE,2026-08-18T10:12:06+07:00
2022-10-20,1058.45,999.99,20635.81,-19635.82,2770.54000000003,ACTUAL,BRONZE,2026-08-18T10:12:06+07:00
2022-10-21,1019.82,1999.99,17523.43,-15523.44,-12752.9,ACTUAL,BRONZE,2026-08-18T10:12:06+07:00
2022-10-24,986.15,11999.99,22920.29,-10920.3,-23673.2,ACTUAL,BRONZE,2026-08-18T10:12:06+07:00
2022-10-25,997.7,39000.08,11088.06,27912.02,4238.82000000003,ACTUAL,BRONZE,2026-08-18T10:12:06+07:00
2022-10-26,993.36,65890.81,37232.27,28658.54,32897.36,ACTUAL,BRONZE,2026-08-18T10:12:06+07:00
2022-10-27,1028.01,24999.09,20999.58,3999.51,36896.87,ACTUAL,BRONZE,2026-08-18T10:12:06+07:00
2022-10-28,1027.36,21484.29,25058.62,-3574.33,33322.54,ACTUAL,BRONZE,2026-08-18T10:12:06+07:00
2022-10-31,1027.94,18926.52,21999.79,-3073.27,30249.27,ACTUAL,BRONZE,2026-08-18T10:12:06+07:00
2022-11-01,1033.75,23999.99,18999.98,5000.01,35249.28,ACTUAL,BRONZE,2026-08-18T10:12:06+07:00
2022-11-03,1019.81,14999.59,4999.99,9999.6,45248.88,ACTUAL,BRONZE,2026-08-18T10:12:06+07:00
2022-11-04,997.15,27825.62,5284.29,22541.33,67790.21,ACTUAL,BRONZE,2026-08-18T10:12:06+07:00
2022-11-07,975.19,16149.3,6679.95,9469.35,77259.56,ACTUAL,BRONZE,2026-08-18T10:12:06+07:00
2022-11-08,981.65,18746.63,21999.99,-3253.36,74006.2,ACTUAL,BRONZE,2026-08-18T10:12:06+07:00
2022-11-09,985.59,4802.18,19999.99,-15197.81,58808.39,ACTUAL,BRONZE,2026-08-18T10:12:06+07:00
2022-11-14,941.04,6471.55,12826.52,-6354.97,52453.42,ACTUAL,BRONZE,2026-08-18T10:12:06+07:00
2022-11-15,911.9,9268.56,36999.89,-27731.33,24722.09,ACTUAL,BRONZE,2026-08-18T10:12:06+07:00
2022-11-17,969.26,7878.6,9999.99,-2121.39,22600.7,ACTUAL,BRONZE,2026-08-18T10:12:06+07:00
2022-11-18,969.33,7879.25,12826.22,-4946.97,17653.73,ACTUAL,BRONZE,2026-08-18T10:12:06+07:00
2022-11-21,960.65,6780.91,6149.5,631.41,18285.14,ACTUAL,BRONZE,2026-08-18T10:12:06+07:00
2022-11-22,952.12,11315.22,8746.83,2568.39,20853.53,ACTUAL,BRONZE,2026-08-18T10:12:06+07:00
2022-11-23,946.0,4826.4,4802.18,24.22,20877.75,ACTUAL,BRONZE,2026-08-18T10:12:06+07:00
2022-11-24,947.71,2902.93,871.46,2031.47,22909.22,ACTUAL,BRONZE,2026-08-18T10:12:06+07:00
2022-11-25,971.46,3582.54,2458.53,1124.01,24033.23,ACTUAL,BRONZE,2026-08-18T10:12:06+07:00
2022-11-28,1005.69,6247.13,6471.55,-224.42,23808.81,ACTUAL,BRONZE,2026-08-18T10:12:06+07:00
2022-11-29,1032.16,7982.4,9268.56,-1286.16,22522.65,ACTUAL,BRONZE,2026-08-18T10:12:06+07:00
2022-11-30,1048.42,11614.09,12065.15,-451.06,22071.59,ACTUAL,BRONZE,2026-08-18T10:12:06+07:00
2022-12-01,1036.28,10999.99,7878.6,3121.39,25192.98,ACTUAL,BRONZE,2026-08-18T10:12:06+07:00
2022-12-02,1080.01,8817.07,7879.25,937.82,26130.8,ACTUAL,BRONZE,2026-08-18T10:12:06+07:00
2022-12-05,1093.67,9089.73,6780.91,2308.82,28439.62,ACTUAL,BRONZE,2026-08-18T10:12:06+07:00
2022-12-06,1048.69,11352.83,11315.22,37.61,28477.23,ACTUAL,BRONZE,2026-08-18T10:12:06+07:00
2022-12-07,1041.02,7028.84,4826.4,2202.44,30679.67,ACTUAL,BRONZE,2026-08-18T10:12:06+07:00
2022-12-08,1050.53,3526.42,2902.93,623.49,31303.16,ACTUAL,BRONZE,2026-08-18T10:12:06+07:00
2022-12-09,1051.81,6606.53,3582.54,3023.99,34327.15,ACTUAL,BRONZE,2026-08-18T10:12:06+07:00
2022-12-12,1032.07,5177.58,6247.13,-1069.55,33257.6,ACTUAL,BRONZE,2026-08-18T10:12:06+07:00
2022-12-13,1047.45,27653.23,7982.4,19670.83,52928.43,ACTUAL,BRONZE,2026-08-18T10:12:06+07:00
2022-12-14,1050.43,17307.34,11614.09,5693.25,58621.68,ACTUAL,BRONZE,2026-08-18T10:12:06+07:00
2022-12-15,1055.32,10994.5,10999.99,-5.49,58616.19,ACTUAL,BRONZE,2026-08-18T10:12:06+07:00
2022-12-16,1052.48,10999.99,8817.07,2182.92,60799.11,ACTUAL,BRONZE,2026-08-18T10:12:06+07:00
2022-12-19,1038.4,4033.41,9089.73,-5056.32,55742.79,ACTUAL,BRONZE,2026-08-18T10:12:06+07:00
2022-12-20,1023.13,4957.27,31352.83,-26395.56,29347.23,ACTUAL,BRONZE,2026-08-18T10:12:06+07:00
2022-12-21,1018.88,2218.75,24028.85,-21810.1,7537.13000000002,ACTUAL,BRONZE,2026-08-18T10:12:06+07:00
2022-12-22,1022.61,2924.54,20526.43,-17601.89,-10064.76,ACTUAL,BRONZE,2026-08-18T10:12:06+07:00
2022-12-23,1020.34,436.8,23606.54,-23169.74,-33234.5,ACTUAL,BRONZE,2026-08-18T10:12:06+07:00
2022-12-26,985.21,5999.99,26216.89,-20216.9,-53451.4,ACTUAL,BRONZE,2026-08-18T10:12:06+07:00
2022-12-27,1004.57,23460.61,29610.55,-6149.94,-59601.34,ACTUAL,BRONZE,2026-08-18T10:12:06+07:00
2022-12-28,1015.66,26669.32,36526.1,-9856.78,-69458.12,ACTUAL,BRONZE,2026-08-18T10:12:06+07:00
2022-12-29,1009.29,28407.1,35919.05,-7511.95,-76970.07,ACTUAL,BRONZE,2026-08-18T10:12:06+07:00
2022-12-30,1007.09,37368.5,30836.79,6531.71,-70438.36,ACTUAL,BRONZE,2026-08-18T10:12:06+07:00
2023-01-03,1043.9,24181.02,20810.61,3370.41,-67067.95,ACTUAL,BRONZE,2026-08-18T10:12:06+07:00
2023-01-04,1046.35,35078.27,21669.22,13409.05,-53658.9,ACTUAL,BRONZE,2026-08-18T10:12:06+07:00
2023-01-05,1055.82,35728.72,28407.0,7321.72,-46337.18,ACTUAL,BRONZE,2026-08-18T10:12:06+07:00
2023-01-06,1051.44,31399.99,42368.3,-10968.31,-57305.49,ACTUAL,BRONZE,2026-08-18T10:12:06+07:00
2023-01-09,1054.21,27431.02,30999.99,-3568.97,-60874.46,ACTUAL,BRONZE,2026-08-18T10:12:06+07:00
2023-01-10,1053.35,22998.2,22681.12,317.08,-60557.38,ACTUAL,BRONZE,2026-08-18T10:12:06+07:00
2023-01-11,1055.76,20725.31,29578.37,-8853.06,-69410.44,ACTUAL,BRONZE,2026-08-18T10:12:06+07:00
2023-01-12,1056.39,25383.84,27228.72,-1844.88,-71255.32,ACTUAL,BRONZE,2026-08-18T10:12:06+07:00
2023-01-13,1060.17,40477.79,27499.99,12977.8,-58277.52,ACTUAL,BRONZE,2026-08-18T10:12:06+07:00
2023-01-16,1066.68,42077.42,22431.02,19646.4,-38631.12,ACTUAL,BRONZE,2026-08-18T10:12:06+07:00
2023-01-17,1088.29,45379.4,20648.1,24731.3,-13899.82,ACTUAL,BRONZE,2026-08-18T10:12:06+07:00
2023-01-18,1098.28,36826.4,30725.41,6100.99,-7798.82999999996,ACTUAL,BRONZE,2026-08-18T10:12:06+07:00
2023-01-19,1108.08,32864.45,5383.94,27480.51,19681.68,ACTUAL,BRONZE,2026-08-18T10:12:06+07:00
2023-01-27,1117.1,24133.13,15477.99,8655.14,28336.82,ACTUAL,BRONZE,2026-08-18T10:12:06+07:00
2023-01-30,1102.57,27999.99,17077.42,10922.57,39259.39,ACTUAL,BRONZE,2026-08-18T10:12:06+07:00
2023-01-31,1111.18,39034.26,26879.4,12154.86,51414.25,ACTUAL,BRONZE,2026-08-18T10:12:06+07:00
2023-02-01,1075.97,48999.99,12326.4,36673.59,88087.84,ACTUAL,BRONZE,2026-08-18T10:12:06+07:00
2023-02-02,1077.59,13743.98,11364.45,2379.53,90467.37,ACTUAL,BRONZE,2026-08-18T10:12:06+07:00
2023-02-06,1089.29,2483.4,22999.89,-20516.49,69950.88,ACTUAL,BRONZE,2026-08-18T10:12:06+07:00
2023-02-07,1065.84,3184.53,34034.26,-30849.73,39101.15,ACTUAL,BRONZE,2026-08-18T10:12:06+07:00
2023-02-08,1072.22,1075.23,43999.79,-42924.56,-3823.40999999997,ACTUAL,BRONZE,2026-08-18T10:12:06+07:00
2023-02-09,1064.03,1664.06,38743.88,-37079.82,-40903.23,ACTUAL,BRONZE,2026-08-18T10:12:06+07:00
2023-02-10,1055.3,15000.0,26041.49,-11041.49,-51944.72,ACTUAL,BRONZE,2026-08-18T10:12:06+07:00
2023-02-13,1043.7,9999.9,9483.3,516.6,-51428.12,ACTUAL,BRONZE,2026-08-18T10:12:06+07:00
2023-02-14,1038.64,9999.9,18184.43,-8184.53,-59612.65,ACTUAL,BRONZE,2026-08-18T10:12:06+07:00
2023-02-15,1048.2,19999.8,31075.13,-11075.33,-70687.98,ACTUAL,BRONZE,2026-08-18T10:12:06+07:00
2023-02-16,1058.29,25228.96,21663.96,3565.0,-67122.98,ACTUAL,BRONZE,2026-08-18T10:12:06+07:00
2023-02-17,1059.31,20000.0,34999.9,-14999.9,-82122.88,ACTUAL,BRONZE,2026-08-18T10:12:06+07:00
2023-02-20,1086.69,6999.9,35000.0,-28000.1,-110122.98,ACTUAL,BRONZE,2026-08-18T10:12:06+07:00
2023-02-21,1082.23,15634.0,30700.0,-15066.0,-125188.98,ACTUAL,BRONZE,2026-08-18T10:12:06+07:00
2023-02-22,1054.28,30999.89,18750.0,12249.89,-112939.09,ACTUAL,BRONZE,2026-08-18T10:12:06+07:00
2023-02-23,1053.66,18499.89,21329.06,-2829.17,-115768.26,ACTUAL,BRONZE,2026-08-18T10:12:06+07:00
2023-02-24,1039.56,25544.94,34999.6,-9454.66,-125222.92,ACTUAL,BRONZE,2026-08-18T10:12:06+07:00
2023-02-27,1021.25,25262.49,30499.6,-5237.11,-130460.03,ACTUAL,BRONZE,2026-08-18T10:12:06+07:00
2023-02-28,1024.68,21319.76,24714.1,-3394.34,-133854.37,ACTUAL,BRONZE,2026-08-18T10:12:06+07:00
2023-03-01,1040.55,12749.99,14099.99,-1350.0,-135204.37,ACTUAL,BRONZE,2026-08-18T10:12:06+07:00
2023-03-02,1037.61,16599.99,17499.99,-900.0,-136104.37,ACTUAL,BRONZE,2026-08-18T10:12:06+07:00
2023-03-03,1024.77,30999.79,22045.04,8954.75,-127149.62,ACTUAL,BRONZE,2026-08-18T10:12:06+07:00
2023-03-06,1027.18,26745.84,23562.49,3183.35,-123966.27,ACTUAL,BRONZE,2026-08-18T10:12:06+07:00
2023-03-07,1037.84,22785.5,22719.76,65.74,-123900.53,ACTUAL,BRONZE,2026-08-18T10:12:06+07:00
2023-03-08,1049.18,6922.09,36099.98,-29177.89,-153078.42,ACTUAL,BRONZE,2026-08-18T10:12:06+07:00
2023-03-09,1055.95,20270.54,18499.98,1770.56,-151307.86,ACTUAL,BRONZE,2026-08-18T10:12:06+07:00
2023-03-10,1053.0,18899.99,23999.78,-5099.79,-156407.65,ACTUAL,BRONZE,2026-08-18T10:12:06+07:00
2023-03-13,1052.8,20864.54,4740.34,16124.2,-140283.45,ACTUAL,BRONZE,2026-08-18T10:12:06+07:00
2023-03-14,1040.13,19654.13,10405.45,9248.68,-131034.77,ACTUAL,BRONZE,2026-08-18T10:12:06+07:00
2023-03-15,1062.19,23262.48,4322.08,18940.4,-112094.37,ACTUAL,BRONZE,2026-08-18T10:12:06+07:00
2023-03-16,1047.4,7924.0,10770.53,-2846.53,-114940.9,ACTUAL,BRONZE,2026-08-18T10:12:06+07:00
2023-03-17,1045.14,14999.8,3999.99,10999.81,-103941.09,ACTUAL,BRONZE,2026-08-18T10:12:06+07:00
2023-03-20,1023.1,215.5,1364.54,-1149.04,-105090.13,ACTUAL,BRONZE,2026-08-18T10:12:06+07:00
2023-03-21,1032.43,0.0,754.13,-754.13,-105844.26,ACTUAL,BRONZE,2026-08-18T10:12:06+07:00
2023-04-12,1069.45,11257.83,562.48,10695.35,-95148.91,ACTUAL,BRONZE,2026-08-18T10:12:06+07:00
2023-04-13,1064.3,16480.89,424.0,16056.89,-79092.02,ACTUAL,BRONZE,2026-08-18T10:12:06+07:00
2023-04-14,1052.89,25108.16,0.0,25108.16,-53983.86,ACTUAL,BRONZE,2026-08-18T10:12:06+07:00
2023-04-17,1053.81,4060.7,7322.35,-3261.65,-57245.51,ACTUAL,BRONZE,2026-08-18T10:12:06+07:00
2023-04-18,1055.02,3133.4,4060.26,-926.86,-58172.37,ACTUAL,BRONZE,2026-08-18T10:12:06+07:00
2023-04-19,1048.98,0.0,3133.22,-3133.22,-61305.59,ACTUAL,BRONZE,2026-08-18T10:12:06+07:00
2023-04-20,1049.25,0.0,6177.31,-6177.31,-67482.9,ACTUAL,BRONZE,2026-08-18T10:12:06+07:00
2023-04-21,1042.91,91.78,8898.78,-8807.0,-76289.9,ACTUAL,BRONZE,2026-08-18T10:12:06+07:00
2023-04-24,1041.36,2918.78,3837.41,-918.63,-77208.53,ACTUAL,BRONZE,2026-08-18T10:12:06+07:00
2023-04-25,1034.85,19349.89,2890.1,16459.79,-60748.74,ACTUAL,BRONZE,2026-08-18T10:12:06+07:00
2023-04-26,1040.8,0.0,0.0,0.0,-60748.74,ACTUAL,BRONZE,2026-08-18T10:12:06+07:00
2023-04-27,1039.63,1652.15,0.0,1652.15,-59096.59,ACTUAL,BRONZE,2026-08-18T10:12:06+07:00
2023-04-28,1049.12,0.0,91.78,-91.78,-59188.37,ACTUAL,BRONZE,2026-08-18T10:12:06+07:00
2023-05-04,1040.61,502.28,337.79,164.49,-59023.88,ACTUAL,BRONZE,2026-08-18T10:12:06+07:00
2023-05-05,1040.31,1254.9,4061.14,-2806.24,-61830.12,ACTUAL,BRONZE,2026-08-18T10:12:06+07:00
2023-05-08,1053.44,2170.64,5157.89,-2987.25,-64817.37,ACTUAL,BRONZE,2026-08-18T10:12:06+07:00
2023-05-09,1053.77,3187.33,19124.65,-15937.32,-80754.69,ACTUAL,BRONZE,2026-08-18T10:12:06+07:00
2023-05-10,1058.26,101.8,8124.61,-8022.81,-88777.5,ACTUAL,BRONZE,2026-08-18T10:12:06+07:00
2023-05-11,1057.12,0.0,11955.73,-11955.73,-100733.23,ACTUAL,BRONZE,2026-08-18T10:12:06+07:00
2023-05-12,1066.9,354.24,16209.38,-15855.14,-116588.37,ACTUAL,BRONZE,2026-08-18T10:12:06+07:00
2023-05-15,1065.71,0.0,2078.32,-2078.32,-118666.69,ACTUAL,BRONZE,2026-08-18T10:12:06+07:00
2023-05-16,1065.91,0.0,2913.81,-2913.81,-121580.5,ACTUAL,BRONZE,2026-08-18T10:12:06+07:00
2023-05-17,1060.44,5000.0,0.0,5000.0,-116580.5,ACTUAL,BRONZE,2026-08-18T10:12:06+07:00
2023-05-18,1068.31,5000.0,502.28,4497.72,-112082.78,ACTUAL,BRONZE,2026-08-18T10:12:06+07:00
2023-05-19,1067.07,10000.0,1609.14,8390.86,-103691.92,ACTUAL,BRONZE,2026-08-18T10:12:06+07:00
2023-05-22,1070.64,10000.0,0.0,10000.0,-93691.92,ACTUAL,BRONZE,2026-08-18T10:12:06+07:00
2023-05-23,1065.85,10547.61,753.48,9794.13,-83897.79,ACTUAL,BRONZE,2026-08-18T10:12:06+07:00
2023-05-24,1061.79,10000.0,0.0,10000.0,-73897.79,ACTUAL,BRONZE,2026-08-18T10:12:06+07:00
2023-05-25,1064.63,9000.0,0.0,9000.0,-64897.79,ACTUAL,BRONZE,2026-08-18T10:12:06+07:00
2023-05-26,1063.76,9999.8,0.0,9999.8,-54897.99,ACTUAL,BRONZE,2026-08-18T10:12:06+07:00
2023-05-29,1074.98,5500.0,0.0,5500.0,-49397.99,ACTUAL,BRONZE,2026-08-18T10:12:06+07:00
2023-05-30,1078.05,8700.0,547.61,8152.39,-41245.6,ACTUAL,BRONZE,2026-08-18T10:12:06+07:00
2023-05-31,1075.17,2510.73,0.0,2510.73,-38734.87,ACTUAL,BRONZE,2026-08-18T10:12:06+07:00
2023-06-01,1078.39,2203.75,0.0,2203.75,-36531.12,ACTUAL,BRONZE,2026-08-18T10:12:06+07:00
2023-06-02,1090.84,6600.0,0.0,6600.0,-29931.12,ACTUAL,BRONZE,2026-08-18T10:12:06+07:00
2023-06-05,1097.82,3800.0,315.61,3484.39,-26446.73,ACTUAL,BRONZE,2026-08-18T10:12:06+07:00
2023-06-06,1108.31,3200.0,516.82,2683.18,-23763.55,ACTUAL,BRONZE,2026-08-18T10:12:06+07:00
2023-06-07,1109.54,6400.0,112.53,6287.47,-17476.08,ACTUAL,BRONZE,2026-08-18T10:12:06+07:00
2023-06-08,1101.32,3500.0,409.92,3090.08,-14386.0,ACTUAL,BRONZE,2026-08-18T10:12:06+07:00
2023-06-09,1107.53,0.0,0.0,0.0,-14386.0,ACTUAL,BRONZE,2026-08-18T10:12:06+07:00
2023-06-12,1116.02,0.0,0.0,0.0,-14386.0,ACTUAL,BRONZE,2026-08-18T10:12:06+07:00
2023-06-13,1122.46,0.0,0.0,0.0,-14386.0,ACTUAL,BRONZE,2026-08-18T10:12:06+07:00
2023-06-14,1117.42,0.0,0.0,0.0,-14386.0,ACTUAL,BRONZE,2026-08-18T10:12:06+07:00
2023-06-15,1116.97,0.0,0.0,0.0,-14386.0,ACTUAL,BRONZE,2026-08-18T10:12:06+07:00
2023-06-16,1115.22,0.0,0.0,0.0,-14386.0,ACTUAL,BRONZE,2026-08-18T10:12:06+07:00
2023-06-19,1105.4,0.0,0.0,0.0,-14386.0,ACTUAL,BRONZE,2026-08-18T10:12:06+07:00
2023-06-20,1111.72,0.0,0.0,0.0,-14386.0,ACTUAL,BRONZE,2026-08-18T10:12:06+07:00
2023-06-21,1118.46,0.0,0.0,0.0,-14386.0,ACTUAL,BRONZE,2026-08-18T10:12:06+07:00
2023-06-22,1125.3,0.0,0.0,0.0,-14386.0,ACTUAL,BRONZE,2026-08-18T10:12:06+07:00
2023-06-23,1129.38,0.0,0.0,0.0,-14386.0,ACTUAL,BRONZE,2026-08-18T10:12:06+07:00
2023-06-26,1132.03,0.0,0.0,0.0,-14386.0,ACTUAL,BRONZE,2026-08-18T10:12:06+07:00
2023-06-27,1134.33,0.0,0.0,0.0,-14386.0,ACTUAL,BRONZE,2026-08-18T10:12:06+07:00
2023-06-28,1138.35,0.0,0.0,0.0,-14386.0,ACTUAL,BRONZE,2026-08-18T10:12:06+07:00
2023-06-29,1125.39,0.0,293.83,-293.83,-14679.83,ACTUAL,BRONZE,2026-08-18T10:12:06+07:00
2023-06-30,1120.18,0.0,0.0,0.0,-14679.83,ACTUAL,BRONZE,2026-08-18T10:12:06+07:00
2023-07-03,1125.5,0.0,0.0,0.0,-14679.83,ACTUAL,BRONZE,2026-08-18T10:12:06+07:00
2023-07-04,1132.0,0.0,0.0,0.0,-14679.83,ACTUAL,BRONZE,2026-08-18T10:12:06+07:00
2023-07-05,1134.62,0.0,0.0,0.0,-14679.83,ACTUAL,BRONZE,2026-08-18T10:12:06+07:00
2023-07-06,1126.22,0.0,0.0,0.0,-14679.83,ACTUAL,BRONZE,2026-08-18T10:12:06+07:00
2023-07-07,1138.07,0.0,0.0,0.0,-14679.83,ACTUAL,BRONZE,2026-08-18T10:12:06+07:00
2023-07-10,1149.02,0.0,0.0,0.0,-14679.83,ACTUAL,BRONZE,2026-08-18T10:12:06+07:00
2023-07-11,1151.77,0.0,0.0,0.0,-14679.83,ACTUAL,BRONZE,2026-08-18T10:12:06+07:00
2023-07-12,1154.2,0.0,0.0,0.0,-14679.83,ACTUAL,BRONZE,2026-08-18T10:12:06+07:00
2023-07-13,1165.42,0.0,0.0,0.0,-14679.83,ACTUAL,BRONZE,2026-08-18T10:12:06+07:00
2023-07-14,1168.4,0.0,0.0,0.0,-14679.83,ACTUAL,BRONZE,2026-08-18T10:12:06+07:00
2023-07-17,1173.13,0.0,0.0,0.0,-14679.83,ACTUAL,BRONZE,2026-08-18T10:12:06+07:00
2023-07-18,1174.09,0.0,0.0,0.0,-14679.83,ACTUAL,BRONZE,2026-08-18T10:12:06+07:00
2023-07-19,1172.98,0.0,0.0,0.0,-14679.83,ACTUAL,BRONZE,2026-08-18T10:12:06+07:00
2023-07-20,1172.81,0.0,0.0,0.0,-14679.83,ACTUAL,BRONZE,2026-08-18T10:12:06+07:00
2023-07-21,1185.9,0.0,0.0,0.0,-14679.83,ACTUAL,BRONZE,2026-08-18T10:12:06+07:00
2023-07-24,1190.72,0.0,0.0,0.0,-14679.83,ACTUAL,BRONZE,2026-08-18T10:12:06+07:00
2023-07-25,1195.9,0.0,0.0,0.0,-14679.83,ACTUAL,BRONZE,2026-08-18T10:12:06+07:00
2023-07-26,1200.84,0.0,0.0,0.0,-14679.83,ACTUAL,BRONZE,2026-08-18T10:12:06+07:00
2023-07-27,1197.33,0.0,0.0,0.0,-14679.83,ACTUAL,BRONZE,2026-08-18T10:12:06+07:00
2023-07-28,1207.67,0.0,0.0,0.0,-14679.83,ACTUAL,BRONZE,2026-08-18T10:12:06+07:00
2023-07-31,1222.9,0.0,0.0,0.0,-14679.83,ACTUAL,BRONZE,2026-08-18T10:12:06+07:00
2023-08-01,1217.56,0.0,0.0,0.0,-14679.83,ACTUAL,BRONZE,2026-08-18T10:12:06+07:00
2023-08-02,1220.43,0.0,0.0,0.0,-14679.83,ACTUAL,BRONZE,2026-08-18T10:12:06+07:00
2023-08-03,1210.95,0.0,0.0,0.0,-14679.83,ACTUAL,BRONZE,2026-08-18T10:12:06+07:00
2023-08-04,1225.98,0.0,0.0,0.0,-14679.83,ACTUAL,BRONZE,2026-08-18T10:12:06+07:00
2023-08-07,1241.42,0.0,0.0,0.0,-14679.83,ACTUAL,BRONZE,2026-08-18T10:12:06+07:00
2023-08-08,1242.23,0.0,0.0,0.0,-14679.83,ACTUAL,BRONZE,2026-08-18T10:12:06+07:00
2023-08-09,1233.99,0.0,0.0,0.0,-14679.83,ACTUAL,BRONZE,2026-08-18T10:12:06+07:00
2023-08-10,1220.61,0.0,0.0,0.0,-14679.83,ACTUAL,BRONZE,2026-08-18T10:12:06+07:00
2023-08-11,1232.21,0.0,0.0,0.0,-14679.83,ACTUAL,BRONZE,2026-08-18T10:12:06+07:00
2023-08-14,1236.84,0.0,0.0,0.0,-14679.83,ACTUAL,BRONZE,2026-08-18T10:12:06+07:00
2023-08-15,1234.05,0.0,0.0,0.0,-14679.83,ACTUAL,BRONZE,2026-08-18T10:12:06+07:00
2023-08-16,1243.26,0.0,0.0,0.0,-14679.83,ACTUAL,BRONZE,2026-08-18T10:12:06+07:00
2023-08-17,1233.48,0.0,0.0,0.0,-14679.83,ACTUAL,BRONZE,2026-08-18T10:12:06+07:00
2023-08-18,1177.99,0.0,0.0,0.0,-14679.83,ACTUAL,BRONZE,2026-08-18T10:12:06+07:00
2023-08-21,1179.76,0.0,0.0,0.0,-14679.83,ACTUAL,BRONZE,2026-08-18T10:12:06+07:00
2023-08-22,1180.49,0.0,0.0,0.0,-14679.83,ACTUAL,BRONZE,2026-08-18T10:12:06+07:00
2023-08-23,1172.56,0.0,0.0,0.0,-14679.83,ACTUAL,BRONZE,2026-08-18T10:12:06+07:00
2023-08-24,1189.39,0.0,0.0,0.0,-14679.83,ACTUAL,BRONZE,2026-08-18T10:12:06+07:00
2023-08-25,1183.37,0.0,0.0,0.0,-14679.83,ACTUAL,BRONZE,2026-08-18T10:12:06+07:00
2023-08-28,1201.72,0.0,0.0,0.0,-14679.83,ACTUAL,BRONZE,2026-08-18T10:12:06+07:00
2023-08-29,1204.43,0.0,0.0,0.0,-14679.83,ACTUAL,BRONZE,2026-08-18T10:12:06+07:00
2023-08-30,1213.16,0.0,0.0,0.0,-14679.83,ACTUAL,BRONZE,2026-08-18T10:12:06+07:00
2023-08-31,1224.05,0.0,0.0,0.0,-14679.83,ACTUAL,BRONZE,2026-08-18T10:12:06+07:00
2023-09-05,1234.98,0.0,0.0,0.0,-14679.83,ACTUAL,BRONZE,2026-08-18T10:12:06+07:00
2023-09-06,1245.5,0.0,0.0,0.0,-14679.83,ACTUAL,BRONZE,2026-08-18T10:12:06+07:00
2023-09-07,1243.14,0.0,0.0,0.0,-14679.83,ACTUAL,BRONZE,2026-08-18T10:12:06+07:00
2023-09-12,1245.44,0.0,0.0,0.0,-14679.83,ACTUAL,BRONZE,2026-08-18T10:12:06+07:00
2023-09-13,1238.39,0.0,0.0,0.0,-14679.83,ACTUAL,BRONZE,2026-08-18T10:12:06+07:00
2023-09-14,1223.81,0.0,0.0,0.0,-14679.83,ACTUAL,BRONZE,2026-08-18T10:12:06+07:00
2023-09-15,1227.36,0.0,0.0,0.0,-14679.83,ACTUAL,BRONZE,2026-08-18T10:12:06+07:00
2023-09-18,1211.81,0.0,0.0,0.0,-14679.83,ACTUAL,BRONZE,2026-08-18T10:12:06+07:00
2023-09-19,1211.5,0.0,0.0,0.0,-14679.83,ACTUAL,BRONZE,2026-08-18T10:12:06+07:00
2023-09-20,1226.11,0.0,0.0,0.0,-14679.83,ACTUAL,BRONZE,2026-08-18T10:12:06+07:00
2023-09-21,1212.74,0.0,10000.0,-10000.0,-24679.83,ACTUAL,BRONZE,2026-08-18T10:12:06+07:00
2023-09-22,1193.05,0.0,10000.0,-10000.0,-34679.83,ACTUAL,BRONZE,2026-08-18T10:12:06+07:00
2023-09-25,1153.2,0.0,10000.0,-10000.0,-44679.83,ACTUAL,BRONZE,2026-08-18T10:12:06+07:00
2023-09-26,1137.96,0.0,20000.0,-20000.0,-64679.83,ACTUAL,BRONZE,2026-08-18T10:12:06+07:00
2023-09-27,1153.85,0.0,20000.0,-20000.0,-84679.83,ACTUAL,BRONZE,2026-08-18T10:12:06+07:00
2023-09-28,1152.43,0.0,19999.8,-19999.8,-104679.63,ACTUAL,BRONZE,2026-08-18T10:12:06+07:00
2023-09-29,1154.15,0.0,3800.0,-3800.0,-108479.63,ACTUAL,BRONZE,2026-08-18T10:12:06+07:00
2023-10-02,1155.25,0.0,6900.0,-6900.0,-115379.63,ACTUAL,BRONZE,2026-08-18T10:12:06+07:00
2023-10-03,1118.1,0.0,10000.0,-10000.0,-125379.63,ACTUAL,BRONZE,2026-08-18T10:12:06+07:00
2023-10-04,1128.67,0.0,10000.0,-10000.0,-135379.63,ACTUAL,BRONZE,2026-08-18T10:12:06+07:00
2023-10-05,1113.89,0.0,9999.9,-9999.9,-145379.53,ACTUAL,BRONZE,2026-08-18T10:12:06+07:00
2023-10-06,1128.54,0.0,9999.9,-9999.9,-155379.43,ACTUAL,BRONZE,2026-08-18T10:12:06+07:00
2023-10-09,1137.36,0.0,4999.9,-4999.9,-160379.33,ACTUAL,BRONZE,2026-08-18T10:12:06+07:00
2023-10-10,1143.69,0.0,9999.8,-9999.8,-170379.13,ACTUAL,BRONZE,2026-08-18T10:12:06+07:00
2023-10-11,1150.81,0.0,10000.0,-10000.0,-180379.13,ACTUAL,BRONZE,2026-08-18T10:12:06+07:00
2023-10-12,1151.61,0.0,19999.9,-19999.9,-200379.03,ACTUAL,BRONZE,2026-08-18T10:12:06+07:00
2023-10-13,1154.73,0.0,20000.0,-20000.0,-220379.03,ACTUAL,BRONZE,2026-08-18T10:12:06+07:00
2023-10-16,1141.42,0.0,19999.7,-19999.7,-240378.73,ACTUAL,BRONZE,2026-08-18T10:12:06+07:00
2023-10-17,1121.65,0.0,17950.0,-17950.0,-258328.73,ACTUAL,BRONZE,2026-08-18T10:12:06+07:00
2023-10-18,1103.4,0.0,12050.0,-12050.0,-270378.73,ACTUAL,BRONZE,2026-08-18T10:12:06+07:00
2023-10-19,1087.85,10000.0,4250.0,5750.0,-264628.73,ACTUAL,BRONZE,2026-08-18T10:12:06+07:00
2023-10-20,1108.03,10000.0,1650.0,8350.0,-256278.73,ACTUAL,BRONZE,2026-08-18T10:12:06+07:00
2023-10-23,1093.53,10000.0,850.0,9150.0,-247128.73,ACTUAL,BRONZE,2026-08-18T10:12:06+07:00
2023-10-24,1105.9,20000.0,850.0,19150.0,-227978.73,ACTUAL,BRONZE,2026-08-18T10:12:06+07:00
2023-10-25,1101.66,20000.0,600.0,19400.0,-208578.73,ACTUAL,BRONZE,2026-08-18T10:12:06+07:00
2023-10-26,1055.45,19999.8,8250.0,11749.8,-196828.93,ACTUAL,BRONZE,2026-08-18T10:12:06+07:00
2023-10-27,1060.62,3800.0,14999.9,-11199.9,-208028.83,ACTUAL,BRONZE,2026-08-18T10:12:06+07:00
2023-10-30,1042.4,6900.0,20000.0,-13100.0,-221128.83,ACTUAL,BRONZE,2026-08-18T10:12:06+07:00
2023-10-31,1028.19,10000.0,11950.0,-1950.0,-223078.83,ACTUAL,BRONZE,2026-08-18T10:12:06+07:00
2023-11-01,1039.66,10000.0,7700.0,2300.0,-220778.83,ACTUAL,BRONZE,2026-08-18T10:12:06+07:00
2023-11-02,1075.47,9999.9,8550.0,1449.9,-219328.93,ACTUAL,BRONZE,2026-08-18T10:12:06+07:00
2023-11-03,1076.78,9999.9,9999.9,0.0,-219328.93,ACTUAL,BRONZE,2026-08-18T10:12:06+07:00
2023-11-06,1089.66,4999.9,4999.9,0.0,-219328.93,ACTUAL,BRONZE,2026-08-18T10:12:06+07:00
2023-11-07,1080.29,9999.8,5000.0,4999.8,-214329.13,ACTUAL,BRONZE,2026-08-18T10:12:06+07:00
2023-11-08,1113.43,10000.0,5000.0,5000.0,-209329.13,ACTUAL,BRONZE,2026-08-18T10:12:06+07:00
2023-11-09,1113.89,19999.9,0.0,19999.9,-189329.23,ACTUAL,BRONZE,2026-08-18T10:12:06+07:00
2023-11-10,1101.68,20000.0,0.0,20000.0,-169329.23,ACTUAL,BRONZE,2026-08-18T10:12:06+07:00
2023-11-13,1100.07,19999.7,0.0,19999.7,-149329.53,ACTUAL,BRONZE,2026-08-18T10:12:06+07:00
2023-11-14,1109.73,17950.0,0.0,17950.0,-131379.53,ACTUAL,BRONZE,2026-08-18T10:12:06+07:00
2023-11-15,1122.5,12050.0,0.0,12050.0,-119329.53,ACTUAL,BRONZE,2026-08-18T10:12:06+07:00
2023-11-16,1125.53,4250.0,0.0,4250.0,-115079.53,ACTUAL,BRONZE,2026-08-18T10:12:06+07:00
2023-11-17,1101.19,1650.0,0.0,1650.0,-113429.53,ACTUAL,BRONZE,2026-08-18T10:12:06+07:00
2023-11-20,1103.66,850.0,0.0,850.0,-112579.53,ACTUAL,BRONZE,2026-08-18T10:12:06+07:00
2023-11-21,1110.46,850.0,0.0,850.0,-111729.53,ACTUAL,BRONZE,2026-08-18T10:12:06+07:00
2023-11-22,1113.82,600.0,0.0,600.0,-111129.53,ACTUAL,BRONZE,2026-08-18T10:12:06+07:00
2023-11-23,1088.49,8250.0,0.0,8250.0,-102879.53,ACTUAL,BRONZE,2026-08-18T10:12:06+07:00
2023-11-24,1095.61,14999.9,0.0,14999.9,-87879.6299999999,ACTUAL,BRONZE,2026-08-18T10:12:06+07:00
2023-11-27,1088.06,20000.0,0.0,20000.0,-67879.6299999999,ACTUAL,BRONZE,2026-08-18T10:12:06+07:00
2023-11-28,1095.43,11950.0,0.0,11950.0,-55929.6299999999,ACTUAL,BRONZE,2026-08-18T10:12:06+07:00
2023-11-29,1102.8,7700.0,0.0,7700.0,-48229.6299999999,ACTUAL,BRONZE,2026-08-18T10:12:06+07:00
2023-11-30,1094.13,8550.0,0.0,8550.0,-39679.6299999999,ACTUAL,BRONZE,2026-08-18T10:12:06+07:00
2023-12-01,1102.16,9999.9,0.0,9999.9,-29679.7299999999,ACTUAL,BRONZE,2026-08-18T10:12:06+07:00
2023-12-04,1120.49,4999.9,0.0,4999.9,-24679.8299999999,ACTUAL,BRONZE,2026-08-18T10:12:06+07:00
2023-12-05,1115.97,5000.0,0.0,5000.0,-19679.8299999999,ACTUAL,BRONZE,2026-08-18T10:12:06+07:00
2023-12-06,1126.43,5000.0,0.0,5000.0,-14679.8299999999,ACTUAL,BRONZE,2026-08-18T10:12:06+07:00
2023-12-07,1121.49,0.0,0.0,0.0,-14679.8299999999,ACTUAL,BRONZE,2026-08-18T10:12:06+07:00
2023-12-08,1124.44,0.0,0.0,0.0,-14679.8299999999,ACTUAL,BRONZE,2026-08-18T10:12:06+07:00
2023-12-11,1125.5,0.0,0.0,0.0,-14679.8299999999,ACTUAL,BRONZE,2026-08-18T10:12:06+07:00
2023-12-12,1127.63,0.0,0.0,0.0,-14679.8299999999,ACTUAL,BRONZE,2026-08-18T10:12:06+07:00
2023-12-13,1114.2,0.0,0.0,0.0,-14679.8299999999,ACTUAL,BRONZE,2026-08-18T10:12:06+07:00
2023-12-14,1110.13,0.0,0.0,0.0,-14679.8299999999,ACTUAL,BRONZE,2026-08-18T10:12:06+07:00
2023-12-15,1102.3,0.0,0.0,0.0,-14679.8299999999,ACTUAL,BRONZE,2026-08-18T10:12:06+07:00
2023-12-18,1091.88,0.0,0.0,0.0,-14679.8299999999,ACTUAL,BRONZE,2026-08-18T10:12:06+07:00
2023-12-19,1096.3,0.0,0.0,0.0,-14679.8299999999,ACTUAL,BRONZE,2026-08-18T10:12:06+07:00
2023-12-20,1100.76,0.0,0.0,0.0,-14679.8299999999,ACTUAL,BRONZE,2026-08-18T10:12:06+07:00
2023-12-21,1102.43,0.0,0.0,0.0,-14679.8299999999,ACTUAL,BRONZE,2026-08-18T10:12:06+07:00
2023-12-22,1103.06,0.0,0.0,0.0,-14679.8299999999,ACTUAL,BRONZE,2026-08-18T10:12:06+07:00
2023-12-25,1117.66,0.0,0.0,0.0,-14679.8299999999,ACTUAL,BRONZE,2026-08-18T10:12:06+07:00
2023-12-26,1122.25,0.0,0.0,0.0,-14679.8299999999,ACTUAL,BRONZE,2026-08-18T10:12:06+07:00
2023-12-27,1121.99,0.0,0.0,0.0,-14679.8299999999,ACTUAL,BRONZE,2026-08-18T10:12:06+07:00
2023-12-28,1128.93,0.0,0.0,0.0,-14679.8299999999,ACTUAL,BRONZE,2026-08-18T10:12:06+07:00
2023-12-29,1129.93,4551.36,0.0,4551.36,-10128.4699999999,ACTUAL,BRONZE,2026-08-18T10:12:06+07:00
2024-01-02,1131.72,0.0,0.0,0.0,-10128.4699999999,ACTUAL,BRONZE,2026-08-18T10:12:06+07:00
2024-01-03,1144.17,0.0,0.0,0.0,-10128.4699999999,ACTUAL,BRONZE,2026-08-18T10:12:06+07:00
2024-01-04,1150.72,0.0,0.0,0.0,-10128.4699999999,ACTUAL,BRONZE,2026-08-18T10:12:06+07:00
2024-01-05,1154.68,1.04,4551.36,-4550.32,-14678.7899999999,ACTUAL,BRONZE,2026-08-18T10:12:06+07:00
2024-01-08,1160.19,0.0,0.0,0.0,-14678.7899999999,ACTUAL,BRONZE,2026-08-18T10:12:06+07:00
2024-01-09,1158.59,0.0,0.0,0.0,-14678.7899999999,ACTUAL,BRONZE,2026-08-18T10:12:06+07:00
2024-01-10,1161.54,0.0,0.0,0.0,-14678.7899999999,ACTUAL,BRONZE,2026-08-18T10:12:06+07:00
2024-01-11,1162.22,0.0,0.0,0.0,-14678.7899999999,ACTUAL,BRONZE,2026-08-18T10:12:06+07:00
2024-01-12,1154.7,0.0,1.04,-1.04,-14679.8299999999,ACTUAL,BRONZE,2026-08-18T10:12:06+07:00
2024-01-15,1154.12,0.0,0.0,0.0,-14679.8299999999,ACTUAL,BRONZE,2026-08-18T10:12:06+07:00
2024-01-16,1163.12,0.0,0.0,0.0,-14679.8299999999,ACTUAL,BRONZE,2026-08-18T10:12:06+07:00
2024-01-17,1162.53,0.0,0.0,0.0,-14679.8299999999,ACTUAL,BRONZE,2026-08-18T10:12:06+07:00
2024-01-18,1169.06,0.0,0.0,0.0,-14679.8299999999,ACTUAL,BRONZE,2026-08-18T10:12:06+07:00
2024-01-19,1181.5,0.0,0.0,0.0,-14679.8299999999,ACTUAL,BRONZE,2026-08-18T10:12:06+07:00
2024-01-22,1182.86,0.0,0.0,0.0,-14679.8299999999,ACTUAL,BRONZE,2026-08-18T10:12:06+07:00
2024-01-23,1177.5,0.0,0.0,0.0,-14679.8299999999,ACTUAL,BRONZE,2026-08-18T10:12:06+07:00
2024-01-24,1172.97,0.0,0.0,0.0,-14679.8299999999,ACTUAL,BRONZE,2026-08-18T10:12:06+07:00
2024-01-25,1170.37,0.0,0.0,0.0,-14679.8299999999,ACTUAL,BRONZE,2026-08-18T10:12:06+07:00
2024-01-26,1175.67,0.0,0.0,0.0,-14679.8299999999,ACTUAL,BRONZE,2026-08-18T10:12:06+07:00
2024-01-29,1175.69,0.0,0.0,0.0,-14679.8299999999,ACTUAL,BRONZE,2026-08-18T10:12:06+07:00
2024-01-31,1164.31,0.0,0.0,0.0,-14679.8299999999,ACTUAL,BRONZE,2026-08-18T10:12:06+07:00
2024-02-01,1173.02,0.0,0.0,0.0,-14679.8299999999,ACTUAL,BRONZE,2026-08-18T10:12:06+07:00
2024-02-02,1172.55,0.0,0.0,0.0,-14679.8299999999,ACTUAL,BRONZE,2026-08-18T10:12:06+07:00
2024-02-05,1186.06,0.0,0.0,0.0,-14679.8299999999,ACTUAL,BRONZE,2026-08-18T10:12:06+07:00
2024-02-07,1198.53,0.0,0.0,0.0,-14679.8299999999,ACTUAL,BRONZE,2026-08-18T10:12:06+07:00
2024-02-19,1224.97,0.0,0.0,0.0,-14679.8299999999,ACTUAL,BRONZE,2026-08-18T10:12:06+07:00
2024-02-20,1230.06,5091.04,0.0,5091.04,-9588.78999999994,ACTUAL,BRONZE,2026-08-18T10:12:06+07:00
2024-02-21,1230.04,946.47,0.0,946.47,-8642.31999999994,ACTUAL,BRONZE,2026-08-18T10:12:06+07:00
2024-02-22,1227.31,0.0,0.0,0.0,-8642.31999999994,ACTUAL,BRONZE,2026-08-18T10:12:06+07:00
2024-02-23,1212.0,0.0,0.0,0.0,-8642.31999999994,ACTUAL,BRONZE,2026-08-18T10:12:06+07:00
2024-02-26,1224.17,0.0,0.0,0.0,-8642.31999999994,ACTUAL,BRONZE,2026-08-18T10:12:06+07:00
2024-02-27,1237.46,0.0,5091.04,-5091.04,-13733.3599999999,ACTUAL,BRONZE,2026-08-18T10:12:06+07:00
2024-02-28,1254.55,0.0,946.47,-946.47,-14679.8299999999,ACTUAL,BRONZE,2026-08-18T10:12:06+07:00
2024-02-29,1252.73,0.0,0.0,0.0,-14679.8299999999,ACTUAL,BRONZE,2026-08-18T10:12:06+07:00
2024-03-01,1258.28,0.0,0.0,0.0,-14679.8299999999,ACTUAL,BRONZE,2026-08-18T10:12:06+07:00
2024-03-04,1261.41,0.0,0.0,0.0,-14679.8299999999,ACTUAL,BRONZE,2026-08-18T10:12:06+07:00
2024-03-05,1269.98,0.0,0.0,0.0,-14679.8299999999,ACTUAL,BRONZE,2026-08-18T10:12:06+07:00
2024-03-06,1262.73,0.0,0.0,0.0,-14679.8299999999,ACTUAL,BRONZE,2026-08-18T10:12:06+07:00
2024-03-07,1268.46,0.0,0.0,0.0,-14679.8299999999,ACTUAL,BRONZE,2026-08-18T10:12:06+07:00
2024-03-08,1247.35,0.0,0.0,0.0,-14679.8299999999,ACTUAL,BRONZE,2026-08-18T10:12:06+07:00
2024-03-11,1235.49,0.0,14999.8,-14999.8,-29679.6299999999,ACTUAL,BRONZE,2026-08-18T10:12:06+07:00
2024-03-12,1245.0,0.0,14999.7,-14999.7,-44679.3299999999,ACTUAL,BRONZE,2026-08-18T10:12:06+07:00
2024-03-13,1270.51,0.0,14999.7,-14999.7,-59679.0299999999,ACTUAL,BRONZE,2026-08-18T10:12:06+07:00
2024-03-14,1264.26,0.0,14999.7,-14999.7,-74678.7299999999,ACTUAL,BRONZE,2026-08-18T10:12:06+07:00
2024-03-15,1263.78,0.0,15000.0,-15000.0,-89678.7299999999,ACTUAL,BRONZE,2026-08-18T10:12:06+07:00
2024-03-18,1243.56,0.0,14999.9,-14999.9,-104678.63,ACTUAL,BRONZE,2026-08-18T10:12:06+07:00
2024-03-19,1242.46,0.0,10000.0,-10000.0,-114678.63,ACTUAL,BRONZE,2026-08-18T10:12:06+07:00
2024-03-20,1260.08,0.0,15000.0,-15000.0,-129678.63,ACTUAL,BRONZE,2026-08-18T10:12:06+07:00
2024-03-21,1276.42,0.0,15000.0,-15000.0,-144678.63,ACTUAL,BRONZE,2026-08-18T10:12:06+07:00
2024-03-22,1281.8,0.0,14700.0,-14700.0,-159378.63,ACTUAL,BRONZE,2026-08-18T10:12:06+07:00
2024-03-25,1267.86,0.0,7200.0,-7200.0,-166578.63,ACTUAL,BRONZE,2026-08-18T10:12:06+07:00
2024-03-26,1282.21,0.0,3700.0,-3700.0,-170278.63,ACTUAL,BRONZE,2026-08-18T10:12:06+07:00
2024-03-27,1283.09,0.0,8700.0,-8700.0,-178978.63,ACTUAL,BRONZE,2026-08-18T10:12:06+07:00
2024-03-28,1290.18,0.0,4600.0,-4600.0,-183578.63,ACTUAL,BRONZE,2026-08-18T10:12:06+07:00
2024-03-29,1284.09,0.0,2300.0,-2300.0,-185878.63,ACTUAL,BRONZE,2026-08-18T10:12:06+07:00
2024-04-01,1281.52,0.0,500.0,-500.0,-186378.63,ACTUAL,BRONZE,2026-08-18T10:12:06+07:00
2024-04-02,1287.04,5952.27,0.0,5952.27,-180426.36,ACTUAL,BRONZE,2026-08-18T10:12:06+07:00
2024-04-03,1271.47,2513.26,300.0,2213.26,-178213.1,ACTUAL,BRONZE,2026-08-18T10:12:06+07:00
2024-04-04,1268.25,0.0,200.0,-200.0,-178413.1,ACTUAL,BRONZE,2026-08-18T10:12:06+07:00
2024-04-05,1255.11,0.0,600.0,-600.0,-179013.1,ACTUAL,BRONZE,2026-08-18T10:12:06+07:00
2024-04-08,1250.35,14999.8,3200.0,11799.8,-167213.3,ACTUAL,BRONZE,2026-08-18T10:12:06+07:00
2024-04-09,1262.82,14999.7,9802.27,5197.43,-162015.87,ACTUAL,BRONZE,2026-08-18T10:12:06+07:00
2024-04-10,1258.56,14999.7,6513.26,8486.44,-153529.43,ACTUAL,BRONZE,2026-08-18T10:12:06+07:00
2024-04-11,1258.2,14999.7,5600.0,9399.7,-144129.73,ACTUAL,BRONZE,2026-08-18T10:12:06+07:00
2024-04-12,1276.6,24999.99,8600.0,16399.99,-127729.74,ACTUAL,BRONZE,2026-08-18T10:12:06+07:00
2024-04-15,1216.61,26999.8,2800.0,24199.8,-103529.94,ACTUAL,BRONZE,2026-08-18T10:12:06+07:00
2024-04-16,1215.68,21999.93,550.0,21449.93,-82080.01,ACTUAL,BRONZE,2026-08-18T10:12:06+07:00
2024-04-17,1193.01,20671.97,5500.0,15171.97,-66908.0399999999,ACTUAL,BRONZE,2026-08-18T10:12:06+07:00
2024-04-19,1174.85,17891.3,14249.99,3641.31,-63266.73,ACTUAL,BRONZE,2026-08-18T10:12:06+07:00
2024-04-22,1190.22,15762.5,15549.9,212.6,-63054.13,ACTUAL,BRONZE,2026-08-18T10:12:06+07:00
2024-04-23,1177.4,39699.99,14149.93,25550.06,-37504.0699999999,ACTUAL,BRONZE,2026-08-18T10:12:06+07:00
2024-04-24,1205.61,33750.67,7071.97,26678.7,-10825.3699999999,ACTUAL,BRONZE,2026-08-18T10:12:06+07:00
2024-04-25,1204.97,29599.99,400.0,29199.99,18374.6200000001,ACTUAL,BRONZE,2026-08-18T10:12:06+07:00
2024-04-26,1209.52,25491.95,7091.3,18400.65,36775.2700000001,ACTUAL,BRONZE,2026-08-18T10:12:06+07:00
2024-05-02,1216.36,758.57,2100.0,-1341.43,35433.8400000001,ACTUAL,BRONZE,2026-08-18T10:12:06+07:00
2024-05-03,1221.03,600.0,4600.0,-4000.0,31433.8400000001,ACTUAL,BRONZE,2026-08-18T10:12:06+07:00
2024-05-07,1248.63,5588.58,43199.99,-37611.41,-6177.56999999995,ACTUAL,BRONZE,2026-08-18T10:12:06+07:00
2024-05-08,1250.46,6179.48,30550.67,-24371.19,-30548.7599999999,ACTUAL,BRONZE,2026-08-18T10:12:06+07:00
2024-05-09,1248.64,6478.29,31108.56,-24630.27,-55179.0299999999,ACTUAL,BRONZE,2026-08-18T10:12:06+07:00
2024-05-10,1244.7,8600.0,26891.95,-18291.95,-73470.98,ACTUAL,BRONZE,2026-08-18T10:12:06+07:00
2024-05-13,1240.18,4359.92,1500.0,2859.92,-70611.06,ACTUAL,BRONZE,2026-08-18T10:12:06+07:00
2024-05-14,1243.28,3546.21,2288.58,1257.63,-69353.4299999999,ACTUAL,BRONZE,2026-08-18T10:12:06+07:00
2024-05-15,1254.39,8291.17,2379.48,5911.69,-63441.7399999999,ACTUAL,BRONZE,2026-08-18T10:12:06+07:00
2024-05-16,1268.78,48.23,1528.29,-1480.06,-64921.7999999999,ACTUAL,BRONZE,2026-08-18T10:12:06+07:00
2024-05-17,1273.11,4360.5,3100.0,1260.5,-63661.2999999999,ACTUAL,BRONZE,2026-08-18T10:12:06+07:00
2024-05-20,1277.58,3701.13,2359.92,1341.21,-62320.0899999999,ACTUAL,BRONZE,2026-08-18T10:12:06+07:00
2024-05-21,1277.14,4887.46,3496.21,1391.25,-60928.8399999999,ACTUAL,BRONZE,2026-08-18T10:12:06+07:00
2024-05-22,1266.91,26399.99,3441.17,22958.82,-37970.0199999999,ACTUAL,BRONZE,2026-08-18T10:12:06+07:00
2024-05-23,1281.03,43463.69,798.23,42665.46,4695.44000000005,ACTUAL,BRONZE,2026-08-18T10:12:06+07:00
2024-05-24,1261.93,30919.03,110.5,30808.53,35503.9700000001,ACTUAL,BRONZE,2026-08-18T10:12:06+07:00
2024-05-27,1267.68,6557.17,351.13,6206.04,41710.0100000001,ACTUAL,BRONZE,2026-08-18T10:12:06+07:00
2024-05-28,1281.73,2017.3,6437.46,-4420.16,37289.85,ACTUAL,BRONZE,2026-08-18T10:12:06+07:00
2024-05-29,1272.64,3109.63,30149.99,-27040.36,10249.49,ACTUAL,BRONZE,2026-08-18T10:12:06+07:00
2024-05-30,1266.32,2100.0,4900.0,-2800.0,7449.49000000005,ACTUAL,BRONZE,2026-08-18T10:12:06+07:00
2024-05-31,1261.72,4600.0,16250.0,-11650.0,-4200.50999999995,ACTUAL,BRONZE,2026-08-18T10:12:06+07:00
2024-06-04,1283.52,7200.0,6150.0,1050.0,-3150.50999999995,ACTUAL,BRONZE,2026-08-18T10:12:06+07:00
2024-06-05,1284.35,5500.0,3160.0,2340.0,-810.509999999951,ACTUAL,BRONZE,2026-08-18T10:12:06+07:00
2024-06-06,1283.56,5550.0,48863.69,-43313.69,-44124.2,ACTUAL,BRONZE,2026-08-18T10:12:06+07:00
2024-06-07,1287.58,4448.21,31919.03,-27470.82,-71595.02,ACTUAL,BRONZE,2026-08-18T10:12:06+07:00
2024-06-10,1290.67,2394.57,9130.27,-6735.7,-78330.72,ACTUAL,BRONZE,2026-08-18T10:12:06+07:00
2024-06-11,1284.41,2079.89,3317.3,-1237.41,-79568.13,ACTUAL,BRONZE,2026-08-18T10:12:06+07:00
2024-06-12,1300.19,200.0,3709.63,-3509.63,-83077.76,ACTUAL,BRONZE,2026-08-18T10:12:06+07:00
2024-06-13,1301.51,1200.7,2650.0,-1449.3,-84527.06,ACTUAL,BRONZE,2026-08-18T10:12:06+07:00
2024-06-14,1279.91,5231.68,1448.21,3783.47,-80743.59,ACTUAL,BRONZE,2026-08-18T10:12:06+07:00
2024-06-17,1274.77,800.0,3544.57,-2744.57,-83488.16,ACTUAL,BRONZE,2026-08-18T10:12:06+07:00
2024-06-18,1279.5,500.0,6679.89,-6179.89,-89668.05,ACTUAL,BRONZE,2026-08-18T10:12:06+07:00
2024-06-19,1279.79,650.0,6450.0,-5800.0,-95468.05,ACTUAL,BRONZE,2026-08-18T10:12:06+07:00
2024-06-20,1282.3,750.0,8100.7,-7350.7,-102818.75,ACTUAL,BRONZE,2026-08-18T10:12:06+07:00
2024-06-21,1282.02,0.0,11031.68,-11031.68,-113850.43,ACTUAL,BRONZE,2026-08-18T10:12:06+07:00
2024-06-24,1254.12,200.0,10150.0,-9950.0,-123800.43,ACTUAL,BRONZE,2026-08-18T10:12:06+07:00
2024-06-25,1256.56,3700.0,25000.0,-21300.0,-145100.43,ACTUAL,BRONZE,2026-08-18T10:12:06+07:00
2024-06-26,1261.24,5701.57,4630.0,1071.57,-144028.86,ACTUAL,BRONZE,2026-08-18T10:12:06+07:00
2024-06-27,1259.09,11899.99,9200.0,2699.99,-141328.87,ACTUAL,BRONZE,2026-08-18T10:12:06+07:00
2024-06-28,1245.32,36249.99,6100.0,30149.99,-111178.88,ACTUAL,BRONZE,2026-08-18T10:12:06+07:00
2024-07-01,1254.56,12690.0,12300.0,390.0,-110788.88,ACTUAL,BRONZE,2026-08-18T10:12:06+07:00
2024-07-02,1269.79,7754.0,13850.0,-6096.0,-116884.88,ACTUAL,BRONZE,2026-08-18T10:12:06+07:00
2024-07-03,1276.85,4897.16,14651.57,-9754.41,-126639.29,ACTUAL,BRONZE,2026-08-18T10:12:06+07:00
2024-07-04,1279.89,10977.56,16549.99,-5572.43,-132211.72,ACTUAL,BRONZE,2026-08-18T10:12:06+07:00
2024-07-05,1283.04,25799.99,25849.99,-50.0,-132261.72,ACTUAL,BRONZE,2026-08-18T10:12:06+07:00
2024-07-08,1283.56,22249.95,6540.0,15709.95,-116551.77,ACTUAL,BRONZE,2026-08-18T10:12:06+07:00
2024-07-09,1293.71,36299.99,6104.0,30195.99,-86355.78,ACTUAL,BRONZE,2026-08-18T10:12:06+07:00
2024-07-10,1285.94,20229.9,6787.16,13442.74,-72913.04,ACTUAL,BRONZE,2026-08-18T10:12:06+07:00
2024-07-11,1283.8,26849.99,12227.56,14622.43,-58290.61,ACTUAL,BRONZE,2026-08-18T10:12:06+07:00
2024-07-12,1280.75,7352.4,26749.99,-19397.59,-77688.2,ACTUAL,BRONZE,2026-08-18T10:12:06+07:00
2024-07-15,1279.82,17949.9,15949.95,1999.95,-75688.25,ACTUAL,BRONZE,2026-08-18T10:12:06+07:00
2024-07-16,1281.18,27895.66,21199.99,6695.67,-68992.58,ACTUAL,BRONZE,2026-08-18T10:12:06+07:00
2024-07-17,1268.66,34123.48,23099.9,11023.58,-57969.0,ACTUAL,BRONZE,2026-08-18T10:12:06+07:00
2024-07-18,1274.44,20014.68,32099.99,-12085.31,-70054.31,ACTUAL,BRONZE,2026-08-18T10:12:06+07:00
2024-07-19,1264.78,11770.67,6302.4,5468.27,-64586.04,ACTUAL,BRONZE,2026-08-18T10:12:06+07:00
2024-07-22,1254.64,13938.88,6849.9,7088.98,-57497.06,ACTUAL,BRONZE,2026-08-18T10:12:06+07:00
2024-07-23,1231.81,17563.08,12845.66,4717.42,-52779.64,ACTUAL,BRONZE,2026-08-18T10:12:06+07:00
2024-07-24,1238.47,19049.99,15173.48,3876.51,-48903.13,ACTUAL,BRONZE,2026-08-18T10:12:06+07:00
2024-07-25,1233.19,15049.99,4214.68,10835.31,-38067.82,ACTUAL,BRONZE,2026-08-18T10:12:06+07:00
2024-07-26,1242.11,27093.03,11420.67,15672.36,-22395.46,ACTUAL,BRONZE,2026-08-18T10:12:06+07:00
2024-07-29,1246.6,10861.48,22488.88,-11627.4,-34022.86,ACTUAL,BRONZE,2026-08-18T10:12:06+07:00
2024-07-30,1245.06,14863.42,35113.08,-20249.66,-54272.52,ACTUAL,BRONZE,2026-08-18T10:12:06+07:00
2024-07-31,1251.51,11152.84,23599.99,-12447.15,-66719.67,ACTUAL,BRONZE,2026-08-18T10:12:06+07:00
2024-08-01,1226.96,23099.99,17399.99,5700.0,-61019.67,ACTUAL,BRONZE,2026-08-18T10:12:06+07:00
2024-08-02,1236.6,12088.0,19193.03,-7105.03,-68124.7,ACTUAL,BRONZE,2026-08-18T10:12:06+07:00
2024-08-05,1188.07,17518.54,8161.48,9357.06,-58767.64,ACTUAL,BRONZE,2026-08-18T10:12:06+07:00
2024-08-06,1210.28,15949.97,12913.42,3036.55,-55731.09,ACTUAL,BRONZE,2026-08-18T10:12:06+07:00
2024-08-07,1215.88,15549.08,13052.54,2496.54,-53234.55,ACTUAL,BRONZE,2026-08-18T10:12:06+07:00
2024-08-08,1208.32,15299.98,15999.79,-699.81,-53934.36,ACTUAL,BRONZE,2026-08-18T10:12:06+07:00
2024-08-09,1223.64,8499.99,9588.0,-1088.01,-55022.37,ACTUAL,BRONZE,2026-08-18T10:12:06+07:00
2024-08-12,1230.28,17849.99,21768.54,-3918.55,-58940.92,ACTUAL,BRONZE,2026-08-18T10:12:06+07:00
2024-08-13,1230.42,29213.69,18499.97,10713.72,-48227.2,ACTUAL,BRONZE,2026-08-18T10:12:06+07:00
2024-08-14,1230.36,15393.6,16099.08,-705.48,-48932.68,ACTUAL,BRONZE,2026-08-18T10:12:06+07:00
2024-08-15,1223.56,26443.84,17899.98,8543.86,-40388.82,ACTUAL,BRONZE,2026-08-18T10:12:06+07:00
2024-08-16,1252.23,20774.73,7149.99,13624.74,-26764.08,ACTUAL,BRONZE,2026-08-18T10:12:06+07:00
2024-08-19,1261.62,8194.53,9299.99,-1105.46,-27869.54,ACTUAL,BRONZE,2026-08-18T10:12:06+07:00
2024-08-20,1272.55,14128.51,12163.59,1964.92,-25904.62,ACTUAL,BRONZE,2026-08-18T10:12:06+07:00
2024-08-21,1284.05,12682.73,10793.6,1889.13,-24015.49,ACTUAL,BRONZE,2026-08-18T10:12:06+07:00
2024-08-22,1282.78,18941.43,21743.84,-2802.41,-26817.9,ACTUAL,BRONZE,2026-08-18T10:12:06+07:00
2024-08-23,1285.32,20249.99,18924.53,1325.46,-25492.44,ACTUAL,BRONZE,2026-08-18T10:12:06+07:00
2024-08-26,1280.02,14080.59,4944.53,9136.06,-16356.38,ACTUAL,BRONZE,2026-08-18T10:12:06+07:00
2024-08-27,1280.56,21489.65,4878.51,16611.14,254.760000000026,ACTUAL,BRONZE,2026-08-18T10:12:06+07:00
2024-08-28,1281.44,3918.46,2683.03,1235.43,1490.19000000003,ACTUAL,BRONZE,2026-08-18T10:12:06+07:00
2024-08-29,1281.47,9473.23,8941.63,531.6,2021.79000000003,ACTUAL,BRONZE,2026-08-18T10:12:06+07:00
2024-08-30,1283.87,9149.99,16999.99,-7850.0,-5828.20999999997,ACTUAL,BRONZE,2026-08-18T10:12:06+07:00
2024-09-04,1275.8,16875.2,0.0,16875.2,11046.99,ACTUAL,BRONZE,2026-08-18T10:12:06+07:00
2024-09-05,1268.21,12489.94,5573.23,6916.71,17963.7,ACTUAL,BRONZE,2026-08-18T10:12:06+07:00
2024-09-06,1273.96,8999.79,4999.99,3999.8,21963.5,ACTUAL,BRONZE,2026-08-18T10:12:06+07:00
2024-09-09,1267.73,3999.99,5980.59,-1980.6,19982.9,ACTUAL,BRONZE,2026-08-18T10:12:06+07:00
2024-09-10,1255.23,4339.53,14989.65,-10650.12,9332.78000000003,ACTUAL,BRONZE,2026-08-18T10:12:06+07:00
2024-09-11,1253.27,0.0,13643.66,-13643.66,-4310.87999999997,ACTUAL,BRONZE,2026-08-18T10:12:06+07:00
2024-09-12,1256.35,0.0,7789.94,-7789.94,-12100.82,ACTUAL,BRONZE,2026-08-18T10:12:06+07:00
2024-09-13,1251.71,493.93,3999.99,-3506.06,-15606.88,ACTUAL,BRONZE,2026-08-18T10:12:06+07:00
2024-09-16,1239.26,536.25,3999.99,-3463.74,-19070.62,ACTUAL,BRONZE,2026-08-18T10:12:06+07:00
2024-09-17,1258.95,524.09,4339.53,-3815.44,-22886.06,ACTUAL,BRONZE,2026-08-18T10:12:06+07:00
2024-09-18,1264.9,0.0,0.0,0.0,-22886.06,ACTUAL,BRONZE,2026-08-18T10:12:06+07:00
2024-09-19,1271.27,0.0,0.0,0.0,-22886.06,ACTUAL,BRONZE,2026-08-18T10:12:06+07:00
2024-09-20,1272.04,451.26,493.93,-42.67,-22928.73,ACTUAL,BRONZE,2026-08-18T10:12:06+07:00
2024-09-23,1268.48,1523.82,536.25,987.57,-21941.16,ACTUAL,BRONZE,2026-08-18T10:12:06+07:00
2024-09-24,1276.99,23046.31,524.09,22522.22,581.06000000003,ACTUAL,BRONZE,2026-08-18T10:12:06+07:00
2024-09-25,1287.48,14999.99,0.0,14999.99,15581.05,ACTUAL,BRONZE,2026-08-18T10:12:06+07:00
2024-09-26,1291.49,7960.2,0.0,7960.2,23541.25,ACTUAL,BRONZE,2026-08-18T10:12:06+07:00
2024-09-27,1290.92,19828.83,451.26,19377.57,42918.82,ACTUAL,BRONZE,2026-08-18T10:12:06+07:00
2024-09-30,1287.94,4823.14,1523.82,3299.32,46218.14,ACTUAL,BRONZE,2026-08-18T10:12:06+07:00
2024-10-01,1292.2,3251.12,23046.31,-19795.19,26422.95,ACTUAL,BRONZE,2026-08-18T10:12:06+07:00
2024-10-02,1287.84,2265.27,14999.99,-12734.72,13688.23,ACTUAL,BRONZE,2026-08-18T10:12:06+07:00
2024-10-03,1278.1,0.0,7960.2,-7960.2,5728.03000000003,ACTUAL,BRONZE,2026-08-18T10:12:06+07:00
2024-10-04,1270.6,451.94,19828.83,-19376.89,-13648.86,ACTUAL,BRONZE,2026-08-18T10:12:06+07:00
2024-10-07,1269.93,0.0,4823.14,-4823.14,-18472.0,ACTUAL,BRONZE,2026-08-18T10:12:06+07:00
2024-10-08,1271.98,0.0,3251.12,-3251.12,-21723.12,ACTUAL,BRONZE,2026-08-18T10:12:06+07:00
2024-10-09,1281.85,0.0,2265.27,-2265.27,-23988.39,ACTUAL,BRONZE,2026-08-18T10:12:06+07:00
2024-10-10,1286.36,0.0,0.0,0.0,-23988.39,ACTUAL,BRONZE,2026-08-18T10:12:06+07:00
2024-10-11,1288.39,0.0,451.94,-451.94,-24440.33,ACTUAL,BRONZE,2026-08-18T10:12:06+07:00
2024-10-14,1286.34,0.0,0.0,0.0,-24440.33,ACTUAL,BRONZE,2026-08-18T10:12:06+07:00
2024-10-15,1281.08,0.0,0.0,0.0,-24440.33,ACTUAL,BRONZE,2026-08-18T10:12:06+07:00
2024-10-16,1279.48,0.0,0.0,0.0,-24440.33,ACTUAL,BRONZE,2026-08-18T10:12:06+07:00
2024-10-17,1286.52,0.0,0.0,0.0,-24440.33,ACTUAL,BRONZE,2026-08-18T10:12:06+07:00
2024-10-18,1285.46,0.0,12300.0,-12300.0,-36740.33,ACTUAL,BRONZE,2026-08-18T10:12:06+07:00
2024-10-21,1279.77,0.0,21650.0,-21650.0,-58390.33,ACTUAL,BRONZE,2026-08-18T10:12:06+07:00
2024-10-22,1269.89,3000.0,12450.0,-9450.0,-67840.33,ACTUAL,BRONZE,2026-08-18T10:12:06+07:00
2024-10-23,1270.9,2014.65,12800.0,-10785.35,-78625.68,ACTUAL,BRONZE,2026-08-18T10:12:06+07:00
2024-10-24,1257.41,3000.0,3250.0,-250.0,-78875.68,ACTUAL,BRONZE,2026-08-18T10:12:06+07:00
2024-10-25,1252.72,4999.92,4500.0,499.92,-78375.76,ACTUAL,BRONZE,2026-08-18T10:12:06+07:00
2024-10-28,1254.77,10000.0,800.0,9200.0,-69175.76,ACTUAL,BRONZE,2026-08-18T10:12:06+07:00
2024-10-29,1261.78,14999.91,6600.0,8399.91,-60775.85,ACTUAL,BRONZE,2026-08-18T10:12:06+07:00
2024-10-30,1258.63,3000.0,7514.65,-4514.65,-65290.5,ACTUAL,BRONZE,2026-08-18T10:12:06+07:00
2024-10-31,1264.48,3000.0,15350.0,-12350.0,-77640.5,ACTUAL,BRONZE,2026-08-18T10:12:06+07:00
2024-11-01,1254.89,7400.0,6299.92,1100.08,-76540.42,ACTUAL,BRONZE,2026-08-18T10:12:06+07:00
2024-11-04,1244.71,33899.97,10300.0,23599.97,-52940.45,ACTUAL,BRONZE,2026-08-18T10:12:06+07:00
2024-11-05,1245.76,23599.95,15599.91,8000.04,-44940.41,ACTUAL,BRONZE,2026-08-18T10:12:06+07:00
2024-11-06,1261.28,18299.99,3600.0,14699.99,-30240.42,ACTUAL,BRONZE,2026-08-18T10:12:06+07:00
2024-11-07,1259.75,15600.0,3900.0,11700.0,-18540.42,ACTUAL,BRONZE,2026-08-18T10:12:06+07:00
2024-11-08,1252.56,12000.0,4550.0,7450.0,-11090.42,ACTUAL,BRONZE,2026-08-18T10:12:06+07:00
2024-11-11,1250.32,15599.96,30499.97,-14900.01,-25990.43,ACTUAL,BRONZE,2026-08-18T10:12:06+07:00
2024-11-12,1244.82,17399.99,20299.95,-2899.96,-28890.39,ACTUAL,BRONZE,2026-08-18T10:12:06+07:00
2024-11-13,1246.04,35299.93,15299.99,19999.94,-8890.44999999997,ACTUAL,BRONZE,2026-08-18T10:12:06+07:00
2024-11-14,1231.89,26299.91,16450.0,9849.91,959.460000000028,ACTUAL,BRONZE,2026-08-18T10:12:06+07:00
2024-11-15,1218.57,28899.94,10000.0,18899.94,19859.4,ACTUAL,BRONZE,2026-08-18T10:12:06+07:00
2024-11-18,1217.12,32750.0,15399.96,17350.04,37209.44,ACTUAL,BRONZE,2026-08-18T10:12:06+07:00
2024-11-19,1205.15,23850.0,15199.99,8650.01,45859.45,ACTUAL,BRONZE,2026-08-18T10:12:06+07:00
2024-11-20,1216.54,17500.0,30799.93,-13299.93,32559.52,ACTUAL,BRONZE,2026-08-18T10:12:06+07:00
2024-11-21,1228.33,7650.0,21699.91,-14049.91,18509.61,ACTUAL,BRONZE,2026-08-18T10:12:06+07:00
2024-11-22,1228.1,27500.0,20499.94,7000.06,25509.67,ACTUAL,BRONZE,2026-08-18T10:12:06+07:00
2024-11-25,1234.7,20199.91,15500.0,4699.91,30209.58,ACTUAL,BRONZE,2026-08-18T10:12:06+07:00
2024-11-26,1242.13,21200.0,15300.0,5900.0,36109.58,ACTUAL,BRONZE,2026-08-18T10:12:06+07:00
2024-11-27,1241.97,10199.94,8250.0,1949.94,38059.52,ACTUAL,BRONZE,2026-08-18T10:12:06+07:00
2024-11-28,1242.11,9050.0,9150.0,-100.0,37959.52,ACTUAL,BRONZE,2026-08-18T10:12:06+07:00
2024-11-29,1250.46,1300.0,29780.0,-28480.0,9479.52000000003,ACTUAL,BRONZE,2026-08-18T10:12:06+07:00
2024-12-02,1251.21,10300.0,21499.91,-11199.91,-1720.38999999997,ACTUAL,BRONZE,2026-08-18T10:12:06+07:00
2024-12-03,1249.83,10600.0,24800.0,-14200.0,-15920.39,ACTUAL,BRONZE,2026-08-18T10:12:06+07:00
2024-12-04,1240.41,8600.0,10549.94,-1949.94,-17870.33,ACTUAL,BRONZE,2026-08-18T10:12:06+07:00
2024-12-05,1267.53,1900.0,12125.0,-10225.0,-28095.33,ACTUAL,BRONZE,2026-08-18T10:12:06+07:00
2024-12-06,1270.14,2550.0,5500.0,-2950.0,-31045.33,ACTUAL,BRONZE,2026-08-18T10:12:06+07:00
2024-12-09,1273.84,5499.97,16500.0,-11000.03,-42045.36,ACTUAL,BRONZE,2026-08-18T10:12:06+07:00
2024-12-10,1272.07,5299.99,11650.0,-6350.01,-48395.37,ACTUAL,BRONZE,2026-08-18T10:12:06+07:00
2024-12-11,1268.86,20299.93,9500.0,10799.93,-37595.44,ACTUAL,BRONZE,2026-08-18T10:12:06+07:00
2024-12-12,1267.35,21450.0,1200.0,20250.0,-17345.44,ACTUAL,BRONZE,2026-08-18T10:12:06+07:00
2024-12-13,1262.57,1000.0,8100.0,-7100.0,-24445.44,ACTUAL,BRONZE,2026-08-18T10:12:06+07:00
2024-12-16,1263.79,2900.0,17179.97,-14279.97,-38725.41,ACTUAL,BRONZE,2026-08-18T10:12:06+07:00
2024-12-17,1261.72,2499.93,16049.99,-13550.06,-52275.47,ACTUAL,BRONZE,2026-08-18T10:12:06+07:00
2024-12-18,1266.0,2050.0,26849.93,-24799.93,-77075.4,ACTUAL,BRONZE,2026-08-18T10:12:06+07:00
2024-12-19,1254.67,8025.0,33700.0,-25675.0,-102750.4,ACTUAL,BRONZE,2026-08-18T10:12:06+07:00
2024-12-20,1257.5,14500.0,7643.0,6857.0,-95893.4,ACTUAL,BRONZE,2026-08-18T10:12:06+07:00
2024-12-23,1262.76,26000.0,3800.0,22200.0,-73693.4,ACTUAL,BRONZE,2026-08-18T10:12:06+07:00
2024-12-24,1260.36,16149.99,4649.93,11500.06,-62193.34,ACTUAL,BRONZE,2026-08-18T10:12:06+07:00
2024-12-25,1274.04,16749.99,1000.0,15749.99,-46443.35,ACTUAL,BRONZE,2026-08-18T10:12:06+07:00
2024-12-26,1272.87,29149.93,8500.0,20649.93,-25793.42,ACTUAL,BRONZE,2026-08-18T10:12:06+07:00
2024-12-27,1275.14,23323.0,6860.0,16463.0,-9330.41999999997,ACTUAL,BRONZE,2026-08-18T10:12:06+07:00
2024-12-30,1272.02,17100.0,9990.0,7110.0,-2220.41999999997,ACTUAL,BRONZE,2026-08-18T10:12:06+07:00
2024-12-31,1266.78,18989.01,5000.0,13989.01,11768.59,ACTUAL,BRONZE,2026-08-18T10:12:06+07:00
2025-01-02,1269.71,15997.2,18850.0,-2852.8,8915.79000000003,ACTUAL,BRONZE,2026-08-18T10:12:06+07:00
2025-01-03,1254.59,8360.0,27300.0,-18940.0,-10024.21,ACTUAL,BRONZE,2026-08-18T10:12:06+07:00
2025-01-06,1246.35,14390.0,44050.0,-29660.0,-39684.21,ACTUAL,BRONZE,2026-08-18T10:12:06+07:00
2025-01-07,1246.95,10800.0,42239.0,-31439.0,-71123.21,ACTUAL,BRONZE,2026-08-18T10:12:06+07:00
2025-01-08,1251.02,7000.0,25149.99,-18149.99,-89273.2,ACTUAL,BRONZE,2026-08-18T10:12:06+07:00
2025-01-09,1245.77,25449.98,23647.13,1802.85,-87470.35,ACTUAL,BRONZE,2026-08-18T10:12:06+07:00
2025-01-10,1230.48,32499.9,7650.0,24849.9,-62620.45,ACTUAL,BRONZE,2026-08-18T10:12:06+07:00
2025-01-13,1235.65,31930.0,9500.0,22430.0,-40190.45,ACTUAL,BRONZE,2026-08-18T10:12:06+07:00
2025-01-14,1229.07,25800.0,10000.0,15800.0,-24390.45,ACTUAL,BRONZE,2026-08-18T10:12:06+07:00
2025-01-15,1236.18,7000.0,20950.0,-13950.0,-38340.45,ACTUAL,BRONZE,2026-08-18T10:12:06+07:00
2025-01-16,1242.36,12100.0,21999.98,-9899.98,-48240.43,ACTUAL,BRONZE,2026-08-18T10:12:06+07:00
2025-01-17,1249.11,17850.0,25299.9,-7449.9,-55690.33,ACTUAL,BRONZE,2026-08-18T10:12:06+07:00
2025-01-20,1249.55,41100.0,18550.0,22550.0,-33140.33,ACTUAL,BRONZE,2026-08-18T10:12:06+07:00
2025-01-21,1246.09,32905.19,12550.0,20355.19,-12785.14,ACTUAL,BRONZE,2026-08-18T10:12:06+07:00
2025-01-22,1242.53,58201.2,8650.0,49551.2,36766.06,ACTUAL,BRONZE,2026-08-18T10:12:06+07:00
2025-01-23,1259.63,26150.0,14999.6,11150.4,47916.46,ACTUAL,BRONZE,2026-08-18T10:12:06+07:00
2025-01-24,1265.05,43823.57,18100.0,25723.57,73640.03,ACTUAL,BRONZE,2026-08-18T10:12:06+07:00
2025-02-03,1253.03,32452.0,21400.0,11052.0,84692.03,ACTUAL,BRONZE,2026-08-18T10:12:06+07:00
2025-02-04,1264.68,34823.93,10155.19,24668.74,109360.77,ACTUAL,BRONZE,2026-08-18T10:12:06+07:00
2025-02-05,1269.61,18650.0,18651.2,-1.2,109359.57,ACTUAL,BRONZE,2026-08-18T10:12:06+07:00
2025-02-06,1271.48,18171.73,9999.8,8171.93,117531.5,ACTUAL,BRONZE,2026-08-18T10:12:06+07:00
2025-02-07,1275.2,20825.86,30406.87,-9581.01,107950.49,ACTUAL,BRONZE,2026-08-18T10:12:06+07:00
2025-02-10,1263.26,32765.01,26600.0,6165.01,114115.5,ACTUAL,BRONZE,2026-08-18T10:12:06+07:00
2025-02-11,1268.45,23387.22,23273.73,113.49,114228.99,ACTUAL,BRONZE,2026-08-18T10:12:06+07:00
2025-02-12,1266.91,20703.11,39999.9,-19296.79,94932.2,ACTUAL,BRONZE,2026-08-18T10:12:06+07:00
2025-02-13,1270.35,16363.67,18172.13,-1808.46,93123.74,ACTUAL,BRONZE,2026-08-18T10:12:06+07:00
2025-02-14,1276.08,9414.55,32692.46,-23277.91,69845.83,ACTUAL,BRONZE,2026-08-18T10:12:06+07:00
2025-02-17,1272.72,17641.18,33152.0,-15510.82,54335.01,ACTUAL,BRONZE,2026-08-18T10:12:06+07:00
2025-02-18,1278.14,20072.09,34244.71,-14172.62,40162.39,ACTUAL,BRONZE,2026-08-18T10:12:06+07:00
2025-02-19,1288.56,6852.8,11652.81,-4800.01,35362.38,ACTUAL,BRONZE,2026-08-18T10:12:06+07:00
2025-02-20,1292.98,5000.0,4999.7,0.3,35362.68,ACTUAL,BRONZE,2026-08-18T10:12:06+07:00
2025-02-21,1296.75,7092.33,6764.45,327.88,35690.56,ACTUAL,BRONZE,2026-08-18T10:12:06+07:00
2025-02-24,1304.56,22024.06,34405.89,-12381.83,23308.73,ACTUAL,BRONZE,2026-08-18T10:12:06+07:00
2025-02-25,1303.16,22121.55,30764.7,-8643.15,14665.58,ACTUAL,BRONZE,2026-08-18T10:12:06+07:00
2025-02-26,1302.96,10918.57,12852.7,-1934.13,12731.45,ACTUAL,BRONZE,2026-08-18T10:12:06+07:00
2025-02-27,1307.8,13923.11,12363.87,1559.24,14290.69,ACTUAL,BRONZE,2026-08-18T10:12:06+07:00
2025-02-28,1305.36,21382.75,3092.33,18290.42,32581.11,ACTUAL,BRONZE,2026-08-18T10:12:06+07:00
2025-03-03,1309.37,22188.52,18774.06,3414.46,35995.57,ACTUAL,BRONZE,2026-08-18T10:12:06+07:00
2025-03-04,1311.91,8688.31,7513.41,1174.9,37170.47,ACTUAL,BRONZE,2026-08-18T10:12:06+07:00
2025-03-05,1304.71,7970.35,2235.01,5735.34,42905.81,ACTUAL,BRONZE,2026-08-18T10:12:06+07:00
2025-03-06,1318.22,1767.28,7000.0,-5232.72,37673.09,ACTUAL,BRONZE,2026-08-18T10:12:06+07:00
2025-03-07,1326.05,6485.68,12436.05,-5950.37,31722.72,ACTUAL,BRONZE,2026-08-18T10:12:06+07:00
2025-03-10,1330.28,17202.96,0.0,17202.96,48925.68,ACTUAL,BRONZE,2026-08-18T10:12:06+07:00
2025-03-11,1332.54,11270.05,11157.94,112.11,49037.79,ACTUAL,BRONZE,2026-08-18T10:12:06+07:00
2025-03-12,1334.41,12710.79,10654.41,2056.38,51094.17,ACTUAL,BRONZE,2026-08-18T10:12:06+07:00
2025-03-13,1326.27,6890.47,2690.69,4199.78,55293.95,ACTUAL,BRONZE,2026-08-18T10:12:06+07:00
2025-03-14,1326.15,12307.07,11432.58,874.49,56168.44,ACTUAL,BRONZE,2026-08-18T10:12:06+07:00
2025-03-17,1336.26,19720.63,31202.96,-11482.33,44686.11,ACTUAL,BRONZE,2026-08-18T10:12:06+07:00
2025-03-18,1330.97,14657.39,14969.58,-312.19,44373.92,ACTUAL,BRONZE,2026-08-18T10:12:06+07:00
2025-03-19,1324.63,1844.6,10973.88,-9129.28,35244.64,ACTUAL,BRONZE,2026-08-18T10:12:06+07:00
2025-03-20,1323.93,7384.93,6798.67,586.26,35830.9,ACTUAL,BRONZE,2026-08-18T10:12:06+07:00
2025-03-21,1321.88,27235.1,12307.07,14928.03,50758.93,ACTUAL,BRONZE,2026-08-18T10:12:06+07:00
2025-03-24,1330.32,18792.64,19720.63,-927.99,49830.94,ACTUAL,BRONZE,2026-08-18T10:12:06+07:00
2025-03-25,1331.92,17148.89,13641.61,3507.28,53338.22,ACTUAL,BRONZE,2026-08-18T10:12:06+07:00
2025-03-26,1326.09,8521.65,1844.6,6677.05,60015.27,ACTUAL,BRONZE,2026-08-18T10:12:06+07:00
2025-03-27,1323.81,4042.57,4379.43,-336.86,59678.41,ACTUAL,BRONZE,2026-08-18T10:12:06+07:00
2025-03-28,1317.46,4589.1,12710.12,-8121.02,51557.39,ACTUAL,BRONZE,2026-08-18T10:12:06+07:00
2025-03-31,1306.86,30048.34,18147.04,11901.3,63458.69,ACTUAL,BRONZE,2026-08-18T10:12:06+07:00
2025-04-01,1317.33,18640.77,13288.05,5352.72,68811.41,ACTUAL,BRONZE,2026-08-18T10:12:06+07:00
2025-04-02,1317.83,1383.52,5047.67,-3664.15,65147.26,ACTUAL,BRONZE,2026-08-18T10:12:06+07:00
2025-04-03,1229.84,1741.56,3386.14,-1644.58,63502.68,ACTUAL,BRONZE,2026-08-18T10:12:06+07:00
2025-04-04,1210.67,12387.47,10095.21,2292.26,65794.94,ACTUAL,BRONZE,2026-08-18T10:12:06+07:00
2025-04-08,1132.79,33816.39,29967.44,3848.95,69643.89,ACTUAL,BRONZE,2026-08-18T10:12:06+07:00
2025-04-09,1094.3,12970.75,3696.27,9274.48,78918.37,ACTUAL,BRONZE,2026-08-18T10:12:06+07:00
2025-04-10,1168.34,8327.68,1594.17,6733.51,85651.88,ACTUAL,BRONZE,2026-08-18T10:12:06+07:00
2025-04-11,1222.46,18939.2,9041.47,9897.73,95549.61,ACTUAL,BRONZE,2026-08-18T10:12:06+07:00
2025-04-14,1241.44,17301.95,10327.58,6974.37,102523.98,ACTUAL,BRONZE,2026-08-18T10:12:06+07:00
2025-04-15,1227.79,14519.18,34853.2,-20334.02,82189.96,ACTUAL,BRONZE,2026-08-18T10:12:06+07:00
2025-04-16,1210.3,7896.16,11272.35,-3376.19,78813.77,ACTUAL,BRONZE,2026-08-18T10:12:06+07:00
2025-04-17,1217.25,7977.52,1369.84,6607.68,85421.45,ACTUAL,BRONZE,2026-08-18T10:12:06+07:00
2025-04-18,1219.12,15984.02,14212.43,1771.59,87193.04,ACTUAL,BRONZE,2026-08-18T10:12:06+07:00
2025-04-21,1207.07,20437.16,4027.59,16409.57,103602.61,ACTUAL,BRONZE,2026-08-18T10:12:06+07:00
2025-04-22,1197.13,7005.26,17626.18,-10620.92,92981.69,ACTUAL,BRONZE,2026-08-18T10:12:06+07:00
2025-04-23,1211.0,7542.05,8389.15,-847.1,92134.59,ACTUAL,BRONZE,2026-08-18T10:12:06+07:00
2025-04-24,1223.35,6114.01,12190.8,-6076.79,86057.8,ACTUAL,BRONZE,2026-08-18T10:12:06+07:00
2025-04-25,1229.23,1361.85,19951.26,-18589.41,67468.39,ACTUAL,BRONZE,2026-08-18T10:12:06+07:00
2025-04-28,1226.8,3300.32,18617.46,-15317.14,52151.25,ACTUAL,BRONZE,2026-08-18T10:12:06+07:00
2025-04-29,1226.3,2619.37,7652.34,-5032.97,47118.28,ACTUAL,BRONZE,2026-08-18T10:12:06+07:00
2025-05-05,1240.05,19363.98,2003.82,17360.16,64478.44,ACTUAL,BRONZE,2026-08-18T10:12:06+07:00
2025-05-06,1241.95,2413.94,2164.18,249.76,64728.2,ACTUAL,BRONZE,2026-08-18T10:12:06+07:00
2025-05-07,1250.37,3018.46,7551.05,-4532.59,60195.61,ACTUAL,BRONZE,2026-08-18T10:12:06+07:00
2025-05-08,1269.8,4537.4,10592.6,-6055.2,54140.41,ACTUAL,BRONZE,2026-08-18T10:12:06+07:00
2025-05-09,1267.3,8760.56,11436.76,-2676.2,51464.21,ACTUAL,BRONZE,2026-08-18T10:12:06+07:00
2025-05-12,1283.26,7552.19,24923.55,-17371.36,34092.85,ACTUAL,BRONZE,2026-08-18T10:12:06+07:00
2025-05-13,1293.43,5055.96,7539.65,-2483.69,31609.16,ACTUAL,BRONZE,2026-08-18T10:12:06+07:00
2025-05-14,1309.73,2387.62,3456.75,-1069.13,30540.03,ACTUAL,BRONZE,2026-08-18T10:12:06+07:00
2025-05-15,1313.2,3038.01,4830.79,-1792.78,28747.25,ACTUAL,BRONZE,2026-08-18T10:12:06+07:00
2025-05-16,1301.39,363.48,7139.99,-6776.51,21970.74,ACTUAL,BRONZE,2026-08-18T10:12:06+07:00
2025-05-19,1296.29,8647.35,10468.91,-1821.56,20149.18,ACTUAL,BRONZE,2026-08-18T10:12:06+07:00
2025-05-20,1315.15,4298.81,6477.66,-2178.85,17970.33,ACTUAL,BRONZE,2026-08-18T10:12:06+07:00
2025-05-21,1323.05,3761.86,4116.05,-354.19,17616.14,ACTUAL,BRONZE,2026-08-18T10:12:06+07:00
2025-05-22,1313.84,6900.95,2816.27,4084.68,21700.82,ACTUAL,BRONZE,2026-08-18T10:12:06+07:00
2025-05-23,1314.46,1344.85,2400.08,-1055.23,20645.59,ACTUAL,BRONZE,2026-08-18T10:12:06+07:00
2025-05-26,1332.51,7730.86,6372.09,1358.77,22004.36,ACTUAL,BRONZE,2026-08-18T10:12:06+07:00
2025-05-27,1339.81,6273.68,2459.43,3814.25,25818.61,ACTUAL,BRONZE,2026-08-18T10:12:06+07:00
2025-05-28,1341.87,3858.42,1314.1,2544.32,28362.93,ACTUAL,BRONZE,2026-08-18T10:12:06+07:00
2025-05-29,1341.86,407.48,4312.51,-3905.03,24457.9,ACTUAL,BRONZE,2026-08-18T10:12:06+07:00
2025-05-30,1332.6,1248.24,0.0,1248.24,25706.14,ACTUAL,BRONZE,2026-08-18T10:12:06+07:00
2025-06-02,1336.3,2470.81,9742.34,-7271.53,18434.61,ACTUAL,BRONZE,2026-08-18T10:12:06+07:00
2025-06-03,1347.25,3152.4,2867.85,284.55,18719.16,ACTUAL,BRONZE,2026-08-18T10:12:06+07:00
2025-06-04,1345.74,0.0,1314.3,-1314.3,17404.86,ACTUAL,BRONZE,2026-08-18T10:12:06+07:00
2025-06-05,1342.09,707.41,4842.64,-4135.23,13269.63,ACTUAL,BRONZE,2026-08-18T10:12:06+07:00
2025-06-06,1329.89,0.0,2593.09,-2593.09,10676.54,ACTUAL,BRONZE,2026-08-18T10:12:06+07:00
2025-06-09,1310.57,491.65,3743.61,-3251.96,7424.58,ACTUAL,BRONZE,2026-08-18T10:12:06+07:00
2025-06-10,1316.23,0.0,1273.51,-1273.51,6151.07,ACTUAL,BRONZE,2026-08-18T10:12:06+07:00
2025-06-11,1315.2,4317.43,2650.24,1667.19,7818.26,ACTUAL,BRONZE,2026-08-18T10:12:06+07:00
2025-06-12,1322.99,5073.74,91.8,4981.94,12800.2,ACTUAL,BRONZE,2026-08-18T10:12:06+07:00
2025-06-13,1315.49,322.82,1009.82,-687.0,12113.2,ACTUAL,BRONZE,2026-08-18T10:12:06+07:00
2025-06-16,1338.11,0.0,1750.9,-1750.9,10362.3,ACTUAL,BRONZE,2026-08-18T10:12:06+07:00
2025-06-17,1347.69,0.0,1381.75,-1381.75,8980.55,ACTUAL,BRONZE,2026-08-18T10:12:06+07:00
2025-06-18,1346.83,485.31,0.0,485.31,9465.86,ACTUAL,BRONZE,2026-08-18T10:12:06+07:00
2025-06-19,1352.04,0.0,4138.2,-4138.2,5327.66,ACTUAL,BRONZE,2026-08-18T10:12:06+07:00
2025-06-20,1349.35,0.0,1623.64,-1623.64,3704.02,ACTUAL,BRONZE,2026-08-18T10:12:06+07:00
2025-06-23,1358.18,0.0,1795.9,-1795.9,1908.12,ACTUAL,BRONZE,2026-08-18T10:12:06+07:00
2025-06-24,1366.77,1508.63,4823.13,-3314.5,-1406.38,ACTUAL,BRONZE,2026-08-18T10:12:06+07:00
2025-06-25,1366.75,7875.2,13055.23,-5180.03,-6586.41,ACTUAL,BRONZE,2026-08-18T10:12:06+07:00
2025-06-26,1365.67,20442.06,10335.5,10106.56,3520.15,ACTUAL,BRONZE,2026-08-18T10:12:06+07:00
2025-06-27,1371.44,40365.04,322.82,40042.22,43562.37,ACTUAL,BRONZE,2026-08-18T10:12:06+07:00
2025-06-30,1376.07,52904.4,0.0,52904.4,96466.77,ACTUAL,BRONZE,2026-08-18T10:12:06+07:00
2025-07-01,1377.84,7301.46,4778.08,2523.38,98990.15,ACTUAL,BRONZE,2026-08-18T10:12:06+07:00
2025-07-02,1384.59,10000.0,8377.87,1622.13,100612.28,ACTUAL,BRONZE,2026-08-18T10:12:06+07:00
2025-07-03,1381.96,9595.77,29642.06,-20046.29,80565.99,ACTUAL,BRONZE,2026-08-18T10:12:06+07:00
2025-07-04,1386.97,5122.56,32734.85,-27612.29,52953.7,ACTUAL,BRONZE,2026-08-18T10:12:06+07:00
2025-07-07,1402.06,9000.0,38055.38,-29055.38,23898.32,ACTUAL,BRONZE,2026-08-18T10:12:06+07:00
2025-07-08,1415.46,16509.6,13043.36,3466.24,27364.56,ACTUAL,BRONZE,2026-08-18T10:12:06+07:00
2025-07-09,1431.32,18932.85,5410.15,13522.7,40887.26,ACTUAL,BRONZE,2026-08-18T10:12:06+07:00
2025-07-10,1445.64,24409.62,5195.77,19213.85,60101.11,ACTUAL,BRONZE,2026-08-18T10:12:06+07:00
2025-07-11,1457.76,19644.18,21400.0,-1755.82,58345.29,ACTUAL,BRONZE,2026-08-18T10:12:06+07:00
2025-07-14,1470.42,22160.37,33019.72,-10859.35,47485.94,ACTUAL,BRONZE,2026-08-18T10:12:06+07:00
2025-07-15,1460.65,40977.94,15999.9,24978.04,72463.98,ACTUAL,BRONZE,2026-08-18T10:12:06+07:00
2025-07-16,1475.47,35000.0,21994.75,13005.25,85469.23,ACTUAL,BRONZE,2026-08-18T10:12:06+07:00
2025-07-17,1490.01,29775.63,14756.42,15019.21,100488.44,ACTUAL,BRONZE,2026-08-18T10:12:06+07:00
2025-07-18,1497.28,27715.62,11444.18,16271.44,116759.88,ACTUAL,BRONZE,2026-08-18T10:12:06+07:00
2025-07-21,1485.05,25364.23,17160.37,8203.86,124963.74,ACTUAL,BRONZE,2026-08-18T10:12:06+07:00
2025-07-22,1509.54,36918.33,31067.05,5851.28,130815.02,ACTUAL,BRONZE,2026-08-18T10:12:06+07:00
2025-07-23,1512.31,39713.63,30000.0,9713.63,140528.65,ACTUAL,BRONZE,2026-08-18T10:12:06+07:00
2025-07-24,1521.02,47176.06,24678.19,22497.87,163026.52,ACTUAL,BRONZE,2026-08-18T10:12:06+07:00
2025-07-25,1531.13,31528.76,7940.46,23588.3,186614.82,ACTUAL,BRONZE,2026-08-18T10:12:06+07:00
2025-07-28,1557.42,18378.0,3818.7,14559.3,201174.12,ACTUAL,BRONZE,2026-08-18T10:12:06+07:00
2025-07-29,1531.76,10149.28,13053.03,-2903.75,198270.37,ACTUAL,BRONZE,2026-08-18T10:12:06+07:00
2025-07-30,1507.63,1493.85,10548.65,-9054.8,189215.57,ACTUAL,BRONZE,2026-08-18T10:12:06+07:00
2025-07-31,1502.52,7835.26,14431.76,-6596.5,182619.07,ACTUAL,BRONZE,2026-08-18T10:12:06+07:00
2025-08-01,1495.21,30976.44,28746.31,2230.13,184849.2,ACTUAL,BRONZE,2026-08-18T10:12:06+07:00
2025-08-04,1528.19,25578.56,18853.62,6724.94,191574.14,ACTUAL,BRONZE,2026-08-18T10:12:06+07:00
2025-08-05,1547.15,19996.92,22865.4,-2868.48,188705.66,ACTUAL,BRONZE,2026-08-18T10:12:06+07:00
2025-08-06,1573.71,28522.88,26706.35,1816.53,190522.19,ACTUAL,BRONZE,2026-08-18T10:12:06+07:00
2025-08-07,1581.81,26111.72,30539.22,-4427.5,186094.69,ACTUAL,BRONZE,2026-08-18T10:12:06+07:00
2025-08-08,1584.95,25269.64,19160.59,6109.05,192203.74,ACTUAL,BRONZE,2026-08-18T10:12:06+07:00
2025-08-11,1596.86,26476.19,21854.94,4621.25,196824.99,ACTUAL,BRONZE,2026-08-18T10:12:06+07:00
2025-08-12,1608.22,8765.39,15781.92,-7016.53,189808.46,ACTUAL,BRONZE,2026-08-18T10:12:06+07:00
2025-08-13,1611.6,876.77,6191.14,-5314.37,184494.09,ACTUAL,BRONZE,2026-08-18T10:12:06+07:00
2025-08-14,1640.69,5041.49,10235.69,-5194.2,179299.89,ACTUAL,BRONZE,2026-08-18T10:12:06+07:00
2025-08-15,1630.0,18316.98,25830.8,-7513.82,171786.07,ACTUAL,BRONZE,2026-08-18T10:12:06+07:00
2025-08-18,1636.37,5119.97,13725.58,-8605.61,163180.46,ACTUAL,BRONZE,2026-08-18T10:12:06+07:00
2025-08-19,1654.2,11048.11,12807.46,-1759.35,161421.11,ACTUAL,BRONZE,2026-08-18T10:12:06+07:00
2025-08-20,1664.36,5911.7,14234.22,-8322.52,153098.59,ACTUAL,BRONZE,2026-08-18T10:12:06+07:00
2025-08-21,1688.0,28070.28,27696.43,373.85,153472.44,ACTUAL,BRONZE,2026-08-18T10:12:06+07:00
2025-08-22,1645.47,53294.54,32088.84,21205.7,174678.14,ACTUAL,BRONZE,2026-08-18T10:12:06+07:00
2025-08-25,1614.03,32615.18,17152.01,15463.17,190141.31,ACTUAL,BRONZE,2026-08-18T10:12:06+07:00
2025-08-26,1667.63,3779.89,12119.16,-8339.27,181802.04,ACTUAL,BRONZE,2026-08-18T10:12:06+07:00
2025-08-27,1672.78,0.0,3694.02,-3694.02,178108.02,ACTUAL,BRONZE,2026-08-18T10:12:06+07:00
2025-08-28,1680.86,0.0,8516.03,-8516.03,169591.99,ACTUAL,BRONZE,2026-08-18T10:12:06+07:00
2025-08-29,1682.21,5156.94,17341.14,-12184.2,157407.79,ACTUAL,BRONZE,2026-08-18T10:12:06+07:00
2025-09-03,1681.3,28328.11,11085.37,17242.74,174650.53,ACTUAL,BRONZE,2026-08-18T10:12:06+07:00
2025-09-04,1696.29,14101.0,19523.06,-5422.06,169228.47,ACTUAL,BRONZE,2026-08-18T10:12:06+07:00
2025-09-05,1666.97,7000.0,31394.03,-24394.03,144834.44,ACTUAL,BRONZE,2026-08-18T10:12:06+07:00
2025-09-08,1624.53,36076.12,35596.57,479.55,145313.99,ACTUAL,BRONZE,2026-08-18T10:12:06+07:00
2025-09-09,1637.32,6000.0,340.06,5659.94,150973.93,ACTUAL,BRONZE,2026-08-18T10:12:06+07:00
2025-09-10,1643.26,3984.7,21418.3,-17433.6,133540.33,ACTUAL,BRONZE,2026-08-18T10:12:06+07:00
2025-09-11,1657.75,4093.62,2061.55,2032.07,135572.4,ACTUAL,BRONZE,2026-08-18T10:12:06+07:00
2025-09-12,1667.26,13847.88,6789.38,7058.5,142630.9,ACTUAL,BRONZE,2026-08-18T10:12:06+07:00
2025-09-15,1684.9,18435.27,14804.7,3630.57,146261.47,ACTUAL,BRONZE,2026-08-18T10:12:06+07:00
2025-09-16,1680.9,17953.52,3451.83,14501.69,160763.16,ACTUAL,BRONZE,2026-08-18T10:12:06+07:00
2025-09-17,1670.97,8003.47,6700.48,1302.99,162066.15,ACTUAL,BRONZE,2026-08-18T10:12:06+07:00
2025-09-18,1665.18,4367.22,11499.29,-7132.07,154934.08,ACTUAL,BRONZE,2026-08-18T10:12:06+07:00
2025-09-19,1658.62,3340.0,24838.52,-21498.52,133435.56,ACTUAL,BRONZE,2026-08-18T10:12:06+07:00
2025-09-22,1634.45,3997.89,21882.77,-17884.88,115550.68,ACTUAL,BRONZE,2026-08-18T10:12:06+07:00
2025-09-23,1635.26,12000.0,12288.53,-288.53,115262.15,ACTUAL,BRONZE,2026-08-18T10:12:06+07:00
2025-09-24,1657.46,19000.0,6719.81,12280.19,127542.34,ACTUAL,BRONZE,2026-08-18T10:12:06+07:00
2025-09-25,1666.09,27813.15,2892.58,24920.57,152462.91,ACTUAL,BRONZE,2026-08-18T10:12:06+07:00
2025-09-26,1660.7,17000.0,6715.27,10284.73,162747.64,ACTUAL,BRONZE,2026-08-18T10:12:06+07:00
2025-09-29,1666.48,13998.54,9828.34,4170.2,166917.84,ACTUAL,BRONZE,2026-08-18T10:12:06+07:00
2025-09-30,1661.7,17963.22,5953.52,12009.7,178927.54,ACTUAL,BRONZE,2026-08-18T10:12:06+07:00
2025-10-01,1665.05,10238.46,12443.01,-2204.55,176722.99,ACTUAL,BRONZE,2026-08-18T10:12:06+07:00
2025-10-02,1652.71,6657.54,17075.54,-10418.0,166304.99,ACTUAL,BRONZE,2026-08-18T10:12:06+07:00
2025-10-03,1645.82,123.77,10553.6,-10429.83,155875.16,ACTUAL,BRONZE,2026-08-18T10:12:06+07:00
2025-10-06,1695.5,7000.0,18000.0,-11000.0,144875.16,ACTUAL,BRONZE,2026-08-18T10:12:06+07:00
2025-10-07,1685.3,17000.0,15509.6,1490.4,146365.56,ACTUAL,BRONZE,2026-08-18T10:12:06+07:00
2025-10-08,1697.83,13000.0,13932.85,-932.85,145432.71,ACTUAL,BRONZE,2026-08-18T10:12:06+07:00
2025-10-09,1716.47,12045.94,16781.36,-4735.42,140697.29,ACTUAL,BRONZE,2026-08-18T10:12:06+07:00
2025-10-10,1747.55,254.8,5000.0,-4745.2,135952.09,ACTUAL,BRONZE,2026-08-18T10:12:06+07:00
2025-10-13,1765.12,10000.0,9435.27,564.73,136516.82,ACTUAL,BRONZE,2026-08-18T10:12:06+07:00
2025-10-14,1761.06,7000.0,22910.89,-15910.89,120605.93,ACTUAL,BRONZE,2026-08-18T10:12:06+07:00
2025-10-15,1757.95,13000.0,6703.47,6296.53,126902.46,ACTUAL,BRONZE,2026-08-18T10:12:06+07:00
2025-10-16,1766.85,20000.0,7478.62,12521.38,139423.84,ACTUAL,BRONZE,2026-08-18T10:12:06+07:00
2025-10-17,1731.19,10000.0,4897.82,5102.18,144526.02,ACTUAL,BRONZE,2026-08-18T10:12:06+07:00
2025-10-20,1636.43,6999.23,3999.47,2999.76,147525.78,ACTUAL,BRONZE,2026-08-18T10:12:06+07:00
2025-10-21,1663.43,20000.0,11000.0,9000.0,156525.78,ACTUAL,BRONZE,2026-08-18T10:12:06+07:00
2025-10-22,1678.5,55000.0,9000.0,46000.0,202525.78,ACTUAL,BRONZE,2026-08-18T10:12:06+07:00
2025-10-23,1687.06,15000.0,11147.41,3852.59,206378.37,ACTUAL,BRONZE,2026-08-18T10:12:06+07:00
2025-10-24,1683.18,22000.0,11000.0,11000.0,217378.37,ACTUAL,BRONZE,2026-08-18T10:12:06+07:00
2025-10-27,1652.54,17529.41,10000.0,7529.41,224907.78,ACTUAL,BRONZE,2026-08-18T10:12:06+07:00
2025-10-28,1680.5,16000.0,9298.76,6701.24,231609.02,ACTUAL,BRONZE,2026-08-18T10:12:06+07:00
2025-10-29,1685.83,433.24,6411.5,-5978.26,225630.76,ACTUAL,BRONZE,2026-08-18T10:12:06+07:00
2025-10-30,1669.57,1998.88,6000.0,-4001.12,221629.64,ACTUAL,BRONZE,2026-08-18T10:12:06+07:00
2025-10-31,1639.65,2547.75,5944.44,-3396.69,218232.95,ACTUAL,BRONZE,2026-08-18T10:12:06+07:00
2025-11-03,1617.0,0.0,5000.0,-5000.0,213232.95,ACTUAL,BRONZE,2026-08-18T10:12:06+07:00
2025-11-04,1651.98,21000.0,17000.0,4000.0,217232.95,ACTUAL,BRONZE,2026-08-18T10:12:06+07:00
2025-11-05,1654.89,38912.29,30057.41,8854.88,226087.83,ACTUAL,BRONZE,2026-08-18T10:12:06+07:00
2025-11-06,1642.64,23978.93,10879.28,13099.65,239187.48,ACTUAL,BRONZE,2026-08-18T10:12:06+07:00
2025-11-07,1599.1,17776.41,9256.96,8519.45,247706.93,ACTUAL,BRONZE,2026-08-18T10:12:06+07:00
2025-11-10,1580.54,17776.41,8000.0,9776.41,257483.34,ACTUAL,BRONZE,2026-08-18T10:12:06+07:00
2025-11-11,1593.61,21633.87,10000.0,11633.87,269117.21,ACTUAL,BRONZE,2026-08-18T10:12:06+07:00
2025-11-12,1631.86,6778.26,7633.66,-855.4,268261.81,ACTUAL,BRONZE,2026-08-18T10:12:06+07:00
2025-11-13,1631.44,19120.88,14536.89,4583.99,272845.8,ACTUAL,BRONZE,2026-08-18T10:12:06+07:00
2025-11-14,1635.46,7359.58,8875.01,-1515.43,271330.37,ACTUAL,BRONZE,2026-08-18T10:12:06+07:00
2025-11-17,1654.42,14361.43,7875.01,6486.42,277816.79,ACTUAL,BRONZE,2026-08-18T10:12:06+07:00
2025-11-18,1659.92,5493.05,23843.58,-18350.53,259466.26,ACTUAL,BRONZE,2026-08-18T10:12:06+07:00
2025-11-19,1649.0,4000.0,24077.24,-20077.24,239389.02,ACTUAL,BRONZE,2026-08-18T10:12:06+07:00
2025-11-20,1655.99,8000.0,13837.81,-5837.81,233551.21,ACTUAL,BRONZE,2026-08-18T10:12:06+07:00
2025-11-21,1654.93,33000.0,13329.25,19670.75,253221.96,ACTUAL,BRONZE,2026-08-18T10:12:06+07:00
2025-11-24,1667.98,50358.35,19633.24,30725.11,283947.07,ACTUAL,BRONZE,2026-08-18T10:12:06+07:00
2025-11-25,1660.36,42818.29,8745.32,34072.97,318020.04,ACTUAL,BRONZE,2026-08-18T10:12:06+07:00
2025-11-26,1680.36,5239.58,3473.96,1765.62,319785.66,ACTUAL,BRONZE,2026-08-18T10:12:06+07:00
2025-11-27,1684.32,10314.08,5119.6,5194.48,324980.14,ACTUAL,BRONZE,2026-08-18T10:12:06+07:00
2025-11-28,1690.99,11873.95,12615.62,-741.67,324238.47,ACTUAL,BRONZE,2026-08-18T10:12:06+07:00
2025-12-01,1701.67,37709.43,12632.3,25077.13,349315.6,ACTUAL,BRONZE,2026-08-18T10:12:06+07:00
2025-12-02,1717.06,28147.19,11494.71,16652.48,365968.08,ACTUAL,BRONZE,2026-08-18T10:12:06+07:00
2025-12-03,1731.77,17813.69,18912.65,-1098.96,364869.12,ACTUAL,BRONZE,2026-08-18T10:12:06+07:00
2025-12-04,1737.24,17488.04,14276.76,3211.28,368080.4,ACTUAL,BRONZE,2026-08-18T10:12:06+07:00
2025-12-05,1741.32,14601.56,10126.34,4475.22,372555.62,ACTUAL,BRONZE,2026-08-18T10:12:06+07:00
2025-12-08,1753.74,18316.04,23687.86,-5371.82,367183.8,ACTUAL,BRONZE,2026-08-18T10:12:06+07:00
2025-12-09,1747.17,21865.53,21920.93,-55.4,367128.4,ACTUAL,BRONZE,2026-08-18T10:12:06+07:00
2025-12-10,1718.98,4487.34,5735.53,-1248.19,365880.21,ACTUAL,BRONZE,2026-08-18T10:12:06+07:00
2025-12-11,1698.9,23222.33,13379.82,9842.51,375722.72,ACTUAL,BRONZE,2026-08-18T10:12:06+07:00
2025-12-12,1646.89,11898.67,13044.23,-1145.56,374577.16,ACTUAL,BRONZE,2026-08-18T10:12:06+07:00
2025-12-15,1646.01,10712.1,15414.67,-4702.57,369874.59,ACTUAL,BRONZE,2026-08-18T10:12:06+07:00
2025-12-16,1679.18,4310.84,11749.93,-7439.09,362435.5,ACTUAL,BRONZE,2026-08-18T10:12:06+07:00
2025-12-17,1673.66,0.0,6897.1,-6897.1,355538.4,ACTUAL,BRONZE,2026-08-18T10:12:06+07:00
2025-12-18,1676.98,15000.0,15739.36,-739.36,354799.04,ACTUAL,BRONZE,2026-08-18T10:12:06+07:00
2025-12-19,1704.31,72012.42,15631.53,56380.89,411179.93,ACTUAL,BRONZE,2026-08-18T10:12:06+07:00
2025-12-22,1751.03,38595.66,23029.79,15565.87,426745.8,ACTUAL,BRONZE,2026-08-18T10:12:06+07:00
2025-12-23,1772.15,38317.82,21776.47,16541.35,443287.15,ACTUAL,BRONZE,2026-08-18T10:12:06+07:00
2025-12-24,1782.82,47232.98,1239.9,45993.08,489280.23,ACTUAL,BRONZE,2026-08-18T10:12:06+07:00
2025-12-25,1742.85,2166.2,2323.72,-157.52,489122.71,ACTUAL,BRONZE,2026-08-18T10:12:06+07:00
2025-12-26,1729.8,5845.35,17605.65,-11760.3,477362.41,ACTUAL,BRONZE,2026-08-18T10:12:06+07:00
2025-12-29,1754.84,29900.61,11767.64,18132.97,495495.38,ACTUAL,BRONZE,2026-08-18T10:12:06+07:00
2025-12-30,1766.9,27846.36,10962.36,16884.0,512379.38,ACTUAL,BRONZE,2026-08-18T10:12:06+07:00
2025-12-31,1784.49,52702.54,9999.3,42703.24,555082.62,ACTUAL,BRONZE,2026-08-18T10:12:06+07:00
2026-01-05,1788.4,66301.46,21965.92,44335.54,599418.16,ACTUAL,BRONZE,2026-08-18T10:12:06+07:00
2026-01-06,1816.27,20962.52,31184.5,-10221.98,589196.18,ACTUAL,BRONZE,2026-08-18T10:12:06+07:00
2026-01-07,1861.58,6000.0,71300.52,-65300.52,523895.66,ACTUAL,BRONZE,2026-08-18T10:12:06+07:00
2026-01-08,1855.56,4096.42,8922.59,-4826.17,519069.49,ACTUAL,BRONZE,2026-08-18T10:12:06+07:00
2026-01-09,1867.9,0.0,6902.08,-6902.08,512167.41,ACTUAL,BRONZE,2026-08-18T10:12:06+07:00
2026-01-12,1877.33,3655.5,40753.05,-37097.55,475069.86,ACTUAL,BRONZE,2026-08-18T10:12:06+07:00
2026-01-13,1902.93,3106.55,12735.2,-9628.65,465441.21,ACTUAL,BRONZE,2026-08-18T10:12:06+07:00
2026-01-14,1894.44,4000.0,3220.28,779.72,466220.93,ACTUAL,BRONZE,2026-08-18T10:12:06+07:00
2026-01-15,1864.8,4000.0,13000.0,-9000.0,457220.93,ACTUAL,BRONZE,2026-08-18T10:12:06+07:00
2026-01-16,1879.13,2000.0,16500.88,-14500.88,442720.05,ACTUAL,BRONZE,2026-08-18T10:12:06+07:00
2026-01-19,1896.59,2000.0,37439.53,-35439.53,407280.52,ACTUAL,BRONZE,2026-08-18T10:12:06+07:00
2026-01-20,1893.78,1770.99,17218.07,-15447.08,391833.44,ACTUAL,BRONZE,2026-08-18T10:12:06+07:00
2026-01-21,1885.44,1819.8,22385.44,-20565.64,371267.8,ACTUAL,BRONZE,2026-08-18T10:12:06+07:00
2026-01-22,1882.73,1000.0,3781.8,-2781.8,368486.0,ACTUAL,BRONZE,2026-08-18T10:12:06+07:00
2026-01-23,1870.79,11000.0,8000.0,3000.0,371486.0,ACTUAL,BRONZE,2026-08-18T10:12:06+07:00
2026-01-26,1843.72,24000.0,7529.41,16470.59,387956.59,ACTUAL,BRONZE,2026-08-18T10:12:06+07:00
2026-01-27,1830.5,20000.0,11185.38,8814.62,396771.21,ACTUAL,BRONZE,2026-08-18T10:12:06+07:00
2026-01-28,1802.91,10000.0,6906.7,3093.3,399864.51,ACTUAL,BRONZE,2026-08-18T10:12:06+07:00
2026-01-29,1814.98,2000.0,1000.0,1000.0,400864.51,ACTUAL,BRONZE,2026-08-18T10:12:06+07:00
2026-01-30,1829.04,16000.0,4448.31,11551.69,412416.2,ACTUAL,BRONZE,2026-08-18T10:12:06+07:00
2026-02-02,1806.5,80363.15,27000.0,53363.15,465779.35,ACTUAL,BRONZE,2026-08-18T10:12:06+07:00
2026-02-03,1813.4,80926.88,21750.16,59176.72,524956.07,ACTUAL,BRONZE,2026-08-18T10:12:06+07:00
2026-02-04,1791.43,25716.47,18000.0,7716.47,532672.54,ACTUAL,BRONZE,2026-08-18T10:12:06+07:00
2026-02-05,1782.56,12420.79,6528.34,5892.45,538564.99,ACTUAL,BRONZE,2026-08-18T10:12:06+07:00
2026-02-06,1755.49,30363.04,7000.0,23363.04,561928.03,ACTUAL,BRONZE,2026-08-18T10:12:06+07:00
2026-02-09,1754.82,20209.26,12964.6,7244.66,569172.69,ACTUAL,BRONZE,2026-08-18T10:12:06+07:00
2026-02-10,1754.03,27842.45,40731.4,-12888.95,556283.74,ACTUAL,BRONZE,2026-08-18T10:12:06+07:00
2026-02-11,1796.85,7941.46,3696.12,4245.34,560529.08,ACTUAL,BRONZE,2026-08-18T10:12:06+07:00
2026-02-12,1814.09,2000.0,4073.61,-2073.61,558455.47,ACTUAL,BRONZE,2026-08-18T10:12:06+07:00
2026-02-13,1824.09,0.0,7332.63,-7332.63,551122.84,ACTUAL,BRONZE,2026-08-18T10:12:06+07:00
2026-02-23,1860.14,3773.99,13349.46,-9575.47,541547.37,ACTUAL,BRONZE,2026-08-18T10:12:06+07:00
2026-02-24,1867.62,1000.0,30888.12,-29888.12,511659.25,ACTUAL,BRONZE,2026-08-18T10:12:06+07:00
2026-02-25,1860.91,1000.0,10792.33,-9792.33,501866.92,ACTUAL,BRONZE,2026-08-18T10:12:06+07:00
2026-02-26,1879.64,1000.0,12458.63,-11458.63,490408.29,ACTUAL,BRONZE,2026-08-18T10:12:06+07:00
2026-02-27,1880.33,3000.0,10267.0,-7267.0,483141.29,ACTUAL,BRONZE,2026-08-18T10:12:06+07:00
2026-03-02,1846.1,82640.53,50374.03,32266.5,515407.79,ACTUAL,BRONZE,2026-08-18T10:12:06+07:00
2026-03-03,1813.14,50178.9,41573.47,8605.43,524013.22,ACTUAL,BRONZE,2026-08-18T10:12:06+07:00
2026-03-04,1818.27,25536.26,33859.83,-8323.57,515689.65,ACTUAL,BRONZE,2026-08-18T10:12:06+07:00
2026-03-05,1808.51,3920.97,11279.2,-7358.23,508331.42,ACTUAL,BRONZE,2026-08-18T10:12:06+07:00
2026-03-06,1767.84,8000.0,31513.85,-23513.85,484817.57,ACTUAL,BRONZE,2026-08-18T10:12:06+07:00
2026-03-09,1652.79,16000.0,52258.63,-36258.63,448558.94,ACTUAL,BRONZE,2026-08-18T10:12:06+07:00
2026-03-10,1676.73,17000.0,45099.51,-28099.51,420459.43,ACTUAL,BRONZE,2026-08-18T10:12:06+07:00
2026-03-11,1728.34,5000.0,13423.97,-8423.97,412035.46,ACTUAL,BRONZE,2026-08-18T10:12:06+07:00
2026-03-12,1709.61,4000.0,8672.14,-4672.14,407363.32,ACTUAL,BRONZE,2026-08-18T10:12:06+07:00
2026-03-13,1696.24,3000.0,7022.52,-4022.52,403340.8,ACTUAL,BRONZE,2026-08-18T10:12:06+07:00
2026-03-16,1693.21,2978.76,42465.15,-39486.39,363854.41,ACTUAL,BRONZE,2026-08-18T10:12:06+07:00
2026-03-17,1710.29,3000.0,22072.81,-19072.81,344781.6,ACTUAL,BRONZE,2026-08-18T10:12:06+07:00
2026-03-18,1713.83,3000.0,9051.69,-6051.69,338729.91,ACTUAL,BRONZE,2026-08-18T10:12:06+07:00
2026-03-19,1699.13,3000.0,8000.0,-5000.0,333729.91,ACTUAL,BRONZE,2026-08-18T10:12:06+07:00
2026-03-20,1647.81,3000.0,24450.12,-21450.12,312279.79,ACTUAL,BRONZE,2026-08-18T10:12:06+07:00
2026-03-23,1591.17,16000.0,48143.25,-32143.25,280136.54,ACTUAL,BRONZE,2026-08-18T10:12:06+07:00
2026-03-24,1614.77,58000.0,38055.01,19944.99,300081.53,ACTUAL,BRONZE,2026-08-18T10:12:06+07:00
2026-03-25,1658.19,19000.0,16495.57,2504.43,302585.96,ACTUAL,BRONZE,2026-08-18T10:12:06+07:00
2026-03-26,1644.63,3000.0,5087.17,-2087.17,300498.79,ACTUAL,BRONZE,2026-08-18T10:12:06+07:00
2026-03-27,1672.8,10000.0,12000.0,-2000.0,298498.79,ACTUAL,BRONZE,2026-08-18T10:12:06+07:00
2026-03-30,1662.54,90000.0,68900.61,21099.39,319598.18,ACTUAL,BRONZE,2026-08-18T10:12:06+07:00
2026-03-31,1674.49,65000.0,50613.9,14386.1,333984.28,ACTUAL,BRONZE,2026-08-18T10:12:06+07:00
2026-04-01,1702.93,65000.0,24689.88,40310.12,374294.4,ACTUAL,BRONZE,2026-08-18T10:12:06+07:00
2026-04-02,1694.82,32781.58,7360.42,25421.16,399715.56,ACTUAL,BRONZE,2026-08-18T10:12:06+07:00
2026-04-03,1684.04,3000.0,8516.56,-5516.56,394199.0,ACTUAL,BRONZE,2026-08-18T10:12:06+07:00
2026-04-06,1674.99,30369.25,47508.46,-17139.21,377059.79,ACTUAL,BRONZE,2026-08-18T10:12:06+07:00
2026-04-07,1677.54,5000.0,52955.28,-47955.28,329104.51,ACTUAL,BRONZE,2026-08-18T10:12:06+07:00
2026-04-08,1756.55,4000.0,34000.0,-30000.0,299104.51,ACTUAL,BRONZE,2026-08-18T10:12:06+07:00
2026-04-09,1736.68,6000.0,3786.28,2213.72,301318.23,ACTUAL,BRONZE,2026-08-18T10:12:06+07:00
2026-04-10,1750.0,25000.0,5000.0,20000.0,321318.23,ACTUAL,BRONZE,2026-08-18T10:12:06+07:00
2026-04-13,1758.96,33701.51,41690.9,-7989.39,313328.84,ACTUAL,BRONZE,2026-08-18T10:12:06+07:00
2026-04-14,1775.65,11000.0,32000.0,-21000.0,292328.84,ACTUAL,BRONZE,2026-08-18T10:12:06+07:00
2026-04-15,1800.65,5000.0,32000.0,-27000.0,265328.84,ACTUAL,BRONZE,2026-08-18T10:12:06+07:00
2026-04-16,1819.83,4080.45,22000.0,-17919.55,247409.29,ACTUAL,BRONZE,2026-08-18T10:12:06+07:00
2026-04-17,1817.17,3077.3,2000.0,1077.3,248486.59,ACTUAL,BRONZE,2026-08-18T10:12:06+07:00
2026-04-20,1837.11,15000.0,9345.33,5654.67,254141.26,ACTUAL,BRONZE,2026-08-18T10:12:06+07:00
2026-04-21,1833.48,35000.0,2000.0,33000.0,287141.26,ACTUAL,BRONZE,2026-08-18T10:12:06+07:00
2026-04-22,1857.3,30969.73,2000.0,28969.73,316110.99,ACTUAL,BRONZE,2026-08-18T10:12:06+07:00
2026-04-23,1870.36,18165.0,1080.45,17084.55,333195.54,ACTUAL,BRONZE,2026-08-18T10:12:06+07:00
2026-04-24,1853.29,10000.0,5077.3,4922.7,338118.24,ACTUAL,BRONZE,2026-08-18T10:12:06+07:00
2026-04-28,1875.84,4000.0,5000.0,-1000.0,337118.24,ACTUAL,BRONZE,2026-08-18T10:12:06+07:00
2026-04-29,1854.1,9000.0,4091.49,4908.51,342026.75,ACTUAL,BRONZE,2026-08-18T10:12:06+07:00
2026-05-04,1854.06,17000.0,6000.0,11000.0,353026.75,ACTUAL,BRONZE,2026-08-18T10:12:06+07:00
2026-05-05,1874.85,17000.0,8000.0,9000.0,362026.75,ACTUAL,BRONZE,2026-08-18T10:12:06+07:00
2026-05-06,1891.2,3000.0,6000.0,-3000.0,359026.75,ACTUAL,BRONZE,2026-08-18T10:12:06+07:00
2026-05-07,1909.01,3000.0,9168.83,-6168.83,352857.92,ACTUAL,BRONZE,2026-08-18T10:12:06+07:00
2026-05-08,1915.37,3000.0,8000.0,-5000.0,347857.92,ACTUAL,BRONZE,2026-08-18T10:12:06+07:00
2026-05-11,1895.5,6000.0,15872.84,-9872.84,337985.08,ACTUAL,BRONZE,2026-08-18T10:12:06+07:00
2026-05-12,1901.1,10000.0,3000.0,7000.0,344985.08,ACTUAL,BRONZE,2026-08-18T10:12:06+07:00
2026-05-13,1898.37,8000.0,4000.0,4000.0,348985.08,ACTUAL,BRONZE,2026-08-18T10:12:06+07:00
2026-05-14,1925.46,5000.0,4000.0,1000.0,349985.08,ACTUAL,BRONZE,2026-08-18T10:12:06+07:00
2026-05-15,1921.6,4000.0,12000.0,-8000.0,341985.08,ACTUAL,BRONZE,2026-08-18T10:12:06+07:00
2026-05-18,1927.94,4000.0,22000.0,-18000.0,323985.08,ACTUAL,BRONZE,2026-08-18T10:12:06+07:00
2026-05-19,1912.93,9000.0,15000.0,-6000.0,317985.08,ACTUAL,BRONZE,2026-08-18T10:12:06+07:00
2026-05-20,1913.23,8000.0,7000.0,1000.0,318985.08,ACTUAL,BRONZE,2026-08-18T10:12:06+07:00
2026-05-21,1896.89,10000.0,5000.0,5000.0,323985.08,ACTUAL,BRONZE,2026-08-18T10:12:06+07:00
2026-05-22,1877.13,14000.0,3000.0,11000.0,334985.08,ACTUAL,BRONZE,2026-08-18T10:12:06+07:00
2026-05-25,1886.03,24552.09,20000.0,4552.09,339537.17,ACTUAL,BRONZE,2026-08-18T10:12:06+07:00
2026-05-26,1884.18,37645.98,29000.0,8645.98,348183.15,ACTUAL,BRONZE,2026-08-18T10:12:06+07:00
2026-05-27,1874.43,33000.0,23969.73,9030.27,357213.42,ACTUAL,BRONZE,2026-08-18T10:12:06+07:00
2026-05-28,1863.67,19159.69,16777.75,2381.94,359595.36,ACTUAL,BRONZE,2026-08-18T10:12:06+07:00
2026-05-29,1863.49,15122.55,9000.0,6122.55,365717.91,ACTUAL,BRONZE,2026-08-18T10:12:06+07:00
2026-06-01,1844.54,35002.9,21383.44,13619.46,379337.37,ACTUAL,BRONZE,2026-08-18T10:12:06+07:00
2026-06-02,1826.47,6025.52,24645.98,-18620.46,360716.91,ACTUAL,BRONZE,2026-08-18T10:12:06+07:00
2026-06-03,1819.01,6628.89,10000.0,-3371.11,357345.8,ACTUAL,BRONZE,2026-08-18T10:12:06+07:00
2026-06-04,1831.55,3000.0,13000.0,-10000.0,347345.8,ACTUAL,BRONZE,2026-08-18T10:12:06+07:00
2026-06-05,1838.9,12000.0,20000.0,-8000.0,339345.8,ACTUAL,BRONZE,2026-08-18T10:12:06+07:00
2026-06-08,1790.53,33199.71,35218.25,-2018.54,337327.26,ACTUAL,BRONZE,2026-08-18T10:12:06+07:00
2026-06-09,1793.05,2821.0,10996.2,-8175.2,329152.06,ACTUAL,BRONZE,2026-08-18T10:12:06+07:00
2026-06-10,1803.71,2937.62,7628.89,-4691.27,324460.79,ACTUAL,BRONZE,2026-08-18T10:12:06+07:00
2026-06-11,1798.61,2934.06,5000.0,-2065.94,322394.85,ACTUAL,BRONZE,2026-08-18T10:12:06+07:00
2026-06-12,1791.65,1217.45,10000.0,-8782.55,313612.3,ACTUAL,BRONZE,2026-08-18T10:12:06+07:00
2026-06-15,1799.31,2000.0,24121.76,-22121.76,291490.54,ACTUAL,BRONZE,2026-08-18T10:12:06+07:00
2026-06-16,1807.94,4000.0,22000.0,-18000.0,273490.54,ACTUAL,BRONZE,2026-08-18T10:12:06+07:00
2026-06-17,1806.2,8000.0,17937.62,-9937.62,263552.92,ACTUAL,BRONZE,2026-08-18T10:12:06+07:00
2026-06-18,1830.47,8000.0,12000.0,-4000.0,259552.92,ACTUAL,BRONZE,2026-08-18T10:12:06+07:00
2026-06-19,1824.53,5544.16,7000.0,-1455.84,258097.08,ACTUAL,BRONZE,2026-08-18T10:12:06+07:00
2026-06-22,1857.91,15000.0,2000.0,13000.0,271097.08,ACTUAL,BRONZE,2026-08-18T10:12:06+07:00
2026-06-23,1869.04,7627.94,6000.0,1627.94,272725.02,ACTUAL,BRONZE,2026-08-18T10:12:06+07:00
2026-06-24,1878.02,1973.09,8000.0,-6026.91,266698.11,ACTUAL,BRONZE,2026-08-18T10:12:06+07:00
2026-06-25,1863.07,1912.6,4000.0,-2087.4,264610.71,ACTUAL,BRONZE,2026-08-18T10:12:06+07:00
2026-06-26,1871.91,4447.52,7000.0,-2552.48,262058.23,ACTUAL,BRONZE,2026-08-18T10:12:06+07:00
2026-06-29,1854.97,18199.67,17000.0,1199.67,263257.9,ACTUAL,BRONZE,2026-08-18T10:12:06+07:00
2026-06-30,1860.01,31551.12,17000.0,14551.12,277809.02,ACTUAL,BRONZE,2026-08-18T10:12:06+07:00
2026-07-01,1867.21,7000.0,14000.0,-7000.0,270809.02,ACTUAL,BRONZE,2026-08-18T10:12:06+07:00
2026-07-02,1866.35,11972.85,6506.22,5466.63,276275.65,ACTUAL,BRONZE,2026-08-18T10:12:06+07:00
2026-07-03,1862.08,353.56,5023.58,-4670.02,271605.63,ACTUAL,BRONZE,2026-08-18T10:12:06+07:00
2026-07-06,1843.5,6417.01,10597.08,-4180.07,267425.56,ACTUAL,BRONZE,2026-08-18T10:12:06+07:00
2026-07-07,1848.25,5000.0,20964.07,-15964.07,251461.49,ACTUAL,BRONZE,2026-08-18T10:12:06+07:00
2026-07-08,1853.7,3561.86,5000.0,-1438.14,250023.35,ACTUAL,BRONZE,2026-08-18T10:12:06+07:00
2026-07-09,1840.7,478.55,7000.0,-6521.45,243501.9,ACTUAL,BRONZE,2026-08-18T10:12:06+07:00
2026-07-10,1828.34,724.13,4000.0,-3275.87,240226.03,ACTUAL,BRONZE,2026-08-18T10:12:06+07:00
2026-07-13,1800.54,1999.43,13728.86,-11729.43,228496.6,ACTUAL,BRONZE,2026-08-18T10:12:06+07:00
2026-07-14,1806.63,1339.77,4821.0,-3481.23,225015.37,ACTUAL,BRONZE,2026-08-18T10:12:06+07:00
2026-07-15,1782.12,2000.0,4561.86,-2561.86,222453.51,ACTUAL,BRONZE,2026-08-18T10:12:06+07:00
2026-07-16,1804.24,1784.99,3934.06,-2149.07,220304.44,ACTUAL,BRONZE,2026-08-18T10:12:06+07:00
2026-07-17,1787.45,966.37,2304.43,-1338.06,218966.38,ACTUAL,BRONZE,2026-08-18T10:12:06+07:00
2026-07-20,1743.51,430.33,5000.0,-4569.67,214396.71,ACTUAL,BRONZE,2026-08-18T10:12:06+07:00
2026-07-21,1730.56,3187.92,9000.0,-5812.08,208584.63,ACTUAL,BRONZE,2026-08-18T10:12:06+07:00
2026-07-22,1668.53,4897.87,18000.0,-13102.13,195482.5,ACTUAL,BRONZE,2026-08-18T10:12:06+07:00
2026-07-29,1704.68,4249.72,3966.01,283.71,195766.21,ACTUAL,BRONZE,2026-08-18T10:12:06+07:00
2026-07-30,1744.66,7805.85,1912.6,5893.25,201659.46,ACTUAL,BRONZE,2026-08-18T10:12:06+07:00
2026-08-06,1764.78,2788.56,6000.0,-3211.44,198448.02,ACTUAL,BRONZE,2026-08-18T10:12:06+07:00
2026-08-14,1729.08,10894.1,5000.0,5894.1,204342.12,ACTUAL,BRONZE,2026-08-18T10:12:06+07:00
